caseid,task,resource,role,end_timestamp,pr_instances,tsk_start_inst,start_timestamp
Case1,Request For Payment SAVED by EMPLOYEE,res_c69c8e50-1285-46f6-a2dc-3b4fe9a350e1,Role 1,2018-10-25 18:03:54,151,0,2018-10-25 17:34:39
Case2,Request For Payment SUBMITTED by EMPLOYEE,res_c69c8e50-1285-46f6-a2dc-3b4fe9a350e1,Role 1,2018-10-25 19:15:21,151,2,2018-10-25 18:46:02
Case2,Request For Payment REJECTED by PRE_APPROVER,res_c69c8e50-1285-46f6-a2dc-3b4fe9a350e1,Role 1,2018-10-25 20:28:32,151,0,2018-10-25 19:44:09
Case3,Request For Payment SUBMITTED by EMPLOYEE,res_c69c8e50-1285-46f6-a2dc-3b4fe9a350e1,Role 1,2018-10-25 20:44:01,152,2,2018-10-25 20:14:41
Case3,Request For Payment REJECTED by SUPERVISOR,res_c69c8e50-1285-46f6-a2dc-3b4fe9a350e1,Role 1,2018-10-25 21:48:04,152,0,2018-10-25 21:03:38
Case4,Request For Payment SUBMITTED by EMPLOYEE,res_c69c8e50-1285-46f6-a2dc-3b4fe9a350e1,Role 1,2018-10-26 03:13:07,153,2,2018-10-26 02:43:47
Case4,Request For Payment REJECTED by ADMINISTRATION,res_c69c8e50-1285-46f6-a2dc-3b4fe9a350e1,Role 1,2018-10-26 03:58:22,153,0,2018-10-26 03:13:25
Case5,Request For Payment SAVED by EMPLOYEE,res_c69c8e50-1285-46f6-a2dc-3b4fe9a350e1,Role 1,2018-10-26 05:16:20,154,0,2018-10-26 04:46:44
Case6,Request For Payment SUBMITTED by EMPLOYEE,res_c69c8e50-1285-46f6-a2dc-3b4fe9a350e1,Role 1,2018-10-26 10:17:49,154,2,2018-10-26 09:48:22
Case7,Request For Payment SUBMITTED by EMPLOYEE,res_c69c8e50-1285-46f6-a2dc-3b4fe9a350e1,Role 1,2018-10-26 11:01:00,155,2,2018-10-26 10:31:27
Case6,Request For Payment APPROVED by ADMINISTRATION,res_c69c8e50-1285-46f6-a2dc-3b4fe9a350e1,Role 1,2018-10-26 11:03:04,154,1,2018-10-26 10:18:07
Case7,Request For Payment REJECTED by SUPERVISOR,res_c69c8e50-1285-46f6-a2dc-3b4fe9a350e1,Role 1,2018-10-26 11:46:10,155,0,2018-10-26 11:01:18
Case8,Request For Payment SUBMITTED by EMPLOYEE,res_c69c8e50-1285-46f6-a2dc-3b4fe9a350e1,Role 1,2018-10-26 11:49:42,156,2,2018-10-26 11:20:09
Case8,Request For Payment FINAL_APPROVED by SUPERVISOR,res_c69c8e50-1285-46f6-a2dc-3b4fe9a350e1,Role 1,2018-10-26 12:34:55,156,1,2018-10-26 11:50:00
Case9,Request For Payment SAVED by EMPLOYEE,res_c69c8e50-1285-46f6-a2dc-3b4fe9a350e1,Role 1,2018-10-26 12:36:25,157,0,2018-10-26 12:06:51
Case10,Request For Payment SUBMITTED by EMPLOYEE,res_c69c8e50-1285-46f6-a2dc-3b4fe9a350e1,Role 1,2018-10-26 13:57:57,157,2,2018-10-26 13:28:28
Case10,Request For Payment REJECTED by SUPERVISOR,res_c69c8e50-1285-46f6-a2dc-3b4fe9a350e1,Role 1,2018-10-26 14:42:54,157,0,2018-10-26 13:58:02
Case11,Request For Payment SAVED by EMPLOYEE,res_c69c8e50-1285-46f6-a2dc-3b4fe9a350e1,Role 1,2018-10-26 15:39:26,158,0,2018-10-26 15:09:52
Case12,Request For Payment SUBMITTED by EMPLOYEE,res_c69c8e50-1285-46f6-a2dc-3b4fe9a350e1,Role 1,2018-10-26 17:20:42,158,2,2018-10-26 16:51:11
Case12,Request For Payment REJECTED by PRE_APPROVER,res_c69c8e50-1285-46f6-a2dc-3b4fe9a350e1,Role 1,2018-10-26 18:09:05,158,0,2018-10-26 17:24:17
Case13,Request For Payment SAVED by EMPLOYEE,res_c69c8e50-1285-46f6-a2dc-3b4fe9a350e1,Role 1,2018-10-27 01:51:43,159,0,2018-10-27 01:22:15
Case14,Request For Payment SAVED by EMPLOYEE,res_c69c8e50-1285-46f6-a2dc-3b4fe9a350e1,Role 1,2018-10-27 08:31:08,159,0,2018-10-27 08:01:39
Case15,Request For Payment SUBMITTED by EMPLOYEE,res_c69c8e50-1285-46f6-a2dc-3b4fe9a350e1,Role 1,2018-10-27 09:54:28,159,2,2018-10-27 09:25:23
Case16,Request For Payment SAVED by EMPLOYEE,res_c69c8e50-1285-46f6-a2dc-3b4fe9a350e1,Role 1,2018-10-27 10:32:55,160,0,2018-10-27 10:03:26
Case15,Request For Payment REJECTED by PRE_APPROVER,res_c69c8e50-1285-46f6-a2dc-3b4fe9a350e1,Role 1,2018-10-27 10:39:07,159,0,2018-10-27 09:54:46
Case17,Request For Payment SAVED by EMPLOYEE,res_c69c8e50-1285-46f6-a2dc-3b4fe9a350e1,Role 1,2018-10-27 11:31:38,160,0,2018-10-27 11:02:10
Case18,Request For Payment SUBMITTED by EMPLOYEE,res_c69c8e50-1285-46f6-a2dc-3b4fe9a350e1,Role 1,2018-10-27 12:42:53,160,2,2018-10-27 12:13:45
Case18,Request For Payment APPROVED by ADMINISTRATION,res_c69c8e50-1285-46f6-a2dc-3b4fe9a350e1,Role 1,2018-10-27 13:27:10,160,1,2018-10-27 12:43:11
Case19,Request For Payment SAVED by EMPLOYEE,res_c69c8e50-1285-46f6-a2dc-3b4fe9a350e1,Role 1,2018-10-27 14:03:47,161,0,2018-10-27 13:34:19
Case20,Request For Payment SUBMITTED by EMPLOYEE,res_c69c8e50-1285-46f6-a2dc-3b4fe9a350e1,Role 1,2018-10-27 16:16:21,161,2,2018-10-27 15:47:10
Case20,Request For Payment FINAL_APPROVED by SUPERVISOR,res_c69c8e50-1285-46f6-a2dc-3b4fe9a350e1,Role 1,2018-10-27 17:00:41,161,1,2018-10-27 16:16:39
Case21,Request For Payment SUBMITTED by EMPLOYEE,res_c69c8e50-1285-46f6-a2dc-3b4fe9a350e1,Role 1,2018-10-27 17:10:57,162,2,2018-10-27 16:41:38
Case21,Request For Payment REJECTED by PRE_APPROVER,res_c69c8e50-1285-46f6-a2dc-3b4fe9a350e1,Role 1,2018-10-27 17:55:33,162,0,2018-10-27 17:11:15
Case22,Request For Payment SUBMITTED by EMPLOYEE,res_c69c8e50-1285-46f6-a2dc-3b4fe9a350e1,Role 1,2018-10-27 20:04:39,163,2,2018-10-27 19:35:26
Case22,Request For Payment REJECTED by SUPERVISOR,res_c69c8e50-1285-46f6-a2dc-3b4fe9a350e1,Role 1,2018-10-27 20:49:20,163,0,2018-10-27 20:04:57
Case23,Request For Payment SUBMITTED by EMPLOYEE,res_c69c8e50-1285-46f6-a2dc-3b4fe9a350e1,Role 1,2018-10-28 02:43:10,164,2,2018-10-28 02:13:39
Case2,Request For Payment REJECTED by EMPLOYEE,res_c69c8e50-1285-46f6-a2dc-3b4fe9a350e1,Role 1,2018-10-28 02:51:52,163,0,2018-10-28 02:07:37
Case23,Request For Payment REJECTED by PRE_APPROVER,res_c69c8e50-1285-46f6-a2dc-3b4fe9a350e1,Role 1,2018-10-28 03:27:55,164,0,2018-10-28 02:43:28
Case24,Request For Payment SAVED by EMPLOYEE,res_c69c8e50-1285-46f6-a2dc-3b4fe9a350e1,Role 1,2018-10-28 05:37:59,165,0,2018-10-28 05:08:27
Case25,Request For Payment SUBMITTED by EMPLOYEE,res_c69c8e50-1285-46f6-a2dc-3b4fe9a350e1,Role 1,2018-10-28 07:51:46,165,2,2018-10-28 07:22:21
Case25,Request For Payment REJECTED by ADMINISTRATION,res_c69c8e50-1285-46f6-a2dc-3b4fe9a350e1,Role 1,2018-10-28 08:36:43,165,0,2018-10-28 07:52:04
Case26,Request For Payment SAVED by EMPLOYEE,res_c69c8e50-1285-46f6-a2dc-3b4fe9a350e1,Role 1,2018-10-28 09:23:31,166,0,2018-10-28 08:54:00
Case3,Request For Payment REJECTED by EMPLOYEE,res_c69c8e50-1285-46f6-a2dc-3b4fe9a350e1,Role 1,2018-10-28 09:58:18,166,0,2018-10-28 09:14:04
Case27,Request For Payment SAVED by EMPLOYEE,res_c69c8e50-1285-46f6-a2dc-3b4fe9a350e1,Role 1,2018-10-28 13:38:13,166,0,2018-10-28 13:08:44
Case28,Request For Payment SUBMITTED by EMPLOYEE,res_c69c8e50-1285-46f6-a2dc-3b4fe9a350e1,Role 1,2018-10-28 15:15:22,166,2,2018-10-28 14:45:52
Case28,Request For Payment REJECTED by SUPERVISOR,res_c69c8e50-1285-46f6-a2dc-3b4fe9a350e1,Role 1,2018-10-28 16:00:16,166,0,2018-10-28 15:15:40
Case29,Request For Payment SAVED by EMPLOYEE,res_c69c8e50-1285-46f6-a2dc-3b4fe9a350e1,Role 1,2018-10-28 17:32:33,167,0,2018-10-28 17:03:05
Case30,Request For Payment SAVED by EMPLOYEE,res_c69c8e50-1285-46f6-a2dc-3b4fe9a350e1,Role 1,2018-10-28 19:53:31,167,0,2018-10-28 19:24:04
Case31,Request For Payment SUBMITTED by EMPLOYEE,res_c69c8e50-1285-46f6-a2dc-3b4fe9a350e1,Role 1,2018-10-29 00:15:30,167,3,2018-10-28 23:45:56
Case2,Request For Payment SUBMITTED by EMPLOYEE,res_c69c8e50-1285-46f6-a2dc-3b4fe9a350e1,Role 1,2018-10-29 00:19:34,166,2,2018-10-28 23:39:48
Case31,Request For Payment REJECTED by SUPERVISOR,res_c69c8e50-1285-46f6-a2dc-3b4fe9a350e1,Role 1,2018-10-29 00:59:55,167,0,2018-10-29 00:15:48
Case2,Request For Payment REJECTED by SUPERVISOR,res_c69c8e50-1285-46f6-a2dc-3b4fe9a350e1,Role 1,2018-10-29 01:02:44,167,1,2018-10-29 00:19:52
Case32,Request For Payment SAVED by EMPLOYEE,res_c69c8e50-1285-46f6-a2dc-3b4fe9a350e1,Role 1,2018-10-29 04:33:00,168,0,2018-10-29 04:03:44
Case4,Request For Payment REJECTED by EMPLOYEE,res_c69c8e50-1285-46f6-a2dc-3b4fe9a350e1,Role 1,2018-10-29 05:41:51,167,0,2018-10-29 04:56:40
Case33,Request For Payment SAVED by EMPLOYEE,res_c69c8e50-1285-46f6-a2dc-3b4fe9a350e1,Role 1,2018-10-29 08:28:52,168,0,2018-10-29 07:59:36
Case23,Request For Payment REJECTED by EMPLOYEE,res_c69c8e50-1285-46f6-a2dc-3b4fe9a350e1,Role 1,2018-10-29 09:12:52,168,0,2018-10-29 08:28:27
Case34,Request For Payment SAVED by EMPLOYEE,res_c69c8e50-1285-46f6-a2dc-3b4fe9a350e1,Role 1,2018-10-29 09:26:17,168,0,2018-10-29 08:56:59
Case2,Request For Payment REJECTED by EMPLOYEE,res_c69c8e50-1285-46f6-a2dc-3b4fe9a350e1,Role 1,2018-10-29 10:04:10,168,0,2018-10-29 09:21:30
Case35,Request For Payment SAVED by EMPLOYEE,res_c69c8e50-1285-46f6-a2dc-3b4fe9a350e1,Role 1,2018-10-29 10:23:16,168,0,2018-10-29 09:53:58
Case6,Request For Payment FINAL_APPROVED by SUPERVISOR,res_c69c8e50-1285-46f6-a2dc-3b4fe9a350e1,Role 1,2018-10-29 10:41:43,168,1,2018-10-29 09:56:13
Case36,Request For Payment SUBMITTED by EMPLOYEE,res_c69c8e50-1285-46f6-a2dc-3b4fe9a350e1,Role 1,2018-10-29 11:38:53,167,2,2018-10-29 11:09:57
Case36,Request For Payment APPROVED by PRE_APPROVER,res_c69c8e50-1285-46f6-a2dc-3b4fe9a350e1,Role 1,2018-10-29 12:23:26,167,0,2018-10-29 11:39:11
Case37,Request For Payment SAVED by EMPLOYEE,res_c69c8e50-1285-46f6-a2dc-3b4fe9a350e1,Role 1,2018-10-29 12:23:54,168,0,2018-10-29 11:54:37
Case7,Request For Payment REJECTED by EMPLOYEE,res_c69c8e50-1285-46f6-a2dc-3b4fe9a350e1,Role 1,2018-10-29 13:23:56,167,0,2018-10-29 12:39:10
Case3,Request For Payment SUBMITTED by EMPLOYEE,res_c69c8e50-1285-46f6-a2dc-3b4fe9a350e1,Role 1,2018-10-29 13:49:00,167,2,2018-10-29 13:09:01
Case25,Request For Payment REJECTED by EMPLOYEE,res_c69c8e50-1285-46f6-a2dc-3b4fe9a350e1,Role 1,2018-10-29 14:03:32,167,1,2018-10-29 13:19:01
Case38,Request For Payment SAVED by EMPLOYEE,res_c69c8e50-1285-46f6-a2dc-3b4fe9a350e1,Role 1,2018-10-29 14:10:02,167,0,2018-10-29 13:40:46
Case3,Request For Payment REJECTED by SUPERVISOR,res_c69c8e50-1285-46f6-a2dc-3b4fe9a350e1,Role 1,2018-10-29 14:32:03,167,0,2018-10-29 13:49:18
Case39,Request For Payment SAVED by EMPLOYEE,res_c69c8e50-1285-46f6-a2dc-3b4fe9a350e1,Role 1,2018-10-29 15:55:09,167,0,2018-10-29 15:25:54
Case8,Request Payment,res_f1d5d76e-73b3-4ad2-b5bc-b44969b003a7,Role 2,2018-10-29 16:48:01,166,1,2018-10-29 16:01:53
Case10,Request For Payment REJECTED by EMPLOYEE,res_c69c8e50-1285-46f6-a2dc-3b4fe9a350e1,Role 1,2018-10-29 17:34:53,166,0,2018-10-29 16:50:00
Case40,Request For Payment SUBMITTED by EMPLOYEE,res_c69c8e50-1285-46f6-a2dc-3b4fe9a350e1,Role 1,2018-10-29 18:04:43,166,2,2018-10-29 17:35:35
Case15,Request For Payment REJECTED by EMPLOYEE,res_c69c8e50-1285-46f6-a2dc-3b4fe9a350e1,Role 1,2018-10-29 18:39:22,166,0,2018-10-29 17:54:57
Case40,Request For Payment REJECTED by SUPERVISOR,res_c69c8e50-1285-46f6-a2dc-3b4fe9a350e1,Role 1,2018-10-29 18:49:04,166,0,2018-10-29 18:05:01
Case41,Request For Payment SUBMITTED by EMPLOYEE,res_c69c8e50-1285-46f6-a2dc-3b4fe9a350e1,Role 1,2018-10-29 19:24:32,166,2,2018-10-29 18:55:22
Case20,Request For Payment REJECTED by MISSING,res_c69c8e50-1285-46f6-a2dc-3b4fe9a350e1,Role 1,2018-10-29 19:52:04,166,0,2018-10-29 19:07:26
Case31,Request For Payment REJECTED by EMPLOYEE,res_c69c8e50-1285-46f6-a2dc-3b4fe9a350e1,Role 1,2018-10-29 19:55:30,166,0,2018-10-29 19:11:14
Case41,Request For Payment FINAL_APPROVED by SUPERVISOR,res_c69c8e50-1285-46f6-a2dc-3b4fe9a350e1,Role 1,2018-10-29 20:09:16,166,1,2018-10-29 19:24:50
Case12,Request For Payment REJECTED by EMPLOYEE,res_c69c8e50-1285-46f6-a2dc-3b4fe9a350e1,Role 1,2018-10-29 20:39:21,165,1,2018-10-29 19:54:35
Case42,Request For Payment SAVED by EMPLOYEE,res_c69c8e50-1285-46f6-a2dc-3b4fe9a350e1,Role 1,2018-10-29 20:45:56,166,0,2018-10-29 20:16:43
Case28,Request For Payment REJECTED by EMPLOYEE,res_c69c8e50-1285-46f6-a2dc-3b4fe9a350e1,Role 1,2018-10-29 21:42:51,164,0,2018-10-29 20:58:20
Case3,Request For Payment REJECTED by EMPLOYEE,res_c69c8e50-1285-46f6-a2dc-3b4fe9a350e1,Role 1,2018-10-29 23:24:50,163,0,2018-10-29 22:42:13
Case18,Request For Payment APPROVED by BUDGET OWNER,res_c69c8e50-1285-46f6-a2dc-3b4fe9a350e1,Role 1,2018-10-29 23:42:43,163,1,2018-10-29 22:58:14
Case43,Request For Payment SAVED by EMPLOYEE,res_c69c8e50-1285-46f6-a2dc-3b4fe9a350e1,Role 1,2018-10-30 00:53:18,164,0,2018-10-30 00:23:51
Case44,Request For Payment SAVED by EMPLOYEE,res_c69c8e50-1285-46f6-a2dc-3b4fe9a350e1,Role 1,2018-10-30 01:50:53,164,0,2018-10-30 01:21:28
Case21,Request For Payment REJECTED by EMPLOYEE,res_c69c8e50-1285-46f6-a2dc-3b4fe9a350e1,Role 1,2018-10-30 01:53:02,163,0,2018-10-30 01:08:49
Case45,Request For Payment SUBMITTED by EMPLOYEE,res_c69c8e50-1285-46f6-a2dc-3b4fe9a350e1,Role 1,2018-10-30 03:55:52,164,2,2018-10-30 03:26:29
Case45,Request For Payment FINAL_APPROVED by SUPERVISOR,res_c69c8e50-1285-46f6-a2dc-3b4fe9a350e1,Role 1,2018-10-30 04:40:44,164,1,2018-10-30 03:56:10
Case46,Request For Payment SUBMITTED by EMPLOYEE,res_c69c8e50-1285-46f6-a2dc-3b4fe9a350e1,Role 1,2018-10-30 04:42:42,165,2,2018-10-30 04:13:13
Case46,Request For Payment REJECTED by ADMINISTRATION,res_c69c8e50-1285-46f6-a2dc-3b4fe9a350e1,Role 1,2018-10-30 05:27:31,165,0,2018-10-30 04:43:00
Case23,Request For Payment SUBMITTED by EMPLOYEE,res_c69c8e50-1285-46f6-a2dc-3b4fe9a350e1,Role 1,2018-10-30 05:29:57,165,2,2018-10-30 04:49:08
Case22,Request For Payment REJECTED by EMPLOYEE,res_c69c8e50-1285-46f6-a2dc-3b4fe9a350e1,Role 1,2018-10-30 05:37:02,165,0,2018-10-30 04:52:45
Case47,Request For Payment SUBMITTED by EMPLOYEE,res_c69c8e50-1285-46f6-a2dc-3b4fe9a350e1,Role 1,2018-10-30 06:06:51,165,2,2018-10-30 05:37:26
Case48,Request For Payment SAVED by EMPLOYEE,res_c69c8e50-1285-46f6-a2dc-3b4fe9a350e1,Role 1,2018-10-30 06:25:05,166,0,2018-10-30 05:55:42
Case47,Request For Payment APPROVED by ADMINISTRATION,res_c69c8e50-1285-46f6-a2dc-3b4fe9a350e1,Role 1,2018-10-30 06:51:45,166,1,2018-10-30 06:07:09
Case36,Request For Payment FINAL_APPROVED by SUPERVISOR,res_c69c8e50-1285-46f6-a2dc-3b4fe9a350e1,Role 1,2018-10-30 07:01:37,166,1,2018-10-30 06:17:19
Case49,Request For Payment SAVED by EMPLOYEE,res_c69c8e50-1285-46f6-a2dc-3b4fe9a350e1,Role 1,2018-10-30 08:15:38,166,0,2018-10-30 07:46:15
Case23,Request For Payment APPROVED by ADMINISTRATION,res_c69c8e50-1285-46f6-a2dc-3b4fe9a350e1,Role 1,2018-10-30 08:27:22,165,1,2018-10-30 07:43:58
Case50,Request For Payment SUBMITTED by EMPLOYEE,res_c69c8e50-1285-46f6-a2dc-3b4fe9a350e1,Role 1,2018-10-30 08:59:55,166,2,2018-10-30 08:30:28
Case50,Request For Payment REJECTED by SUPERVISOR,res_c69c8e50-1285-46f6-a2dc-3b4fe9a350e1,Role 1,2018-10-30 09:44:39,166,0,2018-10-30 09:00:13
Case3,Request For Payment SUBMITTED by EMPLOYEE,res_c69c8e50-1285-46f6-a2dc-3b4fe9a350e1,Role 1,2018-10-30 09:47:19,166,2,2018-10-30 09:04:49
Case23,Request For Payment REJECTED by SUPERVISOR,res_c69c8e50-1285-46f6-a2dc-3b4fe9a350e1,Role 1,2018-10-30 10:01:12,166,1,2018-10-30 09:18:27
Case51,Request For Payment SUBMITTED by EMPLOYEE,res_c69c8e50-1285-46f6-a2dc-3b4fe9a350e1,Role 1,2018-10-30 10:21:59,167,2,2018-10-30 09:52:29
Case4,Request For Payment SUBMITTED by EMPLOYEE,res_c69c8e50-1285-46f6-a2dc-3b4fe9a350e1,Role 1,2018-10-30 10:51:23,167,3,2018-10-30 10:09:20
Case51,Request For Payment APPROVED by ADMINISTRATION,res_c69c8e50-1285-46f6-a2dc-3b4fe9a350e1,Role 1,2018-10-30 11:06:51,167,1,2018-10-30 10:22:17
Case4,Request For Payment REJECTED by SUPERVISOR,res_c69c8e50-1285-46f6-a2dc-3b4fe9a350e1,Role 1,2018-10-30 11:35:19,167,0,2018-10-30 10:51:41
Case52,Request For Payment SAVED by EMPLOYEE,res_c69c8e50-1285-46f6-a2dc-3b4fe9a350e1,Role 1,2018-10-30 12:09:55,168,0,2018-10-30 11:40:33
Case53,Request For Payment SAVED by EMPLOYEE,res_c69c8e50-1285-46f6-a2dc-3b4fe9a350e1,Role 1,2018-10-30 12:47:03,168,0,2018-10-30 12:17:41
Case54,Request For Payment SAVED by EMPLOYEE,res_c69c8e50-1285-46f6-a2dc-3b4fe9a350e1,Role 1,2018-10-30 13:57:56,168,0,2018-10-30 13:28:35
Case40,Request For Payment REJECTED by EMPLOYEE,res_c69c8e50-1285-46f6-a2dc-3b4fe9a350e1,Role 1,2018-10-30 14:09:09,167,0,2018-10-30 13:24:49
Case55,Request For Payment SUBMITTED by EMPLOYEE,res_c69c8e50-1285-46f6-a2dc-3b4fe9a350e1,Role 1,2018-10-30 14:50:38,168,2,2018-10-30 14:21:09
Case55,Request For Payment REJECTED by PRE_APPROVER,res_c69c8e50-1285-46f6-a2dc-3b4fe9a350e1,Role 1,2018-10-30 15:35:14,168,0,2018-10-30 14:50:56
Case31,Request For Payment SUBMITTED by EMPLOYEE,res_c69c8e50-1285-46f6-a2dc-3b4fe9a350e1,Role 1,2018-10-30 15:51:35,168,2,2018-10-30 15:10:55
Case56,Request For Payment SUBMITTED by EMPLOYEE,res_c69c8e50-1285-46f6-a2dc-3b4fe9a350e1,Role 1,2018-10-30 15:57:20,169,3,2018-10-30 15:27:50
Case23,Request For Payment REJECTED by EMPLOYEE,res_c69c8e50-1285-46f6-a2dc-3b4fe9a350e1,Role 1,2018-10-30 16:22:38,169,0,2018-10-30 15:40:51
Case56,Request For Payment FINAL_APPROVED by SUPERVISOR,res_c69c8e50-1285-46f6-a2dc-3b4fe9a350e1,Role 1,2018-10-30 16:42:12,169,1,2018-10-30 15:57:38
Case31,Request For Payment REJECTED by SUPERVISOR,res_c69c8e50-1285-46f6-a2dc-3b4fe9a350e1,Role 1,2018-10-30 16:52:40,169,0,2018-10-30 16:09:46
Case57,Request For Payment SUBMITTED by EMPLOYEE,res_c69c8e50-1285-46f6-a2dc-3b4fe9a350e1,Role 1,2018-10-30 17:18:15,170,2,2018-10-30 16:48:45
Case58,Request For Payment SUBMITTED by EMPLOYEE,res_c69c8e50-1285-46f6-a2dc-3b4fe9a350e1,Role 1,2018-10-30 17:26:51,171,3,2018-10-30 16:57:21
Case3,Request For Payment APPROVED by ADMINISTRATION,res_c69c8e50-1285-46f6-a2dc-3b4fe9a350e1,Role 1,2018-10-30 17:51:00,171,1,2018-10-30 17:09:00
Case25,Request For Payment SUBMITTED by EMPLOYEE,res_c69c8e50-1285-46f6-a2dc-3b4fe9a350e1,Role 1,2018-10-30 17:58:19,171,4,2018-10-30 17:16:49
Case57,Request For Payment REJECTED by ADMINISTRATION,res_c69c8e50-1285-46f6-a2dc-3b4fe9a350e1,Role 1,2018-10-30 18:03:02,171,0,2018-10-30 17:18:33
Case58,Request For Payment APPROVED by PRE_APPROVER,res_c69c8e50-1285-46f6-a2dc-3b4fe9a350e1,Role 1,2018-10-30 18:11:37,171,0,2018-10-30 17:27:09
Case4,Request For Payment REJECTED by EMPLOYEE,res_c69c8e50-1285-46f6-a2dc-3b4fe9a350e1,Role 1,2018-10-30 18:21:08,171,0,2018-10-30 17:38:47
Case25,Request For Payment REJECTED by ADMINISTRATION,res_c69c8e50-1285-46f6-a2dc-3b4fe9a350e1,Role 1,2018-10-30 18:41:48,171,1,2018-10-30 17:58:37
Case59,Request For Payment SAVED by EMPLOYEE,res_c69c8e50-1285-46f6-a2dc-3b4fe9a350e1,Role 1,2018-10-30 19:32:34,171,0,2018-10-30 19:03:15
Case21,Request For Payment SUBMITTED by EMPLOYEE,res_c69c8e50-1285-46f6-a2dc-3b4fe9a350e1,Role 1,2018-10-30 20:16:10,170,2,2018-10-30 19:35:35
Case3,Request For Payment REJECTED by SUPERVISOR,res_c69c8e50-1285-46f6-a2dc-3b4fe9a350e1,Role 1,2018-10-30 20:38:38,170,0,2018-10-30 19:56:38
Case41,Request Payment,res_c69c8e50-1285-46f6-a2dc-3b4fe9a350e1,Role 2,2018-10-30 20:41:15,170,1,2018-10-30 19:56:16
Case6,Request For Payment REJECTED by MISSING,res_c69c8e50-1285-46f6-a2dc-3b4fe9a350e1,Role 1,2018-10-30 20:49:23,170,0,2018-10-30 20:08:10
Case21,Request For Payment REJECTED by SUPERVISOR,res_c69c8e50-1285-46f6-a2dc-3b4fe9a350e1,Role 1,2018-10-30 20:59:26,170,1,2018-10-30 20:16:28
Case60,Request For Payment SAVED by EMPLOYEE,res_c69c8e50-1285-46f6-a2dc-3b4fe9a350e1,Role 1,2018-10-30 22:10:12,170,0,2018-10-30 21:40:54
Case23,Request For Payment SUBMITTED by EMPLOYEE,res_c69c8e50-1285-46f6-a2dc-3b4fe9a350e1,Role 1,2018-10-30 23:05:22,169,2,2018-10-30 22:23:13
Case25,Request For Payment REJECTED by EMPLOYEE,res_c69c8e50-1285-46f6-a2dc-3b4fe9a350e1,Role 1,2018-10-30 23:07:22,169,0,2018-10-30 22:24:38
Case61,Request For Payment SUBMITTED by EMPLOYEE,res_c69c8e50-1285-46f6-a2dc-3b4fe9a350e1,Role 1,2018-10-31 00:18:25,169,2,2018-10-30 23:48:55
Case31,Request For Payment REJECTED by EMPLOYEE,res_c69c8e50-1285-46f6-a2dc-3b4fe9a350e1,Role 1,2018-10-31 00:29:36,168,0,2018-10-30 23:47:00
Case61,Request For Payment FINAL_APPROVED by SUPERVISOR,res_c69c8e50-1285-46f6-a2dc-3b4fe9a350e1,Role 1,2018-10-31 01:02:56,169,1,2018-10-31 00:18:43
Case23,Request For Payment REJECTED by SUPERVISOR,res_c69c8e50-1285-46f6-a2dc-3b4fe9a350e1,Role 1,2018-10-31 01:18:52,169,0,2018-10-31 00:36:31
Case21,Request For Payment REJECTED by EMPLOYEE,res_c69c8e50-1285-46f6-a2dc-3b4fe9a350e1,Role 1,2018-10-31 01:59:14,169,0,2018-10-31 01:16:27
Case62,Request For Payment SAVED by EMPLOYEE,res_c69c8e50-1285-46f6-a2dc-3b4fe9a350e1,Role 1,2018-10-31 02:35:59,169,0,2018-10-31 02:06:43
Case3,Request For Payment REJECTED by EMPLOYEE,res_c69c8e50-1285-46f6-a2dc-3b4fe9a350e1,Role 1,2018-10-31 04:07:51,168,0,2018-10-31 03:25:36
Case18,Request For Payment FINAL_APPROVED by SUPERVISOR,res_c69c8e50-1285-46f6-a2dc-3b4fe9a350e1,Role 1,2018-10-31 04:10:38,168,1,2018-10-31 03:28:21
Case18,Request For Payment REJECTED by MISSING,res_c69c8e50-1285-46f6-a2dc-3b4fe9a350e1,Role 1,2018-10-31 04:53:54,167,0,2018-10-31 04:10:56
Case46,Request For Payment REJECTED by EMPLOYEE,res_c69c8e50-1285-46f6-a2dc-3b4fe9a350e1,Role 1,2018-10-31 08:23:39,166,0,2018-10-31 07:39:34
Case63,Request For Payment SAVED by EMPLOYEE,res_c69c8e50-1285-46f6-a2dc-3b4fe9a350e1,Role 1,2018-10-31 08:55:40,166,0,2018-10-31 08:26:26
Case47,Request For Payment APPROVED by BUDGET OWNER,res_c69c8e50-1285-46f6-a2dc-3b4fe9a350e1,Role 1,2018-10-31 09:03:03,166,1,2018-10-31 08:18:54
Case31,Request For Payment SUBMITTED by EMPLOYEE,res_c69c8e50-1285-46f6-a2dc-3b4fe9a350e1,Role 1,2018-10-31 09:47:17,165,2,2018-10-31 09:05:02
Case64,Request For Payment SUBMITTED by EMPLOYEE,res_c69c8e50-1285-46f6-a2dc-3b4fe9a350e1,Role 1,2018-10-31 09:57:40,166,3,2018-10-31 09:28:39
Case64,Request For Payment REJECTED by PRE_APPROVER,res_c69c8e50-1285-46f6-a2dc-3b4fe9a350e1,Role 1,2018-10-31 10:41:38,166,0,2018-10-31 09:57:58
Case23,Request For Payment REJECTED by EMPLOYEE,res_c69c8e50-1285-46f6-a2dc-3b4fe9a350e1,Role 1,2018-10-31 11:04:00,166,0,2018-10-31 10:21:31
Case51,Request For Payment REJECTED by BUDGET OWNER,res_c69c8e50-1285-46f6-a2dc-3b4fe9a350e1,Role 1,2018-10-31 11:57:09,166,0,2018-10-31 11:12:43
Case65,Request For Payment SAVED by EMPLOYEE,res_c69c8e50-1285-46f6-a2dc-3b4fe9a350e1,Role 1,2018-10-31 12:03:41,167,0,2018-10-31 11:34:28
Case50,Request For Payment REJECTED by EMPLOYEE,res_c69c8e50-1285-46f6-a2dc-3b4fe9a350e1,Role 1,2018-10-31 13:17:48,166,0,2018-10-31 12:33:34
Case40,Request For Payment SUBMITTED by EMPLOYEE,res_c69c8e50-1285-46f6-a2dc-3b4fe9a350e1,Role 1,2018-10-31 13:44:34,166,2,2018-10-31 13:03:43
Case31,Request For Payment APPROVED by PRE_APPROVER,res_c69c8e50-1285-46f6-a2dc-3b4fe9a350e1,Role 1,2018-10-31 15:20:03,165,0,2018-10-31 14:37:47
Case40,Request For Payment REJECTED by SUPERVISOR,res_c69c8e50-1285-46f6-a2dc-3b4fe9a350e1,Role 1,2018-10-31 16:06:55,165,0,2018-10-31 15:23:54
Case56,Request For Payment REJECTED by MISSING,res_c69c8e50-1285-46f6-a2dc-3b4fe9a350e1,Role 1,2018-10-31 17:56:49,165,0,2018-10-31 17:12:26
Case55,Request For Payment REJECTED by EMPLOYEE,res_c69c8e50-1285-46f6-a2dc-3b4fe9a350e1,Role 1,2018-10-31 18:47:59,164,0,2018-10-31 18:03:45
Case66,Request For Payment SAVED by EMPLOYEE,res_f1d5d76e-73b3-4ad2-b5bc-b44969b003a7,Role 1,2018-10-31 19:40:59,165,0,2018-10-31 19:11:48
Case23,Request For Payment SUBMITTED by EMPLOYEE,res_f1d5d76e-73b3-4ad2-b5bc-b44969b003a7,Role 1,2018-10-31 20:08:47,165,2,2018-10-31 19:26:21
Case36,Request Payment,res_c69c8e50-1285-46f6-a2dc-3b4fe9a350e1,Role 2,2018-10-31 20:14:16,165,1,2018-10-31 19:31:31
Case57,Request For Payment REJECTED by EMPLOYEE,res_c69c8e50-1285-46f6-a2dc-3b4fe9a350e1,Role 1,2018-10-31 20:54:20,164,0,2018-10-31 20:10:31
Case45,Request Payment,res_c69c8e50-1285-46f6-a2dc-3b4fe9a350e1,Role 2,2018-10-31 21:09:39,164,1,2018-10-31 20:25:01
Case58,Request For Payment FINAL_APPROVED by SUPERVISOR,res_c69c8e50-1285-46f6-a2dc-3b4fe9a350e1,Role 1,2018-10-31 21:23:56,164,1,2018-10-31 20:40:17
Case67,Request For Payment SUBMITTED by EMPLOYEE,res_c69c8e50-1285-46f6-a2dc-3b4fe9a350e1,Role 1,2018-10-31 22:59:57,164,2,2018-10-31 22:30:57
Case31,Request For Payment FINAL_APPROVED by SUPERVISOR,res_c69c8e50-1285-46f6-a2dc-3b4fe9a350e1,Role 1,2018-10-31 23:14:54,164,1,2018-10-31 22:32:11
Case67,Request For Payment REJECTED by PRE_APPROVER,res_c69c8e50-1285-46f6-a2dc-3b4fe9a350e1,Role 1,2018-10-31 23:43:58,164,0,2018-10-31 23:00:15
Case61,Request For Payment REJECTED by MISSING,res_c69c8e50-1285-46f6-a2dc-3b4fe9a350e1,Role 1,2018-10-31 23:58:34,164,0,2018-10-31 23:14:26
Case40,Request For Payment REJECTED by EMPLOYEE,res_c69c8e50-1285-46f6-a2dc-3b4fe9a350e1,Role 1,2018-11-01 01:39:05,163,0,2018-11-01 00:56:19
Case68,Request For Payment SAVED by EMPLOYEE,res_c69c8e50-1285-46f6-a2dc-3b4fe9a350e1,Role 1,2018-11-01 01:59:08,164,0,2018-11-01 01:29:48
Case69,Request For Payment SAVED by EMPLOYEE,res_c69c8e50-1285-46f6-a2dc-3b4fe9a350e1,Role 1,2018-11-01 02:31:34,163,0,2018-11-01 02:02:12
Case23,Request For Payment FINAL_APPROVED by SUPERVISOR,res_c69c8e50-1285-46f6-a2dc-3b4fe9a350e1,Role 1,2018-11-01 04:05:29,162,1,2018-11-01 03:22:47
Case23,Request For Payment REJECTED by MISSING,res_c69c8e50-1285-46f6-a2dc-3b4fe9a350e1,Role 1,2018-11-01 04:48:34,162,0,2018-11-01 04:05:47
Case70,Request For Payment SUBMITTED by EMPLOYEE,res_c69c8e50-1285-46f6-a2dc-3b4fe9a350e1,Role 1,2018-11-01 07:24:52,162,2,2018-11-01 06:55:39
Case70,Request For Payment REJECTED by SUPERVISOR,res_c69c8e50-1285-46f6-a2dc-3b4fe9a350e1,Role 1,2018-11-01 08:29:22,162,0,2018-11-01 07:44:56
Case71,Request For Payment SUBMITTED by EMPLOYEE,res_c69c8e50-1285-46f6-a2dc-3b4fe9a350e1,Role 1,2018-11-01 08:37:32,163,2,2018-11-01 08:08:12
Case71,Request For Payment APPROVED by ADMINISTRATION,res_c69c8e50-1285-46f6-a2dc-3b4fe9a350e1,Role 1,2018-11-01 09:22:14,163,1,2018-11-01 08:37:50
Case72,Request For Payment SUBMITTED by EMPLOYEE,res_c69c8e50-1285-46f6-a2dc-3b4fe9a350e1,Role 1,2018-11-01 10:01:55,164,2,2018-11-01 09:32:35
Case64,Request For Payment REJECTED by EMPLOYEE,res_c69c8e50-1285-46f6-a2dc-3b4fe9a350e1,Role 1,2018-11-01 10:15:24,163,0,2018-11-01 09:31:30
Case73,Request For Payment SUBMITTED by EMPLOYEE,res_c69c8e50-1285-46f6-a2dc-3b4fe9a350e1,Role 1,2018-11-01 10:37:45,165,2,2018-11-01 10:08:25
Case72,Request For Payment FINAL_APPROVED by SUPERVISOR,res_c69c8e50-1285-46f6-a2dc-3b4fe9a350e1,Role 1,2018-11-01 10:46:41,164,1,2018-11-01 10:02:13
Case73,Request For Payment FINAL_APPROVED by SUPERVISOR,res_c69c8e50-1285-46f6-a2dc-3b4fe9a350e1,Role 1,2018-11-01 11:22:31,165,2,2018-11-01 10:38:03
Case74,Request For Payment SUBMITTED by EMPLOYEE,res_c69c8e50-1285-46f6-a2dc-3b4fe9a350e1,Role 1,2018-11-01 12:06:05,166,2,2018-11-01 11:36:49
Case51,Request For Payment REJECTED by EMPLOYEE,res_c69c8e50-1285-46f6-a2dc-3b4fe9a350e1,Role 1,2018-11-01 12:27:55,166,0,2018-11-01 11:48:10
Case75,Request For Payment SUBMITTED by EMPLOYEE,res_c69c8e50-1285-46f6-a2dc-3b4fe9a350e1,Role 1,2018-11-01 12:44:41,167,2,2018-11-01 12:15:21
Case74,Request For Payment REJECTED by PRE_APPROVER,res_c69c8e50-1285-46f6-a2dc-3b4fe9a350e1,Role 1,2018-11-01 13:21:49,167,0,2018-11-01 12:37:28
Case75,Request For Payment APPROVED by ADMINISTRATION,res_c69c8e50-1285-46f6-a2dc-3b4fe9a350e1,Role 1,2018-11-01 13:29:27,167,1,2018-11-01 12:44:59
Case76,Request For Payment SUBMITTED by EMPLOYEE,res_c69c8e50-1285-46f6-a2dc-3b4fe9a350e1,Role 1,2018-11-01 14:14:11,168,2,2018-11-01 13:44:54
Case77,Request For Payment SUBMITTED by EMPLOYEE,res_c69c8e50-1285-46f6-a2dc-3b4fe9a350e1,Role 1,2018-11-01 14:24:44,169,3,2018-11-01 13:55:24
Case77,Request For Payment REJECTED by ADMINISTRATION,res_c69c8e50-1285-46f6-a2dc-3b4fe9a350e1,Role 1,2018-11-01 15:11:17,169,0,2018-11-01 14:26:50
Case47,Request For Payment FINAL_APPROVED by SUPERVISOR,res_c69c8e50-1285-46f6-a2dc-3b4fe9a350e1,Role 1,2018-11-01 15:16:46,169,1,2018-11-01 14:36:20
Case76,Request For Payment REJECTED by SUPERVISOR,res_c69c8e50-1285-46f6-a2dc-3b4fe9a350e1,Role 1,2018-11-01 15:20:05,169,0,2018-11-01 14:35:39
Case78,Request For Payment SUBMITTED by EMPLOYEE,res_c69c8e50-1285-46f6-a2dc-3b4fe9a350e1,Role 1,2018-11-01 15:28:05,170,2,2018-11-01 14:58:45
Case55,Request For Payment SUBMITTED by EMPLOYEE,res_c69c8e50-1285-46f6-a2dc-3b4fe9a350e1,Role 1,2018-11-01 15:49:26,170,3,2018-11-01 15:09:26
Case78,Request For Payment REJECTED by PRE_APPROVER,res_c69c8e50-1285-46f6-a2dc-3b4fe9a350e1,Role 1,2018-11-01 16:44:02,170,0,2018-11-01 15:59:42
Case79,Request For Payment SUBMITTED by EMPLOYEE,res_f1d5d76e-73b3-4ad2-b5bc-b44969b003a7,Role 1,2018-11-01 17:01:50,171,2,2018-11-01 16:32:30
Case31,Request Payment,res_c69c8e50-1285-46f6-a2dc-3b4fe9a350e1,Role 2,2018-11-01 17:37:56,171,1,2018-11-01 16:54:49
Case79,Request For Payment REJECTED by PRE_APPROVER,res_c69c8e50-1285-46f6-a2dc-3b4fe9a350e1,Role 1,2018-11-01 18:07:21,171,0,2018-11-01 17:23:01
Case51,Request For Payment SUBMITTED by EMPLOYEE,res_c69c8e50-1285-46f6-a2dc-3b4fe9a350e1,Role 1,2018-11-01 18:26:43,171,2,2018-11-01 17:43:12
Case55,Request For Payment APPROVED by ADMINISTRATION,res_f1d5d76e-73b3-4ad2-b5bc-b44969b003a7,Role 1,2018-11-01 19:20:19,171,1,2018-11-01 18:36:43
Case55,Request For Payment REJECTED by BUDGET OWNER,res_c69c8e50-1285-46f6-a2dc-3b4fe9a350e1,Role 1,2018-11-01 20:03:30,171,0,2018-11-01 19:20:37
Case8,Payment Handled,res_c69c8e50-1285-46f6-a2dc-3b4fe9a350e1,Role 2,2018-11-01 20:05:34,171,2,2018-11-01 19:20:15
Case80,Request For Payment SUBMITTED by EMPLOYEE,res_c69c8e50-1285-46f6-a2dc-3b4fe9a350e1,Role 1,2018-11-01 21:33:18,171,2,2018-11-01 21:03:59
Case80,Request For Payment APPROVED by PRE_APPROVER,res_c69c8e50-1285-46f6-a2dc-3b4fe9a350e1,Role 1,2018-11-01 22:22:26,171,0,2018-11-01 21:37:58
Case41,Payment Handled,res_c69c8e50-1285-46f6-a2dc-3b4fe9a350e1,Role 2,2018-11-01 22:29:32,171,2,2018-11-01 21:45:38
Case81,Request For Payment SUBMITTED by EMPLOYEE,res_c69c8e50-1285-46f6-a2dc-3b4fe9a350e1,Role 1,2018-11-01 22:32:35,172,2,2018-11-01 22:03:29
Case67,Request For Payment REJECTED by EMPLOYEE,res_c69c8e50-1285-46f6-a2dc-3b4fe9a350e1,Role 1,2018-11-01 23:14:39,171,0,2018-11-01 22:30:40
Case81,Request For Payment FINAL_APPROVED by SUPERVISOR,res_c69c8e50-1285-46f6-a2dc-3b4fe9a350e1,Role 1,2018-11-01 23:17:17,171,1,2018-11-01 22:32:53
Case82,Request For Payment SUBMITTED by EMPLOYEE,res_c69c8e50-1285-46f6-a2dc-3b4fe9a350e1,Role 1,2018-11-01 23:26:10,172,2,2018-11-01 22:56:50
Case82,Request For Payment APPROVED by PRE_APPROVER,res_c69c8e50-1285-46f6-a2dc-3b4fe9a350e1,Role 1,2018-11-02 00:15:17,171,0,2018-11-01 23:30:50
Case51,Request For Payment FINAL_APPROVED by SUPERVISOR,res_c69c8e50-1285-46f6-a2dc-3b4fe9a350e1,Role 1,2018-11-02 00:33:40,171,1,2018-11-01 23:50:39
Case83,Request For Payment SAVED by EMPLOYEE,res_c69c8e50-1285-46f6-a2dc-3b4fe9a350e1,Role 1,2018-11-02 03:27:20,172,0,2018-11-02 02:57:44
Case55,Request For Payment REJECTED by EMPLOYEE,res_c69c8e50-1285-46f6-a2dc-3b4fe9a350e1,Role 1,2018-11-02 04:43:59,171,0,2018-11-02 04:01:20
Case58,Request For Payment REJECTED by MISSING,res_c69c8e50-1285-46f6-a2dc-3b4fe9a350e1,Role 1,2018-11-02 04:49:49,171,0,2018-11-02 04:10:39
Case84,Request For Payment SUBMITTED by EMPLOYEE,res_c69c8e50-1285-46f6-a2dc-3b4fe9a350e1,Role 1,2018-11-02 08:14:00,170,2,2018-11-02 07:44:34
Case85,Request For Payment SAVED by EMPLOYEE,res_c69c8e50-1285-46f6-a2dc-3b4fe9a350e1,Role 1,2018-11-02 08:20:03,171,0,2018-11-02 07:50:29
Case84,Request For Payment REJECTED by PRE_APPROVER,res_c69c8e50-1285-46f6-a2dc-3b4fe9a350e1,Role 1,2018-11-02 09:02:32,171,0,2018-11-02 08:17:43
Case86,Request For Payment SAVED by EMPLOYEE,res_c69c8e50-1285-46f6-a2dc-3b4fe9a350e1,Role 1,2018-11-02 09:45:01,171,0,2018-11-02 09:15:26
Case87,Request For Payment SUBMITTED by EMPLOYEE,res_c69c8e50-1285-46f6-a2dc-3b4fe9a350e1,Role 1,2018-11-02 10:25:31,171,2,2018-11-02 09:56:04
Case87,Request For Payment REJECTED by SUPERVISOR,res_c69c8e50-1285-46f6-a2dc-3b4fe9a350e1,Role 1,2018-11-02 11:10:44,171,0,2018-11-02 10:25:53
Case88,Request For Payment SAVED by EMPLOYEE,res_f1d5d76e-73b3-4ad2-b5bc-b44969b003a7,Role 1,2018-11-02 11:50:07,172,0,2018-11-02 11:20:33
Case36,Payment Handled,res_f1d5d76e-73b3-4ad2-b5bc-b44969b003a7,Role 2,2018-11-02 12:28:47,172,2,2018-11-02 11:45:27
Case89,Request For Payment SAVED by EMPLOYEE,res_c69c8e50-1285-46f6-a2dc-3b4fe9a350e1,Role 1,2018-11-02 13:06:47,171,0,2018-11-02 12:37:15
Case45,Payment Handled,res_c69c8e50-1285-46f6-a2dc-3b4fe9a350e1,Role 2,2018-11-02 13:17:26,170,2,2018-11-02 12:34:40
Case90,Request For Payment SAVED by EMPLOYEE,res_c69c8e50-1285-46f6-a2dc-3b4fe9a350e1,Role 1,2018-11-02 14:06:46,170,0,2018-11-02 13:37:12
Case91,Request For Payment SUBMITTED by EMPLOYEE,res_c69c8e50-1285-46f6-a2dc-3b4fe9a350e1,Role 1,2018-11-02 16:14:06,170,2,2018-11-02 15:44:36
Case91,Request For Payment REJECTED by SUPERVISOR,res_c69c8e50-1285-46f6-a2dc-3b4fe9a350e1,Role 1,2018-11-02 16:59:18,170,0,2018-11-02 16:14:27
Case92,Request For Payment SAVED by EMPLOYEE,res_c69c8e50-1285-46f6-a2dc-3b4fe9a350e1,Role 1,2018-11-02 17:25:18,171,0,2018-11-02 16:55:45
Case93,Request For Payment SUBMITTED by EMPLOYEE,res_c69c8e50-1285-46f6-a2dc-3b4fe9a350e1,Role 1,2018-11-02 18:33:05,171,2,2018-11-02 18:03:34
Case51,Request For Payment REJECTED by MISSING,res_c69c8e50-1285-46f6-a2dc-3b4fe9a350e1,Role 1,2018-11-02 19:08:00,171,0,2018-11-02 18:25:29
Case93,Request For Payment FINAL_APPROVED by SUPERVISOR,res_c69c8e50-1285-46f6-a2dc-3b4fe9a350e1,Role 1,2018-11-02 19:18:18,171,1,2018-11-02 18:33:23
Case94,Request For Payment SUBMITTED by EMPLOYEE,res_c69c8e50-1285-46f6-a2dc-3b4fe9a350e1,Role 1,2018-11-03 07:50:47,171,2,2018-11-03 07:21:45
Case94,Request For Payment REJECTED by SUPERVISOR,res_c69c8e50-1285-46f6-a2dc-3b4fe9a350e1,Role 1,2018-11-03 08:35:25,171,0,2018-11-03 07:51:05
Case95,Request For Payment SAVED by EMPLOYEE,res_c69c8e50-1285-46f6-a2dc-3b4fe9a350e1,Role 1,2018-11-03 10:13:23,172,0,2018-11-03 09:43:55
Case96,Request For Payment SUBMITTED by EMPLOYEE,res_c69c8e50-1285-46f6-a2dc-3b4fe9a350e1,Role 1,2018-11-03 10:31:25,173,2,2018-11-03 10:02:08
Case96,Request For Payment FINAL_APPROVED by SUPERVISOR,res_c69c8e50-1285-46f6-a2dc-3b4fe9a350e1,Role 1,2018-11-03 11:15:42,172,1,2018-11-03 10:31:43
Case97,Request For Payment SUBMITTED by EMPLOYEE,res_c69c8e50-1285-46f6-a2dc-3b4fe9a350e1,Role 1,2018-11-03 13:12:31,173,2,2018-11-03 12:43:22
Case97,Request For Payment REJECTED by PRE_APPROVER,res_c69c8e50-1285-46f6-a2dc-3b4fe9a350e1,Role 1,2018-11-03 13:57:09,173,0,2018-11-03 13:12:49
Case71,Request For Payment REJECTED by SUPERVISOR,res_c69c8e50-1285-46f6-a2dc-3b4fe9a350e1,Role 1,2018-11-03 14:59:48,173,0,2018-11-03 14:15:46
Case70,Request For Payment REJECTED by EMPLOYEE,res_c69c8e50-1285-46f6-a2dc-3b4fe9a350e1,Role 1,2018-11-03 15:02:11,173,0,2018-11-03 14:18:23
Case64,Request For Payment SUBMITTED by EMPLOYEE,res_c69c8e50-1285-46f6-a2dc-3b4fe9a350e1,Role 1,2018-11-03 15:54:03,172,2,2018-11-03 15:12:16
Case74,Request For Payment REJECTED by EMPLOYEE,res_c69c8e50-1285-46f6-a2dc-3b4fe9a350e1,Role 1,2018-11-03 19:09:28,172,0,2018-11-03 18:25:39
Case77,Request For Payment REJECTED by EMPLOYEE,res_c69c8e50-1285-46f6-a2dc-3b4fe9a350e1,Role 1,2018-11-03 20:33:50,172,0,2018-11-03 19:50:08
Case64,Request For Payment APPROVED by PRE_APPROVER,res_c69c8e50-1285-46f6-a2dc-3b4fe9a350e1,Role 1,2018-11-03 20:49:54,172,0,2018-11-03 20:06:47
Case76,Request For Payment REJECTED by EMPLOYEE,res_c69c8e50-1285-46f6-a2dc-3b4fe9a350e1,Role 1,2018-11-03 21:33:32,171,0,2018-11-03 20:49:46
Case78,Request For Payment REJECTED by EMPLOYEE,res_c69c8e50-1285-46f6-a2dc-3b4fe9a350e1,Role 1,2018-11-03 22:26:28,171,0,2018-11-03 21:42:41
Case81,Request For Payment REJECTED by MISSING,res_c69c8e50-1285-46f6-a2dc-3b4fe9a350e1,Role 1,2018-11-03 22:40:11,171,0,2018-11-03 21:56:06
Case79,Request For Payment REJECTED by EMPLOYEE,res_c69c8e50-1285-46f6-a2dc-3b4fe9a350e1,Role 1,2018-11-03 23:48:14,170,0,2018-11-03 23:04:31
Case80,Request For Payment FINAL_APPROVED by SUPERVISOR,res_c69c8e50-1285-46f6-a2dc-3b4fe9a350e1,Role 1,2018-11-04 01:28:01,170,1,2018-11-04 00:43:56
Case75,Request For Payment FINAL_APPROVED by SUPERVISOR,res_c69c8e50-1285-46f6-a2dc-3b4fe9a350e1,Role 1,2018-11-04 02:06:26,170,2,2018-11-04 01:22:24
Case98,Request For Payment SAVED by EMPLOYEE,res_c69c8e50-1285-46f6-a2dc-3b4fe9a350e1,Role 1,2018-11-04 09:15:43,171,0,2018-11-04 08:46:12
Case99,Request For Payment SAVED by EMPLOYEE,res_c69c8e50-1285-46f6-a2dc-3b4fe9a350e1,Role 1,2018-11-04 09:43:02,172,1,2018-11-04 09:13:33
Case100,Request For Payment SAVED by EMPLOYEE,res_c69c8e50-1285-46f6-a2dc-3b4fe9a350e1,Role 1,2018-11-04 10:38:08,171,0,2018-11-04 10:08:38
Case101,Request For Payment SAVED by EMPLOYEE,res_c69c8e50-1285-46f6-a2dc-3b4fe9a350e1,Role 1,2018-11-04 11:48:15,171,0,2018-11-04 11:18:45
Case102,Request For Payment SAVED by EMPLOYEE,res_c69c8e50-1285-46f6-a2dc-3b4fe9a350e1,Role 1,2018-11-04 13:13:32,171,0,2018-11-04 12:44:02
Case103,Request For Payment SAVED by EMPLOYEE,res_c69c8e50-1285-46f6-a2dc-3b4fe9a350e1,Role 1,2018-11-04 13:47:30,171,0,2018-11-04 13:18:01
Case64,Request For Payment FINAL_APPROVED by SUPERVISOR,res_c69c8e50-1285-46f6-a2dc-3b4fe9a350e1,Role 1,2018-11-04 17:19:01,170,1,2018-11-04 16:36:09
Case72,Request Payment,res_f1d5d76e-73b3-4ad2-b5bc-b44969b003a7,Role 2,2018-11-04 22:12:52,170,1,2018-11-04 21:28:33
Case73,Request Payment,res_f1d5d76e-73b3-4ad2-b5bc-b44969b003a7,Role 2,2018-11-05 00:06:35,170,1,2018-11-04 23:22:12
Case82,Request For Payment FINAL_APPROVED by SUPERVISOR,res_c69c8e50-1285-46f6-a2dc-3b4fe9a350e1,Role 1,2018-11-05 01:40:03,170,1,2018-11-05 00:56:27
Case104,Request For Payment SAVED by EMPLOYEE,res_c69c8e50-1285-46f6-a2dc-3b4fe9a350e1,Role 1,2018-11-05 04:35:03,171,0,2018-11-05 04:05:47
Case47,Request Payment,res_f1d5d76e-73b3-4ad2-b5bc-b44969b003a7,Role 2,2018-11-05 06:01:41,170,1,2018-11-05 05:18:10
Case105,Request For Payment SAVED by EMPLOYEE,res_c69c8e50-1285-46f6-a2dc-3b4fe9a350e1,Role 1,2018-11-05 08:52:27,171,0,2018-11-05 08:23:11
Case106,Request For Payment SAVED by EMPLOYEE,res_c69c8e50-1285-46f6-a2dc-3b4fe9a350e1,Role 1,2018-11-05 09:24:46,171,0,2018-11-05 08:55:30
Case107,Request For Payment SAVED by EMPLOYEE,res_c69c8e50-1285-46f6-a2dc-3b4fe9a350e1,Role 1,2018-11-05 10:43:05,171,0,2018-11-05 10:13:49
Case84,Request For Payment REJECTED by EMPLOYEE,res_c69c8e50-1285-46f6-a2dc-3b4fe9a350e1,Role 1,2018-11-05 11:07:36,171,0,2018-11-05 10:22:47
Case78,Request For Payment SUBMITTED by EMPLOYEE,res_c69c8e50-1285-46f6-a2dc-3b4fe9a350e1,Role 1,2018-11-05 11:34:16,170,2,2018-11-05 10:54:09
Case74,Request For Payment SUBMITTED by EMPLOYEE,res_c69c8e50-1285-46f6-a2dc-3b4fe9a350e1,Role 1,2018-11-05 11:52:59,169,3,2018-11-05 11:12:49
Case108,Request For Payment SUBMITTED by EMPLOYEE,res_c69c8e50-1285-46f6-a2dc-3b4fe9a350e1,Role 1,2018-11-05 11:54:17,170,4,2018-11-05 11:24:59
Case78,Request For Payment REJECTED by PRE_APPROVER,res_c69c8e50-1285-46f6-a2dc-3b4fe9a350e1,Role 1,2018-11-05 12:17:22,170,0,2018-11-05 11:34:34
Case74,Request For Payment REJECTED by ADMINISTRATION,res_c69c8e50-1285-46f6-a2dc-3b4fe9a350e1,Role 1,2018-11-05 12:36:25,170,0,2018-11-05 11:53:17
Case108,Request For Payment APPROVED by ADMINISTRATION,res_c69c8e50-1285-46f6-a2dc-3b4fe9a350e1,Role 1,2018-11-05 12:38:59,170,1,2018-11-05 11:54:35
Case109,Request For Payment SAVED by EMPLOYEE,res_c69c8e50-1285-46f6-a2dc-3b4fe9a350e1,Role 1,2018-11-05 13:06:17,171,0,2018-11-05 12:37:00
Case71,Request For Payment REJECTED by EMPLOYEE,res_c69c8e50-1285-46f6-a2dc-3b4fe9a350e1,Role 1,2018-11-05 13:52:58,170,1,2018-11-05 13:12:56
Case87,Request For Payment REJECTED by EMPLOYEE,res_c69c8e50-1285-46f6-a2dc-3b4fe9a350e1,Role 1,2018-11-05 13:54:01,170,0,2018-11-05 13:09:07
Case110,Request For Payment SAVED by EMPLOYEE,res_c69c8e50-1285-46f6-a2dc-3b4fe9a350e1,Role 1,2018-11-05 14:48:49,169,0,2018-11-05 14:19:34
Case111,Request For Payment SAVED by EMPLOYEE,res_c69c8e50-1285-46f6-a2dc-3b4fe9a350e1,Role 1,2018-11-05 16:34:48,169,0,2018-11-05 16:05:33
Case96,Request For Payment REJECTED by MISSING,res_c69c8e50-1285-46f6-a2dc-3b4fe9a350e1,Role 1,2018-11-05 16:43:18,168,0,2018-11-05 15:58:41
Case94,Request For Payment REJECTED by EMPLOYEE,res_c69c8e50-1285-46f6-a2dc-3b4fe9a350e1,Role 1,2018-11-05 17:16:48,169,0,2018-11-05 16:32:24
Case93,Request For Payment REJECTED by MISSING,res_c69c8e50-1285-46f6-a2dc-3b4fe9a350e1,Role 1,2018-11-05 17:23:41,168,1,2018-11-05 16:38:53
Case79,Request For Payment SUBMITTED by EMPLOYEE,res_c69c8e50-1285-46f6-a2dc-3b4fe9a350e1,Role 1,2018-11-05 18:07:22,165,2,2018-11-05 17:27:04
Case112,Request For Payment SUBMITTED by EMPLOYEE,res_c69c8e50-1285-46f6-a2dc-3b4fe9a350e1,Role 1,2018-11-05 18:09:48,166,3,2018-11-05 17:40:28
Case113,Request For Payment SUBMITTED by EMPLOYEE,res_f1d5d76e-73b3-4ad2-b5bc-b44969b003a7,Role 1,2018-11-05 18:31:11,167,4,2018-11-05 18:01:50
Case91,Request For Payment REJECTED by EMPLOYEE,res_c69c8e50-1285-46f6-a2dc-3b4fe9a350e1,Role 1,2018-11-05 18:40:28,166,0,2018-11-05 17:55:39
Case79,Request For Payment REJECTED by SUPERVISOR,res_c69c8e50-1285-46f6-a2dc-3b4fe9a350e1,Role 1,2018-11-05 18:50:30,167,0,2018-11-05 18:07:40
Case74,Request For Payment REJECTED by EMPLOYEE,res_c69c8e50-1285-46f6-a2dc-3b4fe9a350e1,Role 1,2018-11-05 18:52:11,167,1,2018-11-05 18:09:32
Case112,Request For Payment APPROVED by PRE_APPROVER,res_c69c8e50-1285-46f6-a2dc-3b4fe9a350e1,Role 1,2018-11-05 18:54:21,167,0,2018-11-05 18:10:06
Case31,Payment Handled,res_c69c8e50-1285-46f6-a2dc-3b4fe9a350e1,Role 2,2018-11-05 18:54:49,167,2,2018-11-05 18:11:32
Case113,Request For Payment REJECTED by SUPERVISOR,res_c69c8e50-1285-46f6-a2dc-3b4fe9a350e1,Role 1,2018-11-05 19:15:27,167,1,2018-11-05 18:31:29
Case114,Request For Payment SUBMITTED by EMPLOYEE,res_c69c8e50-1285-46f6-a2dc-3b4fe9a350e1,Role 1,2018-11-05 21:34:02,167,2,2018-11-05 21:04:42
Case76,Request For Payment SUBMITTED by EMPLOYEE,res_c69c8e50-1285-46f6-a2dc-3b4fe9a350e1,Role 1,2018-11-05 21:45:03,167,3,2018-11-05 21:04:53
Case97,Request For Payment REJECTED by EMPLOYEE,res_c69c8e50-1285-46f6-a2dc-3b4fe9a350e1,Role 1,2018-11-05 21:45:27,166,0,2018-11-05 21:01:04
Case78,Request For Payment REJECTED by EMPLOYEE,res_c69c8e50-1285-46f6-a2dc-3b4fe9a350e1,Role 1,2018-11-05 22:14:09,167,1,2018-11-05 21:31:33
Case114,Request For Payment FINAL_APPROVED by SUPERVISOR,res_c69c8e50-1285-46f6-a2dc-3b4fe9a350e1,Role 1,2018-11-05 22:18:45,167,1,2018-11-05 21:34:20
Case76,Request For Payment APPROVED by ADMINISTRATION,res_c69c8e50-1285-46f6-a2dc-3b4fe9a350e1,Role 1,2018-11-05 22:45:58,167,1,2018-11-05 22:02:49
Case115,Request For Payment SUBMITTED by EMPLOYEE,res_c69c8e50-1285-46f6-a2dc-3b4fe9a350e1,Role 1,2018-11-05 23:24:51,168,2,2018-11-05 22:55:37
Case76,Request For Payment REJECTED by BUDGET OWNER,res_c69c8e50-1285-46f6-a2dc-3b4fe9a350e1,Role 1,2018-11-05 23:41:15,168,0,2018-11-05 22:59:02
Case115,Request For Payment REJECTED by SUPERVISOR,res_c69c8e50-1285-46f6-a2dc-3b4fe9a350e1,Role 1,2018-11-06 00:09:10,168,0,2018-11-05 23:25:09
Case116,Request For Payment SAVED by EMPLOYEE,res_c69c8e50-1285-46f6-a2dc-3b4fe9a350e1,Role 1,2018-11-06 00:59:53,169,0,2018-11-06 00:30:26
Case117,Request For Payment SAVED by EMPLOYEE,res_c69c8e50-1285-46f6-a2dc-3b4fe9a350e1,Role 1,2018-11-06 03:13:13,169,0,2018-11-06 02:43:47
Case79,Request For Payment REJECTED by EMPLOYEE,res_c69c8e50-1285-46f6-a2dc-3b4fe9a350e1,Role 1,2018-11-06 04:18:04,168,0,2018-11-06 03:35:14
Case118,Request For Payment SUBMITTED by EMPLOYEE,res_c69c8e50-1285-46f6-a2dc-3b4fe9a350e1,Role 1,2018-11-06 04:49:18,169,2,2018-11-06 04:19:54
Case74,Request For Payment SUBMITTED by EMPLOYEE,res_c69c8e50-1285-46f6-a2dc-3b4fe9a350e1,Role 1,2018-11-06 05:14:00,169,3,2018-11-06 04:31:59
Case118,Request For Payment REJECTED by SUPERVISOR,res_c69c8e50-1285-46f6-a2dc-3b4fe9a350e1,Role 1,2018-11-06 05:34:01,169,0,2018-11-06 04:49:36
Case119,Request For Payment SUBMITTED by EMPLOYEE,res_c69c8e50-1285-46f6-a2dc-3b4fe9a350e1,Role 1,2018-11-06 06:08:53,170,2,2018-11-06 05:39:28
Case119,Request For Payment REJECTED by PRE_APPROVER,res_c69c8e50-1285-46f6-a2dc-3b4fe9a350e1,Role 1,2018-11-06 06:53:30,170,0,2018-11-06 06:09:11
Case108,Request For Payment REJECTED by BUDGET OWNER,res_c69c8e50-1285-46f6-a2dc-3b4fe9a350e1,Role 1,2018-11-06 08:09:51,170,0,2018-11-06 07:25:21
Case78,Request For Payment SUBMITTED by EMPLOYEE,res_c69c8e50-1285-46f6-a2dc-3b4fe9a350e1,Role 1,2018-11-06 08:41:20,170,2,2018-11-06 07:59:34
Case120,Request For Payment SUBMITTED by EMPLOYEE,res_c69c8e50-1285-46f6-a2dc-3b4fe9a350e1,Role 1,2018-11-06 08:45:20,171,3,2018-11-06 08:15:50
Case120,Request For Payment REJECTED by PRE_APPROVER,res_c69c8e50-1285-46f6-a2dc-3b4fe9a350e1,Role 1,2018-11-06 09:29:52,171,0,2018-11-06 08:45:38
Case121,Request For Payment SUBMITTED by EMPLOYEE,res_c69c8e50-1285-46f6-a2dc-3b4fe9a350e1,Role 1,2018-11-06 10:10:20,172,2,2018-11-06 09:40:50
Case74,Request For Payment REJECTED by SUPERVISOR,res_c69c8e50-1285-46f6-a2dc-3b4fe9a350e1,Role 1,2018-11-06 10:14:26,171,0,2018-11-06 09:32:44
Case122,Request For Payment SAVED by EMPLOYEE,res_c69c8e50-1285-46f6-a2dc-3b4fe9a350e1,Role 1,2018-11-06 10:39:51,173,0,2018-11-06 10:10:29
Case121,Request For Payment REJECTED by ADMINISTRATION,res_c69c8e50-1285-46f6-a2dc-3b4fe9a350e1,Role 1,2018-11-06 10:55:08,173,0,2018-11-06 10:10:38
Case76,Request For Payment REJECTED by EMPLOYEE,res_c69c8e50-1285-46f6-a2dc-3b4fe9a350e1,Role 1,2018-11-06 11:29:09,172,0,2018-11-06 10:47:37
Case123,Request For Payment SAVED by EMPLOYEE,res_c69c8e50-1285-46f6-a2dc-3b4fe9a350e1,Role 1,2018-11-06 12:11:18,173,0,2018-11-06 11:41:56
Case124,Request For Payment SUBMITTED by EMPLOYEE,res_c69c8e50-1285-46f6-a2dc-3b4fe9a350e1,Role 1,2018-11-06 12:29:28,174,2,2018-11-06 11:59:58
Case79,Request For Payment SUBMITTED by EMPLOYEE,res_c69c8e50-1285-46f6-a2dc-3b4fe9a350e1,Role 1,2018-11-06 12:46:32,174,3,2018-11-06 12:04:47
Case124,Request For Payment FINAL_APPROVED by SUPERVISOR,res_c69c8e50-1285-46f6-a2dc-3b4fe9a350e1,Role 1,2018-11-06 13:14:20,173,1,2018-11-06 12:29:46
Case112,Request For Payment FINAL_APPROVED by SUPERVISOR,res_c69c8e50-1285-46f6-a2dc-3b4fe9a350e1,Role 1,2018-11-06 13:16:17,173,2,2018-11-06 12:32:11
Case97,Request For Payment SUBMITTED by EMPLOYEE,res_f1d5d76e-73b3-4ad2-b5bc-b44969b003a7,Role 1,2018-11-06 13:38:30,173,2,2018-11-06 12:57:33
Case78,Request For Payment REJECTED by PRE_APPROVER,res_c69c8e50-1285-46f6-a2dc-3b4fe9a350e1,Role 1,2018-11-06 14:02:15,173,0,2018-11-06 13:20:52
Case80,Request Payment,res_c69c8e50-1285-46f6-a2dc-3b4fe9a350e1,Role 2,2018-11-06 14:04:18,173,1,2018-11-06 13:22:07
Case125,Request For Payment SAVED by EMPLOYEE,res_c69c8e50-1285-46f6-a2dc-3b4fe9a350e1,Role 1,2018-11-06 14:16:49,174,0,2018-11-06 13:47:29
Case126,Request For Payment SUBMITTED by EMPLOYEE,res_c69c8e50-1285-46f6-a2dc-3b4fe9a350e1,Role 1,2018-11-06 14:42:11,175,2,2018-11-06 14:12:41
Case113,Request For Payment REJECTED by EMPLOYEE,res_c69c8e50-1285-46f6-a2dc-3b4fe9a350e1,Role 1,2018-11-06 14:44:07,174,0,2018-11-06 14:00:20
Case126,Request For Payment REJECTED by SUPERVISOR,res_c69c8e50-1285-46f6-a2dc-3b4fe9a350e1,Role 1,2018-11-06 15:26:47,174,0,2018-11-06 14:42:29
Case97,Request For Payment FINAL_APPROVED by SUPERVISOR,res_c69c8e50-1285-46f6-a2dc-3b4fe9a350e1,Role 1,2018-11-06 16:37:43,174,1,2018-11-06 15:54:25
Case127,Request For Payment SUBMITTED by EMPLOYEE,res_c69c8e50-1285-46f6-a2dc-3b4fe9a350e1,Role 1,2018-11-06 17:32:05,175,2,2018-11-06 17:02:35
Case74,Request For Payment REJECTED by EMPLOYEE,res_c69c8e50-1285-46f6-a2dc-3b4fe9a350e1,Role 1,2018-11-06 17:40:08,174,0,2018-11-06 16:58:02
Case127,Request For Payment REJECTED by PRE_APPROVER,res_c69c8e50-1285-46f6-a2dc-3b4fe9a350e1,Role 1,2018-11-06 18:16:29,175,0,2018-11-06 17:32:23
Case79,Request For Payment FINAL_APPROVED by SUPERVISOR,res_c69c8e50-1285-46f6-a2dc-3b4fe9a350e1,Role 1,2018-11-06 18:17:37,175,1,2018-11-06 17:35:33
Case91,Request For Payment SUBMITTED by EMPLOYEE,res_c69c8e50-1285-46f6-a2dc-3b4fe9a350e1,Role 1,2018-11-06 19:29:16,174,2,2018-11-06 18:47:49
Case91,Request For Payment REJECTED by ADMINISTRATION,res_f1d5d76e-73b3-4ad2-b5bc-b44969b003a7,Role 1,2018-11-06 20:13:14,174,0,2018-11-06 19:29:34
Case75,Request Payment,res_c69c8e50-1285-46f6-a2dc-3b4fe9a350e1,Role 2,2018-11-06 20:50:32,174,1,2018-11-06 20:08:22
Case76,Request For Payment SUBMITTED by EMPLOYEE,res_c69c8e50-1285-46f6-a2dc-3b4fe9a350e1,Role 1,2018-11-06 21:07:47,174,2,2018-11-06 20:25:53
Case114,Request Payment,res_f1d5d76e-73b3-4ad2-b5bc-b44969b003a7,Role 2,2018-11-06 22:48:06,174,1,2018-11-06 22:03:23
Case78,Request For Payment REJECTED by EMPLOYEE,res_c69c8e50-1285-46f6-a2dc-3b4fe9a350e1,Role 1,2018-11-06 23:31:59,174,0,2018-11-06 22:49:42
Case128,Request For Payment SUBMITTED by EMPLOYEE,res_c69c8e50-1285-46f6-a2dc-3b4fe9a350e1,Role 1,2018-11-06 23:36:50,175,2,2018-11-06 23:07:20
Case128,Request For Payment FINAL_APPROVED by SUPERVISOR,res_f1d5d76e-73b3-4ad2-b5bc-b44969b003a7,Role 1,2018-11-07 00:21:40,175,1,2018-11-06 23:37:08
Case82,Request Payment,res_f1d5d76e-73b3-4ad2-b5bc-b44969b003a7,Role 2,2018-11-07 00:41:29,175,1,2018-11-06 23:59:26
Case76,Request For Payment REJECTED by ADMINISTRATION,res_c69c8e50-1285-46f6-a2dc-3b4fe9a350e1,Role 1,2018-11-07 01:43:10,175,0,2018-11-07 01:00:53
Case91,Request For Payment REJECTED by EMPLOYEE,res_c69c8e50-1285-46f6-a2dc-3b4fe9a350e1,Role 1,2018-11-07 01:55:29,175,0,2018-11-07 01:12:38
Case115,Request For Payment REJECTED by EMPLOYEE,res_c69c8e50-1285-46f6-a2dc-3b4fe9a350e1,Role 1,2018-11-07 03:21:09,174,0,2018-11-07 02:37:22
Case129,Request For Payment SAVED by EMPLOYEE,res_c69c8e50-1285-46f6-a2dc-3b4fe9a350e1,Role 1,2018-11-07 05:49:57,175,0,2018-11-07 05:20:41
Case78,Request For Payment SUBMITTED by EMPLOYEE,res_f1d5d76e-73b3-4ad2-b5bc-b44969b003a7,Role 1,2018-11-07 06:22:58,175,2,2018-11-07 05:40:45
Case130,Request For Payment SAVED by EMPLOYEE,res_f1d5d76e-73b3-4ad2-b5bc-b44969b003a7,Role 1,2018-11-07 06:25:22,175,0,2018-11-07 05:56:07
Case64,Request Payment,res_f1d5d76e-73b3-4ad2-b5bc-b44969b003a7,Role 2,2018-11-07 06:45:09,175,1,2018-11-07 06:02:02
Case131,Request For Payment SAVED by EMPLOYEE,res_c69c8e50-1285-46f6-a2dc-3b4fe9a350e1,Role 1,2018-11-07 07:59:28,175,0,2018-11-07 07:30:13
Case132,Request For Payment SAVED by EMPLOYEE,res_c69c8e50-1285-46f6-a2dc-3b4fe9a350e1,Role 1,2018-11-07 08:24:15,176,1,2018-11-07 07:55:01
Case108,Request For Payment REJECTED by EMPLOYEE,res_c69c8e50-1285-46f6-a2dc-3b4fe9a350e1,Role 1,2018-11-07 09:21:14,174,0,2018-11-07 08:40:46
Case133,Request For Payment SAVED by EMPLOYEE,res_c69c8e50-1285-46f6-a2dc-3b4fe9a350e1,Role 1,2018-11-07 09:26:00,175,0,2018-11-07 08:56:46
Case76,Request For Payment REJECTED by EMPLOYEE,res_c69c8e50-1285-46f6-a2dc-3b4fe9a350e1,Role 1,2018-11-07 09:43:30,175,1,2018-11-07 09:00:57
Case118,Request For Payment REJECTED by EMPLOYEE,res_c69c8e50-1285-46f6-a2dc-3b4fe9a350e1,Role 1,2018-11-07 10:12:47,173,1,2018-11-07 09:28:36
Case119,Request For Payment REJECTED by EMPLOYEE,res_c69c8e50-1285-46f6-a2dc-3b4fe9a350e1,Role 1,2018-11-07 11:34:10,172,0,2018-11-07 10:49:56
Case134,Request For Payment SUBMITTED by EMPLOYEE,res_c69c8e50-1285-46f6-a2dc-3b4fe9a350e1,Role 1,2018-11-07 11:38:34,173,2,2018-11-07 11:09:32
Case134,Request For Payment APPROVED by ADMINISTRATION,res_c69c8e50-1285-46f6-a2dc-3b4fe9a350e1,Role 1,2018-11-07 12:22:38,173,1,2018-11-07 11:38:52
Case135,Request For Payment SAVED by EMPLOYEE,res_c69c8e50-1285-46f6-a2dc-3b4fe9a350e1,Role 1,2018-11-07 13:10:53,174,0,2018-11-07 12:41:39
Case136,Request For Payment SUBMITTED by EMPLOYEE,res_c69c8e50-1285-46f6-a2dc-3b4fe9a350e1,Role 1,2018-11-07 13:30:04,175,2,2018-11-07 13:01:01
Case121,Request For Payment REJECTED by EMPLOYEE,res_c69c8e50-1285-46f6-a2dc-3b4fe9a350e1,Role 1,2018-11-07 13:46:10,175,0,2018-11-07 13:02:07
Case113,Request For Payment SUBMITTED by EMPLOYEE,res_c69c8e50-1285-46f6-a2dc-3b4fe9a350e1,Role 1,2018-11-07 13:59:14,174,3,2018-11-07 13:18:21
Case120,Request For Payment REJECTED by EMPLOYEE,res_c69c8e50-1285-46f6-a2dc-3b4fe9a350e1,Role 1,2018-11-07 14:09:30,174,1,2018-11-07 13:25:25
Case136,Request For Payment REJECTED by SUPERVISOR,res_c69c8e50-1285-46f6-a2dc-3b4fe9a350e1,Role 1,2018-11-07 14:14:08,174,0,2018-11-07 13:30:22
Case124,Request For Payment REJECTED by MISSING,res_c69c8e50-1285-46f6-a2dc-3b4fe9a350e1,Role 1,2018-11-07 14:27:52,174,0,2018-11-07 13:43:31
Case78,Request For Payment FINAL_APPROVED by SUPERVISOR,res_c69c8e50-1285-46f6-a2dc-3b4fe9a350e1,Role 1,2018-11-07 14:57:56,173,1,2018-11-07 14:15:29
Case137,Request For Payment SAVED by EMPLOYEE,res_c69c8e50-1285-46f6-a2dc-3b4fe9a350e1,Role 1,2018-11-07 15:35:38,173,0,2018-11-07 15:06:25
Case113,Request For Payment APPROVED by PRE_APPROVER,res_c69c8e50-1285-46f6-a2dc-3b4fe9a350e1,Role 1,2018-11-07 17:25:06,172,0,2018-11-07 16:42:03
Case138,Request For Payment SUBMITTED by EMPLOYEE,res_c69c8e50-1285-46f6-a2dc-3b4fe9a350e1,Role 1,2018-11-07 17:48:57,173,2,2018-11-07 17:19:53
Case76,Request For Payment SUBMITTED by EMPLOYEE,res_c69c8e50-1285-46f6-a2dc-3b4fe9a350e1,Role 1,2018-11-07 18:16:34,173,3,2018-11-07 17:33:58
Case138,Request For Payment FINAL_APPROVED by SUPERVISOR,res_c69c8e50-1285-46f6-a2dc-3b4fe9a350e1,Role 1,2018-11-07 18:33:13,173,1,2018-11-07 17:49:15
Case78,Request For Payment REJECTED by MISSING,res_f1d5d76e-73b3-4ad2-b5bc-b44969b003a7,Role 1,2018-11-07 19:12:45,173,0,2018-11-07 18:30:24
Case97,Request Payment,res_c69c8e50-1285-46f6-a2dc-3b4fe9a350e1,Role 2,2018-11-07 19:26:54,173,1,2018-11-07 18:43:44
Case126,Request For Payment REJECTED by EMPLOYEE,res_c69c8e50-1285-46f6-a2dc-3b4fe9a350e1,Role 1,2018-11-07 20:00:57,172,0,2018-11-07 19:17:09
Case139,Request For Payment SUBMITTED by EMPLOYEE,res_c69c8e50-1285-46f6-a2dc-3b4fe9a350e1,Role 1,2018-11-07 20:10:35,173,2,2018-11-07 19:41:30
Case139,Request For Payment REJECTED by PRE_APPROVER,res_c69c8e50-1285-46f6-a2dc-3b4fe9a350e1,Role 1,2018-11-07 20:54:36,172,0,2018-11-07 20:10:53
Case79,Request Payment,res_c69c8e50-1285-46f6-a2dc-3b4fe9a350e1,Role 2,2018-11-07 20:59:48,172,1,2018-11-07 20:16:46
Case127,Request For Payment REJECTED by EMPLOYEE,res_c69c8e50-1285-46f6-a2dc-3b4fe9a350e1,Role 1,2018-11-07 21:09:15,172,0,2018-11-07 20:25:28
Case140,Request For Payment SAVED by EMPLOYEE,res_c69c8e50-1285-46f6-a2dc-3b4fe9a350e1,Role 1,2018-11-07 21:18:21,173,0,2018-11-07 20:49:24
Case141,Request For Payment SUBMITTED by EMPLOYEE,res_c69c8e50-1285-46f6-a2dc-3b4fe9a350e1,Role 1,2018-11-07 22:25:45,172,2,2018-11-07 21:56:46
Case141,Request For Payment FINAL_APPROVED by SUPERVISOR,res_c69c8e50-1285-46f6-a2dc-3b4fe9a350e1,Role 1,2018-11-07 23:10:01,172,1,2018-11-07 22:26:03
Case142,Request For Payment SUBMITTED by EMPLOYEE,res_c69c8e50-1285-46f6-a2dc-3b4fe9a350e1,Role 1,2018-11-07 23:26:26,173,2,2018-11-07 22:57:21
Case142,Request For Payment FINAL_APPROVED by SUPERVISOR,res_c69c8e50-1285-46f6-a2dc-3b4fe9a350e1,Role 1,2018-11-08 00:10:42,173,1,2018-11-07 23:26:44
Case76,Request For Payment REJECTED by ADMINISTRATION,res_f1d5d76e-73b3-4ad2-b5bc-b44969b003a7,Role 1,2018-11-08 00:27:22,173,0,2018-11-07 23:44:54
Case112,Request Payment,res_c69c8e50-1285-46f6-a2dc-3b4fe9a350e1,Role 2,2018-11-08 01:08:06,173,1,2018-11-08 00:25:36
Case115,Request For Payment SUBMITTED by EMPLOYEE,res_c69c8e50-1285-46f6-a2dc-3b4fe9a350e1,Role 1,2018-11-08 01:21:04,173,2,2018-11-08 00:40:04
Case113,Request For Payment FINAL_APPROVED by SUPERVISOR,res_c69c8e50-1285-46f6-a2dc-3b4fe9a350e1,Role 1,2018-11-08 01:41:28,173,1,2018-11-08 00:58:42
Case143,Request For Payment SUBMITTED by EMPLOYEE,res_c69c8e50-1285-46f6-a2dc-3b4fe9a350e1,Role 1,2018-11-08 01:59:52,174,2,2018-11-08 01:30:34
Case115,Request For Payment REJECTED by ADMINISTRATION,res_c69c8e50-1285-46f6-a2dc-3b4fe9a350e1,Role 1,2018-11-08 02:04:39,173,0,2018-11-08 01:21:22
Case76,Request For Payment REJECTED by EMPLOYEE,res_c69c8e50-1285-46f6-a2dc-3b4fe9a350e1,Role 1,2018-11-08 02:13:25,174,0,2018-11-08 01:30:42
Case113,Request For Payment REJECTED by MISSING,res_f1d5d76e-73b3-4ad2-b5bc-b44969b003a7,Role 1,2018-11-08 02:24:00,174,0,2018-11-08 01:41:46
Case143,Request For Payment FINAL_APPROVED by SUPERVISOR,res_f1d5d76e-73b3-4ad2-b5bc-b44969b003a7,Role 1,2018-11-08 02:44:36,174,1,2018-11-08 02:00:10
Case115,Request For Payment REJECTED by EMPLOYEE,res_f1d5d76e-73b3-4ad2-b5bc-b44969b003a7,Role 1,2018-11-08 02:47:55,174,1,2018-11-08 02:04:57
Case128,Request Payment,res_f1d5d76e-73b3-4ad2-b5bc-b44969b003a7,Role 2,2018-11-08 03:05:07,174,1,2018-11-08 02:19:58
Case144,Request For Payment SAVED by EMPLOYEE,res_c69c8e50-1285-46f6-a2dc-3b4fe9a350e1,Role 1,2018-11-08 04:14:49,174,0,2018-11-08 03:45:28
Case73,Payment Handled,res_f1d5d76e-73b3-4ad2-b5bc-b44969b003a7,Role 2,2018-11-08 06:54:35,173,2,2018-11-08 06:11:40
Case76,Request For Payment SUBMITTED by EMPLOYEE,res_c69c8e50-1285-46f6-a2dc-3b4fe9a350e1,Role 1,2018-11-08 07:40:58,172,2,2018-11-08 06:58:01
Case145,Request For Payment SAVED by EMPLOYEE,res_c69c8e50-1285-46f6-a2dc-3b4fe9a350e1,Role 1,2018-11-08 08:15:04,173,0,2018-11-08 07:45:47
Case119,Request For Payment SUBMITTED by EMPLOYEE,res_c69c8e50-1285-46f6-a2dc-3b4fe9a350e1,Role 1,2018-11-08 08:16:01,172,3,2018-11-08 07:35:53
Case119,Request For Payment REJECTED by ADMINISTRATION,res_c69c8e50-1285-46f6-a2dc-3b4fe9a350e1,Role 1,2018-11-08 08:59:56,172,0,2018-11-08 08:16:19
Case146,Request For Payment SAVED by EMPLOYEE,res_c69c8e50-1285-46f6-a2dc-3b4fe9a350e1,Role 1,2018-11-08 10:00:54,173,0,2018-11-08 09:31:36
Case120,Request For Payment SUBMITTED by EMPLOYEE,res_c69c8e50-1285-46f6-a2dc-3b4fe9a350e1,Role 1,2018-11-08 10:51:10,172,2,2018-11-08 10:11:11
Case147,Request For Payment SAVED by EMPLOYEE,res_c69c8e50-1285-46f6-a2dc-3b4fe9a350e1,Role 1,2018-11-08 10:58:40,173,0,2018-11-08 10:29:24
Case119,Request For Payment REJECTED by EMPLOYEE,res_c69c8e50-1285-46f6-a2dc-3b4fe9a350e1,Role 1,2018-11-08 11:01:35,172,0,2018-11-08 10:18:29
Case148,Request For Payment SAVED by EMPLOYEE,res_c69c8e50-1285-46f6-a2dc-3b4fe9a350e1,Role 1,2018-11-08 11:32:14,172,0,2018-11-08 11:02:58
Case120,Request For Payment REJECTED by SUPERVISOR,res_c69c8e50-1285-46f6-a2dc-3b4fe9a350e1,Role 1,2018-11-08 11:34:56,173,0,2018-11-08 10:51:28
Case134,Request For Payment FINAL_APPROVED by SUPERVISOR,res_c69c8e50-1285-46f6-a2dc-3b4fe9a350e1,Role 1,2018-11-08 11:58:29,172,1,2018-11-08 11:14:42
Case149,Request For Payment SUBMITTED by EMPLOYEE,res_c69c8e50-1285-46f6-a2dc-3b4fe9a350e1,Role 1,2018-11-08 13:12:28,172,2,2018-11-08 12:43:11
Case149,Request For Payment FINAL_APPROVED by SUPERVISOR,res_c69c8e50-1285-46f6-a2dc-3b4fe9a350e1,Role 1,2018-11-08 13:57:10,172,1,2018-11-08 13:12:46
Case136,Request For Payment REJECTED by EMPLOYEE,res_c69c8e50-1285-46f6-a2dc-3b4fe9a350e1,Role 1,2018-11-08 14:03:36,172,0,2018-11-08 13:19:44
Case150,Request For Payment SAVED by EMPLOYEE,res_c69c8e50-1285-46f6-a2dc-3b4fe9a350e1,Role 1,2018-11-08 14:14:11,173,0,2018-11-08 13:44:56
Case120,Request For Payment REJECTED by EMPLOYEE,res_c69c8e50-1285-46f6-a2dc-3b4fe9a350e1,Role 1,2018-11-08 14:43:02,173,1,2018-11-08 13:59:57
Case72,Payment Handled,res_c69c8e50-1285-46f6-a2dc-3b4fe9a350e1,Role 2,2018-11-08 15:13:15,172,2,2018-11-08 14:30:24
Case151,Request For Payment SAVED by EMPLOYEE,res_c69c8e50-1285-46f6-a2dc-3b4fe9a350e1,Role 1,2018-11-08 15:15:40,172,0,2018-11-08 14:46:34
Case115,Request For Payment SUBMITTED by EMPLOYEE,res_c69c8e50-1285-46f6-a2dc-3b4fe9a350e1,Role 1,2018-11-08 15:18:14,172,2,2018-11-08 14:35:23
Case152,Request For Payment SUBMITTED by EMPLOYEE,res_c69c8e50-1285-46f6-a2dc-3b4fe9a350e1,Role 1,2018-11-08 15:29:57,173,3,2018-11-08 15:00:50
Case152,Request For Payment REJECTED by PRE_APPROVER,res_c69c8e50-1285-46f6-a2dc-3b4fe9a350e1,Role 1,2018-11-08 16:44:09,171,0,2018-11-08 15:59:45
Case47,Payment Handled,res_f1d5d76e-73b3-4ad2-b5bc-b44969b003a7,Role 2,2018-11-08 17:05:11,171,2,2018-11-08 16:21:50
Case76,Request For Payment FINAL_APPROVED by SUPERVISOR,res_f1d5d76e-73b3-4ad2-b5bc-b44969b003a7,Role 1,2018-11-08 17:10:44,171,1,2018-11-08 16:27:51
Case138,Request For Payment REJECTED by MISSING,res_c69c8e50-1285-46f6-a2dc-3b4fe9a350e1,Role 1,2018-11-08 17:28:44,171,0,2018-11-08 16:44:44
Case80,Payment Handled,res_c69c8e50-1285-46f6-a2dc-3b4fe9a350e1,Role 2,2018-11-08 17:46:02,171,3,2018-11-08 17:02:39
Case76,Request For Payment REJECTED by MISSING,res_c69c8e50-1285-46f6-a2dc-3b4fe9a350e1,Role 1,2018-11-08 17:53:33,170,1,2018-11-08 17:11:02
Case153,Request For Payment SAVED by EMPLOYEE,res_c69c8e50-1285-46f6-a2dc-3b4fe9a350e1,Role 1,2018-11-08 18:18:45,169,0,2018-11-08 17:49:32
Case139,Request For Payment REJECTED by EMPLOYEE,res_f1d5d76e-73b3-4ad2-b5bc-b44969b003a7,Role 1,2018-11-08 18:56:56,168,0,2018-11-08 18:13:00
Case82,Payment Handled,res_c69c8e50-1285-46f6-a2dc-3b4fe9a350e1,Role 2,2018-11-08 19:07:11,167,2,2018-11-08 18:23:45
Case154,Request For Payment SAVED by EMPLOYEE,res_c69c8e50-1285-46f6-a2dc-3b4fe9a350e1,Role 1,2018-11-08 19:27:00,168,0,2018-11-08 18:57:54
Case115,Request For Payment APPROVED by ADMINISTRATION,res_c69c8e50-1285-46f6-a2dc-3b4fe9a350e1,Role 1,2018-11-08 20:06:41,167,1,2018-11-08 19:24:01
Case115,Request For Payment REJECTED by BUDGET OWNER,res_c69c8e50-1285-46f6-a2dc-3b4fe9a350e1,Role 1,2018-11-08 20:49:28,166,0,2018-11-08 20:06:59
Case141,Request For Payment REJECTED by MISSING,res_c69c8e50-1285-46f6-a2dc-3b4fe9a350e1,Role 1,2018-11-08 21:50:01,166,0,2018-11-08 21:05:38
Case155,Request For Payment SAVED by EMPLOYEE,res_c69c8e50-1285-46f6-a2dc-3b4fe9a350e1,Role 1,2018-11-08 22:12:54,167,0,2018-11-08 21:43:43
Case156,Request For Payment SUBMITTED by EMPLOYEE,res_c69c8e50-1285-46f6-a2dc-3b4fe9a350e1,Role 1,2018-11-08 22:26:31,167,2,2018-11-08 21:57:11
Case156,Request For Payment APPROVED by ADMINISTRATION,res_c69c8e50-1285-46f6-a2dc-3b4fe9a350e1,Role 1,2018-11-08 23:11:15,166,1,2018-11-08 22:26:49
Case115,Request For Payment REJECTED by EMPLOYEE,res_c69c8e50-1285-46f6-a2dc-3b4fe9a350e1,Role 1,2018-11-08 23:23:35,166,0,2018-11-08 22:41:03
Case114,Payment Handled,res_f1d5d76e-73b3-4ad2-b5bc-b44969b003a7,Role 2,2018-11-09 00:16:15,166,2,2018-11-08 23:32:30
Case64,Payment Handled,res_f1d5d76e-73b3-4ad2-b5bc-b44969b003a7,Role 2,2018-11-09 00:41:17,166,3,2018-11-08 23:57:36
Case157,Request For Payment SUBMITTED by EMPLOYEE,res_f1d5d76e-73b3-4ad2-b5bc-b44969b003a7,Role 1,2018-11-09 01:02:28,166,2,2018-11-09 00:33:15
Case75,Payment Handled,res_c69c8e50-1285-46f6-a2dc-3b4fe9a350e1,Role 2,2018-11-09 01:24:14,166,3,2018-11-09 00:41:01
Case157,Request For Payment REJECTED by SUPERVISOR,res_c69c8e50-1285-46f6-a2dc-3b4fe9a350e1,Role 1,2018-11-09 01:47:38,165,0,2018-11-09 01:02:46
Case158,Request For Payment SUBMITTED by EMPLOYEE,res_c69c8e50-1285-46f6-a2dc-3b4fe9a350e1,Role 1,2018-11-09 08:14:21,165,2,2018-11-09 07:44:55
Case115,Request For Payment SUBMITTED by EMPLOYEE,res_c69c8e50-1285-46f6-a2dc-3b4fe9a350e1,Role 1,2018-11-09 08:36:46,165,3,2018-11-09 07:54:19
Case159,Request For Payment SAVED by EMPLOYEE,res_c69c8e50-1285-46f6-a2dc-3b4fe9a350e1,Role 1,2018-11-09 08:39:00,166,0,2018-11-09 08:09:26
Case158,Request For Payment REJECTED by SUPERVISOR,res_c69c8e50-1285-46f6-a2dc-3b4fe9a350e1,Role 1,2018-11-09 08:59:32,166,0,2018-11-09 08:14:39
Case160,Request For Payment SAVED by EMPLOYEE,res_c69c8e50-1285-46f6-a2dc-3b4fe9a350e1,Role 1,2018-11-09 09:22:38,166,0,2018-11-09 08:53:04
Case161,Request For Payment SAVED by EMPLOYEE,res_c69c8e50-1285-46f6-a2dc-3b4fe9a350e1,Role 1,2018-11-09 11:18:40,166,0,2018-11-09 10:49:05
Case162,Request For Payment SAVED by EMPLOYEE,res_c69c8e50-1285-46f6-a2dc-3b4fe9a350e1,Role 1,2018-11-09 11:24:54,167,1,2018-11-09 10:55:20
Case97,Payment Handled,res_c69c8e50-1285-46f6-a2dc-3b4fe9a350e1,Role 2,2018-11-09 12:23:52,165,2,2018-11-09 11:40:55
Case163,Request For Payment SUBMITTED by EMPLOYEE,res_c69c8e50-1285-46f6-a2dc-3b4fe9a350e1,Role 1,2018-11-09 12:50:11,166,2,2018-11-09 12:20:50
Case164,Request For Payment SAVED by EMPLOYEE,res_c69c8e50-1285-46f6-a2dc-3b4fe9a350e1,Role 1,2018-11-09 13:34:39,166,0,2018-11-09 13:05:06
Case163,Request For Payment FINAL_APPROVED by SUPERVISOR,res_c69c8e50-1285-46f6-a2dc-3b4fe9a350e1,Role 1,2018-11-09 13:35:22,165,1,2018-11-09 12:50:29
Case165,Request For Payment SUBMITTED by EMPLOYEE,res_c69c8e50-1285-46f6-a2dc-3b4fe9a350e1,Role 1,2018-11-09 14:27:17,166,2,2018-11-09 13:57:47
Case79,Payment Handled,res_f1d5d76e-73b3-4ad2-b5bc-b44969b003a7,Role 2,2018-11-09 15:11:35,166,2,2018-11-09 14:28:36
Case165,Request For Payment FINAL_APPROVED by SUPERVISOR,res_f1d5d76e-73b3-4ad2-b5bc-b44969b003a7,Role 1,2018-11-09 15:12:30,166,1,2018-11-09 14:27:35
Case166,Request For Payment SAVED by EMPLOYEE,res_c69c8e50-1285-46f6-a2dc-3b4fe9a350e1,Role 1,2018-11-09 15:57:16,166,0,2018-11-09 15:27:42
Case167,Request For Payment SAVED by EMPLOYEE,res_c69c8e50-1285-46f6-a2dc-3b4fe9a350e1,Role 1,2018-11-09 16:23:15,167,1,2018-11-09 15:53:42
Case168,Request For Payment SUBMITTED by EMPLOYEE,res_c69c8e50-1285-46f6-a2dc-3b4fe9a350e1,Role 1,2018-11-09 17:36:40,166,2,2018-11-09 17:07:09
Case168,Request For Payment APPROVED by PRE_APPROVER,res_c69c8e50-1285-46f6-a2dc-3b4fe9a350e1,Role 1,2018-11-09 18:21:52,166,0,2018-11-09 17:36:58
Case143,Request For Payment REJECTED by MISSING,res_c69c8e50-1285-46f6-a2dc-3b4fe9a350e1,Role 1,2018-11-09 22:21:01,166,0,2018-11-09 21:36:29
Case169,Request For Payment SAVED by EMPLOYEE,res_c69c8e50-1285-46f6-a2dc-3b4fe9a350e1,Role 1,2018-11-09 22:21:19,167,0,2018-11-09 21:51:47
Case115,Request For Payment APPROVED by PRE_APPROVER,res_c69c8e50-1285-46f6-a2dc-3b4fe9a350e1,Role 1,2018-11-10 03:46:56,165,0,2018-11-10 03:04:28
Case170,Request For Payment SUBMITTED by EMPLOYEE,res_c69c8e50-1285-46f6-a2dc-3b4fe9a350e1,Role 1,2018-11-10 10:30:03,166,2,2018-11-10 10:00:57
Case170,Request For Payment FINAL_APPROVED by SUPERVISOR,res_c69c8e50-1285-46f6-a2dc-3b4fe9a350e1,Role 1,2018-11-10 11:14:17,166,1,2018-11-10 10:30:21
Case171,Request For Payment SUBMITTED by EMPLOYEE,res_c69c8e50-1285-46f6-a2dc-3b4fe9a350e1,Role 1,2018-11-10 11:19:46,167,2,2018-11-10 10:50:29
Case171,Request For Payment REJECTED by ADMINISTRATION,res_c69c8e50-1285-46f6-a2dc-3b4fe9a350e1,Role 1,2018-11-10 12:04:16,167,0,2018-11-10 11:20:04
Case172,Request For Payment SUBMITTED by EMPLOYEE,res_c69c8e50-1285-46f6-a2dc-3b4fe9a350e1,Role 1,2018-11-10 13:41:55,168,2,2018-11-10 13:12:46
Case172,Request For Payment REJECTED by SUPERVISOR,res_c69c8e50-1285-46f6-a2dc-3b4fe9a350e1,Role 1,2018-11-10 14:26:35,168,0,2018-11-10 13:42:13
Case152,Request For Payment REJECTED by EMPLOYEE,res_c69c8e50-1285-46f6-a2dc-3b4fe9a350e1,Role 1,2018-11-10 18:04:44,168,0,2018-11-10 17:21:01
Case173,Request For Payment SUBMITTED by EMPLOYEE,res_c69c8e50-1285-46f6-a2dc-3b4fe9a350e1,Role 1,2018-11-10 18:35:59,169,2,2018-11-10 18:06:47
Case173,Request For Payment REJECTED by ADMINISTRATION,res_c69c8e50-1285-46f6-a2dc-3b4fe9a350e1,Role 1,2018-11-10 19:20:31,169,0,2018-11-10 18:36:17
Case174,Request For Payment SAVED by EMPLOYEE,res_c69c8e50-1285-46f6-a2dc-3b4fe9a350e1,Role 1,2018-11-10 20:48:56,170,0,2018-11-10 20:19:30
Case156,Request For Payment REJECTED by SUPERVISOR,res_c69c8e50-1285-46f6-a2dc-3b4fe9a350e1,Role 1,2018-11-10 23:19:52,169,0,2018-11-10 22:35:48
Case139,Request For Payment SUBMITTED by EMPLOYEE,res_c69c8e50-1285-46f6-a2dc-3b4fe9a350e1,Role 1,2018-11-11 00:53:08,169,2,2018-11-11 00:12:22
Case139,Request For Payment REJECTED by SUPERVISOR,res_c69c8e50-1285-46f6-a2dc-3b4fe9a350e1,Role 1,2018-11-11 01:36:10,169,0,2018-11-11 00:53:26
Case175,Request For Payment SAVED by EMPLOYEE,res_c69c8e50-1285-46f6-a2dc-3b4fe9a350e1,Role 1,2018-11-11 02:12:21,170,0,2018-11-11 01:42:48
Case115,Request For Payment FINAL_APPROVED by SUPERVISOR,res_c69c8e50-1285-46f6-a2dc-3b4fe9a350e1,Role 1,2018-11-11 04:51:16,169,1,2018-11-11 04:08:37
Case115,Request For Payment REJECTED by MISSING,res_c69c8e50-1285-46f6-a2dc-3b4fe9a350e1,Role 1,2018-11-11 05:33:41,169,0,2018-11-11 04:51:34
Case176,Request For Payment SUBMITTED by EMPLOYEE,res_c69c8e50-1285-46f6-a2dc-3b4fe9a350e1,Role 1,2018-11-11 06:22:32,169,2,2018-11-11 05:53:08
Case176,Request For Payment FINAL_APPROVED by SUPERVISOR,res_c69c8e50-1285-46f6-a2dc-3b4fe9a350e1,Role 1,2018-11-11 07:07:29,169,1,2018-11-11 06:22:50
Case136,Request For Payment SUBMITTED by EMPLOYEE,res_c69c8e50-1285-46f6-a2dc-3b4fe9a350e1,Role 1,2018-11-11 07:40:30,169,2,2018-11-11 06:59:45
Case136,Request For Payment REJECTED by ADMINISTRATION,res_c69c8e50-1285-46f6-a2dc-3b4fe9a350e1,Role 1,2018-11-11 08:23:42,169,0,2018-11-11 07:40:48
Case139,Request For Payment REJECTED by EMPLOYEE,res_c69c8e50-1285-46f6-a2dc-3b4fe9a350e1,Role 1,2018-11-11 09:32:11,169,0,2018-11-11 08:49:33
Case177,Request For Payment SAVED by EMPLOYEE,res_c69c8e50-1285-46f6-a2dc-3b4fe9a350e1,Role 1,2018-11-11 10:12:49,170,0,2018-11-11 09:43:18
Case178,Request For Payment SAVED by EMPLOYEE,res_c69c8e50-1285-46f6-a2dc-3b4fe9a350e1,Role 1,2018-11-11 11:23:39,170,0,2018-11-11 10:54:09
Case142,Request Payment,res_f1d5d76e-73b3-4ad2-b5bc-b44969b003a7,Role 2,2018-11-11 12:17:46,169,1,2018-11-11 11:33:23
Case179,Request For Payment SAVED by EMPLOYEE,res_c69c8e50-1285-46f6-a2dc-3b4fe9a350e1,Role 1,2018-11-11 13:40:00,170,0,2018-11-11 13:10:31
Case180,Request For Payment SAVED by EMPLOYEE,res_c69c8e50-1285-46f6-a2dc-3b4fe9a350e1,Role 1,2018-11-11 14:37:56,170,0,2018-11-11 14:08:28
Case136,Request For Payment REJECTED by EMPLOYEE,res_c69c8e50-1285-46f6-a2dc-3b4fe9a350e1,Role 1,2018-11-11 14:39:44,169,0,2018-11-11 13:57:08
Case181,Request For Payment SAVED by EMPLOYEE,res_c69c8e50-1285-46f6-a2dc-3b4fe9a350e1,Role 1,2018-11-11 18:30:20,169,0,2018-11-11 18:00:52
Case139,Request For Payment SUBMITTED by EMPLOYEE,res_c69c8e50-1285-46f6-a2dc-3b4fe9a350e1,Role 1,2018-11-11 19:29:58,168,2,2018-11-11 18:47:38
Case182,Request For Payment SAVED by EMPLOYEE,res_c69c8e50-1285-46f6-a2dc-3b4fe9a350e1,Role 1,2018-11-11 19:44:22,169,0,2018-11-11 19:14:55
Case139,Request For Payment REJECTED by PRE_APPROVER,res_c69c8e50-1285-46f6-a2dc-3b4fe9a350e1,Role 1,2018-11-11 20:38:25,168,0,2018-11-11 19:55:56
Case183,Request For Payment SAVED by EMPLOYEE,res_c69c8e50-1285-46f6-a2dc-3b4fe9a350e1,Role 1,2018-11-11 20:59:10,169,0,2018-11-11 20:29:44
Case184,Request For Payment SAVED by EMPLOYEE,res_c69c8e50-1285-46f6-a2dc-3b4fe9a350e1,Role 1,2018-11-11 22:12:05,169,0,2018-11-11 21:42:39
Case185,Request For Payment SAVED by EMPLOYEE,res_c69c8e50-1285-46f6-a2dc-3b4fe9a350e1,Role 1,2018-11-11 22:21:34,170,1,2018-11-11 21:52:08
Case112,Payment Handled,res_f1d5d76e-73b3-4ad2-b5bc-b44969b003a7,Role 2,2018-11-12 01:57:02,168,2,2018-11-12 01:13:43
Case149,Request Payment,res_f1d5d76e-73b3-4ad2-b5bc-b44969b003a7,Role 2,2018-11-12 02:05:09,168,1,2018-11-12 01:21:39
Case128,Payment Handled,res_c69c8e50-1285-46f6-a2dc-3b4fe9a350e1,Role 2,2018-11-12 03:49:06,167,2,2018-11-12 03:06:16
Case157,Request For Payment REJECTED by EMPLOYEE,res_c69c8e50-1285-46f6-a2dc-3b4fe9a350e1,Role 1,2018-11-12 03:54:02,167,0,2018-11-12 03:09:03
Case139,Request For Payment REJECTED by EMPLOYEE,res_c69c8e50-1285-46f6-a2dc-3b4fe9a350e1,Role 1,2018-11-12 05:42:01,165,0,2018-11-12 04:59:26
Case186,Request For Payment SUBMITTED by EMPLOYEE,res_c69c8e50-1285-46f6-a2dc-3b4fe9a350e1,Role 1,2018-11-12 08:28:08,166,2,2018-11-12 07:59:22
Case186,Request For Payment REJECTED by PRE_APPROVER,res_c69c8e50-1285-46f6-a2dc-3b4fe9a350e1,Role 1,2018-11-12 09:12:20,166,0,2018-11-12 08:28:26
Case134,Request Payment,res_c69c8e50-1285-46f6-a2dc-3b4fe9a350e1,Role 2,2018-11-12 10:03:44,166,1,2018-11-12 09:20:47
Case187,Request For Payment SUBMITTED by EMPLOYEE,res_c69c8e50-1285-46f6-a2dc-3b4fe9a350e1,Role 1,2018-11-12 10:07:50,167,2,2018-11-12 09:39:01
Case158,Request For Payment REJECTED by EMPLOYEE,res_c69c8e50-1285-46f6-a2dc-3b4fe9a350e1,Role 1,2018-11-12 10:30:53,167,0,2018-11-12 09:46:05
Case187,Request For Payment FINAL_APPROVED by SUPERVISOR,res_c69c8e50-1285-46f6-a2dc-3b4fe9a350e1,Role 1,2018-11-12 10:52:31,167,1,2018-11-12 10:08:08
Case188,Request For Payment SUBMITTED by EMPLOYEE,res_c69c8e50-1285-46f6-a2dc-3b4fe9a350e1,Role 1,2018-11-12 11:03:36,168,3,2018-11-12 10:34:19
Case152,Request For Payment SUBMITTED by EMPLOYEE,res_c69c8e50-1285-46f6-a2dc-3b4fe9a350e1,Role 1,2018-11-12 11:09:19,167,2,2018-11-12 10:29:02
Case188,Request For Payment FINAL_APPROVED by SUPERVISOR,res_c69c8e50-1285-46f6-a2dc-3b4fe9a350e1,Role 1,2018-11-12 11:48:18,168,1,2018-11-12 11:03:54
Case152,Request For Payment REJECTED by SUPERVISOR,res_c69c8e50-1285-46f6-a2dc-3b4fe9a350e1,Role 1,2018-11-12 11:52:29,168,0,2018-11-12 11:09:37
Case163,Request For Payment REJECTED by MISSING,res_c69c8e50-1285-46f6-a2dc-3b4fe9a350e1,Role 1,2018-11-12 12:04:14,168,0,2018-11-12 11:19:17
Case189,Request For Payment SAVED by EMPLOYEE,res_c69c8e50-1285-46f6-a2dc-3b4fe9a350e1,Role 1,2018-11-12 12:08:40,169,0,2018-11-12 11:39:23
Case190,Request For Payment SAVED by EMPLOYEE,res_c69c8e50-1285-46f6-a2dc-3b4fe9a350e1,Role 1,2018-11-12 12:43:54,168,0,2018-11-12 12:14:38
Case191,Request For Payment SAVED by EMPLOYEE,res_c69c8e50-1285-46f6-a2dc-3b4fe9a350e1,Role 1,2018-11-12 14:13:58,168,0,2018-11-12 13:44:43
Case192,Request For Payment SAVED by EMPLOYEE,res_c69c8e50-1285-46f6-a2dc-3b4fe9a350e1,Role 1,2018-11-12 14:59:03,168,0,2018-11-12 14:29:48
Case139,Request For Payment SUBMITTED by EMPLOYEE,res_c69c8e50-1285-46f6-a2dc-3b4fe9a350e1,Role 1,2018-11-12 15:23:25,168,2,2018-11-12 14:40:59
Case193,Request For Payment SUBMITTED by EMPLOYEE,res_c69c8e50-1285-46f6-a2dc-3b4fe9a350e1,Role 1,2018-11-12 16:14:05,168,2,2018-11-12 15:44:59
Case193,Request For Payment REJECTED by SUPERVISOR,res_c69c8e50-1285-46f6-a2dc-3b4fe9a350e1,Role 1,2018-11-12 16:58:29,168,0,2018-11-12 16:14:23
Case194,Request For Payment SUBMITTED by EMPLOYEE,res_c69c8e50-1285-46f6-a2dc-3b4fe9a350e1,Role 1,2018-11-12 17:29:43,169,2,2018-11-12 17:00:35
Case194,Request For Payment FINAL_APPROVED by SUPERVISOR,res_c69c8e50-1285-46f6-a2dc-3b4fe9a350e1,Role 1,2018-11-12 18:14:24,169,1,2018-11-12 17:30:01
Case195,Request For Payment SAVED by EMPLOYEE,res_c69c8e50-1285-46f6-a2dc-3b4fe9a350e1,Role 1,2018-11-12 18:22:27,170,0,2018-11-12 17:53:13
Case196,Request For Payment SUBMITTED by EMPLOYEE,res_f1d5d76e-73b3-4ad2-b5bc-b44969b003a7,Role 1,2018-11-12 19:22:17,170,2,2018-11-12 18:53:07
Case165,Request Payment,res_c69c8e50-1285-46f6-a2dc-3b4fe9a350e1,Role 2,2018-11-12 19:54:46,170,1,2018-11-12 19:08:34
Case196,Request For Payment APPROVED by PRE_APPROVER,res_c69c8e50-1285-46f6-a2dc-3b4fe9a350e1,Role 1,2018-11-12 20:06:50,170,0,2018-11-12 19:22:35
Case152,Request For Payment REJECTED by EMPLOYEE,res_c69c8e50-1285-46f6-a2dc-3b4fe9a350e1,Role 1,2018-11-12 20:36:38,170,0,2018-11-12 19:54:00
Case168,Request For Payment FINAL_APPROVED by SUPERVISOR,res_c69c8e50-1285-46f6-a2dc-3b4fe9a350e1,Role 1,2018-11-12 20:47:30,170,1,2018-11-12 20:02:23
Case139,Request For Payment REJECTED by PRE_APPROVER,res_c69c8e50-1285-46f6-a2dc-3b4fe9a350e1,Role 1,2018-11-12 21:13:07,170,0,2018-11-12 20:31:02
Case171,Request For Payment REJECTED by EMPLOYEE,res_c69c8e50-1285-46f6-a2dc-3b4fe9a350e1,Role 1,2018-11-12 21:29:14,170,0,2018-11-12 20:45:00
Case172,Request For Payment REJECTED by EMPLOYEE,res_c69c8e50-1285-46f6-a2dc-3b4fe9a350e1,Role 1,2018-11-12 23:10:23,169,0,2018-11-12 22:25:59
Case197,Request For Payment SUBMITTED by EMPLOYEE,res_c69c8e50-1285-46f6-a2dc-3b4fe9a350e1,Role 1,2018-11-13 00:55:31,170,2,2018-11-13 00:26:10
Case198,Request For Payment SUBMITTED by EMPLOYEE,res_c69c8e50-1285-46f6-a2dc-3b4fe9a350e1,Role 1,2018-11-13 01:38:43,171,2,2018-11-13 01:09:15
Case197,Request For Payment REJECTED by SUPERVISOR,res_c69c8e50-1285-46f6-a2dc-3b4fe9a350e1,Role 1,2018-11-13 01:40:14,170,0,2018-11-13 00:55:49
Case156,Request For Payment REJECTED by EMPLOYEE,res_c69c8e50-1285-46f6-a2dc-3b4fe9a350e1,Role 1,2018-11-13 02:11:33,171,0,2018-11-13 01:31:07
Case198,Request For Payment FINAL_APPROVED by SUPERVISOR,res_c69c8e50-1285-46f6-a2dc-3b4fe9a350e1,Role 1,2018-11-13 02:23:35,171,1,2018-11-13 01:39:01
Case186,Request For Payment REJECTED by EMPLOYEE,res_c69c8e50-1285-46f6-a2dc-3b4fe9a350e1,Role 1,2018-11-13 04:01:08,170,0,2018-11-13 03:16:42
Case173,Request For Payment REJECTED by EMPLOYEE,res_c69c8e50-1285-46f6-a2dc-3b4fe9a350e1,Role 1,2018-11-13 04:43:51,170,1,2018-11-13 03:59:33
Case199,Request For Payment SAVED by EMPLOYEE,res_c69c8e50-1285-46f6-a2dc-3b4fe9a350e1,Role 1,2018-11-13 05:01:07,171,0,2018-11-13 04:31:43
Case200,Request For Payment SAVED by EMPLOYEE,res_c69c8e50-1285-46f6-a2dc-3b4fe9a350e1,Role 1,2018-11-13 06:15:37,171,0,2018-11-13 05:46:14
Case187,Request For Payment REJECTED by MISSING,res_c69c8e50-1285-46f6-a2dc-3b4fe9a350e1,Role 1,2018-11-13 06:23:48,170,0,2018-11-13 05:39:15
Case152,Request For Payment SUBMITTED by EMPLOYEE,res_c69c8e50-1285-46f6-a2dc-3b4fe9a350e1,Role 1,2018-11-13 06:56:37,171,2,2018-11-13 06:14:46
Case201,Request For Payment SUBMITTED by EMPLOYEE,res_c69c8e50-1285-46f6-a2dc-3b4fe9a350e1,Role 1,2018-11-13 07:22:52,170,3,2018-11-13 06:53:22
Case201,Request For Payment FINAL_APPROVED by SUPERVISOR,res_c69c8e50-1285-46f6-a2dc-3b4fe9a350e1,Role 1,2018-11-13 08:07:43,170,1,2018-11-13 07:23:10
Case202,Request For Payment SAVED by EMPLOYEE,res_c69c8e50-1285-46f6-a2dc-3b4fe9a350e1,Role 1,2018-11-13 08:29:26,171,0,2018-11-13 08:00:04
Case139,Request For Payment REJECTED by EMPLOYEE,res_c69c8e50-1285-46f6-a2dc-3b4fe9a350e1,Role 1,2018-11-13 09:12:36,170,0,2018-11-13 08:29:55
Case203,Request For Payment SAVED by EMPLOYEE,res_c69c8e50-1285-46f6-a2dc-3b4fe9a350e1,Role 1,2018-11-13 10:16:25,170,0,2018-11-13 09:47:02
Case176,Request Payment,res_c69c8e50-1285-46f6-a2dc-3b4fe9a350e1,Role 2,2018-11-13 10:30:06,169,1,2018-11-13 09:44:40
Case204,Request For Payment SAVED by EMPLOYEE,res_c69c8e50-1285-46f6-a2dc-3b4fe9a350e1,Role 1,2018-11-13 10:44:47,171,1,2018-11-13 10:15:26
Case205,Request For Payment SUBMITTED by EMPLOYEE,res_f1d5d76e-73b3-4ad2-b5bc-b44969b003a7,Role 1,2018-11-13 11:55:09,170,2,2018-11-13 11:25:39
Case193,Request For Payment REJECTED by EMPLOYEE,res_c69c8e50-1285-46f6-a2dc-3b4fe9a350e1,Role 1,2018-11-13 12:07:29,169,0,2018-11-13 11:23:08
Case158,Request For Payment SUBMITTED by EMPLOYEE,res_c69c8e50-1285-46f6-a2dc-3b4fe9a350e1,Role 1,2018-11-13 12:09:40,170,3,2018-11-13 11:28:18
Case188,Request Payment,res_c69c8e50-1285-46f6-a2dc-3b4fe9a350e1,Role 2,2018-11-13 12:15:07,170,1,2018-11-13 11:30:34
Case205,Request For Payment REJECTED by SUPERVISOR,res_c69c8e50-1285-46f6-a2dc-3b4fe9a350e1,Role 1,2018-11-13 12:39:42,170,0,2018-11-13 11:55:27
Case206,Request For Payment SUBMITTED by EMPLOYEE,res_c69c8e50-1285-46f6-a2dc-3b4fe9a350e1,Role 1,2018-11-13 13:07:06,171,2,2018-11-13 12:37:36
Case152,Request For Payment APPROVED by PRE_APPROVER,res_c69c8e50-1285-46f6-a2dc-3b4fe9a350e1,Role 1,2018-11-13 13:10:42,170,0,2018-11-13 12:28:53
Case207,Request For Payment SAVED by EMPLOYEE,res_f1d5d76e-73b3-4ad2-b5bc-b44969b003a7,Role 1,2018-11-13 13:30:33,172,0,2018-11-13 13:01:12
Case206,Request For Payment REJECTED by PRE_APPROVER,res_c69c8e50-1285-46f6-a2dc-3b4fe9a350e1,Role 1,2018-11-13 13:51:31,172,0,2018-11-13 13:07:24
Case170,Request Payment,res_c69c8e50-1285-46f6-a2dc-3b4fe9a350e1,Role 2,2018-11-13 14:04:14,172,1,2018-11-13 13:18:51
Case158,Request For Payment FINAL_APPROVED by SUPERVISOR,res_c69c8e50-1285-46f6-a2dc-3b4fe9a350e1,Role 1,2018-11-13 14:21:50,171,1,2018-11-13 13:38:36
Case208,Request For Payment SAVED by EMPLOYEE,res_c69c8e50-1285-46f6-a2dc-3b4fe9a350e1,Role 1,2018-11-13 14:28:21,172,0,2018-11-13 13:59:01
Case196,Request For Payment FINAL_APPROVED by SUPERVISOR,res_c69c8e50-1285-46f6-a2dc-3b4fe9a350e1,Role 1,2018-11-13 15:02:10,172,2,2018-11-13 14:18:00
Case209,Request For Payment SAVED by EMPLOYEE,res_c69c8e50-1285-46f6-a2dc-3b4fe9a350e1,Role 1,2018-11-13 17:32:03,172,0,2018-11-13 17:02:43
Case194,Request Payment,res_c69c8e50-1285-46f6-a2dc-3b4fe9a350e1,Role 2,2018-11-13 18:39:13,171,1,2018-11-13 17:53:58
Case172,Request For Payment SUBMITTED by EMPLOYEE,res_c69c8e50-1285-46f6-a2dc-3b4fe9a350e1,Role 1,2018-11-13 19:19:45,171,2,2018-11-13 18:38:15
Case152,Request For Payment FINAL_APPROVED by SUPERVISOR,res_c69c8e50-1285-46f6-a2dc-3b4fe9a350e1,Role 1,2018-11-13 19:56:51,171,1,2018-11-13 19:14:31
Case210,Request For Payment SUBMITTED by EMPLOYEE,res_c69c8e50-1285-46f6-a2dc-3b4fe9a350e1,Role 1,2018-11-13 20:07:32,172,2,2018-11-13 19:38:02
Case210,Request For Payment APPROVED by ADMINISTRATION,res_c69c8e50-1285-46f6-a2dc-3b4fe9a350e1,Role 1,2018-11-13 20:52:22,172,1,2018-11-13 20:07:50
Case172,Request For Payment FINAL_APPROVED by SUPERVISOR,res_c69c8e50-1285-46f6-a2dc-3b4fe9a350e1,Role 1,2018-11-13 20:53:10,172,1,2018-11-13 20:10:05
Case211,Request For Payment SUBMITTED by EMPLOYEE,res_c69c8e50-1285-46f6-a2dc-3b4fe9a350e1,Role 1,2018-11-13 21:23:33,173,2,2018-11-13 20:54:03
Case152,Request For Payment REJECTED by MISSING,res_c69c8e50-1285-46f6-a2dc-3b4fe9a350e1,Role 1,2018-11-13 21:57:22,173,0,2018-11-13 21:16:04
Case211,Request For Payment REJECTED by ADMINISTRATION,res_c69c8e50-1285-46f6-a2dc-3b4fe9a350e1,Role 1,2018-11-13 22:08:21,173,0,2018-11-13 21:23:51
Case212,Request For Payment SUBMITTED by EMPLOYEE,res_c69c8e50-1285-46f6-a2dc-3b4fe9a350e1,Role 1,2018-11-13 22:29:39,173,2,2018-11-13 22:00:09
Case212,Request For Payment APPROVED by PRE_APPROVER,res_c69c8e50-1285-46f6-a2dc-3b4fe9a350e1,Role 1,2018-11-13 23:14:26,173,0,2018-11-13 22:29:57
Case186,Request For Payment SUBMITTED by EMPLOYEE,res_c69c8e50-1285-46f6-a2dc-3b4fe9a350e1,Role 1,2018-11-13 23:48:56,173,2,2018-11-13 23:08:26
Case186,Request For Payment APPROVED by PRE_APPROVER,res_c69c8e50-1285-46f6-a2dc-3b4fe9a350e1,Role 1,2018-11-14 00:32:21,173,0,2018-11-13 23:49:14
Case213,Request For Payment SAVED by EMPLOYEE,res_c69c8e50-1285-46f6-a2dc-3b4fe9a350e1,Role 1,2018-11-14 01:25:31,174,0,2018-11-14 00:56:15
Case198,Request For Payment REJECTED by MISSING,res_c69c8e50-1285-46f6-a2dc-3b4fe9a350e1,Role 1,2018-11-14 04:38:20,173,0,2018-11-14 03:53:55
Case168,Request For Payment REJECTED by MISSING,res_c69c8e50-1285-46f6-a2dc-3b4fe9a350e1,Role 1,2018-11-14 05:08:21,173,1,2018-11-14 04:27:07
Case197,Request For Payment REJECTED by EMPLOYEE,res_c69c8e50-1285-46f6-a2dc-3b4fe9a350e1,Role 1,2018-11-14 05:10:07,173,0,2018-11-14 04:25:54
Case214,Request For Payment SAVED by EMPLOYEE,res_c69c8e50-1285-46f6-a2dc-3b4fe9a350e1,Role 1,2018-11-14 08:39:34,171,0,2018-11-14 08:10:19
Case201,Request For Payment REJECTED by MISSING,res_c69c8e50-1285-46f6-a2dc-3b4fe9a350e1,Role 1,2018-11-14 09:24:05,170,0,2018-11-14 08:39:41
Case186,Request For Payment FINAL_APPROVED by SUPERVISOR,res_c69c8e50-1285-46f6-a2dc-3b4fe9a350e1,Role 1,2018-11-14 09:26:34,170,1,2018-11-14 08:43:37
Case215,Request For Payment SUBMITTED by EMPLOYEE,res_c69c8e50-1285-46f6-a2dc-3b4fe9a350e1,Role 1,2018-11-14 09:47:03,171,2,2018-11-14 09:18:02
Case215,Request For Payment APPROVED by ADMINISTRATION,res_c69c8e50-1285-46f6-a2dc-3b4fe9a350e1,Role 1,2018-11-14 10:31:04,170,1,2018-11-14 09:47:21
Case193,Request For Payment SUBMITTED by EMPLOYEE,res_c69c8e50-1285-46f6-a2dc-3b4fe9a350e1,Role 1,2018-11-14 10:34:06,170,2,2018-11-14 09:53:05
Case216,Request For Payment SUBMITTED by EMPLOYEE,res_c69c8e50-1285-46f6-a2dc-3b4fe9a350e1,Role 1,2018-11-14 11:18:01,171,2,2018-11-14 10:49:12
Case217,Request For Payment SAVED by EMPLOYEE,res_c69c8e50-1285-46f6-a2dc-3b4fe9a350e1,Role 1,2018-11-14 11:23:56,172,0,2018-11-14 10:54:43
Case216,Request For Payment FINAL_APPROVED by SUPERVISOR,res_c69c8e50-1285-46f6-a2dc-3b4fe9a350e1,Role 1,2018-11-14 12:02:12,172,1,2018-11-14 11:18:19
Case193,Request For Payment REJECTED by SUPERVISOR,res_c69c8e50-1285-46f6-a2dc-3b4fe9a350e1,Role 1,2018-11-14 13:26:57,171,0,2018-11-14 12:43:55
Case173,Request For Payment SUBMITTED by EMPLOYEE,res_c69c8e50-1285-46f6-a2dc-3b4fe9a350e1,Role 1,2018-11-14 13:44:12,171,2,2018-11-14 13:02:26
Case218,Request For Payment SUBMITTED by EMPLOYEE,res_c69c8e50-1285-46f6-a2dc-3b4fe9a350e1,Role 1,2018-11-14 13:54:12,172,3,2018-11-14 13:25:09
Case218,Request For Payment FINAL_APPROVED by SUPERVISOR,res_c69c8e50-1285-46f6-a2dc-3b4fe9a350e1,Role 1,2018-11-14 14:38:20,172,1,2018-11-14 13:54:30
Case206,Request For Payment REJECTED by EMPLOYEE,res_c69c8e50-1285-46f6-a2dc-3b4fe9a350e1,Role 1,2018-11-14 14:50:31,172,0,2018-11-14 14:06:28
Case219,Request For Payment SAVED by EMPLOYEE,res_c69c8e50-1285-46f6-a2dc-3b4fe9a350e1,Role 1,2018-11-14 15:16:36,173,0,2018-11-14 14:47:24
Case205,Request For Payment REJECTED by EMPLOYEE,res_c69c8e50-1285-46f6-a2dc-3b4fe9a350e1,Role 1,2018-11-14 15:29:30,172,1,2018-11-14 14:45:33
Case220,Request For Payment SUBMITTED by EMPLOYEE,res_c69c8e50-1285-46f6-a2dc-3b4fe9a350e1,Role 1,2018-11-14 15:36:32,174,2,2018-11-14 15:07:28
Case173,Request For Payment FINAL_APPROVED by SUPERVISOR,res_c69c8e50-1285-46f6-a2dc-3b4fe9a350e1,Role 1,2018-11-14 15:40:11,173,1,2018-11-14 14:57:02
Case220,Request For Payment APPROVED by ADMINISTRATION,res_c69c8e50-1285-46f6-a2dc-3b4fe9a350e1,Role 1,2018-11-14 16:20:46,173,1,2018-11-14 15:36:50
Case221,Request For Payment SAVED by EMPLOYEE,res_f1d5d76e-73b3-4ad2-b5bc-b44969b003a7,Role 1,2018-11-14 16:24:59,174,0,2018-11-14 15:55:48
Case158,Request Payment,res_f1d5d76e-73b3-4ad2-b5bc-b44969b003a7,Role 2,2018-11-14 17:04:01,174,1,2018-11-14 16:20:51
Case222,Request For Payment SUBMITTED by EMPLOYEE,res_c69c8e50-1285-46f6-a2dc-3b4fe9a350e1,Role 1,2018-11-14 20:11:26,174,2,2018-11-14 19:42:28
Case223,Request For Payment SAVED by EMPLOYEE,res_c69c8e50-1285-46f6-a2dc-3b4fe9a350e1,Role 1,2018-11-14 20:36:38,175,0,2018-11-14 20:07:28
Case222,Request For Payment FINAL_APPROVED by SUPERVISOR,res_c69c8e50-1285-46f6-a2dc-3b4fe9a350e1,Role 1,2018-11-14 20:55:43,175,1,2018-11-14 20:11:44
Case224,Request For Payment SAVED by EMPLOYEE,res_c69c8e50-1285-46f6-a2dc-3b4fe9a350e1,Role 1,2018-11-14 22:22:00,175,0,2018-11-14 21:52:51
Case210,Request For Payment REJECTED by SUPERVISOR,res_c69c8e50-1285-46f6-a2dc-3b4fe9a350e1,Role 1,2018-11-14 22:22:16,174,0,2018-11-14 21:37:55
Case193,Request For Payment REJECTED by EMPLOYEE,res_c69c8e50-1285-46f6-a2dc-3b4fe9a350e1,Role 1,2018-11-14 23:00:21,175,0,2018-11-14 22:17:39
Case211,Request For Payment REJECTED by EMPLOYEE,res_f1d5d76e-73b3-4ad2-b5bc-b44969b003a7,Role 1,2018-11-15 00:59:12,174,0,2018-11-15 00:14:50
Case172,Request Payment,res_f1d5d76e-73b3-4ad2-b5bc-b44969b003a7,Role 2,2018-11-15 01:01:58,174,1,2018-11-15 00:18:39
Case212,Request For Payment FINAL_APPROVED by SUPERVISOR,res_c69c8e50-1285-46f6-a2dc-3b4fe9a350e1,Role 1,2018-11-15 02:29:33,173,1,2018-11-15 01:45:14
Case186,Request Payment,res_c69c8e50-1285-46f6-a2dc-3b4fe9a350e1,Role 2,2018-11-15 04:13:59,173,1,2018-11-15 03:30:57
Case196,Request Payment,res_c69c8e50-1285-46f6-a2dc-3b4fe9a350e1,Role 2,2018-11-15 04:15:59,173,2,2018-11-15 03:32:51
Case225,Request For Payment SUBMITTED by EMPLOYEE,res_c69c8e50-1285-46f6-a2dc-3b4fe9a350e1,Role 1,2018-11-15 04:37:53,174,2,2018-11-15 04:08:54
Case225,Request For Payment APPROVED by PRE_APPROVER,res_f1d5d76e-73b3-4ad2-b5bc-b44969b003a7,Role 1,2018-11-15 05:27:04,174,0,2018-11-15 04:42:40
Case142,Payment Handled,res_f1d5d76e-73b3-4ad2-b5bc-b44969b003a7,Role 2,2018-11-15 05:29:17,174,2,2018-11-15 04:45:28
Case193,Request For Payment SUBMITTED by EMPLOYEE,res_f1d5d76e-73b3-4ad2-b5bc-b44969b003a7,Role 1,2018-11-15 07:33:25,173,2,2018-11-15 06:50:51
Case149,Payment Handled,res_c69c8e50-1285-46f6-a2dc-3b4fe9a350e1,Role 2,2018-11-15 07:48:05,173,2,2018-11-15 07:05:04
Case193,Request For Payment REJECTED by SUPERVISOR,res_c69c8e50-1285-46f6-a2dc-3b4fe9a350e1,Role 1,2018-11-15 08:16:24,173,0,2018-11-15 07:33:43
Case226,Request For Payment SAVED by EMPLOYEE,res_c69c8e50-1285-46f6-a2dc-3b4fe9a350e1,Role 1,2018-11-15 09:10:28,173,0,2018-11-15 08:41:19
Case215,Request For Payment REJECTED by SUPERVISOR,res_c69c8e50-1285-46f6-a2dc-3b4fe9a350e1,Role 1,2018-11-15 09:14:29,172,0,2018-11-15 08:30:18
Case173,Request Payment,res_c69c8e50-1285-46f6-a2dc-3b4fe9a350e1,Role 2,2018-11-15 09:17:27,172,1,2018-11-15 08:34:15
Case227,Request For Payment SUBMITTED by EMPLOYEE,res_c69c8e50-1285-46f6-a2dc-3b4fe9a350e1,Role 1,2018-11-15 09:26:22,174,2,2018-11-15 08:57:15
Case227,Request For Payment FINAL_APPROVED by SUPERVISOR,res_c69c8e50-1285-46f6-a2dc-3b4fe9a350e1,Role 1,2018-11-15 10:10:59,173,1,2018-11-15 09:26:40
Case228,Request For Payment SUBMITTED by EMPLOYEE,res_c69c8e50-1285-46f6-a2dc-3b4fe9a350e1,Role 1,2018-11-15 10:30:42,174,2,2018-11-15 10:01:22
Case193,Request For Payment REJECTED by EMPLOYEE,res_c69c8e50-1285-46f6-a2dc-3b4fe9a350e1,Role 1,2018-11-15 11:01:21,174,0,2018-11-15 10:18:30
Case206,Request For Payment SUBMITTED by EMPLOYEE,res_c69c8e50-1285-46f6-a2dc-3b4fe9a350e1,Role 1,2018-11-15 11:24:14,174,2,2018-11-15 10:44:22
Case228,Request For Payment REJECTED by SUPERVISOR,res_c69c8e50-1285-46f6-a2dc-3b4fe9a350e1,Role 1,2018-11-15 11:36:49,174,0,2018-11-15 10:52:25
Case229,Request For Payment SAVED by EMPLOYEE,res_c69c8e50-1285-46f6-a2dc-3b4fe9a350e1,Role 1,2018-11-15 12:14:25,175,0,2018-11-15 11:45:08
Case230,Request For Payment SAVED by EMPLOYEE,res_c69c8e50-1285-46f6-a2dc-3b4fe9a350e1,Role 1,2018-11-15 12:55:16,175,0,2018-11-15 12:26:06
Case176,Payment Handled,res_c69c8e50-1285-46f6-a2dc-3b4fe9a350e1,Role 2,2018-11-15 13:02:01,174,2,2018-11-15 12:17:11
Case206,Request For Payment FINAL_APPROVED by SUPERVISOR,res_c69c8e50-1285-46f6-a2dc-3b4fe9a350e1,Role 1,2018-11-15 13:34:22,175,1,2018-11-15 12:50:56
Case231,Request For Payment SUBMITTED by EMPLOYEE,res_c69c8e50-1285-46f6-a2dc-3b4fe9a350e1,Role 1,2018-11-15 13:54:34,174,2,2018-11-15 13:25:27
Case188,Payment Handled,res_c69c8e50-1285-46f6-a2dc-3b4fe9a350e1,Role 2,2018-11-15 14:01:04,173,2,2018-11-15 13:17:23
Case206,Request For Payment REJECTED by MISSING,res_c69c8e50-1285-46f6-a2dc-3b4fe9a350e1,Role 1,2018-11-15 14:17:26,174,0,2018-11-15 13:34:40
Case232,Request For Payment SAVED by EMPLOYEE,res_c69c8e50-1285-46f6-a2dc-3b4fe9a350e1,Role 1,2018-11-15 14:44:01,174,0,2018-11-15 14:14:46
Case231,Request For Payment REJECTED by SUPERVISOR,res_c69c8e50-1285-46f6-a2dc-3b4fe9a350e1,Role 1,2018-11-15 14:53:17,173,0,2018-11-15 14:08:50
Case220,Request For Payment REJECTED by BUDGET OWNER,res_c69c8e50-1285-46f6-a2dc-3b4fe9a350e1,Role 1,2018-11-15 15:03:16,173,0,2018-11-15 14:18:52
Case233,Request For Payment SUBMITTED by EMPLOYEE,res_f1d5d76e-73b3-4ad2-b5bc-b44969b003a7,Role 1,2018-11-15 15:57:50,173,3,2018-11-15 15:28:30
Case205,Request For Payment SUBMITTED by EMPLOYEE,res_f1d5d76e-73b3-4ad2-b5bc-b44969b003a7,Role 1,2018-11-15 16:05:20,172,2,2018-11-15 15:25:09
Case216,Request Payment,res_f1d5d76e-73b3-4ad2-b5bc-b44969b003a7,Role 2,2018-11-15 16:24:11,173,1,2018-11-15 15:39:17
Case233,Request For Payment REJECTED by ADMINISTRATION,res_f1d5d76e-73b3-4ad2-b5bc-b44969b003a7,Role 1,2018-11-15 16:42:31,173,0,2018-11-15 15:58:08
Case170,Payment Handled,res_f1d5d76e-73b3-4ad2-b5bc-b44969b003a7,Role 2,2018-11-15 16:43:57,173,2,2018-11-15 15:58:58
Case234,Request For Payment SAVED by EMPLOYEE,res_f1d5d76e-73b3-4ad2-b5bc-b44969b003a7,Role 1,2018-11-15 17:58:32,173,0,2018-11-15 17:29:17
Case218,Request Payment,res_f1d5d76e-73b3-4ad2-b5bc-b44969b003a7,Role 2,2018-11-15 18:28:51,173,1,2018-11-15 17:44:09
Case235,Request For Payment SUBMITTED by EMPLOYEE,res_c69c8e50-1285-46f6-a2dc-3b4fe9a350e1,Role 1,2018-11-15 19:19:46,173,2,2018-11-15 18:50:41
Case194,Payment Handled,res_f1d5d76e-73b3-4ad2-b5bc-b44969b003a7,Role 2,2018-11-15 19:33:44,172,2,2018-11-15 18:49:19
Case205,Request For Payment FINAL_APPROVED by SUPERVISOR,res_f1d5d76e-73b3-4ad2-b5bc-b44969b003a7,Role 1,2018-11-15 19:41:08,173,1,2018-11-15 18:57:46
Case235,Request For Payment APPROVED by ADMINISTRATION,res_c69c8e50-1285-46f6-a2dc-3b4fe9a350e1,Role 1,2018-11-15 20:04:17,173,1,2018-11-15 19:20:04
Case134,Payment Handled,res_c69c8e50-1285-46f6-a2dc-3b4fe9a350e1,Role 2,2018-11-15 20:09:32,173,3,2018-11-15 19:26:06
Case205,Request For Payment REJECTED by MISSING,res_c69c8e50-1285-46f6-a2dc-3b4fe9a350e1,Role 1,2018-11-15 20:24:04,172,0,2018-11-15 19:41:26
Case222,Request For Payment REJECTED by MISSING,res_c69c8e50-1285-46f6-a2dc-3b4fe9a350e1,Role 1,2018-11-15 20:30:59,172,1,2018-11-15 19:46:54
Case236,Request For Payment SUBMITTED by EMPLOYEE,res_c69c8e50-1285-46f6-a2dc-3b4fe9a350e1,Role 1,2018-11-15 21:03:44,170,2,2018-11-15 20:34:25
Case236,Request For Payment FINAL_APPROVED by SUPERVISOR,res_c69c8e50-1285-46f6-a2dc-3b4fe9a350e1,Role 1,2018-11-15 21:48:28,170,1,2018-11-15 21:04:02
Case165,Payment Handled,res_c69c8e50-1285-46f6-a2dc-3b4fe9a350e1,Role 2,2018-11-15 23:13:42,170,2,2018-11-15 22:28:14
Case193,Request For Payment SUBMITTED by EMPLOYEE,res_c69c8e50-1285-46f6-a2dc-3b4fe9a350e1,Role 1,2018-11-15 23:14:34,170,2,2018-11-15 22:31:44
Case193,Request For Payment REJECTED by PRE_APPROVER,res_c69c8e50-1285-46f6-a2dc-3b4fe9a350e1,Role 1,2018-11-15 23:57:15,169,0,2018-11-15 23:14:52
Case237,Request For Payment SUBMITTED by EMPLOYEE,res_c69c8e50-1285-46f6-a2dc-3b4fe9a350e1,Role 1,2018-11-16 00:16:44,170,2,2018-11-15 23:47:25
Case193,Request For Payment REJECTED by EMPLOYEE,res_c69c8e50-1285-46f6-a2dc-3b4fe9a350e1,Role 1,2018-11-16 00:40:13,170,0,2018-11-15 23:57:33
Case238,Request For Payment SAVED by EMPLOYEE,res_c69c8e50-1285-46f6-a2dc-3b4fe9a350e1,Role 1,2018-11-16 00:46:47,171,0,2018-11-16 00:17:12
Case237,Request For Payment FINAL_APPROVED by SUPERVISOR,res_c69c8e50-1285-46f6-a2dc-3b4fe9a350e1,Role 1,2018-11-16 01:01:39,170,1,2018-11-16 00:17:02
Case210,Request For Payment REJECTED by EMPLOYEE,res_c69c8e50-1285-46f6-a2dc-3b4fe9a350e1,Role 1,2018-11-16 01:52:35,169,0,2018-11-16 01:12:46
Case239,Request For Payment SUBMITTED by EMPLOYEE,res_c69c8e50-1285-46f6-a2dc-3b4fe9a350e1,Role 1,2018-11-16 02:23:12,169,2,2018-11-16 01:53:52
Case239,Request For Payment REJECTED by PRE_APPROVER,res_c69c8e50-1285-46f6-a2dc-3b4fe9a350e1,Role 1,2018-11-16 03:11:52,169,0,2018-11-16 02:27:03
Case240,Request For Payment SAVED by EMPLOYEE,res_c69c8e50-1285-46f6-a2dc-3b4fe9a350e1,Role 1,2018-11-16 07:50:31,170,0,2018-11-16 07:20:56
Case241,Request For Payment SUBMITTED by EMPLOYEE,res_c69c8e50-1285-46f6-a2dc-3b4fe9a350e1,Role 1,2018-11-16 09:05:47,170,2,2018-11-16 08:36:20
Case241,Request For Payment APPROVED by ADMINISTRATION,res_f1d5d76e-73b3-4ad2-b5bc-b44969b003a7,Role 1,2018-11-16 09:51:00,170,1,2018-11-16 09:06:05
Case242,Request For Payment SUBMITTED by EMPLOYEE,res_f1d5d76e-73b3-4ad2-b5bc-b44969b003a7,Role 1,2018-11-16 09:55:06,171,2,2018-11-16 09:25:34
Case158,Payment Handled,res_c69c8e50-1285-46f6-a2dc-3b4fe9a350e1,Role 2,2018-11-16 10:30:03,171,2,2018-11-16 09:47:03
Case243,Request For Payment SAVED by EMPLOYEE,res_c69c8e50-1285-46f6-a2dc-3b4fe9a350e1,Role 1,2018-11-16 10:30:07,172,0,2018-11-16 10:00:35
Case242,Request For Payment REJECTED by ADMINISTRATION,res_c69c8e50-1285-46f6-a2dc-3b4fe9a350e1,Role 1,2018-11-16 10:40:14,171,0,2018-11-16 09:55:24
Case244,Request For Payment SAVED by EMPLOYEE,res_c69c8e50-1285-46f6-a2dc-3b4fe9a350e1,Role 1,2018-11-16 12:09:13,171,0,2018-11-16 11:39:39
Case245,Request For Payment SUBMITTED by EMPLOYEE,res_c69c8e50-1285-46f6-a2dc-3b4fe9a350e1,Role 1,2018-11-16 13:13:26,171,2,2018-11-16 12:43:57
Case246,Request For Payment SAVED by EMPLOYEE,res_c69c8e50-1285-46f6-a2dc-3b4fe9a350e1,Role 1,2018-11-16 13:52:46,172,0,2018-11-16 13:23:13
Case245,Request For Payment REJECTED by PRE_APPROVER,res_c69c8e50-1285-46f6-a2dc-3b4fe9a350e1,Role 1,2018-11-16 14:02:08,171,0,2018-11-16 13:17:20
Case247,Request For Payment SUBMITTED by EMPLOYEE,res_c69c8e50-1285-46f6-a2dc-3b4fe9a350e1,Role 1,2018-11-16 15:03:30,172,2,2018-11-16 14:34:00
Case247,Request For Payment REJECTED by ADMINISTRATION,res_c69c8e50-1285-46f6-a2dc-3b4fe9a350e1,Role 1,2018-11-16 15:48:42,172,0,2018-11-16 15:03:48
Case248,Request For Payment SUBMITTED by EMPLOYEE,res_c69c8e50-1285-46f6-a2dc-3b4fe9a350e1,Role 1,2018-11-16 16:38:25,173,2,2018-11-16 16:08:55
Case248,Request For Payment FINAL_APPROVED by SUPERVISOR,res_c69c8e50-1285-46f6-a2dc-3b4fe9a350e1,Role 1,2018-11-16 17:23:37,173,1,2018-11-16 16:38:43
Case249,Request For Payment SUBMITTED by EMPLOYEE,res_c69c8e50-1285-46f6-a2dc-3b4fe9a350e1,Role 1,2018-11-16 18:43:36,174,2,2018-11-16 18:14:05
Case249,Request For Payment APPROVED by ADMINISTRATION,res_c69c8e50-1285-46f6-a2dc-3b4fe9a350e1,Role 1,2018-11-16 19:28:47,174,1,2018-11-16 18:43:54
Case250,Request For Payment SAVED by EMPLOYEE,res_c69c8e50-1285-46f6-a2dc-3b4fe9a350e1,Role 1,2018-11-17 00:54:36,175,0,2018-11-17 00:25:08
Case251,Request For Payment SAVED by EMPLOYEE,res_c69c8e50-1285-46f6-a2dc-3b4fe9a350e1,Role 1,2018-11-17 04:41:57,175,0,2018-11-17 04:12:28
Case252,Request For Payment SUBMITTED by EMPLOYEE,res_c69c8e50-1285-46f6-a2dc-3b4fe9a350e1,Role 1,2018-11-17 09:11:09,175,2,2018-11-17 08:42:05
Case253,Request For Payment SAVED by EMPLOYEE,res_c69c8e50-1285-46f6-a2dc-3b4fe9a350e1,Role 1,2018-11-17 09:48:06,176,0,2018-11-17 09:18:37
Case252,Request For Payment FINAL_APPROVED by SUPERVISOR,res_c69c8e50-1285-46f6-a2dc-3b4fe9a350e1,Role 1,2018-11-17 09:55:20,175,1,2018-11-17 09:11:27
Case254,Request For Payment SUBMITTED by EMPLOYEE,res_c69c8e50-1285-46f6-a2dc-3b4fe9a350e1,Role 1,2018-11-17 11:30:52,176,2,2018-11-17 11:01:45
Case254,Request For Payment REJECTED by SUPERVISOR,res_c69c8e50-1285-46f6-a2dc-3b4fe9a350e1,Role 1,2018-11-17 12:15:31,176,0,2018-11-17 11:31:10
Case255,Request For Payment SUBMITTED by EMPLOYEE,res_c69c8e50-1285-46f6-a2dc-3b4fe9a350e1,Role 1,2018-11-17 13:12:38,177,2,2018-11-17 12:43:29
Case255,Request For Payment REJECTED by SUPERVISOR,res_c69c8e50-1285-46f6-a2dc-3b4fe9a350e1,Role 1,2018-11-17 13:57:17,177,0,2018-11-17 13:12:56
Case225,Request For Payment FINAL_APPROVED by SUPERVISOR,res_c69c8e50-1285-46f6-a2dc-3b4fe9a350e1,Role 1,2018-11-17 14:02:39,177,1,2018-11-17 13:19:05
Case235,Request For Payment REJECTED by BUDGET OWNER,res_c69c8e50-1285-46f6-a2dc-3b4fe9a350e1,Role 1,2018-11-17 14:03:07,177,0,2018-11-17 13:18:58
Case212,Request For Payment REJECTED by MISSING,res_c69c8e50-1285-46f6-a2dc-3b4fe9a350e1,Role 1,2018-11-17 14:15:36,177,0,2018-11-17 13:35:23
Case256,Request For Payment SAVED by EMPLOYEE,res_c69c8e50-1285-46f6-a2dc-3b4fe9a350e1,Role 1,2018-11-17 17:18:01,177,0,2018-11-17 16:48:34
Case257,Request For Payment SAVED by EMPLOYEE,res_c69c8e50-1285-46f6-a2dc-3b4fe9a350e1,Role 1,2018-11-17 20:05:23,177,0,2018-11-17 19:35:57
Case231,Request For Payment REJECTED by EMPLOYEE,res_c69c8e50-1285-46f6-a2dc-3b4fe9a350e1,Role 1,2018-11-17 20:16:29,176,0,2018-11-17 19:32:48
Case258,Request For Payment SAVED by EMPLOYEE,res_c69c8e50-1285-46f6-a2dc-3b4fe9a350e1,Role 1,2018-11-17 20:56:41,176,0,2018-11-17 20:27:15
Case215,Request For Payment REJECTED by EMPLOYEE,res_c69c8e50-1285-46f6-a2dc-3b4fe9a350e1,Role 1,2018-11-17 21:22:27,176,0,2018-11-17 20:40:45
Case233,Request For Payment REJECTED by EMPLOYEE,res_c69c8e50-1285-46f6-a2dc-3b4fe9a350e1,Role 1,2018-11-17 21:46:34,175,1,2018-11-17 21:02:58
Case228,Request For Payment REJECTED by EMPLOYEE,res_c69c8e50-1285-46f6-a2dc-3b4fe9a350e1,Role 1,2018-11-17 22:44:45,174,0,2018-11-17 22:01:00
Case220,Request For Payment REJECTED by EMPLOYEE,res_c69c8e50-1285-46f6-a2dc-3b4fe9a350e1,Role 1,2018-11-18 01:12:18,173,0,2018-11-18 00:31:41
Case259,Request For Payment SAVED by EMPLOYEE,res_c69c8e50-1285-46f6-a2dc-3b4fe9a350e1,Role 1,2018-11-18 07:34:29,173,0,2018-11-18 07:04:58
Case260,Request For Payment SAVED by EMPLOYEE,res_c69c8e50-1285-46f6-a2dc-3b4fe9a350e1,Role 1,2018-11-18 08:48:47,173,0,2018-11-18 08:19:16
Case215,Request For Payment SUBMITTED by EMPLOYEE,res_c69c8e50-1285-46f6-a2dc-3b4fe9a350e1,Role 1,2018-11-18 09:22:36,173,2,2018-11-18 08:39:35
Case261,Request For Payment SAVED by EMPLOYEE,res_c69c8e50-1285-46f6-a2dc-3b4fe9a350e1,Role 1,2018-11-18 09:27:24,173,0,2018-11-18 08:57:54
Case262,Request For Payment SUBMITTED by EMPLOYEE,res_c69c8e50-1285-46f6-a2dc-3b4fe9a350e1,Role 1,2018-11-18 10:54:21,173,2,2018-11-18 10:24:53
Case262,Request For Payment APPROVED by PRE_APPROVER,res_c69c8e50-1285-46f6-a2dc-3b4fe9a350e1,Role 1,2018-11-18 11:39:18,173,0,2018-11-18 10:54:39
Case215,Request For Payment REJECTED by SUPERVISOR,res_c69c8e50-1285-46f6-a2dc-3b4fe9a350e1,Role 1,2018-11-18 11:56:51,173,0,2018-11-18 11:14:23
Case263,Request For Payment SUBMITTED by EMPLOYEE,res_c69c8e50-1285-46f6-a2dc-3b4fe9a350e1,Role 1,2018-11-18 12:12:16,174,2,2018-11-18 11:42:43
Case263,Request For Payment REJECTED by SUPERVISOR,res_c69c8e50-1285-46f6-a2dc-3b4fe9a350e1,Role 1,2018-11-18 12:57:08,174,0,2018-11-18 12:12:34
Case264,Request For Payment SUBMITTED by EMPLOYEE,res_c69c8e50-1285-46f6-a2dc-3b4fe9a350e1,Role 1,2018-11-18 13:10:00,175,2,2018-11-18 12:40:27
Case265,Request For Payment SUBMITTED by EMPLOYEE,res_c69c8e50-1285-46f6-a2dc-3b4fe9a350e1,Role 1,2018-11-18 13:40:53,176,2,2018-11-18 13:11:20
Case264,Request For Payment APPROVED by PRE_APPROVER,res_c69c8e50-1285-46f6-a2dc-3b4fe9a350e1,Role 1,2018-11-18 13:54:57,175,0,2018-11-18 13:10:18
Case265,Request For Payment APPROVED by ADMINISTRATION,res_c69c8e50-1285-46f6-a2dc-3b4fe9a350e1,Role 1,2018-11-18 14:25:53,176,1,2018-11-18 13:41:11
Case266,Request For Payment SAVED by EMPLOYEE,res_c69c8e50-1285-46f6-a2dc-3b4fe9a350e1,Role 1,2018-11-18 16:19:05,177,0,2018-11-18 15:49:36
Case267,Request For Payment SAVED by EMPLOYEE,res_c69c8e50-1285-46f6-a2dc-3b4fe9a350e1,Role 1,2018-11-18 16:20:21,178,1,2018-11-18 15:50:53
Case268,Request For Payment SUBMITTED by EMPLOYEE,res_c69c8e50-1285-46f6-a2dc-3b4fe9a350e1,Role 1,2018-11-18 17:29:02,177,2,2018-11-18 16:59:31
Case268,Request For Payment REJECTED by SUPERVISOR,res_c69c8e50-1285-46f6-a2dc-3b4fe9a350e1,Role 1,2018-11-18 18:13:55,177,0,2018-11-18 17:29:20
Case215,Request For Payment REJECTED by EMPLOYEE,res_c69c8e50-1285-46f6-a2dc-3b4fe9a350e1,Role 1,2018-11-18 18:30:42,177,0,2018-11-18 17:48:22
Case269,Request For Payment SAVED by EMPLOYEE,res_c69c8e50-1285-46f6-a2dc-3b4fe9a350e1,Role 1,2018-11-18 18:47:58,178,0,2018-11-18 18:18:31
Case227,Request Payment,res_f1d5d76e-73b3-4ad2-b5bc-b44969b003a7,Role 2,2018-11-18 22:18:45,177,1,2018-11-18 21:34:16
Case237,Request For Payment REJECTED by MISSING,res_c69c8e50-1285-46f6-a2dc-3b4fe9a350e1,Role 1,2018-11-18 23:07:11,177,0,2018-11-18 22:22:39
Case270,Request For Payment SAVED by EMPLOYEE,res_c69c8e50-1285-46f6-a2dc-3b4fe9a350e1,Role 1,2018-11-18 23:22:50,178,0,2018-11-18 22:53:24
Case172,Payment Handled,res_f1d5d76e-73b3-4ad2-b5bc-b44969b003a7,Role 2,2018-11-19 02:00:16,176,2,2018-11-19 01:17:12
Case215,Request For Payment SUBMITTED by EMPLOYEE,res_c69c8e50-1285-46f6-a2dc-3b4fe9a350e1,Role 1,2018-11-19 03:10:47,175,2,2018-11-19 02:28:58
Case241,Request For Payment REJECTED by BUDGET OWNER,res_c69c8e50-1285-46f6-a2dc-3b4fe9a350e1,Role 1,2018-11-19 04:09:21,175,0,2018-11-19 03:24:27
Case196,Payment Handled,res_f1d5d76e-73b3-4ad2-b5bc-b44969b003a7,Role 2,2018-11-19 05:11:05,175,2,2018-11-19 04:27:47
Case271,Request For Payment SUBMITTED by EMPLOYEE,res_f1d5d76e-73b3-4ad2-b5bc-b44969b003a7,Role 1,2018-11-19 05:15:35,176,2,2018-11-19 04:46:56
Case239,Request For Payment REJECTED by EMPLOYEE,res_c69c8e50-1285-46f6-a2dc-3b4fe9a350e1,Role 1,2018-11-19 05:35:04,176,0,2018-11-19 04:50:13
Case186,Payment Handled,res_c69c8e50-1285-46f6-a2dc-3b4fe9a350e1,Role 2,2018-11-19 05:41:10,176,3,2018-11-19 04:58:02
Case271,Request For Payment APPROVED by PRE_APPROVER,res_c69c8e50-1285-46f6-a2dc-3b4fe9a350e1,Role 1,2018-11-19 06:00:04,175,0,2018-11-19 05:15:53
Case272,Request For Payment SAVED by EMPLOYEE,res_c69c8e50-1285-46f6-a2dc-3b4fe9a350e1,Role 1,2018-11-19 07:02:58,175,0,2018-11-19 06:33:42
Case235,Request For Payment REJECTED by EMPLOYEE,res_c69c8e50-1285-46f6-a2dc-3b4fe9a350e1,Role 1,2018-11-19 07:26:05,175,0,2018-11-19 06:45:45
Case273,Request For Payment SAVED by EMPLOYEE,res_c69c8e50-1285-46f6-a2dc-3b4fe9a350e1,Role 1,2018-11-19 08:04:14,174,0,2018-11-19 07:34:58
Case274,Request For Payment SAVED by EMPLOYEE,res_c69c8e50-1285-46f6-a2dc-3b4fe9a350e1,Role 1,2018-11-19 09:10:43,174,0,2018-11-19 08:41:27
Case215,Request For Payment FINAL_APPROVED by SUPERVISOR,res_f1d5d76e-73b3-4ad2-b5bc-b44969b003a7,Role 1,2018-11-19 10:08:36,173,1,2018-11-19 09:26:07
Case173,Payment Handled,res_c69c8e50-1285-46f6-a2dc-3b4fe9a350e1,Role 2,2018-11-19 10:35:09,173,2,2018-11-19 09:51:58
Case275,Request For Payment SUBMITTED by EMPLOYEE,res_c69c8e50-1285-46f6-a2dc-3b4fe9a350e1,Role 1,2018-11-19 10:53:23,174,2,2018-11-19 10:24:32
Case236,Request Payment,res_c69c8e50-1285-46f6-a2dc-3b4fe9a350e1,Role 2,2018-11-19 11:19:56,173,1,2018-11-19 10:36:20
Case242,Request For Payment REJECTED by EMPLOYEE,res_c69c8e50-1285-46f6-a2dc-3b4fe9a350e1,Role 1,2018-11-19 11:23:27,173,0,2018-11-19 10:38:37
Case275,Request For Payment REJECTED by PRE_APPROVER,res_c69c8e50-1285-46f6-a2dc-3b4fe9a350e1,Role 1,2018-11-19 11:37:39,173,0,2018-11-19 10:53:41
Case276,Request For Payment SUBMITTED by EMPLOYEE,res_c69c8e50-1285-46f6-a2dc-3b4fe9a350e1,Role 1,2018-11-19 11:53:55,173,2,2018-11-19 11:24:38
Case276,Request For Payment REJECTED by PRE_APPROVER,res_c69c8e50-1285-46f6-a2dc-3b4fe9a350e1,Role 1,2018-11-19 12:38:00,173,0,2018-11-19 11:54:13
Case277,Request For Payment SAVED by EMPLOYEE,res_c69c8e50-1285-46f6-a2dc-3b4fe9a350e1,Role 1,2018-11-19 13:18:01,174,0,2018-11-19 12:48:45
Case278,Request For Payment SAVED by EMPLOYEE,res_c69c8e50-1285-46f6-a2dc-3b4fe9a350e1,Role 1,2018-11-19 14:41:17,174,0,2018-11-19 14:12:02
Case262,Request For Payment FINAL_APPROVED by SUPERVISOR,res_c69c8e50-1285-46f6-a2dc-3b4fe9a350e1,Role 1,2018-11-19 15:16:15,174,1,2018-11-19 14:31:51
Case252,Request For Payment REJECTED by MISSING,res_c69c8e50-1285-46f6-a2dc-3b4fe9a350e1,Role 1,2018-11-19 15:21:32,174,0,2018-11-19 14:36:50
Case279,Request For Payment SUBMITTED by EMPLOYEE,res_c69c8e50-1285-46f6-a2dc-3b4fe9a350e1,Role 1,2018-11-19 15:30:03,174,2,2018-11-19 15:00:44
Case279,Request For Payment FINAL_APPROVED by SUPERVISOR,res_c69c8e50-1285-46f6-a2dc-3b4fe9a350e1,Role 1,2018-11-19 16:14:42,173,1,2018-11-19 15:30:21
Case225,Request For Payment REJECTED by MISSING,res_c69c8e50-1285-46f6-a2dc-3b4fe9a350e1,Role 1,2018-11-19 16:15:22,173,0,2018-11-19 15:35:41
Case245,Request For Payment REJECTED by EMPLOYEE,res_c69c8e50-1285-46f6-a2dc-3b4fe9a350e1,Role 1,2018-11-19 16:23:59,173,0,2018-11-19 15:39:12
Case263,Request For Payment REJECTED by EMPLOYEE,res_c69c8e50-1285-46f6-a2dc-3b4fe9a350e1,Role 1,2018-11-19 16:32:19,173,1,2018-11-19 15:47:55
Case247,Request For Payment REJECTED by EMPLOYEE,res_f1d5d76e-73b3-4ad2-b5bc-b44969b003a7,Role 1,2018-11-19 17:23:05,171,0,2018-11-19 16:38:03
Case264,Request For Payment FINAL_APPROVED by SUPERVISOR,res_f1d5d76e-73b3-4ad2-b5bc-b44969b003a7,Role 1,2018-11-19 17:30:55,171,1,2018-11-19 16:46:39
Case216,Payment Handled,res_f1d5d76e-73b3-4ad2-b5bc-b44969b003a7,Role 2,2018-11-19 17:50:20,171,2,2018-11-19 17:06:52
Case265,Request For Payment APPROVED by SUPERVISOR,res_c69c8e50-1285-46f6-a2dc-3b4fe9a350e1,Role 1,2018-11-19 18:38:30,169,0,2018-11-19 17:53:44
Case218,Payment Handled,res_c69c8e50-1285-46f6-a2dc-3b4fe9a350e1,Role 2,2018-11-19 19:32:25,169,2,2018-11-19 18:49:03
Case280,Request For Payment SUBMITTED by EMPLOYEE,res_c69c8e50-1285-46f6-a2dc-3b4fe9a350e1,Role 1,2018-11-19 19:37:32,170,2,2018-11-19 19:08:30
Case255,Request For Payment REJECTED by EMPLOYEE,res_c69c8e50-1285-46f6-a2dc-3b4fe9a350e1,Role 1,2018-11-19 20:03:12,170,0,2018-11-19 19:19:08
Case249,Request For Payment FINAL_APPROVED by SUPERVISOR,res_c69c8e50-1285-46f6-a2dc-3b4fe9a350e1,Role 1,2018-11-19 20:06:08,170,1,2018-11-19 19:20:49
Case280,Request For Payment REJECTED by SUPERVISOR,res_c69c8e50-1285-46f6-a2dc-3b4fe9a350e1,Role 1,2018-11-19 20:21:58,169,0,2018-11-19 19:37:50
Case281,Request For Payment SAVED by EMPLOYEE,res_c69c8e50-1285-46f6-a2dc-3b4fe9a350e1,Role 1,2018-11-19 20:27:49,170,0,2018-11-19 19:58:36
Case254,Request For Payment REJECTED by EMPLOYEE,res_c69c8e50-1285-46f6-a2dc-3b4fe9a350e1,Role 1,2018-11-19 20:52:51,169,0,2018-11-19 20:08:29
Case268,Request For Payment REJECTED by EMPLOYEE,res_c69c8e50-1285-46f6-a2dc-3b4fe9a350e1,Role 1,2018-11-19 21:49:34,167,0,2018-11-19 21:05:04
Case248,Request Payment,res_c69c8e50-1285-46f6-a2dc-3b4fe9a350e1,Role 2,2018-11-19 21:59:34,167,1,2018-11-19 21:13:22
Case282,Request For Payment SUBMITTED by EMPLOYEE,res_c69c8e50-1285-46f6-a2dc-3b4fe9a350e1,Role 1,2018-11-19 22:12:11,168,2,2018-11-19 21:43:01
Case283,Request For Payment SAVED by EMPLOYEE,res_c69c8e50-1285-46f6-a2dc-3b4fe9a350e1,Role 1,2018-11-19 22:51:41,169,0,2018-11-19 22:22:29
Case282,Request For Payment REJECTED by SUPERVISOR,res_c69c8e50-1285-46f6-a2dc-3b4fe9a350e1,Role 1,2018-11-19 22:56:36,168,0,2018-11-19 22:12:29
Case284,Request For Payment SUBMITTED by EMPLOYEE,res_c69c8e50-1285-46f6-a2dc-3b4fe9a350e1,Role 1,2018-11-20 00:54:52,169,2,2018-11-20 00:25:31
Case271,Request For Payment FINAL_APPROVED by SUPERVISOR,res_c69c8e50-1285-46f6-a2dc-3b4fe9a350e1,Role 1,2018-11-20 01:31:36,169,1,2018-11-20 00:47:26
Case284,Request For Payment REJECTED by SUPERVISOR,res_c69c8e50-1285-46f6-a2dc-3b4fe9a350e1,Role 1,2018-11-20 01:39:35,169,0,2018-11-20 00:55:10
Case239,Request For Payment SUBMITTED by EMPLOYEE,res_c69c8e50-1285-46f6-a2dc-3b4fe9a350e1,Role 1,2018-11-20 02:54:34,169,2,2018-11-20 02:12:58
Case285,Request For Payment SUBMITTED by EMPLOYEE,res_c69c8e50-1285-46f6-a2dc-3b4fe9a350e1,Role 1,2018-11-20 03:08:09,170,3,2018-11-20 02:38:40
Case239,Request For Payment REJECTED by SUPERVISOR,res_c69c8e50-1285-46f6-a2dc-3b4fe9a350e1,Role 1,2018-11-20 03:38:19,170,0,2018-11-20 02:54:52
Case285,Request For Payment FINAL_APPROVED by SUPERVISOR,res_c69c8e50-1285-46f6-a2dc-3b4fe9a350e1,Role 1,2018-11-20 03:53:02,170,1,2018-11-20 03:08:27
Case275,Request For Payment REJECTED by EMPLOYEE,res_c69c8e50-1285-46f6-a2dc-3b4fe9a350e1,Role 1,2018-11-20 06:21:45,170,0,2018-11-20 05:37:29
Case241,Request For Payment REJECTED by EMPLOYEE,res_c69c8e50-1285-46f6-a2dc-3b4fe9a350e1,Role 1,2018-11-20 06:24:44,170,1,2018-11-20 05:43:27
Case276,Request For Payment REJECTED by EMPLOYEE,res_f1d5d76e-73b3-4ad2-b5bc-b44969b003a7,Role 1,2018-11-20 07:26:50,169,0,2018-11-20 06:42:32
Case215,Request Payment,res_c69c8e50-1285-46f6-a2dc-3b4fe9a350e1,Role 2,2018-11-20 07:57:08,169,1,2018-11-20 07:14:01
Case286,Request For Payment SAVED by EMPLOYEE,res_c69c8e50-1285-46f6-a2dc-3b4fe9a350e1,Role 1,2018-11-20 07:59:54,169,0,2018-11-20 07:30:30
Case287,Request For Payment SAVED by EMPLOYEE,res_c69c8e50-1285-46f6-a2dc-3b4fe9a350e1,Role 1,2018-11-20 09:40:01,169,0,2018-11-20 09:10:38
Case239,Request For Payment REJECTED by EMPLOYEE,res_c69c8e50-1285-46f6-a2dc-3b4fe9a350e1,Role 1,2018-11-20 10:02:31,169,0,2018-11-20 09:19:43
Case288,Request For Payment SAVED by EMPLOYEE,res_c69c8e50-1285-46f6-a2dc-3b4fe9a350e1,Role 1,2018-11-20 11:05:32,168,0,2018-11-20 10:36:10
Case279,Request For Payment REJECTED by MISSING,res_c69c8e50-1285-46f6-a2dc-3b4fe9a350e1,Role 1,2018-11-20 11:17:53,167,0,2018-11-20 10:33:27
Case289,Request For Payment SUBMITTED by EMPLOYEE,res_c69c8e50-1285-46f6-a2dc-3b4fe9a350e1,Role 1,2018-11-20 11:23:12,169,2,2018-11-20 10:53:42
Case289,Request For Payment REJECTED by ADMINISTRATION,res_c69c8e50-1285-46f6-a2dc-3b4fe9a350e1,Role 1,2018-11-20 12:08:01,167,0,2018-11-20 11:23:30
Case290,Request For Payment SUBMITTED by EMPLOYEE,res_c69c8e50-1285-46f6-a2dc-3b4fe9a350e1,Role 1,2018-11-20 13:17:30,168,2,2018-11-20 12:48:02
Case290,Request For Payment REJECTED by SUPERVISOR,res_c69c8e50-1285-46f6-a2dc-3b4fe9a350e1,Role 1,2018-11-20 14:02:13,168,0,2018-11-20 13:17:48
Case291,Request For Payment SAVED by EMPLOYEE,res_c69c8e50-1285-46f6-a2dc-3b4fe9a350e1,Role 1,2018-11-20 14:11:46,169,0,2018-11-20 13:42:26
Case292,Request For Payment SAVED by EMPLOYEE,res_c69c8e50-1285-46f6-a2dc-3b4fe9a350e1,Role 1,2018-11-20 14:49:22,169,0,2018-11-20 14:20:01
Case280,Request For Payment REJECTED by EMPLOYEE,res_c69c8e50-1285-46f6-a2dc-3b4fe9a350e1,Role 1,2018-11-20 15:17:32,169,0,2018-11-20 14:33:17
Case293,Request For Payment SUBMITTED by EMPLOYEE,res_c69c8e50-1285-46f6-a2dc-3b4fe9a350e1,Role 1,2018-11-20 16:54:00,168,3,2018-11-20 16:24:30
Case263,Request For Payment SUBMITTED by EMPLOYEE,res_c69c8e50-1285-46f6-a2dc-3b4fe9a350e1,Role 1,2018-11-20 17:03:37,167,2,2018-11-20 16:22:42
Case293,Request For Payment REJECTED by ADMINISTRATION,res_c69c8e50-1285-46f6-a2dc-3b4fe9a350e1,Role 1,2018-11-20 17:38:48,168,0,2018-11-20 16:54:18
Case282,Request For Payment REJECTED by EMPLOYEE,res_c69c8e50-1285-46f6-a2dc-3b4fe9a350e1,Role 1,2018-11-20 18:05:27,168,0,2018-11-20 17:21:15
Case294,Request For Payment SUBMITTED by EMPLOYEE,res_c69c8e50-1285-46f6-a2dc-3b4fe9a350e1,Role 1,2018-11-20 18:58:13,169,2,2018-11-20 18:28:43
Case263,Request For Payment APPROVED by ADMINISTRATION,res_c69c8e50-1285-46f6-a2dc-3b4fe9a350e1,Role 1,2018-11-20 19:40:15,169,1,2018-11-20 18:57:05
Case294,Request For Payment APPROVED by ADMINISTRATION,res_c69c8e50-1285-46f6-a2dc-3b4fe9a350e1,Role 1,2018-11-20 19:43:05,169,2,2018-11-20 18:58:31
Case295,Request For Payment SAVED by EMPLOYEE,res_c69c8e50-1285-46f6-a2dc-3b4fe9a350e1,Role 1,2018-11-20 19:57:58,170,0,2018-11-20 19:28:40
Case268,Request For Payment SUBMITTED by EMPLOYEE,res_c69c8e50-1285-46f6-a2dc-3b4fe9a350e1,Role 1,2018-11-20 21:09:43,169,2,2018-11-20 20:28:36
Case296,Request For Payment SUBMITTED by EMPLOYEE,res_c69c8e50-1285-46f6-a2dc-3b4fe9a350e1,Role 1,2018-11-20 21:28:36,170,3,2018-11-20 20:59:06
Case263,Request For Payment REJECTED by SUPERVISOR,res_c69c8e50-1285-46f6-a2dc-3b4fe9a350e1,Role 1,2018-11-20 21:30:12,169,0,2018-11-20 20:47:32
Case268,Request For Payment REJECTED by SUPERVISOR,res_c69c8e50-1285-46f6-a2dc-3b4fe9a350e1,Role 1,2018-11-20 21:53:03,170,1,2018-11-20 21:10:01
Case296,Request For Payment REJECTED by PRE_APPROVER,res_c69c8e50-1285-46f6-a2dc-3b4fe9a350e1,Role 1,2018-11-20 22:13:00,170,0,2018-11-20 21:28:54
Case297,Request For Payment SAVED by EMPLOYEE,res_c69c8e50-1285-46f6-a2dc-3b4fe9a350e1,Role 1,2018-11-20 23:20:50,171,0,2018-11-20 22:51:33
Case262,Request For Payment REJECTED by MISSING,res_c69c8e50-1285-46f6-a2dc-3b4fe9a350e1,Role 1,2018-11-21 00:29:58,170,0,2018-11-20 23:49:06
Case264,Request For Payment REJECTED by MISSING,res_c69c8e50-1285-46f6-a2dc-3b4fe9a350e1,Role 1,2018-11-21 01:24:17,169,0,2018-11-21 00:43:34
Case275,Request For Payment SUBMITTED by EMPLOYEE,res_c69c8e50-1285-46f6-a2dc-3b4fe9a350e1,Role 1,2018-11-21 02:13:32,168,2,2018-11-21 01:32:15
Case263,Request For Payment REJECTED by EMPLOYEE,res_c69c8e50-1285-46f6-a2dc-3b4fe9a350e1,Role 1,2018-11-21 04:08:28,168,0,2018-11-21 03:26:17
Case298,Request For Payment SUBMITTED by EMPLOYEE,res_c69c8e50-1285-46f6-a2dc-3b4fe9a350e1,Role 1,2018-11-21 04:44:57,169,2,2018-11-21 04:16:00
Case268,Request For Payment REJECTED by EMPLOYEE,res_c69c8e50-1285-46f6-a2dc-3b4fe9a350e1,Role 1,2018-11-21 04:58:31,168,0,2018-11-21 04:15:34
Case298,Request For Payment REJECTED by ADMINISTRATION,res_c69c8e50-1285-46f6-a2dc-3b4fe9a350e1,Role 1,2018-11-21 05:29:05,169,0,2018-11-21 04:45:15
Case249,Request For Payment REJECTED by MISSING,res_c69c8e50-1285-46f6-a2dc-3b4fe9a350e1,Role 1,2018-11-21 05:49:13,169,0,2018-11-21 05:07:51
Case275,Request For Payment REJECTED by ADMINISTRATION,res_c69c8e50-1285-46f6-a2dc-3b4fe9a350e1,Role 1,2018-11-21 06:07:36,169,1,2018-11-21 05:24:36
Case284,Request For Payment REJECTED by EMPLOYEE,res_c69c8e50-1285-46f6-a2dc-3b4fe9a350e1,Role 1,2018-11-21 06:18:23,169,0,2018-11-21 05:34:10
Case299,Request For Payment SAVED by EMPLOYEE,res_c69c8e50-1285-46f6-a2dc-3b4fe9a350e1,Role 1,2018-11-21 08:10:28,168,0,2018-11-21 07:41:13
Case300,Request For Payment SUBMITTED by EMPLOYEE,res_c69c8e50-1285-46f6-a2dc-3b4fe9a350e1,Role 1,2018-11-21 08:56:43,168,2,2018-11-21 08:27:58
Case301,Request For Payment SUBMITTED by EMPLOYEE,res_c69c8e50-1285-46f6-a2dc-3b4fe9a350e1,Role 1,2018-11-21 09:40:01,169,2,2018-11-21 09:11:00
Case300,Request For Payment FINAL_APPROVED by SUPERVISOR,res_c69c8e50-1285-46f6-a2dc-3b4fe9a350e1,Role 1,2018-11-21 09:40:41,168,1,2018-11-21 08:57:01
Case301,Request For Payment APPROVED by ADMINISTRATION,res_c69c8e50-1285-46f6-a2dc-3b4fe9a350e1,Role 1,2018-11-21 10:24:11,169,1,2018-11-21 09:40:19
Case302,Request For Payment SUBMITTED by EMPLOYEE,res_c69c8e50-1285-46f6-a2dc-3b4fe9a350e1,Role 1,2018-11-21 11:16:33,170,2,2018-11-21 10:47:44
Case302,Request For Payment REJECTED by PRE_APPROVER,res_c69c8e50-1285-46f6-a2dc-3b4fe9a350e1,Role 1,2018-11-21 12:00:36,170,0,2018-11-21 11:16:51
Case303,Request For Payment SAVED by EMPLOYEE,res_c69c8e50-1285-46f6-a2dc-3b4fe9a350e1,Role 1,2018-11-21 12:33:34,171,0,2018-11-21 12:04:20
Case263,Request For Payment SUBMITTED by EMPLOYEE,res_c69c8e50-1285-46f6-a2dc-3b4fe9a350e1,Role 1,2018-11-21 13:03:37,171,2,2018-11-21 12:21:15
Case275,Request For Payment REJECTED by EMPLOYEE,res_f1d5d76e-73b3-4ad2-b5bc-b44969b003a7,Role 1,2018-11-21 13:37:43,170,0,2018-11-21 12:54:57
Case271,Request Payment,res_c69c8e50-1285-46f6-a2dc-3b4fe9a350e1,Role 2,2018-11-21 13:58:56,170,1,2018-11-21 13:16:03
Case304,Request For Payment SUBMITTED by EMPLOYEE,res_c69c8e50-1285-46f6-a2dc-3b4fe9a350e1,Role 1,2018-11-21 14:10:29,171,2,2018-11-21 13:41:57
Case268,Request For Payment SUBMITTED by EMPLOYEE,res_c69c8e50-1285-46f6-a2dc-3b4fe9a350e1,Role 1,2018-11-21 14:32:39,171,3,2018-11-21 13:50:22
Case305,Request For Payment SUBMITTED by EMPLOYEE,res_c69c8e50-1285-46f6-a2dc-3b4fe9a350e1,Role 1,2018-11-21 14:48:31,172,3,2018-11-21 14:19:27
Case304,Request For Payment REJECTED by PRE_APPROVER,res_c69c8e50-1285-46f6-a2dc-3b4fe9a350e1,Role 1,2018-11-21 14:54:35,171,0,2018-11-21 14:10:47
Case305,Request For Payment APPROVED by PRE_APPROVER,res_c69c8e50-1285-46f6-a2dc-3b4fe9a350e1,Role 1,2018-11-21 15:32:45,172,0,2018-11-21 14:48:49
Case289,Request For Payment REJECTED by EMPLOYEE,res_c69c8e50-1285-46f6-a2dc-3b4fe9a350e1,Role 1,2018-11-21 16:33:08,172,0,2018-11-21 15:49:00
Case290,Request For Payment REJECTED by EMPLOYEE,res_c69c8e50-1285-46f6-a2dc-3b4fe9a350e1,Role 1,2018-11-21 17:33:24,171,0,2018-11-21 16:49:11
Case282,Request For Payment SUBMITTED by EMPLOYEE,res_c69c8e50-1285-46f6-a2dc-3b4fe9a350e1,Role 1,2018-11-21 18:08:04,171,2,2018-11-21 17:27:17
Case263,Request For Payment APPROVED by PRE_APPROVER,res_f1d5d76e-73b3-4ad2-b5bc-b44969b003a7,Role 1,2018-11-21 19:08:10,170,0,2018-11-21 18:25:43
Case285,Request Payment,res_f1d5d76e-73b3-4ad2-b5bc-b44969b003a7,Role 2,2018-11-21 19:24:01,170,1,2018-11-21 18:39:59
Case293,Request For Payment REJECTED by EMPLOYEE,res_c69c8e50-1285-46f6-a2dc-3b4fe9a350e1,Role 1,2018-11-21 20:31:55,170,0,2018-11-21 19:47:47
Case294,Request For Payment REJECTED by BUDGET OWNER,res_c69c8e50-1285-46f6-a2dc-3b4fe9a350e1,Role 1,2018-11-21 20:32:27,170,0,2018-11-21 19:48:05
Case306,Request For Payment SUBMITTED by EMPLOYEE,res_c69c8e50-1285-46f6-a2dc-3b4fe9a350e1,Role 1,2018-11-21 20:41:02,171,2,2018-11-21 20:11:57
Case268,Request For Payment FINAL_APPROVED by SUPERVISOR,res_c69c8e50-1285-46f6-a2dc-3b4fe9a350e1,Role 1,2018-11-21 21:17:46,171,1,2018-11-21 20:35:16
Case306,Request For Payment REJECTED by PRE_APPROVER,res_c69c8e50-1285-46f6-a2dc-3b4fe9a350e1,Role 1,2018-11-21 21:24:57,171,0,2018-11-21 20:41:20
Case307,Request For Payment SUBMITTED by EMPLOYEE,res_c69c8e50-1285-46f6-a2dc-3b4fe9a350e1,Role 1,2018-11-21 22:07:03,172,2,2018-11-21 21:38:04
Case275,Request For Payment SUBMITTED by EMPLOYEE,res_c69c8e50-1285-46f6-a2dc-3b4fe9a350e1,Role 1,2018-11-21 22:38:52,172,3,2018-11-21 21:56:13
Case307,Request For Payment APPROVED by PRE_APPROVER,res_c69c8e50-1285-46f6-a2dc-3b4fe9a350e1,Role 1,2018-11-21 22:51:21,172,0,2018-11-21 22:07:21
Case282,Request For Payment FINAL_APPROVED by SUPERVISOR,res_c69c8e50-1285-46f6-a2dc-3b4fe9a350e1,Role 1,2018-11-21 23:40:38,172,1,2018-11-21 22:57:31
Case308,Request For Payment SAVED by EMPLOYEE,res_c69c8e50-1285-46f6-a2dc-3b4fe9a350e1,Role 1,2018-11-22 00:44:44,173,0,2018-11-22 00:15:22
Case296,Request For Payment REJECTED by EMPLOYEE,res_c69c8e50-1285-46f6-a2dc-3b4fe9a350e1,Role 1,2018-11-22 02:27:53,172,0,2018-11-22 01:43:36
Case275,Request For Payment REJECTED by SUPERVISOR,res_c69c8e50-1285-46f6-a2dc-3b4fe9a350e1,Role 1,2018-11-22 03:09:02,172,0,2018-11-22 02:26:39
Case309,Request For Payment SUBMITTED by EMPLOYEE,res_c69c8e50-1285-46f6-a2dc-3b4fe9a350e1,Role 1,2018-11-22 03:10:12,172,2,2018-11-22 02:40:53
Case265,Request For Payment FINAL_APPROVED by DIRECTOR,res_c69c8e50-1285-46f6-a2dc-3b4fe9a350e1,Role 1,2018-11-22 03:41:14,172,0,2018-11-22 02:57:46
Case310,Request For Payment SUBMITTED by EMPLOYEE,res_c69c8e50-1285-46f6-a2dc-3b4fe9a350e1,Role 1,2018-11-22 03:43:09,173,2,2018-11-22 03:13:50
Case309,Request For Payment APPROVED by PRE_APPROVER,res_c69c8e50-1285-46f6-a2dc-3b4fe9a350e1,Role 1,2018-11-22 03:59:43,173,0,2018-11-22 03:15:15
Case263,Request For Payment FINAL_APPROVED by SUPERVISOR,res_c69c8e50-1285-46f6-a2dc-3b4fe9a350e1,Role 1,2018-11-22 04:03:11,173,1,2018-11-22 03:20:27
Case282,Request For Payment REJECTED by MISSING,res_c69c8e50-1285-46f6-a2dc-3b4fe9a350e1,Role 1,2018-11-22 04:09:30,173,0,2018-11-22 03:27:00
Case275,Request For Payment REJECTED by EMPLOYEE,res_c69c8e50-1285-46f6-a2dc-3b4fe9a350e1,Role 1,2018-11-22 04:23:31,173,0,2018-11-22 03:40:40
Case263,Request For Payment REJECTED by MISSING,res_c69c8e50-1285-46f6-a2dc-3b4fe9a350e1,Role 1,2018-11-22 04:46:08,173,1,2018-11-22 04:03:29
Case310,Request For Payment REJECTED by SUPERVISOR,res_c69c8e50-1285-46f6-a2dc-3b4fe9a350e1,Role 1,2018-11-22 04:49:14,173,0,2018-11-22 04:04:49
Case298,Request For Payment REJECTED by EMPLOYEE,res_c69c8e50-1285-46f6-a2dc-3b4fe9a350e1,Role 1,2018-11-22 05:08:58,172,0,2018-11-22 04:25:10
Case311,Request For Payment SAVED by EMPLOYEE,res_c69c8e50-1285-46f6-a2dc-3b4fe9a350e1,Role 1,2018-11-22 07:38:53,172,0,2018-11-22 07:09:34
Case312,Request For Payment SAVED by EMPLOYEE,res_c69c8e50-1285-46f6-a2dc-3b4fe9a350e1,Role 1,2018-11-22 08:44:56,172,0,2018-11-22 08:15:37
Case313,Request For Payment SUBMITTED by EMPLOYEE,res_c69c8e50-1285-46f6-a2dc-3b4fe9a350e1,Role 1,2018-11-22 09:23:37,172,2,2018-11-22 08:54:22
Case301,Request For Payment REJECTED by SUPERVISOR,res_c69c8e50-1285-46f6-a2dc-3b4fe9a350e1,Role 1,2018-11-22 10:06:22,172,0,2018-11-22 09:22:12
Case313,Request For Payment FINAL_APPROVED by SUPERVISOR,res_c69c8e50-1285-46f6-a2dc-3b4fe9a350e1,Role 1,2018-11-22 10:08:22,172,1,2018-11-22 09:23:55
Case314,Request For Payment SAVED by EMPLOYEE,res_c69c8e50-1285-46f6-a2dc-3b4fe9a350e1,Role 1,2018-11-22 11:09:27,173,0,2018-11-22 10:40:09
Case315,Request For Payment SUBMITTED by EMPLOYEE,res_c69c8e50-1285-46f6-a2dc-3b4fe9a350e1,Role 1,2018-11-22 12:05:36,173,2,2018-11-22 11:36:20
Case302,Request For Payment REJECTED by EMPLOYEE,res_c69c8e50-1285-46f6-a2dc-3b4fe9a350e1,Role 1,2018-11-22 12:31:53,173,0,2018-11-22 11:47:53
Case316,Request For Payment SUBMITTED by EMPLOYEE,res_f1d5d76e-73b3-4ad2-b5bc-b44969b003a7,Role 1,2018-11-22 12:57:07,174,3,2018-11-22 12:27:47
Case275,Request For Payment SUBMITTED by EMPLOYEE,res_c69c8e50-1285-46f6-a2dc-3b4fe9a350e1,Role 1,2018-11-22 13:00:47,173,2,2018-11-22 12:17:59
Case315,Request For Payment REJECTED by SUPERVISOR,res_c69c8e50-1285-46f6-a2dc-3b4fe9a350e1,Role 1,2018-11-22 13:11:42,173,0,2018-11-22 12:27:16
Case215,Payment Handled,res_c69c8e50-1285-46f6-a2dc-3b4fe9a350e1,Role 2,2018-11-22 13:33:32,174,2,2018-11-22 12:49:46
Case300,Request Payment,res_c69c8e50-1285-46f6-a2dc-3b4fe9a350e1,Role 2,2018-11-22 13:37:25,174,1,2018-11-22 12:52:29
Case316,Request For Payment FINAL_APPROVED by SUPERVISOR,res_c69c8e50-1285-46f6-a2dc-3b4fe9a350e1,Role 1,2018-11-22 13:41:43,174,1,2018-11-22 12:57:25
Case275,Request For Payment REJECTED by ADMINISTRATION,res_c69c8e50-1285-46f6-a2dc-3b4fe9a350e1,Role 1,2018-11-22 13:43:48,174,0,2018-11-22 13:01:05
Case317,Request For Payment SAVED by EMPLOYEE,res_f1d5d76e-73b3-4ad2-b5bc-b44969b003a7,Role 1,2018-11-22 14:07:17,174,0,2018-11-22 13:38:02
Case304,Request For Payment REJECTED by EMPLOYEE,res_f1d5d76e-73b3-4ad2-b5bc-b44969b003a7,Role 1,2018-11-22 14:22:02,174,0,2018-11-22 13:38:06
Case318,Request For Payment SUBMITTED by EMPLOYEE,res_f1d5d76e-73b3-4ad2-b5bc-b44969b003a7,Role 1,2018-11-22 14:23:29,175,2,2018-11-22 13:54:09
Case275,Request For Payment REJECTED by EMPLOYEE,res_f1d5d76e-73b3-4ad2-b5bc-b44969b003a7,Role 1,2018-11-22 14:26:49,174,1,2018-11-22 13:44:06
Case268,Request Payment,res_c69c8e50-1285-46f6-a2dc-3b4fe9a350e1,Role 2,2018-11-22 14:47:23,175,1,2018-11-22 14:04:11
Case227,Payment Handled,res_c69c8e50-1285-46f6-a2dc-3b4fe9a350e1,Role 2,2018-11-22 14:50:16,175,2,2018-11-22 14:07:04
Case318,Request For Payment REJECTED by SUPERVISOR,res_c69c8e50-1285-46f6-a2dc-3b4fe9a350e1,Role 1,2018-11-22 15:22:09,173,0,2018-11-22 14:37:45
Case319,Request For Payment SUBMITTED by EMPLOYEE,res_c69c8e50-1285-46f6-a2dc-3b4fe9a350e1,Role 1,2018-11-22 15:40:10,173,2,2018-11-22 15:10:50
Case305,Request For Payment FINAL_APPROVED by SUPERVISOR,res_c69c8e50-1285-46f6-a2dc-3b4fe9a350e1,Role 1,2018-11-22 16:04:01,173,1,2018-11-22 15:20:17
Case319,Request For Payment FINAL_APPROVED by SUPERVISOR,res_c69c8e50-1285-46f6-a2dc-3b4fe9a350e1,Role 1,2018-11-22 16:24:56,173,2,2018-11-22 15:40:28
Case320,Request For Payment SAVED by EMPLOYEE,res_c69c8e50-1285-46f6-a2dc-3b4fe9a350e1,Role 1,2018-11-22 16:25:53,174,0,2018-11-22 15:56:39
Case236,Payment Handled,res_f1d5d76e-73b3-4ad2-b5bc-b44969b003a7,Role 2,2018-11-22 17:19:24,173,2,2018-11-22 16:36:30
Case321,Request For Payment SUBMITTED by EMPLOYEE,res_c69c8e50-1285-46f6-a2dc-3b4fe9a350e1,Role 1,2018-11-22 18:22:47,173,2,2018-11-22 17:53:29
Case321,Request For Payment FINAL_APPROVED by SUPERVISOR,res_c69c8e50-1285-46f6-a2dc-3b4fe9a350e1,Role 1,2018-11-22 19:07:30,173,1,2018-11-22 18:23:05
Case294,Request For Payment REJECTED by EMPLOYEE,res_c69c8e50-1285-46f6-a2dc-3b4fe9a350e1,Role 1,2018-11-22 21:04:39,173,0,2018-11-22 20:24:50
Case306,Request For Payment REJECTED by EMPLOYEE,res_c69c8e50-1285-46f6-a2dc-3b4fe9a350e1,Role 1,2018-11-22 21:45:17,173,1,2018-11-22 21:01:22
Case322,Request For Payment SAVED by EMPLOYEE,res_c69c8e50-1285-46f6-a2dc-3b4fe9a350e1,Role 1,2018-11-22 21:54:06,174,0,2018-11-22 21:24:55
Case307,Request For Payment FINAL_APPROVED by SUPERVISOR,res_c69c8e50-1285-46f6-a2dc-3b4fe9a350e1,Role 1,2018-11-22 23:22:47,173,1,2018-11-22 22:38:53
Case323,Request For Payment SAVED by EMPLOYEE,res_c69c8e50-1285-46f6-a2dc-3b4fe9a350e1,Role 1,2018-11-23 00:00:04,174,0,2018-11-22 23:30:52
Case293,Request For Payment SUBMITTED by EMPLOYEE,res_f1d5d76e-73b3-4ad2-b5bc-b44969b003a7,Role 1,2018-11-23 00:43:32,173,2,2018-11-23 00:03:26
Case248,Payment Handled,res_f1d5d76e-73b3-4ad2-b5bc-b44969b003a7,Role 2,2018-11-23 01:12:32,173,2,2018-11-23 00:27:16
Case324,Request For Payment SAVED by EMPLOYEE,res_c69c8e50-1285-46f6-a2dc-3b4fe9a350e1,Role 1,2018-11-23 02:02:58,173,0,2018-11-23 01:33:22
Case294,Request For Payment SUBMITTED by EMPLOYEE,res_c69c8e50-1285-46f6-a2dc-3b4fe9a350e1,Role 1,2018-11-23 02:54:07,172,2,2018-11-23 02:10:39
Case325,Request For Payment SAVED by EMPLOYEE,res_c69c8e50-1285-46f6-a2dc-3b4fe9a350e1,Role 1,2018-11-23 03:04:04,173,0,2018-11-23 02:34:29
Case326,Request For Payment SUBMITTED by EMPLOYEE,res_c69c8e50-1285-46f6-a2dc-3b4fe9a350e1,Role 1,2018-11-23 04:34:52,173,2,2018-11-23 04:05:29
Case326,Request For Payment FINAL_APPROVED by SUPERVISOR,res_f1d5d76e-73b3-4ad2-b5bc-b44969b003a7,Role 1,2018-11-23 05:20:06,173,1,2018-11-23 04:35:10
Case271,Payment Handled,res_f1d5d76e-73b3-4ad2-b5bc-b44969b003a7,Role 2,2018-11-23 05:41:11,173,2,2018-11-23 04:57:54
Case327,Request For Payment SAVED by EMPLOYEE,res_c69c8e50-1285-46f6-a2dc-3b4fe9a350e1,Role 1,2018-11-23 07:19:01,173,0,2018-11-23 06:49:26
Case328,Request For Payment SUBMITTED by EMPLOYEE,res_c69c8e50-1285-46f6-a2dc-3b4fe9a350e1,Role 1,2018-11-23 07:54:19,173,2,2018-11-23 07:24:53
Case328,Request For Payment REJECTED by SUPERVISOR,res_c69c8e50-1285-46f6-a2dc-3b4fe9a350e1,Role 1,2018-11-23 08:39:35,173,0,2018-11-23 07:54:43
Case329,Request For Payment SAVED by EMPLOYEE,res_c69c8e50-1285-46f6-a2dc-3b4fe9a350e1,Role 1,2018-11-23 09:12:24,174,0,2018-11-23 08:42:49
Case330,Request For Payment SAVED by EMPLOYEE,res_c69c8e50-1285-46f6-a2dc-3b4fe9a350e1,Role 1,2018-11-23 09:51:15,174,0,2018-11-23 09:21:40
Case331,Request For Payment SUBMITTED by EMPLOYEE,res_c69c8e50-1285-46f6-a2dc-3b4fe9a350e1,Role 1,2018-11-23 10:35:21,174,2,2018-11-23 10:05:53
Case331,Request For Payment REJECTED by SUPERVISOR,res_c69c8e50-1285-46f6-a2dc-3b4fe9a350e1,Role 1,2018-11-23 11:20:37,174,0,2018-11-23 10:35:46
Case332,Request For Payment SUBMITTED by EMPLOYEE,res_c69c8e50-1285-46f6-a2dc-3b4fe9a350e1,Role 1,2018-11-23 11:54:42,175,2,2018-11-23 11:25:14
Case332,Request For Payment APPROVED by ADMINISTRATION,res_c69c8e50-1285-46f6-a2dc-3b4fe9a350e1,Role 1,2018-11-23 12:39:55,175,1,2018-11-23 11:55:00
Case285,Payment Handled,res_f1d5d76e-73b3-4ad2-b5bc-b44969b003a7,Role 2,2018-11-23 13:26:45,175,2,2018-11-23 12:44:22
Case333,Request For Payment SUBMITTED by EMPLOYEE,res_c69c8e50-1285-46f6-a2dc-3b4fe9a350e1,Role 1,2018-11-23 14:16:12,175,2,2018-11-23 13:46:43
Case333,Request For Payment FINAL_APPROVED by SUPERVISOR,res_c69c8e50-1285-46f6-a2dc-3b4fe9a350e1,Role 1,2018-11-23 15:01:24,175,1,2018-11-23 14:16:30
Case334,Request For Payment SUBMITTED by EMPLOYEE,res_c69c8e50-1285-46f6-a2dc-3b4fe9a350e1,Role 1,2018-11-23 16:43:44,176,2,2018-11-23 16:14:14
Case293,Request For Payment APPROVED by PRE_APPROVER,res_c69c8e50-1285-46f6-a2dc-3b4fe9a350e1,Role 1,2018-11-23 17:17:54,176,0,2018-11-23 16:34:50
Case334,Request For Payment REJECTED by PRE_APPROVER,res_c69c8e50-1285-46f6-a2dc-3b4fe9a350e1,Role 1,2018-11-23 17:32:24,176,0,2018-11-23 16:47:36
Case335,Request For Payment SAVED by EMPLOYEE,res_c69c8e50-1285-46f6-a2dc-3b4fe9a350e1,Role 1,2018-11-23 17:56:46,177,0,2018-11-23 17:27:14
Case336,Request For Payment SUBMITTED by EMPLOYEE,res_c69c8e50-1285-46f6-a2dc-3b4fe9a350e1,Role 1,2018-11-23 19:09:39,177,2,2018-11-23 18:40:08
Case336,Request For Payment APPROVED by PRE_APPROVER,res_c69c8e50-1285-46f6-a2dc-3b4fe9a350e1,Role 1,2018-11-23 19:54:50,177,0,2018-11-23 19:09:57
Case337,Request For Payment SUBMITTED by EMPLOYEE,res_c69c8e50-1285-46f6-a2dc-3b4fe9a350e1,Role 1,2018-11-23 23:47:28,178,2,2018-11-23 23:17:55
Case294,Request For Payment APPROVED by PRE_APPROVER,res_c69c8e50-1285-46f6-a2dc-3b4fe9a350e1,Role 1,2018-11-23 23:57:12,177,0,2018-11-23 23:14:39
Case337,Request For Payment REJECTED by PRE_APPROVER,res_c69c8e50-1285-46f6-a2dc-3b4fe9a350e1,Role 1,2018-11-24 00:36:08,178,0,2018-11-23 23:51:24
Case338,Request For Payment SUBMITTED by EMPLOYEE,res_c69c8e50-1285-46f6-a2dc-3b4fe9a350e1,Role 1,2018-11-24 07:23:20,179,2,2018-11-24 06:54:18
Case338,Request For Payment APPROVED by PRE_APPROVER,res_c69c8e50-1285-46f6-a2dc-3b4fe9a350e1,Role 1,2018-11-24 08:07:47,179,0,2018-11-24 07:23:38
Case339,Request For Payment SAVED by EMPLOYEE,res_c69c8e50-1285-46f6-a2dc-3b4fe9a350e1,Role 1,2018-11-24 10:00:44,180,0,2018-11-24 09:31:16
Case340,Request For Payment SAVED by EMPLOYEE,res_c69c8e50-1285-46f6-a2dc-3b4fe9a350e1,Role 1,2018-11-24 10:38:26,180,0,2018-11-24 10:08:58
Case310,Request For Payment REJECTED by EMPLOYEE,res_c69c8e50-1285-46f6-a2dc-3b4fe9a350e1,Role 1,2018-11-24 11:02:46,180,0,2018-11-24 10:19:05
Case341,Request For Payment SAVED by EMPLOYEE,res_c69c8e50-1285-46f6-a2dc-3b4fe9a350e1,Role 1,2018-11-24 11:39:44,180,0,2018-11-24 11:10:16
Case309,Request For Payment FINAL_APPROVED by SUPERVISOR,res_c69c8e50-1285-46f6-a2dc-3b4fe9a350e1,Role 1,2018-11-24 11:52:10,179,1,2018-11-24 11:08:39
Case342,Request For Payment SAVED by EMPLOYEE,res_c69c8e50-1285-46f6-a2dc-3b4fe9a350e1,Role 1,2018-11-24 12:33:02,180,0,2018-11-24 12:03:34
Case316,Request For Payment REJECTED by MISSING,res_c69c8e50-1285-46f6-a2dc-3b4fe9a350e1,Role 1,2018-11-24 12:43:43,179,0,2018-11-24 11:59:44
Case315,Request For Payment REJECTED by EMPLOYEE,res_c69c8e50-1285-46f6-a2dc-3b4fe9a350e1,Role 1,2018-11-24 14:39:55,178,0,2018-11-24 13:56:11
Case343,Request For Payment SUBMITTED by EMPLOYEE,res_c69c8e50-1285-46f6-a2dc-3b4fe9a350e1,Role 1,2018-11-24 15:17:34,179,2,2018-11-24 14:48:24
Case343,Request For Payment REJECTED by SUPERVISOR,res_c69c8e50-1285-46f6-a2dc-3b4fe9a350e1,Role 1,2018-11-24 16:02:13,179,0,2018-11-24 15:17:52
Case344,Request For Payment SUBMITTED by EMPLOYEE,res_c69c8e50-1285-46f6-a2dc-3b4fe9a350e1,Role 1,2018-11-24 16:06:12,180,2,2018-11-24 15:36:54
Case304,Request For Payment SUBMITTED by EMPLOYEE,res_c69c8e50-1285-46f6-a2dc-3b4fe9a350e1,Role 1,2018-11-24 16:25:46,180,3,2018-11-24 15:43:50
Case344,Request For Payment REJECTED by PRE_APPROVER,res_c69c8e50-1285-46f6-a2dc-3b4fe9a350e1,Role 1,2018-11-24 16:50:42,180,0,2018-11-24 16:06:30
Case345,Request For Payment SUBMITTED by EMPLOYEE,res_c69c8e50-1285-46f6-a2dc-3b4fe9a350e1,Role 1,2018-11-24 17:01:35,181,3,2018-11-24 16:32:17
Case302,Request For Payment SUBMITTED by EMPLOYEE,res_c69c8e50-1285-46f6-a2dc-3b4fe9a350e1,Role 1,2018-11-24 17:12:00,180,2,2018-11-24 16:30:08
Case345,Request For Payment REJECTED by PRE_APPROVER,res_c69c8e50-1285-46f6-a2dc-3b4fe9a350e1,Role 1,2018-11-24 17:46:05,181,0,2018-11-24 17:01:53
Case302,Request For Payment APPROVED by PRE_APPROVER,res_c69c8e50-1285-46f6-a2dc-3b4fe9a350e1,Role 1,2018-11-24 19:33:45,181,0,2018-11-24 18:50:34
Case318,Request For Payment REJECTED by EMPLOYEE,res_c69c8e50-1285-46f6-a2dc-3b4fe9a350e1,Role 1,2018-11-24 20:43:40,181,0,2018-11-24 20:00:00
Case293,Request For Payment FINAL_APPROVED by SUPERVISOR,res_c69c8e50-1285-46f6-a2dc-3b4fe9a350e1,Role 1,2018-11-25 01:00:40,181,1,2018-11-25 00:17:46
Case346,Request For Payment SAVED by EMPLOYEE,res_c69c8e50-1285-46f6-a2dc-3b4fe9a350e1,Role 1,2018-11-25 01:13:30,182,0,2018-11-25 00:43:58
Case304,Request For Payment FINAL_APPROVED by SUPERVISOR,res_c69c8e50-1285-46f6-a2dc-3b4fe9a350e1,Role 1,2018-11-25 01:30:02,182,2,2018-11-25 00:47:01
Case301,Request For Payment REJECTED by EMPLOYEE,res_c69c8e50-1285-46f6-a2dc-3b4fe9a350e1,Role 1,2018-11-25 02:11:32,181,0,2018-11-25 01:30:47
Case306,Request For Payment SUBMITTED by EMPLOYEE,res_c69c8e50-1285-46f6-a2dc-3b4fe9a350e1,Role 1,2018-11-25 02:28:14,181,2,2018-11-25 01:47:34
Case347,Request For Payment SAVED by EMPLOYEE,res_c69c8e50-1285-46f6-a2dc-3b4fe9a350e1,Role 1,2018-11-25 03:04:33,181,0,2018-11-25 02:35:01
Case348,Request For Payment SAVED by EMPLOYEE,res_c69c8e50-1285-46f6-a2dc-3b4fe9a350e1,Role 1,2018-11-25 05:11:26,181,0,2018-11-25 04:41:54
Case306,Request For Payment FINAL_APPROVED by SUPERVISOR,res_c69c8e50-1285-46f6-a2dc-3b4fe9a350e1,Role 1,2018-11-25 06:08:19,180,1,2018-11-25 05:25:22
Case349,Request For Payment SUBMITTED by EMPLOYEE,res_c69c8e50-1285-46f6-a2dc-3b4fe9a350e1,Role 1,2018-11-25 06:15:51,181,2,2018-11-25 05:46:19
Case349,Request For Payment REJECTED by PRE_APPROVER,res_c69c8e50-1285-46f6-a2dc-3b4fe9a350e1,Role 1,2018-11-25 07:00:36,181,0,2018-11-25 06:16:09
Case350,Request For Payment SUBMITTED by EMPLOYEE,res_c69c8e50-1285-46f6-a2dc-3b4fe9a350e1,Role 1,2018-11-25 07:12:38,182,2,2018-11-25 06:43:06
Case350,Request For Payment REJECTED by SUPERVISOR,res_c69c8e50-1285-46f6-a2dc-3b4fe9a350e1,Role 1,2018-11-25 07:57:29,182,0,2018-11-25 07:12:56
Case351,Request For Payment SAVED by EMPLOYEE,res_c69c8e50-1285-46f6-a2dc-3b4fe9a350e1,Role 1,2018-11-25 09:04:15,183,0,2018-11-25 08:34:44
Case294,Request For Payment FINAL_APPROVED by SUPERVISOR,res_c69c8e50-1285-46f6-a2dc-3b4fe9a350e1,Role 1,2018-11-25 10:15:45,182,1,2018-11-25 09:33:05
Case352,Request For Payment SUBMITTED by EMPLOYEE,res_c69c8e50-1285-46f6-a2dc-3b4fe9a350e1,Role 1,2018-11-25 10:53:26,183,2,2018-11-25 10:23:58
Case352,Request For Payment APPROVED by PRE_APPROVER,res_c69c8e50-1285-46f6-a2dc-3b4fe9a350e1,Role 1,2018-11-25 11:38:23,183,0,2018-11-25 10:53:44
Case353,Request For Payment SUBMITTED by EMPLOYEE,res_c69c8e50-1285-46f6-a2dc-3b4fe9a350e1,Role 1,2018-11-25 13:03:13,184,2,2018-11-25 12:33:44
Case298,Request For Payment SUBMITTED by EMPLOYEE,res_c69c8e50-1285-46f6-a2dc-3b4fe9a350e1,Role 1,2018-11-25 13:46:41,184,2,2018-11-25 13:05:43
Case353,Request For Payment REJECTED by PRE_APPROVER,res_c69c8e50-1285-46f6-a2dc-3b4fe9a350e1,Role 1,2018-11-25 13:48:01,184,0,2018-11-25 13:03:31
Case298,Request For Payment REJECTED by ADMINISTRATION,res_c69c8e50-1285-46f6-a2dc-3b4fe9a350e1,Role 1,2018-11-25 14:29:53,184,0,2018-11-25 13:46:59
Case354,Request For Payment SUBMITTED by EMPLOYEE,res_c69c8e50-1285-46f6-a2dc-3b4fe9a350e1,Role 1,2018-11-25 15:08:15,185,2,2018-11-25 14:38:45
Case354,Request For Payment REJECTED by SUPERVISOR,res_c69c8e50-1285-46f6-a2dc-3b4fe9a350e1,Role 1,2018-11-25 15:53:08,185,0,2018-11-25 15:08:33
Case302,Request For Payment FINAL_APPROVED by SUPERVISOR,res_c69c8e50-1285-46f6-a2dc-3b4fe9a350e1,Role 1,2018-11-25 19:04:07,185,1,2018-11-25 18:21:17
Case298,Request For Payment REJECTED by EMPLOYEE,res_c69c8e50-1285-46f6-a2dc-3b4fe9a350e1,Role 1,2018-11-25 20:36:54,185,0,2018-11-25 19:54:20
Case355,Request For Payment SAVED by EMPLOYEE,res_c69c8e50-1285-46f6-a2dc-3b4fe9a350e1,Role 1,2018-11-25 21:46:28,186,0,2018-11-25 21:17:01
Case313,Request Payment,res_f1d5d76e-73b3-4ad2-b5bc-b44969b003a7,Role 2,2018-11-25 22:45:50,185,1,2018-11-25 22:01:11
Case307,Request For Payment REJECTED by MISSING,res_c69c8e50-1285-46f6-a2dc-3b4fe9a350e1,Role 1,2018-11-26 00:13:44,185,0,2018-11-25 23:33:16
Case319,Request Payment,res_f1d5d76e-73b3-4ad2-b5bc-b44969b003a7,Role 2,2018-11-26 03:40:24,184,1,2018-11-26 02:57:02
Case298,Request For Payment SUBMITTED by EMPLOYEE,res_c69c8e50-1285-46f6-a2dc-3b4fe9a350e1,Role 1,2018-11-26 04:44:02,184,2,2018-11-26 04:01:35
Case265,Request Payment,res_f1d5d76e-73b3-4ad2-b5bc-b44969b003a7,Role 2,2018-11-26 05:31:31,184,1,2018-11-26 04:48:18
Case356,Request For Payment SUBMITTED by EMPLOYEE,res_c69c8e50-1285-46f6-a2dc-3b4fe9a350e1,Role 1,2018-11-26 07:14:48,185,2,2018-11-26 06:46:03
Case356,Request For Payment FINAL_APPROVED by SUPERVISOR,res_f1d5d76e-73b3-4ad2-b5bc-b44969b003a7,Role 1,2018-11-26 07:59:17,185,1,2018-11-26 07:15:06
Case321,Request Payment,res_f1d5d76e-73b3-4ad2-b5bc-b44969b003a7,Role 2,2018-11-26 08:35:39,185,1,2018-11-26 07:52:04
Case326,Request Payment,res_f1d5d76e-73b3-4ad2-b5bc-b44969b003a7,Role 2,2018-11-26 08:47:48,185,2,2018-11-26 08:01:48
Case357,Request For Payment SAVED by EMPLOYEE,res_c69c8e50-1285-46f6-a2dc-3b4fe9a350e1,Role 1,2018-11-26 10:00:04,186,0,2018-11-26 09:30:48
Case358,Request For Payment SUBMITTED by EMPLOYEE,res_c69c8e50-1285-46f6-a2dc-3b4fe9a350e1,Role 1,2018-11-26 10:23:35,187,2,2018-11-26 09:54:19
Case298,Request For Payment FINAL_APPROVED by SUPERVISOR,res_c69c8e50-1285-46f6-a2dc-3b4fe9a350e1,Role 1,2018-11-26 10:26:14,186,1,2018-11-26 09:43:42
Case349,Request For Payment REJECTED by EMPLOYEE,res_c69c8e50-1285-46f6-a2dc-3b4fe9a350e1,Role 1,2018-11-26 10:39:21,187,0,2018-11-26 09:54:58
Case310,Request For Payment SUBMITTED by EMPLOYEE,res_c69c8e50-1285-46f6-a2dc-3b4fe9a350e1,Role 1,2018-11-26 11:01:42,186,3,2018-11-26 10:21:31
Case358,Request For Payment FINAL_APPROVED by SUPERVISOR,res_c69c8e50-1285-46f6-a2dc-3b4fe9a350e1,Role 1,2018-11-26 11:08:16,186,2,2018-11-26 10:23:53
Case328,Request For Payment REJECTED by EMPLOYEE,res_c69c8e50-1285-46f6-a2dc-3b4fe9a350e1,Role 1,2018-11-26 11:21:37,186,1,2018-11-26 10:36:44
Case332,Request For Payment REJECTED by SUPERVISOR,res_c69c8e50-1285-46f6-a2dc-3b4fe9a350e1,Role 1,2018-11-26 11:36:30,186,0,2018-11-26 10:51:36
Case310,Request For Payment REJECTED by SUPERVISOR,res_c69c8e50-1285-46f6-a2dc-3b4fe9a350e1,Role 1,2018-11-26 11:44:59,186,1,2018-11-26 11:02:00
Case337,Request For Payment REJECTED by EMPLOYEE,res_c69c8e50-1285-46f6-a2dc-3b4fe9a350e1,Role 1,2018-11-26 11:52:47,186,1,2018-11-26 11:08:08
Case359,Request For Payment SAVED by EMPLOYEE,res_c69c8e50-1285-46f6-a2dc-3b4fe9a350e1,Role 1,2018-11-26 12:02:51,186,0,2018-11-26 11:33:34
Case360,Request For Payment SUBMITTED by EMPLOYEE,res_c69c8e50-1285-46f6-a2dc-3b4fe9a350e1,Role 1,2018-11-26 12:39:04,186,2,2018-11-26 12:10:04
Case360,Request For Payment APPROVED by PRE_APPROVER,res_c69c8e50-1285-46f6-a2dc-3b4fe9a350e1,Role 1,2018-11-26 13:23:36,186,0,2018-11-26 12:39:22
Case350,Request For Payment REJECTED by EMPLOYEE,res_c69c8e50-1285-46f6-a2dc-3b4fe9a350e1,Role 1,2018-11-26 13:35:38,186,0,2018-11-26 12:51:15
Case361,Request For Payment SUBMITTED by EMPLOYEE,res_c69c8e50-1285-46f6-a2dc-3b4fe9a350e1,Role 1,2018-11-26 13:38:41,187,2,2018-11-26 13:09:23
Case305,Request Payment,res_f1d5d76e-73b3-4ad2-b5bc-b44969b003a7,Role 2,2018-11-26 13:59:00,187,1,2018-11-26 13:16:11
Case331,Request For Payment REJECTED by EMPLOYEE,res_f1d5d76e-73b3-4ad2-b5bc-b44969b003a7,Role 1,2018-11-26 14:01:56,187,1,2018-11-26 13:17:09
Case361,Request For Payment FINAL_APPROVED by SUPERVISOR,res_c69c8e50-1285-46f6-a2dc-3b4fe9a350e1,Role 1,2018-11-26 14:23:13,186,1,2018-11-26 13:38:59
Case300,Payment Handled,res_c69c8e50-1285-46f6-a2dc-3b4fe9a350e1,Role 2,2018-11-26 14:41:25,186,2,2018-11-26 13:57:29
Case315,Request For Payment SUBMITTED by EMPLOYEE,res_c69c8e50-1285-46f6-a2dc-3b4fe9a350e1,Role 1,2018-11-26 14:50:08,186,2,2018-11-26 14:09:37
Case362,Request For Payment SAVED by EMPLOYEE,res_c69c8e50-1285-46f6-a2dc-3b4fe9a350e1,Role 1,2018-11-26 15:16:20,186,0,2018-11-26 14:47:04
Case309,Request For Payment REJECTED by MISSING,res_c69c8e50-1285-46f6-a2dc-3b4fe9a350e1,Role 1,2018-11-26 15:16:40,186,0,2018-11-26 14:37:11
Case315,Request For Payment REJECTED by ADMINISTRATION,res_f1d5d76e-73b3-4ad2-b5bc-b44969b003a7,Role 1,2018-11-26 15:33:30,186,0,2018-11-26 14:50:26
Case298,Request For Payment REJECTED by MISSING,res_f1d5d76e-73b3-4ad2-b5bc-b44969b003a7,Role 1,2018-11-26 15:59:13,184,0,2018-11-26 15:16:59
Case268,Payment Handled,res_f1d5d76e-73b3-4ad2-b5bc-b44969b003a7,Role 2,2018-11-26 16:13:03,184,2,2018-11-26 15:29:44
Case363,Request For Payment SAVED by EMPLOYEE,res_c69c8e50-1285-46f6-a2dc-3b4fe9a350e1,Role 1,2018-11-26 17:07:12,183,0,2018-11-26 16:37:57
Case352,Request For Payment FINAL_APPROVED by SUPERVISOR,res_c69c8e50-1285-46f6-a2dc-3b4fe9a350e1,Role 1,2018-11-26 17:22:12,182,1,2018-11-26 16:37:48
Case353,Request For Payment REJECTED by EMPLOYEE,res_c69c8e50-1285-46f6-a2dc-3b4fe9a350e1,Role 1,2018-11-26 17:26:47,183,0,2018-11-26 16:42:19
Case364,Request For Payment SAVED by EMPLOYEE,res_c69c8e50-1285-46f6-a2dc-3b4fe9a350e1,Role 1,2018-11-26 17:53:51,183,0,2018-11-26 17:24:36
Case334,Request For Payment REJECTED by EMPLOYEE,res_c69c8e50-1285-46f6-a2dc-3b4fe9a350e1,Role 1,2018-11-26 18:35:01,182,0,2018-11-26 17:50:18
Case338,Request For Payment FINAL_APPROVED by SUPERVISOR,res_f1d5d76e-73b3-4ad2-b5bc-b44969b003a7,Role 1,2018-11-26 18:50:21,181,1,2018-11-26 18:06:02
Case365,Request For Payment SUBMITTED by EMPLOYEE,res_c69c8e50-1285-46f6-a2dc-3b4fe9a350e1,Role 1,2018-11-26 19:35:13,182,2,2018-11-26 19:06:11
Case333,Request Payment,res_c69c8e50-1285-46f6-a2dc-3b4fe9a350e1,Role 2,2018-11-26 19:35:37,181,1,2018-11-26 18:49:26
Case310,Request For Payment REJECTED by EMPLOYEE,res_c69c8e50-1285-46f6-a2dc-3b4fe9a350e1,Role 1,2018-11-26 20:15:12,182,0,2018-11-26 19:32:35
Case365,Request For Payment APPROVED by ADMINISTRATION,res_c69c8e50-1285-46f6-a2dc-3b4fe9a350e1,Role 1,2018-11-26 20:19:45,182,1,2018-11-26 19:35:31
Case354,Request For Payment REJECTED by EMPLOYEE,res_c69c8e50-1285-46f6-a2dc-3b4fe9a350e1,Role 1,2018-11-26 21:30:33,181,0,2018-11-26 20:46:04
Case318,Request For Payment SUBMITTED by EMPLOYEE,res_c69c8e50-1285-46f6-a2dc-3b4fe9a350e1,Role 1,2018-11-26 21:46:11,181,2,2018-11-26 21:05:51
Case344,Request For Payment REJECTED by EMPLOYEE,res_c69c8e50-1285-46f6-a2dc-3b4fe9a350e1,Role 1,2018-11-26 22:04:13,181,1,2018-11-26 21:20:03
Case343,Request For Payment REJECTED by EMPLOYEE,res_c69c8e50-1285-46f6-a2dc-3b4fe9a350e1,Role 1,2018-11-26 22:06:03,181,2,2018-11-26 21:21:44
Case336,Request For Payment FINAL_APPROVED by SUPERVISOR,res_c69c8e50-1285-46f6-a2dc-3b4fe9a350e1,Role 1,2018-11-26 22:15:09,181,1,2018-11-26 21:30:05
Case318,Request For Payment REJECTED by SUPERVISOR,res_c69c8e50-1285-46f6-a2dc-3b4fe9a350e1,Role 1,2018-11-26 22:29:18,180,0,2018-11-26 21:46:29
Case315,Request For Payment REJECTED by EMPLOYEE,res_c69c8e50-1285-46f6-a2dc-3b4fe9a350e1,Role 1,2018-11-26 22:50:17,179,0,2018-11-26 22:07:37
Case366,Request For Payment SUBMITTED by EMPLOYEE,res_c69c8e50-1285-46f6-a2dc-3b4fe9a350e1,Role 1,2018-11-26 23:34:02,180,2,2018-11-26 23:04:48
Case366,Request For Payment REJECTED by SUPERVISOR,res_c69c8e50-1285-46f6-a2dc-3b4fe9a350e1,Role 1,2018-11-27 00:18:25,180,0,2018-11-26 23:34:20
Case367,Request For Payment SAVED by EMPLOYEE,res_c69c8e50-1285-46f6-a2dc-3b4fe9a350e1,Role 1,2018-11-27 00:45:56,181,0,2018-11-27 00:16:31
Case345,Request For Payment REJECTED by EMPLOYEE,res_c69c8e50-1285-46f6-a2dc-3b4fe9a350e1,Role 1,2018-11-27 01:17:08,181,0,2018-11-27 00:33:02
Case306,Request Payment,res_c69c8e50-1285-46f6-a2dc-3b4fe9a350e1,Role 2,2018-11-27 03:39:30,179,1,2018-11-27 02:56:23
Case368,Request For Payment SAVED by EMPLOYEE,res_c69c8e50-1285-46f6-a2dc-3b4fe9a350e1,Role 1,2018-11-27 03:43:28,180,0,2018-11-27 03:14:03
Case369,Request For Payment SUBMITTED by EMPLOYEE,res_c69c8e50-1285-46f6-a2dc-3b4fe9a350e1,Role 1,2018-11-27 06:27:16,180,2,2018-11-27 05:57:51
Case358,Request For Payment REJECTED by MISSING,res_c69c8e50-1285-46f6-a2dc-3b4fe9a350e1,Role 1,2018-11-27 06:43:36,180,0,2018-11-27 05:59:09
Case318,Request For Payment REJECTED by EMPLOYEE,res_c69c8e50-1285-46f6-a2dc-3b4fe9a350e1,Role 1,2018-11-27 07:03:26,180,0,2018-11-27 06:20:41
Case369,Request For Payment REJECTED by SUPERVISOR,res_c69c8e50-1285-46f6-a2dc-3b4fe9a350e1,Role 1,2018-11-27 07:11:57,180,0,2018-11-27 06:27:34
Case349,Request For Payment SUBMITTED by EMPLOYEE,res_c69c8e50-1285-46f6-a2dc-3b4fe9a350e1,Role 1,2018-11-27 07:14:35,180,2,2018-11-27 06:33:45
Case360,Request For Payment FINAL_APPROVED by SUPERVISOR,res_c69c8e50-1285-46f6-a2dc-3b4fe9a350e1,Role 1,2018-11-27 07:30:02,179,1,2018-11-27 06:45:47
Case370,Request For Payment SAVED by EMPLOYEE,res_c69c8e50-1285-46f6-a2dc-3b4fe9a350e1,Role 1,2018-11-27 07:55:46,180,0,2018-11-27 07:26:23
Case349,Request For Payment APPROVED by PRE_APPROVER,res_c69c8e50-1285-46f6-a2dc-3b4fe9a350e1,Role 1,2018-11-27 07:58:04,179,0,2018-11-27 07:14:53
Case356,Request Payment,res_f1d5d76e-73b3-4ad2-b5bc-b44969b003a7,Role 2,2018-11-27 08:19:43,180,1,2018-11-27 07:34:35
Case315,Request For Payment SUBMITTED by EMPLOYEE,res_f1d5d76e-73b3-4ad2-b5bc-b44969b003a7,Role 1,2018-11-27 08:23:52,180,2,2018-11-27 07:41:43
Case293,Request Payment,res_c69c8e50-1285-46f6-a2dc-3b4fe9a350e1,Role 2,2018-11-27 08:46:46,179,2,2018-11-27 08:03:34
Case371,Request For Payment SAVED by EMPLOYEE,res_c69c8e50-1285-46f6-a2dc-3b4fe9a350e1,Role 1,2018-11-27 08:56:11,180,0,2018-11-27 08:26:47
Case337,Request For Payment SUBMITTED by EMPLOYEE,res_c69c8e50-1285-46f6-a2dc-3b4fe9a350e1,Role 1,2018-11-27 09:20:20,180,2,2018-11-27 08:39:19
Case372,Request For Payment SAVED by EMPLOYEE,res_c69c8e50-1285-46f6-a2dc-3b4fe9a350e1,Role 1,2018-11-27 09:27:29,180,0,2018-11-27 08:58:07
Case361,Request For Payment REJECTED by MISSING,res_c69c8e50-1285-46f6-a2dc-3b4fe9a350e1,Role 1,2018-11-27 09:33:12,180,0,2018-11-27 08:48:51
Case337,Request For Payment FINAL_APPROVED by SUPERVISOR,res_c69c8e50-1285-46f6-a2dc-3b4fe9a350e1,Role 1,2018-11-27 11:21:07,178,1,2018-11-27 10:37:45
Case373,Request For Payment SAVED by EMPLOYEE,res_c69c8e50-1285-46f6-a2dc-3b4fe9a350e1,Role 1,2018-11-27 12:03:58,179,0,2018-11-27 11:34:36
Case374,Request For Payment SUBMITTED by EMPLOYEE,res_c69c8e50-1285-46f6-a2dc-3b4fe9a350e1,Role 1,2018-11-27 13:18:33,179,2,2018-11-27 12:49:05
Case375,Request For Payment SAVED by EMPLOYEE,res_c69c8e50-1285-46f6-a2dc-3b4fe9a350e1,Role 1,2018-11-27 13:43:32,180,0,2018-11-27 13:14:11
Case374,Request For Payment FINAL_APPROVED by SUPERVISOR,res_c69c8e50-1285-46f6-a2dc-3b4fe9a350e1,Role 1,2018-11-27 14:03:25,180,1,2018-11-27 13:18:51
Case331,Request For Payment SUBMITTED by EMPLOYEE,res_c69c8e50-1285-46f6-a2dc-3b4fe9a350e1,Role 1,2018-11-27 14:41:47,179,2,2018-11-27 14:00:21
Case376,Request For Payment SAVED by EMPLOYEE,res_c69c8e50-1285-46f6-a2dc-3b4fe9a350e1,Role 1,2018-11-27 14:55:11,180,0,2018-11-27 14:25:51
Case304,Request Payment,res_c69c8e50-1285-46f6-a2dc-3b4fe9a350e1,Role 2,2018-11-27 15:02:00,179,1,2018-11-27 14:18:52
Case349,Request For Payment FINAL_APPROVED by SUPERVISOR,res_c69c8e50-1285-46f6-a2dc-3b4fe9a350e1,Role 1,2018-11-27 15:19:51,180,1,2018-11-27 14:36:58
Case332,Request For Payment REJECTED by EMPLOYEE,res_c69c8e50-1285-46f6-a2dc-3b4fe9a350e1,Role 1,2018-11-27 15:22:38,180,0,2018-11-27 14:41:15
Case318,Request For Payment SUBMITTED by EMPLOYEE,res_c69c8e50-1285-46f6-a2dc-3b4fe9a350e1,Role 1,2018-11-27 15:34:28,180,2,2018-11-27 14:52:42
Case365,Request For Payment FINAL_APPROVED by SUPERVISOR,res_c69c8e50-1285-46f6-a2dc-3b4fe9a350e1,Role 1,2018-11-27 15:43:12,179,2,2018-11-27 14:59:24
Case377,Request For Payment SUBMITTED by EMPLOYEE,res_c69c8e50-1285-46f6-a2dc-3b4fe9a350e1,Role 1,2018-11-27 15:48:06,180,3,2018-11-27 15:18:36
Case334,Request For Payment SUBMITTED by EMPLOYEE,res_c69c8e50-1285-46f6-a2dc-3b4fe9a350e1,Role 1,2018-11-27 16:27:54,179,3,2018-11-27 15:46:51
Case331,Request For Payment FINAL_APPROVED by SUPERVISOR,res_c69c8e50-1285-46f6-a2dc-3b4fe9a350e1,Role 1,2018-11-27 16:31:04,179,1,2018-11-27 15:47:37
Case377,Request For Payment APPROVED by ADMINISTRATION,res_c69c8e50-1285-46f6-a2dc-3b4fe9a350e1,Role 1,2018-11-27 16:32:57,179,1,2018-11-27 15:48:24
Case315,Request For Payment APPROVED by ADMINISTRATION,res_c69c8e50-1285-46f6-a2dc-3b4fe9a350e1,Role 1,2018-11-27 16:45:49,179,2,2018-11-27 16:03:54
Case334,Request For Payment REJECTED by PRE_APPROVER,res_c69c8e50-1285-46f6-a2dc-3b4fe9a350e1,Role 1,2018-11-27 17:11:27,179,0,2018-11-27 16:28:12
Case378,Request For Payment SAVED by EMPLOYEE,res_c69c8e50-1285-46f6-a2dc-3b4fe9a350e1,Role 1,2018-11-27 17:14:47,180,0,2018-11-27 16:45:27
Case349,Request For Payment REJECTED by MISSING,res_c69c8e50-1285-46f6-a2dc-3b4fe9a350e1,Role 1,2018-11-27 17:16:26,179,0,2018-11-27 16:35:06
Case379,Request For Payment SUBMITTED by EMPLOYEE,res_c69c8e50-1285-46f6-a2dc-3b4fe9a350e1,Role 1,2018-11-27 17:43:01,181,2,2018-11-27 17:13:31
Case343,Request For Payment SUBMITTED by EMPLOYEE,res_c69c8e50-1285-46f6-a2dc-3b4fe9a350e1,Role 1,2018-11-27 18:11:36,179,3,2018-11-27 17:30:33
Case318,Request For Payment REJECTED by SUPERVISOR,res_c69c8e50-1285-46f6-a2dc-3b4fe9a350e1,Role 1,2018-11-27 18:13:44,179,0,2018-11-27 17:32:13
Case379,Request For Payment REJECTED by SUPERVISOR,res_c69c8e50-1285-46f6-a2dc-3b4fe9a350e1,Role 1,2018-11-27 18:27:36,179,1,2018-11-27 17:43:19
Case343,Request For Payment REJECTED by PRE_APPROVER,res_c69c8e50-1285-46f6-a2dc-3b4fe9a350e1,Role 1,2018-11-27 18:54:46,179,0,2018-11-27 18:11:54
Case315,Request For Payment REJECTED by BUDGET OWNER,res_f1d5d76e-73b3-4ad2-b5bc-b44969b003a7,Role 1,2018-11-27 19:41:05,179,0,2018-11-27 18:59:17
Case294,Request Payment,res_f1d5d76e-73b3-4ad2-b5bc-b44969b003a7,Role 2,2018-11-27 19:54:54,179,1,2018-11-27 19:11:47
Case380,Request For Payment SUBMITTED by EMPLOYEE,res_c69c8e50-1285-46f6-a2dc-3b4fe9a350e1,Role 1,2018-11-27 20:33:09,180,2,2018-11-27 20:03:40
Case380,Request For Payment REJECTED by SUPERVISOR,res_c69c8e50-1285-46f6-a2dc-3b4fe9a350e1,Role 1,2018-11-27 21:17:50,180,0,2018-11-27 20:33:27
Case338,Request For Payment REJECTED by MISSING,res_c69c8e50-1285-46f6-a2dc-3b4fe9a350e1,Role 1,2018-11-27 22:43:34,180,0,2018-11-27 22:02:55
Case381,Request For Payment SAVED by EMPLOYEE,res_c69c8e50-1285-46f6-a2dc-3b4fe9a350e1,Role 1,2018-11-27 23:10:53,181,0,2018-11-27 22:41:36
Case382,Request For Payment SAVED by EMPLOYEE,res_c69c8e50-1285-46f6-a2dc-3b4fe9a350e1,Role 1,2018-11-27 23:44:31,180,0,2018-11-27 23:15:14
Case383,Request For Payment SUBMITTED by EMPLOYEE,res_c69c8e50-1285-46f6-a2dc-3b4fe9a350e1,Role 1,2018-11-28 00:22:10,180,2,2018-11-27 23:52:40
Case334,Request For Payment REJECTED by EMPLOYEE,res_c69c8e50-1285-46f6-a2dc-3b4fe9a350e1,Role 1,2018-11-28 00:39:19,180,0,2018-11-27 23:56:46
Case318,Request For Payment REJECTED by EMPLOYEE,res_c69c8e50-1285-46f6-a2dc-3b4fe9a350e1,Role 1,2018-11-28 00:56:45,180,1,2018-11-28 00:14:14
Case383,Request For Payment REJECTED by SUPERVISOR,res_c69c8e50-1285-46f6-a2dc-3b4fe9a350e1,Role 1,2018-11-28 01:06:26,180,0,2018-11-28 00:22:28
Case366,Request For Payment REJECTED by EMPLOYEE,res_c69c8e50-1285-46f6-a2dc-3b4fe9a350e1,Role 1,2018-11-28 01:46:54,180,0,2018-11-28 01:03:07
Case343,Request For Payment REJECTED by EMPLOYEE,res_c69c8e50-1285-46f6-a2dc-3b4fe9a350e1,Role 1,2018-11-28 02:22:20,180,1,2018-11-28 01:39:40
Case352,Request Payment,res_c69c8e50-1285-46f6-a2dc-3b4fe9a350e1,Role 2,2018-11-28 03:17:26,179,1,2018-11-28 02:34:25
Case384,Request For Payment SAVED by EMPLOYEE,res_c69c8e50-1285-46f6-a2dc-3b4fe9a350e1,Role 1,2018-11-28 03:30:39,180,0,2018-11-28 03:01:35
Case315,Request For Payment REJECTED by EMPLOYEE,res_c69c8e50-1285-46f6-a2dc-3b4fe9a350e1,Role 1,2018-11-28 05:22:15,179,0,2018-11-28 04:40:02
Case336,Request For Payment REJECTED by MISSING,res_c69c8e50-1285-46f6-a2dc-3b4fe9a350e1,Role 1,2018-11-28 06:40:49,178,0,2018-11-28 05:59:31
Case385,Request For Payment SAVED by EMPLOYEE,res_f1d5d76e-73b3-4ad2-b5bc-b44969b003a7,Role 1,2018-11-28 07:13:31,178,0,2018-11-28 06:44:16
Case302,Request Payment,res_c69c8e50-1285-46f6-a2dc-3b4fe9a350e1,Role 2,2018-11-28 07:53:45,178,1,2018-11-28 07:10:38
Case386,Request For Payment SUBMITTED by EMPLOYEE,res_c69c8e50-1285-46f6-a2dc-3b4fe9a350e1,Role 1,2018-11-28 07:58:37,178,2,2018-11-28 07:30:13
Case386,Request For Payment REJECTED by ADMINISTRATION,res_c69c8e50-1285-46f6-a2dc-3b4fe9a350e1,Role 1,2018-11-28 08:42:39,178,0,2018-11-28 07:58:55
Case387,Request For Payment SAVED by EMPLOYEE,res_c69c8e50-1285-46f6-a2dc-3b4fe9a350e1,Role 1,2018-11-28 10:11:03,179,0,2018-11-28 09:41:49
Case318,Request For Payment SUBMITTED by EMPLOYEE,res_c69c8e50-1285-46f6-a2dc-3b4fe9a350e1,Role 1,2018-11-28 10:18:24,178,2,2018-11-28 09:35:56
Case369,Request For Payment REJECTED by EMPLOYEE,res_c69c8e50-1285-46f6-a2dc-3b4fe9a350e1,Role 1,2018-11-28 10:24:39,178,0,2018-11-28 09:40:30
Case334,Request For Payment SUBMITTED by EMPLOYEE,res_c69c8e50-1285-46f6-a2dc-3b4fe9a350e1,Role 1,2018-11-28 10:31:36,179,3,2018-11-28 09:49:30
Case388,Request For Payment SUBMITTED by EMPLOYEE,res_c69c8e50-1285-46f6-a2dc-3b4fe9a350e1,Role 1,2018-11-28 11:58:36,179,2,2018-11-28 11:29:47
Case388,Request For Payment FINAL_APPROVED by SUPERVISOR,res_c69c8e50-1285-46f6-a2dc-3b4fe9a350e1,Role 1,2018-11-28 12:42:39,179,1,2018-11-28 11:58:54
Case389,Request For Payment SUBMITTED by EMPLOYEE,res_c69c8e50-1285-46f6-a2dc-3b4fe9a350e1,Role 1,2018-11-28 13:15:43,180,2,2018-11-28 12:46:52
Case360,Request For Payment REJECTED by MISSING,res_c69c8e50-1285-46f6-a2dc-3b4fe9a350e1,Role 1,2018-11-28 13:34:37,180,0,2018-11-28 12:54:14
Case390,Request For Payment SAVED by EMPLOYEE,res_f1d5d76e-73b3-4ad2-b5bc-b44969b003a7,Role 1,2018-11-28 13:58:01,181,0,2018-11-28 13:28:49
Case389,Request For Payment REJECTED by PRE_APPROVER,res_f1d5d76e-73b3-4ad2-b5bc-b44969b003a7,Role 1,2018-11-28 13:59:41,180,0,2018-11-28 13:16:01
Case337,Request Payment,res_c69c8e50-1285-46f6-a2dc-3b4fe9a350e1,Role 2,2018-11-28 14:29:09,180,1,2018-11-28 13:45:58
Case391,Request For Payment SAVED by EMPLOYEE,res_c69c8e50-1285-46f6-a2dc-3b4fe9a350e1,Role 1,2018-11-28 14:47:39,180,0,2018-11-28 14:18:38
Case392,Request For Payment SAVED by EMPLOYEE,res_c69c8e50-1285-46f6-a2dc-3b4fe9a350e1,Role 1,2018-11-28 16:09:51,180,0,2018-11-28 15:40:40
Case334,Request For Payment APPROVED by PRE_APPROVER,res_c69c8e50-1285-46f6-a2dc-3b4fe9a350e1,Role 1,2018-11-28 16:16:09,179,0,2018-11-28 15:33:57
Case393,Request For Payment SUBMITTED by EMPLOYEE,res_c69c8e50-1285-46f6-a2dc-3b4fe9a350e1,Role 1,2018-11-28 16:59:03,180,2,2018-11-28 16:29:59
Case318,Request For Payment FINAL_APPROVED by SUPERVISOR,res_c69c8e50-1285-46f6-a2dc-3b4fe9a350e1,Role 1,2018-11-28 17:11:24,179,1,2018-11-28 16:28:55
Case393,Request For Payment REJECTED by SUPERVISOR,res_c69c8e50-1285-46f6-a2dc-3b4fe9a350e1,Role 1,2018-11-28 17:43:07,180,0,2018-11-28 16:59:21
Case377,Request For Payment REJECTED by SUPERVISOR,res_c69c8e50-1285-46f6-a2dc-3b4fe9a350e1,Role 1,2018-11-28 17:58:53,180,1,2018-11-28 17:14:35
Case394,Request For Payment SAVED by EMPLOYEE,res_f1d5d76e-73b3-4ad2-b5bc-b44969b003a7,Role 1,2018-11-28 18:34:51,181,0,2018-11-28 18:05:39
Case331,Request Payment,res_f1d5d76e-73b3-4ad2-b5bc-b44969b003a7,Role 2,2018-11-28 18:57:17,181,1,2018-11-28 18:14:07
Case395,Request For Payment SAVED by EMPLOYEE,res_c69c8e50-1285-46f6-a2dc-3b4fe9a350e1,Role 1,2018-11-28 20:29:12,181,0,2018-11-28 20:00:01
Case379,Request For Payment REJECTED by EMPLOYEE,res_c69c8e50-1285-46f6-a2dc-3b4fe9a350e1,Role 1,2018-11-28 21:40:21,180,0,2018-11-28 20:56:15
Case396,Request For Payment SAVED by EMPLOYEE,res_c69c8e50-1285-46f6-a2dc-3b4fe9a350e1,Role 1,2018-11-28 21:47:35,181,0,2018-11-28 21:18:26
Case397,Request For Payment SUBMITTED by EMPLOYEE,res_c69c8e50-1285-46f6-a2dc-3b4fe9a350e1,Role 1,2018-11-28 23:04:26,180,2,2018-11-28 22:35:27
Case397,Request For Payment FINAL_APPROVED by SUPERVISOR,res_c69c8e50-1285-46f6-a2dc-3b4fe9a350e1,Role 1,2018-11-28 23:48:41,180,1,2018-11-28 23:04:44
Case398,Request For Payment SUBMITTED by EMPLOYEE,res_c69c8e50-1285-46f6-a2dc-3b4fe9a350e1,Role 1,2018-11-28 23:54:30,181,3,2018-11-28 23:25:25
Case366,Request For Payment SUBMITTED by EMPLOYEE,res_c69c8e50-1285-46f6-a2dc-3b4fe9a350e1,Role 1,2018-11-29 00:04:29,180,2,2018-11-28 23:23:36
Case334,Request For Payment FINAL_APPROVED by SUPERVISOR,res_c69c8e50-1285-46f6-a2dc-3b4fe9a350e1,Role 1,2018-11-29 00:15:06,181,2,2018-11-28 23:32:24
Case399,Request For Payment SUBMITTED by EMPLOYEE,res_c69c8e50-1285-46f6-a2dc-3b4fe9a350e1,Role 1,2018-11-29 00:32:13,182,3,2018-11-29 00:02:55
Case398,Request For Payment REJECTED by SUPERVISOR,res_c69c8e50-1285-46f6-a2dc-3b4fe9a350e1,Role 1,2018-11-29 00:38:35,181,0,2018-11-28 23:54:48
Case383,Request For Payment REJECTED by EMPLOYEE,res_c69c8e50-1285-46f6-a2dc-3b4fe9a350e1,Role 1,2018-11-29 00:53:24,182,0,2018-11-29 00:09:29
Case399,Request For Payment FINAL_APPROVED by SUPERVISOR,res_c69c8e50-1285-46f6-a2dc-3b4fe9a350e1,Role 1,2018-11-29 01:16:56,182,1,2018-11-29 00:32:31
Case366,Request For Payment APPROVED by ADMINISTRATION,res_c69c8e50-1285-46f6-a2dc-3b4fe9a350e1,Role 1,2018-11-29 01:43:40,182,1,2018-11-29 01:00:27
Case400,Request For Payment SAVED by EMPLOYEE,res_c69c8e50-1285-46f6-a2dc-3b4fe9a350e1,Role 1,2018-11-29 01:57:39,183,0,2018-11-29 01:28:20
Case365,Request For Payment REJECTED by MISSING,res_c69c8e50-1285-46f6-a2dc-3b4fe9a350e1,Role 1,2018-11-29 02:06:50,182,0,2018-11-29 01:26:35
Case380,Request For Payment REJECTED by EMPLOYEE,res_c69c8e50-1285-46f6-a2dc-3b4fe9a350e1,Role 1,2018-11-29 02:09:39,182,0,2018-11-29 01:25:19
Case401,Request For Payment SUBMITTED by EMPLOYEE,res_c69c8e50-1285-46f6-a2dc-3b4fe9a350e1,Role 1,2018-11-29 02:21:34,184,2,2018-11-29 01:52:16
Case366,Request For Payment REJECTED by BUDGET OWNER,res_c69c8e50-1285-46f6-a2dc-3b4fe9a350e1,Role 1,2018-11-29 02:26:45,183,0,2018-11-29 01:43:58
Case401,Request For Payment REJECTED by ADMINISTRATION,res_c69c8e50-1285-46f6-a2dc-3b4fe9a350e1,Role 1,2018-11-29 03:08:52,182,0,2018-11-29 02:24:24
Case374,Request Payment,res_f1d5d76e-73b3-4ad2-b5bc-b44969b003a7,Role 2,2018-11-29 04:22:18,182,1,2018-11-29 03:37:03
Case402,Request For Payment SUBMITTED by EMPLOYEE,res_c69c8e50-1285-46f6-a2dc-3b4fe9a350e1,Role 1,2018-11-29 06:08:07,183,2,2018-11-29 05:38:55
Case403,Request For Payment SAVED by EMPLOYEE,res_c69c8e50-1285-46f6-a2dc-3b4fe9a350e1,Role 1,2018-11-29 06:55:12,184,0,2018-11-29 06:25:52
Case402,Request For Payment REJECTED by SUPERVISOR,res_c69c8e50-1285-46f6-a2dc-3b4fe9a350e1,Role 1,2018-11-29 07:13:32,184,0,2018-11-29 06:29:06
Case306,Payment Handled,res_c69c8e50-1285-46f6-a2dc-3b4fe9a350e1,Role 2,2018-11-29 08:25:50,183,2,2018-11-29 07:42:26
Case366,Request For Payment REJECTED by EMPLOYEE,res_c69c8e50-1285-46f6-a2dc-3b4fe9a350e1,Role 1,2018-11-29 08:30:16,183,0,2018-11-29 07:47:30
Case356,Payment Handled,res_c69c8e50-1285-46f6-a2dc-3b4fe9a350e1,Role 2,2018-11-29 08:38:52,183,3,2018-11-29 07:54:13
Case404,Request For Payment SUBMITTED by EMPLOYEE,res_c69c8e50-1285-46f6-a2dc-3b4fe9a350e1,Role 1,2018-11-29 08:46:26,184,2,2018-11-29 08:17:20
Case386,Request For Payment REJECTED by EMPLOYEE,res_f1d5d76e-73b3-4ad2-b5bc-b44969b003a7,Role 1,2018-11-29 09:04:51,184,1,2018-11-29 08:21:09
Case319,Payment Handled,res_c69c8e50-1285-46f6-a2dc-3b4fe9a350e1,Role 2,2018-11-29 09:39:19,182,2,2018-11-29 08:56:30
Case404,Request For Payment REJECTED by SUPERVISOR,res_f1d5d76e-73b3-4ad2-b5bc-b44969b003a7,Role 1,2018-11-29 09:52:57,181,0,2018-11-29 09:08:33
Case405,Request For Payment SUBMITTED by EMPLOYEE,res_f1d5d76e-73b3-4ad2-b5bc-b44969b003a7,Role 1,2018-11-29 09:55:07,182,2,2018-11-29 09:26:01
Case318,Request Payment,res_c69c8e50-1285-46f6-a2dc-3b4fe9a350e1,Role 2,2018-11-29 10:27:20,181,1,2018-11-29 09:44:10
Case406,Request For Payment SAVED by EMPLOYEE,res_c69c8e50-1285-46f6-a2dc-3b4fe9a350e1,Role 1,2018-11-29 10:30:57,182,0,2018-11-29 10:01:48
Case369,Request For Payment SUBMITTED by EMPLOYEE,res_c69c8e50-1285-46f6-a2dc-3b4fe9a350e1,Role 1,2018-11-29 10:36:58,181,2,2018-11-29 09:56:36
Case405,Request For Payment FINAL_APPROVED by SUPERVISOR,res_c69c8e50-1285-46f6-a2dc-3b4fe9a350e1,Role 1,2018-11-29 10:39:31,181,1,2018-11-29 09:55:25
Case369,Request For Payment REJECTED by SUPERVISOR,res_f1d5d76e-73b3-4ad2-b5bc-b44969b003a7,Role 1,2018-11-29 11:20:39,181,0,2018-11-29 10:37:16
Case326,Payment Handled,res_c69c8e50-1285-46f6-a2dc-3b4fe9a350e1,Role 2,2018-11-29 11:49:32,181,2,2018-11-29 11:04:12
Case293,Payment Handled,res_c69c8e50-1285-46f6-a2dc-3b4fe9a350e1,Role 2,2018-11-29 11:58:25,181,3,2018-11-29 11:14:06
Case388,Request For Payment REJECTED by MISSING,res_c69c8e50-1285-46f6-a2dc-3b4fe9a350e1,Role 1,2018-11-29 12:07:48,181,0,2018-11-29 11:23:41
Case389,Request For Payment REJECTED by EMPLOYEE,res_c69c8e50-1285-46f6-a2dc-3b4fe9a350e1,Role 1,2018-11-29 12:42:28,179,0,2018-11-29 11:58:32
Case407,Request For Payment SUBMITTED by EMPLOYEE,res_c69c8e50-1285-46f6-a2dc-3b4fe9a350e1,Role 1,2018-11-29 12:49:44,179,2,2018-11-29 12:20:24
Case407,Request For Payment REJECTED by ADMINISTRATION,res_f1d5d76e-73b3-4ad2-b5bc-b44969b003a7,Role 1,2018-11-29 13:36:37,179,0,2018-11-29 12:52:10
Case321,Payment Handled,res_c69c8e50-1285-46f6-a2dc-3b4fe9a350e1,Role 2,2018-11-29 14:09:33,179,2,2018-11-29 13:26:41
Case408,Request For Payment SAVED by EMPLOYEE,res_c69c8e50-1285-46f6-a2dc-3b4fe9a350e1,Role 1,2018-11-29 14:30:30,180,0,2018-11-29 14:01:21
Case265,Payment Handled,res_c69c8e50-1285-46f6-a2dc-3b4fe9a350e1,Role 2,2018-11-29 15:38:42,178,2,2018-11-29 14:54:24
Case409,Request For Payment SAVED by EMPLOYEE,res_c69c8e50-1285-46f6-a2dc-3b4fe9a350e1,Role 1,2018-11-29 15:54:18,179,0,2018-11-29 15:25:10
Case313,Payment Handled,res_c69c8e50-1285-46f6-a2dc-3b4fe9a350e1,Role 2,2018-11-29 16:04:41,178,3,2018-11-29 15:21:33
Case369,Request For Payment REJECTED by EMPLOYEE,res_c69c8e50-1285-46f6-a2dc-3b4fe9a350e1,Role 1,2018-11-29 16:22:01,178,0,2018-11-29 15:39:02
Case410,Request For Payment SUBMITTED by EMPLOYEE,res_c69c8e50-1285-46f6-a2dc-3b4fe9a350e1,Role 1,2018-11-29 16:57:54,177,2,2018-11-29 16:28:36
Case393,Request For Payment REJECTED by EMPLOYEE,res_c69c8e50-1285-46f6-a2dc-3b4fe9a350e1,Role 1,2018-11-29 17:30:02,177,0,2018-11-29 16:46:10
Case410,Request For Payment FINAL_APPROVED by SUPERVISOR,res_c69c8e50-1285-46f6-a2dc-3b4fe9a350e1,Role 1,2018-11-29 17:42:39,177,1,2018-11-29 16:58:12
Case366,Request For Payment SUBMITTED by EMPLOYEE,res_f1d5d76e-73b3-4ad2-b5bc-b44969b003a7,Role 1,2018-11-29 17:45:06,177,2,2018-11-29 17:02:27
Case411,Request For Payment SAVED by EMPLOYEE,res_f1d5d76e-73b3-4ad2-b5bc-b44969b003a7,Role 1,2018-11-29 18:07:43,177,0,2018-11-29 17:38:30
Case304,Payment Handled,res_f1d5d76e-73b3-4ad2-b5bc-b44969b003a7,Role 2,2018-11-29 18:28:07,177,2,2018-11-29 17:44:36
Case412,Request For Payment SAVED by EMPLOYEE,res_c69c8e50-1285-46f6-a2dc-3b4fe9a350e1,Role 1,2018-11-29 19:03:01,176,0,2018-11-29 18:33:47
Case366,Request For Payment APPROVED by ADMINISTRATION,res_c69c8e50-1285-46f6-a2dc-3b4fe9a350e1,Role 1,2018-11-29 19:20:28,176,1,2018-11-29 18:37:43
Case413,Request For Payment SAVED by EMPLOYEE,res_c69c8e50-1285-46f6-a2dc-3b4fe9a350e1,Role 1,2018-11-29 19:41:24,176,0,2018-11-29 19:12:12
Case366,Request For Payment REJECTED by SUPERVISOR,res_c69c8e50-1285-46f6-a2dc-3b4fe9a350e1,Role 1,2018-11-29 20:03:23,176,0,2018-11-29 19:20:46
Case366,Request For Payment REJECTED by EMPLOYEE,res_f1d5d76e-73b3-4ad2-b5bc-b44969b003a7,Role 1,2018-11-29 20:46:16,175,0,2018-11-29 20:03:41
Case352,Payment Handled,res_c69c8e50-1285-46f6-a2dc-3b4fe9a350e1,Role 2,2018-11-29 20:51:14,175,2,2018-11-29 20:07:28
Case414,Request For Payment SAVED by EMPLOYEE,res_c69c8e50-1285-46f6-a2dc-3b4fe9a350e1,Role 1,2018-11-29 21:19:37,175,0,2018-11-29 20:50:32
Case377,Request For Payment REJECTED by EMPLOYEE,res_f1d5d76e-73b3-4ad2-b5bc-b44969b003a7,Role 1,2018-11-29 22:03:17,173,0,2018-11-29 21:23:28
Case397,Request For Payment REJECTED by MISSING,res_f1d5d76e-73b3-4ad2-b5bc-b44969b003a7,Role 1,2018-11-29 22:29:04,173,0,2018-11-29 21:44:44
Case333,Payment Handled,res_f1d5d76e-73b3-4ad2-b5bc-b44969b003a7,Role 2,2018-11-29 22:43:42,173,2,2018-11-29 21:58:19
Case305,Payment Handled,res_f1d5d76e-73b3-4ad2-b5bc-b44969b003a7,Role 2,2018-11-29 22:50:17,173,3,2018-11-29 22:06:54
Case294,Payment Handled,res_f1d5d76e-73b3-4ad2-b5bc-b44969b003a7,Role 2,2018-11-29 22:52:37,173,4,2018-11-29 22:08:16
Case302,Payment Handled,res_f1d5d76e-73b3-4ad2-b5bc-b44969b003a7,Role 2,2018-11-30 00:45:33,169,2,2018-11-30 00:02:29
Case415,Request For Payment SAVED by EMPLOYEE,res_c69c8e50-1285-46f6-a2dc-3b4fe9a350e1,Role 1,2018-11-30 01:33:11,169,0,2018-11-30 01:03:35
Case377,Request For Payment SUBMITTED by EMPLOYEE,res_c69c8e50-1285-46f6-a2dc-3b4fe9a350e1,Role 1,2018-11-30 04:32:14,168,2,2018-11-30 03:48:45
Case416,Request For Payment SAVED by EMPLOYEE,res_c69c8e50-1285-46f6-a2dc-3b4fe9a350e1,Role 1,2018-11-30 04:33:18,169,0,2018-11-30 04:03:43
Case369,Request For Payment SUBMITTED by EMPLOYEE,res_f1d5d76e-73b3-4ad2-b5bc-b44969b003a7,Role 1,2018-11-30 06:58:03,168,2,2018-11-30 06:15:22
Case337,Payment Handled,res_f1d5d76e-73b3-4ad2-b5bc-b44969b003a7,Role 2,2018-11-30 07:31:40,168,2,2018-11-30 06:48:42
Case417,Request For Payment SUBMITTED by EMPLOYEE,res_c69c8e50-1285-46f6-a2dc-3b4fe9a350e1,Role 1,2018-11-30 09:05:50,168,2,2018-11-30 08:36:23
Case418,Request For Payment SAVED by EMPLOYEE,res_c69c8e50-1285-46f6-a2dc-3b4fe9a350e1,Role 1,2018-11-30 09:21:34,169,0,2018-11-30 08:52:00
Case417,Request For Payment FINAL_APPROVED by SUPERVISOR,res_c69c8e50-1285-46f6-a2dc-3b4fe9a350e1,Role 1,2018-11-30 09:51:04,169,1,2018-11-30 09:06:08
Case419,Request For Payment SAVED by EMPLOYEE,res_c69c8e50-1285-46f6-a2dc-3b4fe9a350e1,Role 1,2018-11-30 10:44:22,169,0,2018-11-30 10:14:47
Case331,Payment Handled,res_f1d5d76e-73b3-4ad2-b5bc-b44969b003a7,Role 2,2018-11-30 12:00:50,168,2,2018-11-30 11:17:54
Case420,Request For Payment SAVED by EMPLOYEE,res_c69c8e50-1285-46f6-a2dc-3b4fe9a350e1,Role 1,2018-11-30 12:31:47,168,0,2018-11-30 12:02:13
Case421,Request For Payment SUBMITTED by EMPLOYEE,res_c69c8e50-1285-46f6-a2dc-3b4fe9a350e1,Role 1,2018-11-30 14:31:01,168,2,2018-11-30 14:01:31
Case421,Request For Payment APPROVED by ADMINISTRATION,res_c69c8e50-1285-46f6-a2dc-3b4fe9a350e1,Role 1,2018-11-30 15:16:14,168,1,2018-11-30 14:31:19
Case422,Request For Payment SUBMITTED by EMPLOYEE,res_c69c8e50-1285-46f6-a2dc-3b4fe9a350e1,Role 1,2018-11-30 16:25:29,169,2,2018-11-30 15:55:59
Case422,Request For Payment REJECTED by SUPERVISOR,res_c69c8e50-1285-46f6-a2dc-3b4fe9a350e1,Role 1,2018-11-30 17:10:39,169,0,2018-11-30 16:25:48
Case423,Request For Payment SUBMITTED by EMPLOYEE,res_c69c8e50-1285-46f6-a2dc-3b4fe9a350e1,Role 1,2018-11-30 19:49:15,170,2,2018-11-30 19:19:44
Case424,Request For Payment SUBMITTED by EMPLOYEE,res_c69c8e50-1285-46f6-a2dc-3b4fe9a350e1,Role 1,2018-11-30 20:28:50,171,2,2018-11-30 19:59:17
Case423,Request For Payment REJECTED by SUPERVISOR,res_c69c8e50-1285-46f6-a2dc-3b4fe9a350e1,Role 1,2018-11-30 20:34:26,170,0,2018-11-30 19:49:36
Case424,Request For Payment REJECTED by PRE_APPROVER,res_c69c8e50-1285-46f6-a2dc-3b4fe9a350e1,Role 1,2018-11-30 21:17:18,171,0,2018-11-30 20:32:33
Case425,Request For Payment SAVED by EMPLOYEE,res_c69c8e50-1285-46f6-a2dc-3b4fe9a350e1,Role 1,2018-11-30 21:40:48,172,0,2018-11-30 21:11:16
Case380,Request For Payment SUBMITTED by EMPLOYEE,res_c69c8e50-1285-46f6-a2dc-3b4fe9a350e1,Role 1,2018-12-01 02:23:29,171,2,2018-12-01 01:42:18
Case377,Request For Payment APPROVED by PRE_APPROVER,res_c69c8e50-1285-46f6-a2dc-3b4fe9a350e1,Role 1,2018-12-01 02:38:21,171,0,2018-12-01 01:55:30
Case426,Request For Payment SAVED by EMPLOYEE,res_c69c8e50-1285-46f6-a2dc-3b4fe9a350e1,Role 1,2018-12-01 03:10:01,172,0,2018-12-01 02:40:32
Case398,Request For Payment REJECTED by EMPLOYEE,res_c69c8e50-1285-46f6-a2dc-3b4fe9a350e1,Role 1,2018-12-01 07:36:27,171,0,2018-12-01 06:52:52
Case405,Request For Payment REJECTED by MISSING,res_c69c8e50-1285-46f6-a2dc-3b4fe9a350e1,Role 1,2018-12-01 09:41:11,170,0,2018-12-01 08:57:12
Case380,Request For Payment REJECTED by ADMINISTRATION,res_c69c8e50-1285-46f6-a2dc-3b4fe9a350e1,Role 1,2018-12-01 10:31:32,169,0,2018-12-01 09:48:13
Case369,Request For Payment REJECTED by ADMINISTRATION,res_c69c8e50-1285-46f6-a2dc-3b4fe9a350e1,Role 1,2018-12-01 10:56:53,169,1,2018-12-01 10:14:26
Case427,Request For Payment SAVED by EMPLOYEE,res_c69c8e50-1285-46f6-a2dc-3b4fe9a350e1,Role 1,2018-12-01 10:57:23,170,0,2018-12-01 10:27:54
Case404,Request For Payment REJECTED by EMPLOYEE,res_c69c8e50-1285-46f6-a2dc-3b4fe9a350e1,Role 1,2018-12-01 11:14:21,170,0,2018-12-01 10:30:46
Case428,Request For Payment SUBMITTED by EMPLOYEE,res_c69c8e50-1285-46f6-a2dc-3b4fe9a350e1,Role 1,2018-12-01 11:49:51,169,2,2018-12-01 11:20:44
Case428,Request For Payment FINAL_APPROVED by SUPERVISOR,res_c69c8e50-1285-46f6-a2dc-3b4fe9a350e1,Role 1,2018-12-01 12:34:06,169,1,2018-12-01 11:50:09
Case401,Request For Payment REJECTED by EMPLOYEE,res_c69c8e50-1285-46f6-a2dc-3b4fe9a350e1,Role 1,2018-12-01 13:45:35,169,0,2018-12-01 13:01:55
Case429,Request For Payment SAVED by EMPLOYEE,res_c69c8e50-1285-46f6-a2dc-3b4fe9a350e1,Role 1,2018-12-01 13:52:08,170,0,2018-12-01 13:22:40
Case430,Request For Payment SAVED by EMPLOYEE,res_c69c8e50-1285-46f6-a2dc-3b4fe9a350e1,Role 1,2018-12-01 14:59:48,169,0,2018-12-01 14:30:20
Case410,Request For Payment REJECTED by MISSING,res_c69c8e50-1285-46f6-a2dc-3b4fe9a350e1,Role 1,2018-12-01 17:03:53,168,0,2018-12-01 16:19:43
Case389,Request For Payment SUBMITTED by EMPLOYEE,res_c69c8e50-1285-46f6-a2dc-3b4fe9a350e1,Role 1,2018-12-01 18:14:10,167,2,2018-12-01 17:32:20
Case431,Request For Payment SAVED by EMPLOYEE,res_c69c8e50-1285-46f6-a2dc-3b4fe9a350e1,Role 1,2018-12-01 18:23:11,168,0,2018-12-01 17:53:44
Case383,Request For Payment SUBMITTED by EMPLOYEE,res_c69c8e50-1285-46f6-a2dc-3b4fe9a350e1,Role 1,2018-12-01 18:28:22,167,3,2018-12-01 17:47:07
Case402,Request For Payment REJECTED by EMPLOYEE,res_c69c8e50-1285-46f6-a2dc-3b4fe9a350e1,Role 1,2018-12-01 18:44:20,168,0,2018-12-01 18:00:32
Case407,Request For Payment REJECTED by EMPLOYEE,res_c69c8e50-1285-46f6-a2dc-3b4fe9a350e1,Role 1,2018-12-01 19:41:08,166,0,2018-12-01 18:57:26
Case432,Request For Payment SUBMITTED by EMPLOYEE,res_c69c8e50-1285-46f6-a2dc-3b4fe9a350e1,Role 1,2018-12-01 20:52:35,166,2,2018-12-01 20:23:21
Case432,Request For Payment REJECTED by SUPERVISOR,res_c69c8e50-1285-46f6-a2dc-3b4fe9a350e1,Role 1,2018-12-01 21:37:16,166,0,2018-12-01 20:52:53
Case369,Request For Payment REJECTED by EMPLOYEE,res_c69c8e50-1285-46f6-a2dc-3b4fe9a350e1,Role 1,2018-12-02 03:36:01,166,0,2018-12-02 02:53:28
Case380,Request For Payment REJECTED by EMPLOYEE,res_c69c8e50-1285-46f6-a2dc-3b4fe9a350e1,Role 1,2018-12-02 04:24:15,166,0,2018-12-02 03:41:25
Case383,Request For Payment FINAL_APPROVED by SUPERVISOR,res_c69c8e50-1285-46f6-a2dc-3b4fe9a350e1,Role 1,2018-12-02 04:37:16,166,1,2018-12-02 03:54:07
Case433,Request For Payment SAVED by EMPLOYEE,res_c69c8e50-1285-46f6-a2dc-3b4fe9a350e1,Role 1,2018-12-02 04:40:42,167,0,2018-12-02 04:11:11
Case389,Request For Payment FINAL_APPROVED by SUPERVISOR,res_c69c8e50-1285-46f6-a2dc-3b4fe9a350e1,Role 1,2018-12-02 04:47:06,166,2,2018-12-02 04:04:01
Case383,Request For Payment REJECTED by MISSING,res_c69c8e50-1285-46f6-a2dc-3b4fe9a350e1,Role 1,2018-12-02 05:51:10,166,0,2018-12-02 05:08:40
Case377,Request For Payment FINAL_APPROVED by SUPERVISOR,res_c69c8e50-1285-46f6-a2dc-3b4fe9a350e1,Role 1,2018-12-02 06:09:14,166,1,2018-12-02 05:26:34
Case434,Request For Payment SAVED by EMPLOYEE,res_c69c8e50-1285-46f6-a2dc-3b4fe9a350e1,Role 1,2018-12-02 10:01:01,166,0,2018-12-02 09:31:30
Case435,Request For Payment SUBMITTED by EMPLOYEE,res_c69c8e50-1285-46f6-a2dc-3b4fe9a350e1,Role 1,2018-12-02 10:30:52,166,2,2018-12-02 10:01:24
Case369,Request For Payment SUBMITTED by EMPLOYEE,res_c69c8e50-1285-46f6-a2dc-3b4fe9a350e1,Role 1,2018-12-02 10:57:55,166,3,2018-12-02 10:15:36
Case435,Request For Payment REJECTED by SUPERVISOR,res_c69c8e50-1285-46f6-a2dc-3b4fe9a350e1,Role 1,2018-12-02 11:15:45,166,0,2018-12-02 10:31:10
Case369,Request For Payment REJECTED by SUPERVISOR,res_c69c8e50-1285-46f6-a2dc-3b4fe9a350e1,Role 1,2018-12-02 11:39:30,166,1,2018-12-02 10:58:13
Case436,Request For Payment SUBMITTED by EMPLOYEE,res_c69c8e50-1285-46f6-a2dc-3b4fe9a350e1,Role 1,2018-12-02 12:15:01,167,3,2018-12-02 11:45:34
Case380,Request For Payment SUBMITTED by EMPLOYEE,res_c69c8e50-1285-46f6-a2dc-3b4fe9a350e1,Role 1,2018-12-02 12:20:29,166,2,2018-12-02 11:38:02
Case399,Request Payment,res_c69c8e50-1285-46f6-a2dc-3b4fe9a350e1,Role 2,2018-12-02 12:24:05,166,1,2018-12-02 11:39:57
Case436,Request For Payment REJECTED by SUPERVISOR,res_f1d5d76e-73b3-4ad2-b5bc-b44969b003a7,Role 1,2018-12-02 12:59:55,167,0,2018-12-02 12:15:19
Case380,Request For Payment REJECTED by SUPERVISOR,res_c69c8e50-1285-46f6-a2dc-3b4fe9a350e1,Role 1,2018-12-02 13:27:52,167,1,2018-12-02 12:46:54
Case334,Request Payment,res_c69c8e50-1285-46f6-a2dc-3b4fe9a350e1,Role 2,2018-12-02 13:39:50,167,1,2018-12-02 12:56:57
Case437,Request For Payment SUBMITTED by EMPLOYEE,res_c69c8e50-1285-46f6-a2dc-3b4fe9a350e1,Role 1,2018-12-02 13:42:08,168,2,2018-12-02 13:12:41
Case437,Request For Payment FINAL_APPROVED by SUPERVISOR,res_c69c8e50-1285-46f6-a2dc-3b4fe9a350e1,Role 1,2018-12-02 14:27:06,168,1,2018-12-02 13:42:26
Case438,Request For Payment SUBMITTED by EMPLOYEE,res_c69c8e50-1285-46f6-a2dc-3b4fe9a350e1,Role 1,2018-12-02 14:29:46,169,2,2018-12-02 14:00:13
Case438,Request For Payment APPROVED by ADMINISTRATION,res_c69c8e50-1285-46f6-a2dc-3b4fe9a350e1,Role 1,2018-12-02 15:14:45,169,1,2018-12-02 14:30:04
Case439,Request For Payment SUBMITTED by EMPLOYEE,res_c69c8e50-1285-46f6-a2dc-3b4fe9a350e1,Role 1,2018-12-02 18:04:08,170,2,2018-12-02 17:34:37
Case440,Request For Payment SAVED by EMPLOYEE,res_c69c8e50-1285-46f6-a2dc-3b4fe9a350e1,Role 1,2018-12-02 18:44:16,171,0,2018-12-02 18:14:49
Case439,Request For Payment APPROVED by ADMINISTRATION,res_c69c8e50-1285-46f6-a2dc-3b4fe9a350e1,Role 1,2018-12-02 18:49:06,170,1,2018-12-02 18:04:26
Case369,Request For Payment REJECTED by EMPLOYEE,res_c69c8e50-1285-46f6-a2dc-3b4fe9a350e1,Role 1,2018-12-02 19:07:09,171,0,2018-12-02 18:25:37
Case441,Request For Payment SAVED by EMPLOYEE,res_c69c8e50-1285-46f6-a2dc-3b4fe9a350e1,Role 1,2018-12-02 20:08:04,170,0,2018-12-02 19:38:37
Case380,Request For Payment REJECTED by EMPLOYEE,res_c69c8e50-1285-46f6-a2dc-3b4fe9a350e1,Role 1,2018-12-02 21:15:31,169,0,2018-12-02 20:33:53
Case442,Request For Payment SUBMITTED by EMPLOYEE,res_c69c8e50-1285-46f6-a2dc-3b4fe9a350e1,Role 1,2018-12-02 21:51:22,169,2,2018-12-02 21:21:50
Case442,Request For Payment APPROVED by ADMINISTRATION,res_c69c8e50-1285-46f6-a2dc-3b4fe9a350e1,Role 1,2018-12-02 22:36:20,169,1,2018-12-02 21:51:40
Case443,Request For Payment SUBMITTED by EMPLOYEE,res_c69c8e50-1285-46f6-a2dc-3b4fe9a350e1,Role 1,2018-12-02 22:50:25,170,2,2018-12-02 22:20:52
Case443,Request For Payment FINAL_APPROVED by SUPERVISOR,res_c69c8e50-1285-46f6-a2dc-3b4fe9a350e1,Role 1,2018-12-02 23:35:24,170,1,2018-12-02 22:50:43
Case444,Request For Payment SAVED by EMPLOYEE,res_c69c8e50-1285-46f6-a2dc-3b4fe9a350e1,Role 1,2018-12-03 01:41:01,171,0,2018-12-03 01:11:47
Case374,Payment Handled,res_c69c8e50-1285-46f6-a2dc-3b4fe9a350e1,Role 2,2018-12-03 04:59:32,170,2,2018-12-03 04:16:41
Case445,Request For Payment SUBMITTED by EMPLOYEE,res_c69c8e50-1285-46f6-a2dc-3b4fe9a350e1,Role 1,2018-12-03 05:25:29,171,2,2018-12-03 04:56:50
Case445,Request For Payment FINAL_APPROVED by SUPERVISOR,res_c69c8e50-1285-46f6-a2dc-3b4fe9a350e1,Role 1,2018-12-03 06:09:54,170,1,2018-12-03 05:25:47
Case446,Request For Payment SAVED by EMPLOYEE,res_c69c8e50-1285-46f6-a2dc-3b4fe9a350e1,Role 1,2018-12-03 09:36:33,171,0,2018-12-03 09:07:17
Case447,Request For Payment SAVED by EMPLOYEE,res_c69c8e50-1285-46f6-a2dc-3b4fe9a350e1,Role 1,2018-12-03 10:53:51,171,0,2018-12-03 10:24:35
Case448,Request For Payment SUBMITTED by EMPLOYEE,res_c69c8e50-1285-46f6-a2dc-3b4fe9a350e1,Role 1,2018-12-03 11:49:28,171,2,2018-12-03 11:20:35
Case318,Payment Handled,res_c69c8e50-1285-46f6-a2dc-3b4fe9a350e1,Role 2,2018-12-03 11:49:43,170,2,2018-12-03 11:06:27
Case448,Request For Payment FINAL_APPROVED by SUPERVISOR,res_c69c8e50-1285-46f6-a2dc-3b4fe9a350e1,Role 1,2018-12-03 12:34:04,170,1,2018-12-03 11:49:46
Case449,Request For Payment SUBMITTED by EMPLOYEE,res_c69c8e50-1285-46f6-a2dc-3b4fe9a350e1,Role 1,2018-12-03 12:57:14,171,2,2018-12-03 12:27:56
Case450,Request For Payment SUBMITTED by EMPLOYEE,res_f1d5d76e-73b3-4ad2-b5bc-b44969b003a7,Role 1,2018-12-03 13:26:07,172,3,2018-12-03 12:56:48
Case449,Request For Payment REJECTED by SUPERVISOR,res_c69c8e50-1285-46f6-a2dc-3b4fe9a350e1,Role 1,2018-12-03 13:41:29,172,0,2018-12-03 12:57:32
Case417,Request Payment,res_c69c8e50-1285-46f6-a2dc-3b4fe9a350e1,Role 2,2018-12-03 13:53:44,172,1,2018-12-03 13:07:33
Case450,Request For Payment FINAL_APPROVED by SUPERVISOR,res_c69c8e50-1285-46f6-a2dc-3b4fe9a350e1,Role 1,2018-12-03 14:10:41,172,1,2018-12-03 13:26:25
Case436,Request For Payment REJECTED by EMPLOYEE,res_c69c8e50-1285-46f6-a2dc-3b4fe9a350e1,Role 1,2018-12-03 14:27:14,172,0,2018-12-03 13:43:13
Case451,Request For Payment SUBMITTED by EMPLOYEE,res_c69c8e50-1285-46f6-a2dc-3b4fe9a350e1,Role 1,2018-12-03 14:53:52,173,2,2018-12-03 14:24:33
Case435,Request For Payment REJECTED by EMPLOYEE,res_c69c8e50-1285-46f6-a2dc-3b4fe9a350e1,Role 1,2018-12-03 15:05:03,172,1,2018-12-03 14:20:34
Case451,Request For Payment REJECTED by SUPERVISOR,res_c69c8e50-1285-46f6-a2dc-3b4fe9a350e1,Role 1,2018-12-03 15:38:06,172,0,2018-12-03 14:54:10
Case421,Request For Payment FINAL_APPROVED by SUPERVISOR,res_c69c8e50-1285-46f6-a2dc-3b4fe9a350e1,Role 1,2018-12-03 15:56:52,171,1,2018-12-03 15:11:28
Case452,Request For Payment SUBMITTED by EMPLOYEE,res_c69c8e50-1285-46f6-a2dc-3b4fe9a350e1,Role 1,2018-12-03 16:00:11,172,2,2018-12-03 15:30:52
Case452,Request For Payment APPROVED by PRE_APPROVER,res_c69c8e50-1285-46f6-a2dc-3b4fe9a350e1,Role 1,2018-12-03 16:44:43,172,0,2018-12-03 16:00:29
Case453,Request For Payment SUBMITTED by EMPLOYEE,res_c69c8e50-1285-46f6-a2dc-3b4fe9a350e1,Role 1,2018-12-03 17:22:35,173,2,2018-12-03 16:53:27
Case428,Request For Payment REJECTED by MISSING,res_c69c8e50-1285-46f6-a2dc-3b4fe9a350e1,Role 1,2018-12-03 18:03:16,173,0,2018-12-03 17:18:35
Case453,Request For Payment REJECTED by SUPERVISOR,res_c69c8e50-1285-46f6-a2dc-3b4fe9a350e1,Role 1,2018-12-03 18:06:55,173,0,2018-12-03 17:22:53
Case454,Request For Payment SUBMITTED by EMPLOYEE,res_c69c8e50-1285-46f6-a2dc-3b4fe9a350e1,Role 1,2018-12-03 18:23:58,174,2,2018-12-03 17:54:38
Case454,Request For Payment APPROVED by ADMINISTRATION,res_c69c8e50-1285-46f6-a2dc-3b4fe9a350e1,Role 1,2018-12-03 19:08:38,173,1,2018-12-03 18:24:16
Case422,Request For Payment REJECTED by EMPLOYEE,res_c69c8e50-1285-46f6-a2dc-3b4fe9a350e1,Role 1,2018-12-03 19:55:07,173,0,2018-12-03 19:10:16
Case438,Request For Payment FINAL_APPROVED by SUPERVISOR,res_c69c8e50-1285-46f6-a2dc-3b4fe9a350e1,Role 1,2018-12-03 21:22:03,172,1,2018-12-03 20:37:42
Case423,Request For Payment REJECTED by EMPLOYEE,res_c69c8e50-1285-46f6-a2dc-3b4fe9a350e1,Role 1,2018-12-03 22:15:36,172,0,2018-12-03 21:30:47
Case424,Request For Payment REJECTED by EMPLOYEE,res_c69c8e50-1285-46f6-a2dc-3b4fe9a350e1,Role 1,2018-12-03 22:23:04,172,1,2018-12-03 21:38:24
Case439,Request For Payment FINAL_APPROVED by SUPERVISOR,res_c69c8e50-1285-46f6-a2dc-3b4fe9a350e1,Role 1,2018-12-03 22:40:59,172,1,2018-12-03 21:56:33
Case455,Request For Payment SUBMITTED by EMPLOYEE,res_c69c8e50-1285-46f6-a2dc-3b4fe9a350e1,Role 1,2018-12-03 23:00:58,173,2,2018-12-03 22:31:37
Case456,Request For Payment SAVED by EMPLOYEE,res_c69c8e50-1285-46f6-a2dc-3b4fe9a350e1,Role 1,2018-12-03 23:25:04,174,0,2018-12-03 22:55:52
Case455,Request For Payment REJECTED by SUPERVISOR,res_c69c8e50-1285-46f6-a2dc-3b4fe9a350e1,Role 1,2018-12-03 23:45:10,174,0,2018-12-03 23:01:16
Case445,Request For Payment REJECTED by MISSING,res_c69c8e50-1285-46f6-a2dc-3b4fe9a350e1,Role 1,2018-12-04 01:34:24,173,0,2018-12-04 00:49:47
Case442,Request For Payment APPROVED by BUDGET OWNER,res_c69c8e50-1285-46f6-a2dc-3b4fe9a350e1,Role 1,2018-12-04 02:08:56,173,1,2018-12-04 01:24:33
Case457,Request For Payment SAVED by EMPLOYEE,res_c69c8e50-1285-46f6-a2dc-3b4fe9a350e1,Role 1,2018-12-04 02:17:49,173,0,2018-12-04 01:48:24
Case432,Request For Payment REJECTED by EMPLOYEE,res_c69c8e50-1285-46f6-a2dc-3b4fe9a350e1,Role 1,2018-12-04 06:22:34,172,0,2018-12-04 05:38:16
Case458,Request For Payment SAVED by EMPLOYEE,res_c69c8e50-1285-46f6-a2dc-3b4fe9a350e1,Role 1,2018-12-04 06:52:20,172,0,2018-12-04 06:22:56
Case459,Request For Payment SAVED by EMPLOYEE,res_c69c8e50-1285-46f6-a2dc-3b4fe9a350e1,Role 1,2018-12-04 07:40:34,172,0,2018-12-04 07:11:11
Case448,Request For Payment REJECTED by MISSING,res_c69c8e50-1285-46f6-a2dc-3b4fe9a350e1,Role 1,2018-12-04 07:54:03,171,0,2018-12-04 07:09:32
Case449,Request For Payment REJECTED by EMPLOYEE,res_c69c8e50-1285-46f6-a2dc-3b4fe9a350e1,Role 1,2018-12-04 08:01:13,172,0,2018-12-04 07:17:00
Case460,Request For Payment SUBMITTED by EMPLOYEE,res_c69c8e50-1285-46f6-a2dc-3b4fe9a350e1,Role 1,2018-12-04 08:37:42,171,2,2018-12-04 08:08:16
Case460,Request For Payment APPROVED by ADMINISTRATION,res_c69c8e50-1285-46f6-a2dc-3b4fe9a350e1,Role 1,2018-12-04 09:22:34,171,1,2018-12-04 08:38:00
Case450,Request For Payment REJECTED by MISSING,res_c69c8e50-1285-46f6-a2dc-3b4fe9a350e1,Role 1,2018-12-04 09:54:06,171,0,2018-12-04 09:09:44
Case461,Request For Payment SUBMITTED by EMPLOYEE,res_c69c8e50-1285-46f6-a2dc-3b4fe9a350e1,Role 1,2018-12-04 09:57:37,172,2,2018-12-04 09:28:07
Case462,Request For Payment SUBMITTED by EMPLOYEE,res_c69c8e50-1285-46f6-a2dc-3b4fe9a350e1,Role 1,2018-12-04 10:29:13,172,2,2018-12-04 09:59:43
Case451,Request For Payment REJECTED by EMPLOYEE,res_c69c8e50-1285-46f6-a2dc-3b4fe9a350e1,Role 1,2018-12-04 10:33:38,172,0,2018-12-04 09:49:25
Case461,Request For Payment REJECTED by SUPERVISOR,res_c69c8e50-1285-46f6-a2dc-3b4fe9a350e1,Role 1,2018-12-04 10:42:14,171,0,2018-12-04 09:57:55
Case462,Request For Payment REJECTED by SUPERVISOR,res_c69c8e50-1285-46f6-a2dc-3b4fe9a350e1,Role 1,2018-12-04 11:13:50,172,1,2018-12-04 10:29:31
Case452,Request For Payment FINAL_APPROVED by SUPERVISOR,res_c69c8e50-1285-46f6-a2dc-3b4fe9a350e1,Role 1,2018-12-04 11:48:33,171,1,2018-12-04 11:04:25
Case463,Request For Payment SAVED by EMPLOYEE,res_c69c8e50-1285-46f6-a2dc-3b4fe9a350e1,Role 1,2018-12-04 11:53:02,172,0,2018-12-04 11:23:41
Case453,Request For Payment REJECTED by EMPLOYEE,res_c69c8e50-1285-46f6-a2dc-3b4fe9a350e1,Role 1,2018-12-04 13:02:34,171,0,2018-12-04 12:18:14
Case464,Request For Payment SAVED by EMPLOYEE,res_c69c8e50-1285-46f6-a2dc-3b4fe9a350e1,Role 1,2018-12-04 13:18:32,172,0,2018-12-04 12:49:11
Case465,Request For Payment SUBMITTED by EMPLOYEE,res_c69c8e50-1285-46f6-a2dc-3b4fe9a350e1,Role 1,2018-12-04 14:08:18,172,2,2018-12-04 13:38:49
Case466,Request For Payment SAVED by EMPLOYEE,res_c69c8e50-1285-46f6-a2dc-3b4fe9a350e1,Role 1,2018-12-04 14:26:35,173,0,2018-12-04 13:57:15
Case454,Request For Payment REJECTED by SUPERVISOR,res_c69c8e50-1285-46f6-a2dc-3b4fe9a350e1,Role 1,2018-12-04 14:28:23,172,0,2018-12-04 13:44:02
Case465,Request For Payment FINAL_APPROVED by SUPERVISOR,res_c69c8e50-1285-46f6-a2dc-3b4fe9a350e1,Role 1,2018-12-04 14:53:11,173,1,2018-12-04 14:08:36
Case467,Request For Payment SAVED by EMPLOYEE,res_c69c8e50-1285-46f6-a2dc-3b4fe9a350e1,Role 1,2018-12-04 15:26:55,173,0,2018-12-04 14:57:34
Case377,Request Payment,res_f1d5d76e-73b3-4ad2-b5bc-b44969b003a7,Role 2,2018-12-04 16:48:32,172,1,2018-12-04 16:05:27
Case437,Request Payment,res_f1d5d76e-73b3-4ad2-b5bc-b44969b003a7,Role 2,2018-12-04 17:49:56,172,1,2018-12-04 17:04:48
Case468,Request For Payment SUBMITTED by EMPLOYEE,res_c69c8e50-1285-46f6-a2dc-3b4fe9a350e1,Role 1,2018-12-04 18:24:30,173,2,2018-12-04 17:55:01
Case389,Request Payment,res_c69c8e50-1285-46f6-a2dc-3b4fe9a350e1,Role 2,2018-12-04 18:56:03,173,1,2018-12-04 18:12:55
Case455,Request For Payment REJECTED by EMPLOYEE,res_c69c8e50-1285-46f6-a2dc-3b4fe9a350e1,Role 1,2018-12-04 19:04:22,173,0,2018-12-04 18:20:30
Case468,Request For Payment REJECTED by SUPERVISOR,res_c69c8e50-1285-46f6-a2dc-3b4fe9a350e1,Role 1,2018-12-04 19:09:06,173,0,2018-12-04 18:24:48
Case424,Request For Payment SUBMITTED by EMPLOYEE,res_c69c8e50-1285-46f6-a2dc-3b4fe9a350e1,Role 1,2018-12-04 20:15:06,172,2,2018-12-04 19:34:04
Case424,Request For Payment FINAL_APPROVED by SUPERVISOR,res_c69c8e50-1285-46f6-a2dc-3b4fe9a350e1,Role 1,2018-12-04 21:05:12,172,1,2018-12-04 20:21:39
Case423,Request For Payment SUBMITTED by EMPLOYEE,res_c69c8e50-1285-46f6-a2dc-3b4fe9a350e1,Role 1,2018-12-05 00:10:50,172,2,2018-12-04 23:29:21
Case469,Request For Payment SAVED by EMPLOYEE,res_c69c8e50-1285-46f6-a2dc-3b4fe9a350e1,Role 1,2018-12-05 00:47:30,173,0,2018-12-05 00:18:14
Case421,Request For Payment REJECTED by MISSING,res_c69c8e50-1285-46f6-a2dc-3b4fe9a350e1,Role 1,2018-12-05 01:39:11,172,0,2018-12-05 00:57:41
Case470,Request For Payment SUBMITTED by EMPLOYEE,res_c69c8e50-1285-46f6-a2dc-3b4fe9a350e1,Role 1,2018-12-05 01:52:20,173,2,2018-12-05 01:23:27
Case470,Request For Payment REJECTED by PRE_APPROVER,res_c69c8e50-1285-46f6-a2dc-3b4fe9a350e1,Role 1,2018-12-05 02:36:12,172,0,2018-12-05 01:52:38
Case423,Request For Payment APPROVED by ADMINISTRATION,res_c69c8e50-1285-46f6-a2dc-3b4fe9a350e1,Role 1,2018-12-05 04:28:21,172,1,2018-12-05 03:44:55
Case471,Request For Payment SUBMITTED by EMPLOYEE,res_c69c8e50-1285-46f6-a2dc-3b4fe9a350e1,Role 1,2018-12-05 05:14:14,173,2,2018-12-05 04:45:54
Case443,Request Payment,res_c69c8e50-1285-46f6-a2dc-3b4fe9a350e1,Role 2,2018-12-05 05:17:17,172,1,2018-12-05 04:33:20
Case471,Request For Payment REJECTED by SUPERVISOR,res_c69c8e50-1285-46f6-a2dc-3b4fe9a350e1,Role 1,2018-12-05 05:58:10,173,0,2018-12-05 05:14:32
Case472,Request For Payment SAVED by EMPLOYEE,res_c69c8e50-1285-46f6-a2dc-3b4fe9a350e1,Role 1,2018-12-05 07:10:47,174,0,2018-12-05 06:41:32
Case449,Request For Payment SUBMITTED by EMPLOYEE,res_c69c8e50-1285-46f6-a2dc-3b4fe9a350e1,Role 1,2018-12-05 07:53:30,173,2,2018-12-05 07:12:41
Case438,Request For Payment REJECTED by MISSING,res_c69c8e50-1285-46f6-a2dc-3b4fe9a350e1,Role 1,2018-12-05 08:35:06,173,0,2018-12-05 07:54:13
Case423,Request For Payment REJECTED by SUPERVISOR,res_c69c8e50-1285-46f6-a2dc-3b4fe9a350e1,Role 1,2018-12-05 08:43:14,173,0,2018-12-05 08:00:39
Case473,Request For Payment SAVED by EMPLOYEE,res_c69c8e50-1285-46f6-a2dc-3b4fe9a350e1,Role 1,2018-12-05 08:43:25,174,0,2018-12-05 08:14:11
Case439,Request For Payment REJECTED by MISSING,res_c69c8e50-1285-46f6-a2dc-3b4fe9a350e1,Role 1,2018-12-05 09:31:16,172,0,2018-12-05 08:50:17
Case474,Request For Payment SAVED by EMPLOYEE,res_c69c8e50-1285-46f6-a2dc-3b4fe9a350e1,Role 1,2018-12-05 10:09:47,172,0,2018-12-05 09:40:32
Case449,Request For Payment REJECTED by PRE_APPROVER,res_c69c8e50-1285-46f6-a2dc-3b4fe9a350e1,Role 1,2018-12-05 10:46:30,172,0,2018-12-05 10:03:34
Case460,Request For Payment REJECTED by SUPERVISOR,res_c69c8e50-1285-46f6-a2dc-3b4fe9a350e1,Role 1,2018-12-05 10:52:58,172,0,2018-12-05 10:08:35
Case475,Request For Payment SAVED by EMPLOYEE,res_c69c8e50-1285-46f6-a2dc-3b4fe9a350e1,Role 1,2018-12-05 12:08:53,172,0,2018-12-05 11:39:40
Case453,Request For Payment SUBMITTED by EMPLOYEE,res_c69c8e50-1285-46f6-a2dc-3b4fe9a350e1,Role 1,2018-12-05 12:13:07,171,2,2018-12-05 11:32:10
Case476,Request For Payment SAVED by EMPLOYEE,res_c69c8e50-1285-46f6-a2dc-3b4fe9a350e1,Role 1,2018-12-05 12:28:05,173,1,2018-12-05 11:58:52
Case461,Request For Payment REJECTED by EMPLOYEE,res_c69c8e50-1285-46f6-a2dc-3b4fe9a350e1,Role 1,2018-12-05 14:00:14,171,0,2018-12-05 13:16:09
Case462,Request For Payment REJECTED by EMPLOYEE,res_c69c8e50-1285-46f6-a2dc-3b4fe9a350e1,Role 1,2018-12-05 14:31:44,171,1,2018-12-05 13:47:40
Case453,Request For Payment REJECTED by SUPERVISOR,res_c69c8e50-1285-46f6-a2dc-3b4fe9a350e1,Role 1,2018-12-05 14:32:18,171,0,2018-12-05 13:49:21
Case477,Request For Payment SAVED by EMPLOYEE,res_c69c8e50-1285-46f6-a2dc-3b4fe9a350e1,Role 1,2018-12-05 14:36:01,171,0,2018-12-05 14:06:49
Case478,Request For Payment SAVED by EMPLOYEE,res_c69c8e50-1285-46f6-a2dc-3b4fe9a350e1,Role 1,2018-12-05 15:24:47,170,0,2018-12-05 14:55:34
Case442,Request For Payment FINAL_APPROVED by SUPERVISOR,res_c69c8e50-1285-46f6-a2dc-3b4fe9a350e1,Role 1,2018-12-05 15:44:19,170,1,2018-12-05 15:02:40
Case479,Request For Payment SUBMITTED by EMPLOYEE,res_c69c8e50-1285-46f6-a2dc-3b4fe9a350e1,Role 1,2018-12-05 16:19:09,170,2,2018-12-05 15:50:05
Case442,Request For Payment REJECTED by MISSING,res_c69c8e50-1285-46f6-a2dc-3b4fe9a350e1,Role 1,2018-12-05 16:27:37,169,0,2018-12-05 15:44:37
Case452,Request For Payment REJECTED by MISSING,res_c69c8e50-1285-46f6-a2dc-3b4fe9a350e1,Role 1,2018-12-05 16:48:19,170,1,2018-12-05 16:08:13
Case479,Request For Payment REJECTED by PRE_APPROVER,res_c69c8e50-1285-46f6-a2dc-3b4fe9a350e1,Role 1,2018-12-05 17:03:04,170,0,2018-12-05 16:19:27
Case465,Request For Payment REJECTED by MISSING,res_c69c8e50-1285-46f6-a2dc-3b4fe9a350e1,Role 1,2018-12-05 17:07:03,170,2,2018-12-05 16:22:40
Case454,Request For Payment REJECTED by EMPLOYEE,res_c69c8e50-1285-46f6-a2dc-3b4fe9a350e1,Role 1,2018-12-05 17:14:27,169,0,2018-12-05 16:33:54
Case423,Request For Payment REJECTED by EMPLOYEE,res_c69c8e50-1285-46f6-a2dc-3b4fe9a350e1,Role 1,2018-12-05 17:33:31,168,1,2018-12-05 16:51:15
Case480,Request For Payment SUBMITTED by EMPLOYEE,res_c69c8e50-1285-46f6-a2dc-3b4fe9a350e1,Role 1,2018-12-05 17:51:23,168,2,2018-12-05 17:22:18
Case480,Request For Payment FINAL_APPROVED by SUPERVISOR,res_c69c8e50-1285-46f6-a2dc-3b4fe9a350e1,Role 1,2018-12-05 18:35:35,168,1,2018-12-05 17:51:41
Case449,Request For Payment REJECTED by EMPLOYEE,res_c69c8e50-1285-46f6-a2dc-3b4fe9a350e1,Role 1,2018-12-05 21:27:44,168,0,2018-12-05 20:44:59
Case468,Request For Payment REJECTED by EMPLOYEE,res_c69c8e50-1285-46f6-a2dc-3b4fe9a350e1,Role 1,2018-12-05 23:04:04,168,0,2018-12-05 22:19:58
Case481,Request For Payment SAVED by EMPLOYEE,res_c69c8e50-1285-46f6-a2dc-3b4fe9a350e1,Role 1,2018-12-05 23:09:30,169,0,2018-12-05 22:40:22
Case453,Request For Payment REJECTED by EMPLOYEE,res_c69c8e50-1285-46f6-a2dc-3b4fe9a350e1,Role 1,2018-12-05 23:54:50,168,0,2018-12-05 23:12:05
Case424,Request Payment,res_c69c8e50-1285-46f6-a2dc-3b4fe9a350e1,Role 2,2018-12-06 00:35:10,168,1,2018-12-05 23:52:00
Case454,Request For Payment SUBMITTED by EMPLOYEE,res_c69c8e50-1285-46f6-a2dc-3b4fe9a350e1,Role 1,2018-12-06 00:35:18,168,2,2018-12-05 23:52:17
Case482,Request For Payment SAVED by EMPLOYEE,res_c69c8e50-1285-46f6-a2dc-3b4fe9a350e1,Role 1,2018-12-06 00:54:59,169,0,2018-12-06 00:25:46
Case423,Request For Payment SUBMITTED by EMPLOYEE,res_c69c8e50-1285-46f6-a2dc-3b4fe9a350e1,Role 1,2018-12-06 01:50:04,168,2,2018-12-06 01:07:29
Case423,Request For Payment REJECTED by SUPERVISOR,res_c69c8e50-1285-46f6-a2dc-3b4fe9a350e1,Role 1,2018-12-06 02:33:03,168,0,2018-12-06 01:50:22
Case470,Request For Payment REJECTED by EMPLOYEE,res_c69c8e50-1285-46f6-a2dc-3b4fe9a350e1,Role 1,2018-12-06 03:06:15,168,0,2018-12-06 02:22:23
Case423,Request For Payment REJECTED by EMPLOYEE,res_c69c8e50-1285-46f6-a2dc-3b4fe9a350e1,Role 1,2018-12-06 03:41:04,168,1,2018-12-06 02:58:13
Case483,Request For Payment SUBMITTED by EMPLOYEE,res_c69c8e50-1285-46f6-a2dc-3b4fe9a350e1,Role 1,2018-12-06 03:59:44,168,2,2018-12-06 03:30:25
Case399,Payment Handled,res_c69c8e50-1285-46f6-a2dc-3b4fe9a350e1,Role 2,2018-12-06 05:00:33,168,2,2018-12-06 04:17:37
Case483,Request For Payment REJECTED by SUPERVISOR,res_c69c8e50-1285-46f6-a2dc-3b4fe9a350e1,Role 1,2018-12-06 05:04:26,168,0,2018-12-06 04:20:03
Case484,Request For Payment SAVED by EMPLOYEE,res_c69c8e50-1285-46f6-a2dc-3b4fe9a350e1,Role 1,2018-12-06 05:42:22,168,0,2018-12-06 05:13:02
Case471,Request For Payment REJECTED by EMPLOYEE,res_c69c8e50-1285-46f6-a2dc-3b4fe9a350e1,Role 1,2018-12-06 06:34:13,167,0,2018-12-06 05:50:23
Case449,Request For Payment SUBMITTED by EMPLOYEE,res_c69c8e50-1285-46f6-a2dc-3b4fe9a350e1,Role 1,2018-12-06 06:35:21,167,2,2018-12-06 05:52:53
Case449,Request For Payment REJECTED by SUPERVISOR,res_c69c8e50-1285-46f6-a2dc-3b4fe9a350e1,Role 1,2018-12-06 07:18:19,167,0,2018-12-06 06:35:39
Case454,Request For Payment APPROVED by ADMINISTRATION,res_c69c8e50-1285-46f6-a2dc-3b4fe9a350e1,Role 1,2018-12-06 07:25:32,167,1,2018-12-06 06:42:52
Case485,Request For Payment SAVED by EMPLOYEE,res_c69c8e50-1285-46f6-a2dc-3b4fe9a350e1,Role 1,2018-12-06 08:02:26,168,0,2018-12-06 07:33:09
Case454,Request For Payment REJECTED by BUDGET OWNER,res_c69c8e50-1285-46f6-a2dc-3b4fe9a350e1,Role 1,2018-12-06 08:08:27,167,0,2018-12-06 07:25:50
Case334,Payment Handled,res_c69c8e50-1285-46f6-a2dc-3b4fe9a350e1,Role 2,2018-12-06 08:39:16,168,2,2018-12-06 07:55:43
Case449,Request For Payment REJECTED by EMPLOYEE,res_c69c8e50-1285-46f6-a2dc-3b4fe9a350e1,Role 1,2018-12-06 08:44:56,168,0,2018-12-06 08:02:03
Case486,Request For Payment SAVED by EMPLOYEE,res_c69c8e50-1285-46f6-a2dc-3b4fe9a350e1,Role 1,2018-12-06 08:54:39,168,0,2018-12-06 08:25:30
Case453,Request For Payment SUBMITTED by EMPLOYEE,res_c69c8e50-1285-46f6-a2dc-3b4fe9a350e1,Role 1,2018-12-06 09:14:03,168,2,2018-12-06 08:31:30
Case487,Request For Payment SAVED by EMPLOYEE,res_c69c8e50-1285-46f6-a2dc-3b4fe9a350e1,Role 1,2018-12-06 09:36:14,167,0,2018-12-06 09:06:57
Case453,Request For Payment REJECTED by ADMINISTRATION,res_c69c8e50-1285-46f6-a2dc-3b4fe9a350e1,Role 1,2018-12-06 09:57:09,167,0,2018-12-06 09:14:21
Case488,Request For Payment SUBMITTED by EMPLOYEE,res_c69c8e50-1285-46f6-a2dc-3b4fe9a350e1,Role 1,2018-12-06 10:23:53,167,2,2018-12-06 09:54:33
Case453,Request For Payment REJECTED by EMPLOYEE,res_c69c8e50-1285-46f6-a2dc-3b4fe9a350e1,Role 1,2018-12-06 10:40:21,167,0,2018-12-06 09:57:27
Case488,Request For Payment REJECTED by PRE_APPROVER,res_c69c8e50-1285-46f6-a2dc-3b4fe9a350e1,Role 1,2018-12-06 11:39:40,166,0,2018-12-06 10:55:20
Case489,Request For Payment SUBMITTED by EMPLOYEE,res_c69c8e50-1285-46f6-a2dc-3b4fe9a350e1,Role 1,2018-12-06 11:59:06,167,2,2018-12-06 11:29:46
Case489,Request For Payment FINAL_APPROVED by SUPERVISOR,res_c69c8e50-1285-46f6-a2dc-3b4fe9a350e1,Role 1,2018-12-06 12:43:49,167,1,2018-12-06 11:59:24
Case490,Request For Payment SAVED by EMPLOYEE,res_c69c8e50-1285-46f6-a2dc-3b4fe9a350e1,Role 1,2018-12-06 13:08:16,168,0,2018-12-06 12:39:01
Case491,Request For Payment SUBMITTED by EMPLOYEE,res_c69c8e50-1285-46f6-a2dc-3b4fe9a350e1,Role 1,2018-12-06 14:16:40,168,2,2018-12-06 13:47:23
Case492,Request For Payment SAVED by EMPLOYEE,res_c69c8e50-1285-46f6-a2dc-3b4fe9a350e1,Role 1,2018-12-06 14:24:14,169,0,2018-12-06 13:54:59
Case460,Request For Payment REJECTED by EMPLOYEE,res_c69c8e50-1285-46f6-a2dc-3b4fe9a350e1,Role 1,2018-12-06 14:43:34,169,0,2018-12-06 14:03:33
Case454,Request For Payment REJECTED by EMPLOYEE,res_c69c8e50-1285-46f6-a2dc-3b4fe9a350e1,Role 1,2018-12-06 14:50:52,169,1,2018-12-06 14:08:09
Case423,Request For Payment SUBMITTED by EMPLOYEE,res_c69c8e50-1285-46f6-a2dc-3b4fe9a350e1,Role 1,2018-12-06 14:56:37,169,3,2018-12-06 14:13:50
Case491,Request For Payment FINAL_APPROVED by SUPERVISOR,res_c69c8e50-1285-46f6-a2dc-3b4fe9a350e1,Role 1,2018-12-06 15:01:25,169,1,2018-12-06 14:16:58
Case493,Request For Payment SUBMITTED by EMPLOYEE,res_c69c8e50-1285-46f6-a2dc-3b4fe9a350e1,Role 1,2018-12-06 15:51:32,168,2,2018-12-06 15:22:14
Case494,Request For Payment SAVED by EMPLOYEE,res_c69c8e50-1285-46f6-a2dc-3b4fe9a350e1,Role 1,2018-12-06 16:31:15,169,0,2018-12-06 16:02:01
Case479,Request For Payment REJECTED by EMPLOYEE,res_c69c8e50-1285-46f6-a2dc-3b4fe9a350e1,Role 1,2018-12-06 16:32:00,168,0,2018-12-06 15:48:06
Case493,Request For Payment APPROVED by ADMINISTRATION,res_c69c8e50-1285-46f6-a2dc-3b4fe9a350e1,Role 1,2018-12-06 16:36:18,168,1,2018-12-06 15:51:50
Case417,Payment Handled,res_c69c8e50-1285-46f6-a2dc-3b4fe9a350e1,Role 2,2018-12-06 17:25:53,168,2,2018-12-06 16:40:31
Case480,Request For Payment REJECTED by MISSING,res_c69c8e50-1285-46f6-a2dc-3b4fe9a350e1,Role 1,2018-12-06 18:01:47,168,0,2018-12-06 17:17:43
Case495,Request For Payment SAVED by EMPLOYEE,res_c69c8e50-1285-46f6-a2dc-3b4fe9a350e1,Role 1,2018-12-06 18:33:56,167,0,2018-12-06 18:04:41
Case423,Request For Payment APPROVED by ADMINISTRATION,res_c69c8e50-1285-46f6-a2dc-3b4fe9a350e1,Role 1,2018-12-06 19:09:42,167,1,2018-12-06 18:26:59
Case423,Request For Payment APPROVED by BUDGET OWNER,res_c69c8e50-1285-46f6-a2dc-3b4fe9a350e1,Role 1,2018-12-06 19:52:49,166,1,2018-12-06 19:10:00
Case437,Payment Handled,res_c69c8e50-1285-46f6-a2dc-3b4fe9a350e1,Role 2,2018-12-06 20:02:54,166,2,2018-12-06 19:18:28
Case377,Payment Handled,res_c69c8e50-1285-46f6-a2dc-3b4fe9a350e1,Role 2,2018-12-06 20:05:01,166,3,2018-12-06 19:21:01
Case449,Request For Payment SUBMITTED by EMPLOYEE,res_c69c8e50-1285-46f6-a2dc-3b4fe9a350e1,Role 1,2018-12-06 20:15:44,166,2,2018-12-06 19:32:57
Case443,Payment Handled,res_c69c8e50-1285-46f6-a2dc-3b4fe9a350e1,Role 2,2018-12-06 21:04:40,164,2,2018-12-06 20:20:55
Case496,Request For Payment SAVED by EMPLOYEE,res_c69c8e50-1285-46f6-a2dc-3b4fe9a350e1,Role 1,2018-12-06 21:12:35,165,0,2018-12-06 20:43:30
Case497,Request For Payment SAVED by EMPLOYEE,res_c69c8e50-1285-46f6-a2dc-3b4fe9a350e1,Role 1,2018-12-06 21:23:39,166,1,2018-12-06 20:54:36
Case389,Payment Handled,res_f1d5d76e-73b3-4ad2-b5bc-b44969b003a7,Role 2,2018-12-06 22:39:54,163,2,2018-12-06 21:56:16
Case498,Request For Payment SUBMITTED by EMPLOYEE,res_c69c8e50-1285-46f6-a2dc-3b4fe9a350e1,Role 1,2018-12-06 23:21:55,163,3,2018-12-06 22:52:35
Case468,Request For Payment SUBMITTED by EMPLOYEE,res_c69c8e50-1285-46f6-a2dc-3b4fe9a350e1,Role 1,2018-12-06 23:31:21,162,2,2018-12-06 22:51:06
Case423,Request For Payment FINAL_APPROVED by SUPERVISOR,res_c69c8e50-1285-46f6-a2dc-3b4fe9a350e1,Role 1,2018-12-06 23:35:37,163,1,2018-12-06 22:52:54
Case454,Request For Payment SUBMITTED by EMPLOYEE,res_c69c8e50-1285-46f6-a2dc-3b4fe9a350e1,Role 1,2018-12-06 23:51:08,163,4,2018-12-06 23:08:30
Case423,Request For Payment REJECTED by MISSING,res_c69c8e50-1285-46f6-a2dc-3b4fe9a350e1,Role 1,2018-12-07 00:18:16,163,0,2018-12-06 23:35:55
Case498,Request For Payment REJECTED by PRE_APPROVER,res_c69c8e50-1285-46f6-a2dc-3b4fe9a350e1,Role 1,2018-12-07 00:37:25,163,0,2018-12-06 23:53:08
Case499,Request For Payment SUBMITTED by EMPLOYEE,res_c69c8e50-1285-46f6-a2dc-3b4fe9a350e1,Role 1,2018-12-07 00:37:49,164,2,2018-12-07 00:08:19
Case468,Request For Payment APPROVED by ADMINISTRATION,res_c69c8e50-1285-46f6-a2dc-3b4fe9a350e1,Role 1,2018-12-07 01:05:06,163,1,2018-12-07 00:21:42
Case499,Request For Payment APPROVED by ADMINISTRATION,res_c69c8e50-1285-46f6-a2dc-3b4fe9a350e1,Role 1,2018-12-07 01:23:04,163,2,2018-12-07 00:38:07
Case454,Request For Payment FINAL_APPROVED by SUPERVISOR,res_c69c8e50-1285-46f6-a2dc-3b4fe9a350e1,Role 1,2018-12-07 02:24:07,163,1,2018-12-07 01:41:27
Case500,Request For Payment SAVED by EMPLOYEE,res_c69c8e50-1285-46f6-a2dc-3b4fe9a350e1,Role 1,2018-12-07 02:36:08,164,0,2018-12-07 02:06:33
Case449,Request For Payment FINAL_APPROVED by SUPERVISOR,res_c69c8e50-1285-46f6-a2dc-3b4fe9a350e1,Role 1,2018-12-07 04:00:35,163,1,2018-12-07 03:17:51
Case501,Request For Payment SUBMITTED by EMPLOYEE,res_c69c8e50-1285-46f6-a2dc-3b4fe9a350e1,Role 1,2018-12-07 09:01:08,164,2,2018-12-07 08:31:42
Case501,Request For Payment FINAL_APPROVED by SUPERVISOR,res_c69c8e50-1285-46f6-a2dc-3b4fe9a350e1,Role 1,2018-12-07 09:46:22,164,1,2018-12-07 09:01:26
Case502,Request For Payment SUBMITTED by EMPLOYEE,res_c69c8e50-1285-46f6-a2dc-3b4fe9a350e1,Role 1,2018-12-07 10:05:30,165,2,2018-12-07 09:35:57
Case502,Request For Payment REJECTED by SUPERVISOR,res_c69c8e50-1285-46f6-a2dc-3b4fe9a350e1,Role 1,2018-12-07 10:50:36,165,0,2018-12-07 10:05:45
Case503,Request For Payment SUBMITTED by EMPLOYEE,res_c69c8e50-1285-46f6-a2dc-3b4fe9a350e1,Role 1,2018-12-07 11:10:17,166,2,2018-12-07 10:40:44
Case503,Request For Payment REJECTED by SUPERVISOR,res_c69c8e50-1285-46f6-a2dc-3b4fe9a350e1,Role 1,2018-12-07 11:55:23,166,0,2018-12-07 11:10:33
Case504,Request For Payment SUBMITTED by EMPLOYEE,res_c69c8e50-1285-46f6-a2dc-3b4fe9a350e1,Role 1,2018-12-07 12:16:48,167,2,2018-12-07 11:47:15
Case505,Request For Payment SUBMITTED by EMPLOYEE,res_c69c8e50-1285-46f6-a2dc-3b4fe9a350e1,Role 1,2018-12-07 12:28:53,168,3,2018-12-07 11:59:20
Case449,Request For Payment REJECTED by MISSING,res_c69c8e50-1285-46f6-a2dc-3b4fe9a350e1,Role 1,2018-12-07 12:58:54,168,0,2018-12-07 12:16:44
Case504,Request For Payment FINAL_APPROVED by SUPERVISOR,res_c69c8e50-1285-46f6-a2dc-3b4fe9a350e1,Role 1,2018-12-07 13:02:01,168,1,2018-12-07 12:17:06
Case505,Request For Payment FINAL_APPROVED by SUPERVISOR,res_c69c8e50-1285-46f6-a2dc-3b4fe9a350e1,Role 1,2018-12-07 13:14:06,168,2,2018-12-07 12:29:11
Case506,Request For Payment SUBMITTED by EMPLOYEE,res_c69c8e50-1285-46f6-a2dc-3b4fe9a350e1,Role 1,2018-12-07 13:48:40,168,2,2018-12-07 13:19:11
Case506,Request For Payment FINAL_APPROVED by SUPERVISOR,res_c69c8e50-1285-46f6-a2dc-3b4fe9a350e1,Role 1,2018-12-07 14:33:53,168,1,2018-12-07 13:48:58
Case507,Request For Payment SAVED by EMPLOYEE,res_c69c8e50-1285-46f6-a2dc-3b4fe9a350e1,Role 1,2018-12-07 15:08:20,169,0,2018-12-07 14:38:46
Case508,Request For Payment SUBMITTED by EMPLOYEE,res_c69c8e50-1285-46f6-a2dc-3b4fe9a350e1,Role 1,2018-12-07 19:02:22,169,2,2018-12-07 18:32:51
Case508,Request For Payment APPROVED by PRE_APPROVER,res_c69c8e50-1285-46f6-a2dc-3b4fe9a350e1,Role 1,2018-12-07 19:47:33,169,0,2018-12-07 19:02:40
Case468,Request For Payment FINAL_APPROVED by SUPERVISOR,res_c69c8e50-1285-46f6-a2dc-3b4fe9a350e1,Role 1,2018-12-08 04:48:40,169,1,2018-12-08 04:05:43
Case509,Request For Payment SAVED by EMPLOYEE,res_c69c8e50-1285-46f6-a2dc-3b4fe9a350e1,Role 1,2018-12-08 05:00:25,170,0,2018-12-08 04:30:55
Case510,Request For Payment SAVED by EMPLOYEE,res_c69c8e50-1285-46f6-a2dc-3b4fe9a350e1,Role 1,2018-12-08 05:24:48,171,1,2018-12-08 04:55:18
Case511,Request For Payment SAVED by EMPLOYEE,res_c69c8e50-1285-46f6-a2dc-3b4fe9a350e1,Role 1,2018-12-08 07:51:27,170,0,2018-12-08 07:21:58
Case512,Request For Payment SUBMITTED by EMPLOYEE,res_c69c8e50-1285-46f6-a2dc-3b4fe9a350e1,Role 1,2018-12-08 08:55:38,170,2,2018-12-08 08:26:34
Case513,Request For Payment SUBMITTED by EMPLOYEE,res_c69c8e50-1285-46f6-a2dc-3b4fe9a350e1,Role 1,2018-12-08 09:38:40,171,2,2018-12-08 09:09:23
Case512,Request For Payment REJECTED by SUPERVISOR,res_c69c8e50-1285-46f6-a2dc-3b4fe9a350e1,Role 1,2018-12-08 09:40:16,170,0,2018-12-08 08:55:56
Case513,Request For Payment APPROVED by ADMINISTRATION,res_c69c8e50-1285-46f6-a2dc-3b4fe9a350e1,Role 1,2018-12-08 10:23:05,171,1,2018-12-08 09:38:58
Case514,Request For Payment SAVED by EMPLOYEE,res_c69c8e50-1285-46f6-a2dc-3b4fe9a350e1,Role 1,2018-12-08 13:47:26,172,0,2018-12-08 13:17:58
Case515,Request For Payment SAVED by EMPLOYEE,res_c69c8e50-1285-46f6-a2dc-3b4fe9a350e1,Role 1,2018-12-08 14:43:56,172,0,2018-12-08 14:14:28
Case516,Request For Payment SAVED by EMPLOYEE,res_c69c8e50-1285-46f6-a2dc-3b4fe9a350e1,Role 1,2018-12-08 15:57:41,172,0,2018-12-08 15:28:13
Case517,Request For Payment SUBMITTED by EMPLOYEE,res_c69c8e50-1285-46f6-a2dc-3b4fe9a350e1,Role 1,2018-12-08 16:21:56,173,2,2018-12-08 15:52:38
Case493,Request For Payment APPROVED by SUPERVISOR,res_c69c8e50-1285-46f6-a2dc-3b4fe9a350e1,Role 1,2018-12-08 16:33:23,172,0,2018-12-08 15:49:02
Case483,Request For Payment REJECTED by EMPLOYEE,res_c69c8e50-1285-46f6-a2dc-3b4fe9a350e1,Role 1,2018-12-08 16:55:48,172,0,2018-12-08 16:12:08
Case517,Request For Payment REJECTED by ADMINISTRATION,res_c69c8e50-1285-46f6-a2dc-3b4fe9a350e1,Role 1,2018-12-08 17:06:31,172,0,2018-12-08 16:22:14
Case488,Request For Payment REJECTED by EMPLOYEE,res_c69c8e50-1285-46f6-a2dc-3b4fe9a350e1,Role 1,2018-12-08 17:27:40,172,1,2018-12-08 16:43:55
Case518,Request For Payment SAVED by EMPLOYEE,res_c69c8e50-1285-46f6-a2dc-3b4fe9a350e1,Role 1,2018-12-08 18:31:51,172,0,2018-12-08 18:02:24
Case491,Request For Payment REJECTED by MISSING,res_c69c8e50-1285-46f6-a2dc-3b4fe9a350e1,Role 1,2018-12-08 19:18:36,171,0,2018-12-08 18:34:24
Case519,Request For Payment SAVED by EMPLOYEE,res_c69c8e50-1285-46f6-a2dc-3b4fe9a350e1,Role 1,2018-12-08 20:21:44,171,0,2018-12-08 19:52:17
Case479,Request For Payment SUBMITTED by EMPLOYEE,res_c69c8e50-1285-46f6-a2dc-3b4fe9a350e1,Role 1,2018-12-08 22:07:51,170,2,2018-12-08 21:26:13
Case471,Request For Payment SUBMITTED by EMPLOYEE,res_c69c8e50-1285-46f6-a2dc-3b4fe9a350e1,Role 1,2018-12-09 01:55:41,170,2,2018-12-09 01:14:10
Case471,Request For Payment REJECTED by ADMINISTRATION,res_c69c8e50-1285-46f6-a2dc-3b4fe9a350e1,Role 1,2018-12-09 02:46:13,170,0,2018-12-09 02:03:19
Case520,Request For Payment SUBMITTED by EMPLOYEE,res_c69c8e50-1285-46f6-a2dc-3b4fe9a350e1,Role 1,2018-12-09 06:36:34,171,2,2018-12-09 06:07:10
Case520,Request For Payment REJECTED by ADMINISTRATION,res_c69c8e50-1285-46f6-a2dc-3b4fe9a350e1,Role 1,2018-12-09 07:21:31,171,0,2018-12-09 06:36:52
Case521,Request For Payment SUBMITTED by EMPLOYEE,res_c69c8e50-1285-46f6-a2dc-3b4fe9a350e1,Role 1,2018-12-09 07:50:33,172,2,2018-12-09 07:21:01
Case521,Request For Payment REJECTED by SUPERVISOR,res_c69c8e50-1285-46f6-a2dc-3b4fe9a350e1,Role 1,2018-12-09 08:35:25,172,0,2018-12-09 07:50:51
Case471,Request For Payment REJECTED by EMPLOYEE,res_c69c8e50-1285-46f6-a2dc-3b4fe9a350e1,Role 1,2018-12-09 08:47:51,172,0,2018-12-09 08:05:14
Case522,Request For Payment SAVED by EMPLOYEE,res_c69c8e50-1285-46f6-a2dc-3b4fe9a350e1,Role 1,2018-12-09 09:07:04,173,0,2018-12-09 08:37:34
Case523,Request For Payment SUBMITTED by EMPLOYEE,res_c69c8e50-1285-46f6-a2dc-3b4fe9a350e1,Role 1,2018-12-09 10:25:32,173,2,2018-12-09 09:56:04
Case479,Request For Payment FINAL_APPROVED by SUPERVISOR,res_c69c8e50-1285-46f6-a2dc-3b4fe9a350e1,Role 1,2018-12-09 10:43:03,173,1,2018-12-09 10:00:02
Case523,Request For Payment REJECTED by SUPERVISOR,res_c69c8e50-1285-46f6-a2dc-3b4fe9a350e1,Role 1,2018-12-09 11:10:25,173,0,2018-12-09 10:25:50
Case524,Request For Payment SAVED by EMPLOYEE,res_c69c8e50-1285-46f6-a2dc-3b4fe9a350e1,Role 1,2018-12-09 11:21:18,174,0,2018-12-09 10:51:49
Case479,Request For Payment REJECTED by MISSING,res_c69c8e50-1285-46f6-a2dc-3b4fe9a350e1,Role 1,2018-12-09 11:47:15,174,0,2018-12-09 11:04:49
Case525,Request For Payment SAVED by EMPLOYEE,res_c69c8e50-1285-46f6-a2dc-3b4fe9a350e1,Role 1,2018-12-09 13:13:22,173,0,2018-12-09 12:43:52
Case526,Request For Payment SAVED by EMPLOYEE,res_c69c8e50-1285-46f6-a2dc-3b4fe9a350e1,Role 1,2018-12-09 13:39:54,174,1,2018-12-09 13:10:26
Case527,Request For Payment SAVED by EMPLOYEE,res_c69c8e50-1285-46f6-a2dc-3b4fe9a350e1,Role 1,2018-12-09 15:02:07,173,0,2018-12-09 14:32:38
Case471,Request For Payment SUBMITTED by EMPLOYEE,res_c69c8e50-1285-46f6-a2dc-3b4fe9a350e1,Role 1,2018-12-09 16:11:31,172,2,2018-12-09 15:29:03
Case528,Request For Payment SUBMITTED by EMPLOYEE,res_c69c8e50-1285-46f6-a2dc-3b4fe9a350e1,Role 1,2018-12-09 16:18:24,173,3,2018-12-09 15:48:51
Case529,Request For Payment SUBMITTED by EMPLOYEE,res_c69c8e50-1285-46f6-a2dc-3b4fe9a350e1,Role 1,2018-12-09 16:37:10,174,4,2018-12-09 16:07:37
Case528,Request For Payment REJECTED by PRE_APPROVER,res_c69c8e50-1285-46f6-a2dc-3b4fe9a350e1,Role 1,2018-12-09 17:03:08,174,0,2018-12-09 16:18:42
Case471,Request For Payment REJECTED by SUPERVISOR,res_c69c8e50-1285-46f6-a2dc-3b4fe9a350e1,Role 1,2018-12-09 17:19:18,174,0,2018-12-09 16:36:57
Case529,Request For Payment REJECTED by SUPERVISOR,res_c69c8e50-1285-46f6-a2dc-3b4fe9a350e1,Role 1,2018-12-09 17:22:02,174,1,2018-12-09 16:37:28
Case530,Request For Payment SAVED by EMPLOYEE,res_c69c8e50-1285-46f6-a2dc-3b4fe9a350e1,Role 1,2018-12-09 20:35:04,175,0,2018-12-09 20:05:37
Case531,Request For Payment SAVED by EMPLOYEE,res_c69c8e50-1285-46f6-a2dc-3b4fe9a350e1,Role 1,2018-12-09 22:30:48,175,0,2018-12-09 22:01:22
Case499,Request For Payment REJECTED by BUDGET OWNER,res_c69c8e50-1285-46f6-a2dc-3b4fe9a350e1,Role 1,2018-12-09 22:51:32,175,0,2018-12-09 22:06:35
Case532,Request For Payment SAVED by EMPLOYEE,res_f1d5d76e-73b3-4ad2-b5bc-b44969b003a7,Role 1,2018-12-09 23:59:21,175,0,2018-12-09 23:29:55
Case498,Request For Payment REJECTED by EMPLOYEE,res_f1d5d76e-73b3-4ad2-b5bc-b44969b003a7,Role 1,2018-12-10 00:05:41,174,0,2018-12-09 23:21:22
Case454,Request Payment,res_f1d5d76e-73b3-4ad2-b5bc-b44969b003a7,Role 2,2018-12-10 00:22:13,175,1,2018-12-09 23:39:19
Case533,Request For Payment SUBMITTED by EMPLOYEE,res_f1d5d76e-73b3-4ad2-b5bc-b44969b003a7,Role 1,2018-12-10 00:53:14,175,2,2018-12-10 00:24:45
Case489,Request Payment,res_c69c8e50-1285-46f6-a2dc-3b4fe9a350e1,Role 2,2018-12-10 00:57:45,174,2,2018-12-10 00:14:21
Case471,Request For Payment REJECTED by EMPLOYEE,res_c69c8e50-1285-46f6-a2dc-3b4fe9a350e1,Role 1,2018-12-10 01:20:27,175,0,2018-12-10 00:37:57
Case424,Payment Handled,res_c69c8e50-1285-46f6-a2dc-3b4fe9a350e1,Role 2,2018-12-10 01:25:09,175,2,2018-12-10 00:42:10
Case533,Request For Payment REJECTED by PRE_APPROVER,res_c69c8e50-1285-46f6-a2dc-3b4fe9a350e1,Role 1,2018-12-10 01:37:28,175,0,2018-12-10 00:53:32
Case534,Request For Payment SAVED by EMPLOYEE,res_c69c8e50-1285-46f6-a2dc-3b4fe9a350e1,Role 1,2018-12-10 05:54:05,175,0,2018-12-10 05:24:49
Case535,Request For Payment SAVED by EMPLOYEE,res_c69c8e50-1285-46f6-a2dc-3b4fe9a350e1,Role 1,2018-12-10 08:36:52,175,0,2018-12-10 08:07:36
Case536,Request For Payment SAVED by EMPLOYEE,res_c69c8e50-1285-46f6-a2dc-3b4fe9a350e1,Role 1,2018-12-10 09:38:04,175,0,2018-12-10 09:08:48
Case504,Request For Payment REJECTED by MISSING,res_c69c8e50-1285-46f6-a2dc-3b4fe9a350e1,Role 1,2018-12-10 10:11:22,175,0,2018-12-10 09:26:35
Case488,Request For Payment SUBMITTED by EMPLOYEE,res_c69c8e50-1285-46f6-a2dc-3b4fe9a350e1,Role 1,2018-12-10 10:12:42,175,2,2018-12-10 09:32:36
Case520,Request For Payment REJECTED by EMPLOYEE,res_c69c8e50-1285-46f6-a2dc-3b4fe9a350e1,Role 1,2018-12-10 10:46:21,174,0,2018-12-10 10:01:51
Case488,Request For Payment REJECTED by PRE_APPROVER,res_c69c8e50-1285-46f6-a2dc-3b4fe9a350e1,Role 1,2018-12-10 10:55:51,173,0,2018-12-10 10:13:00
Case537,Request For Payment SAVED by EMPLOYEE,res_c69c8e50-1285-46f6-a2dc-3b4fe9a350e1,Role 1,2018-12-10 11:15:47,174,0,2018-12-10 10:46:30
Case471,Request For Payment SUBMITTED by EMPLOYEE,res_c69c8e50-1285-46f6-a2dc-3b4fe9a350e1,Role 1,2018-12-10 11:17:56,173,2,2018-12-10 10:35:31
Case538,Request For Payment SUBMITTED by EMPLOYEE,res_c69c8e50-1285-46f6-a2dc-3b4fe9a350e1,Role 1,2018-12-10 11:53:07,174,2,2018-12-10 11:24:10
Case521,Request For Payment REJECTED by EMPLOYEE,res_c69c8e50-1285-46f6-a2dc-3b4fe9a350e1,Role 1,2018-12-10 12:11:26,174,0,2018-12-10 11:27:03
Case502,Request For Payment REJECTED by EMPLOYEE,res_c69c8e50-1285-46f6-a2dc-3b4fe9a350e1,Role 1,2018-12-10 12:34:37,174,1,2018-12-10 11:49:51
Case538,Request For Payment APPROVED by ADMINISTRATION,res_c69c8e50-1285-46f6-a2dc-3b4fe9a350e1,Role 1,2018-12-10 12:37:48,174,1,2018-12-10 11:53:25
Case506,Request For Payment REJECTED by MISSING,res_c69c8e50-1285-46f6-a2dc-3b4fe9a350e1,Role 1,2018-12-10 13:01:04,173,0,2018-12-10 12:16:13
Case513,Request For Payment APPROVED by SUPERVISOR,res_c69c8e50-1285-46f6-a2dc-3b4fe9a350e1,Role 1,2018-12-10 13:05:21,173,0,2018-12-10 12:20:36
Case503,Request For Payment REJECTED by EMPLOYEE,res_f1d5d76e-73b3-4ad2-b5bc-b44969b003a7,Role 1,2018-12-10 13:38:47,173,0,2018-12-10 12:54:02
Case501,Request Payment,res_f1d5d76e-73b3-4ad2-b5bc-b44969b003a7,Role 2,2018-12-10 13:52:17,172,1,2018-12-10 13:06:05
Case523,Request For Payment REJECTED by EMPLOYEE,res_c69c8e50-1285-46f6-a2dc-3b4fe9a350e1,Role 1,2018-12-10 14:56:39,171,0,2018-12-10 14:12:10
Case512,Request For Payment REJECTED by EMPLOYEE,res_c69c8e50-1285-46f6-a2dc-3b4fe9a350e1,Role 1,2018-12-10 15:50:04,171,0,2018-12-10 15:05:42
Case539,Request For Payment SUBMITTED by EMPLOYEE,res_c69c8e50-1285-46f6-a2dc-3b4fe9a350e1,Role 1,2018-12-10 16:19:12,172,2,2018-12-10 15:49:53
Case540,Request For Payment SUBMITTED by EMPLOYEE,res_f1d5d76e-73b3-4ad2-b5bc-b44969b003a7,Role 1,2018-12-10 16:51:33,172,2,2018-12-10 16:22:14
Case539,Request For Payment FINAL_APPROVED by SUPERVISOR,res_c69c8e50-1285-46f6-a2dc-3b4fe9a350e1,Role 1,2018-12-10 17:03:52,171,1,2018-12-10 16:19:30
Case471,Request For Payment REJECTED by PRE_APPROVER,res_c69c8e50-1285-46f6-a2dc-3b4fe9a350e1,Role 1,2018-12-10 17:07:53,172,0,2018-12-10 16:25:46
Case505,Request Payment,res_c69c8e50-1285-46f6-a2dc-3b4fe9a350e1,Role 2,2018-12-10 17:17:23,172,1,2018-12-10 16:31:18
Case541,Request For Payment SUBMITTED by EMPLOYEE,res_c69c8e50-1285-46f6-a2dc-3b4fe9a350e1,Role 1,2018-12-10 17:30:55,173,2,2018-12-10 17:01:46
Case540,Request For Payment APPROVED by PRE_APPROVER,res_c69c8e50-1285-46f6-a2dc-3b4fe9a350e1,Role 1,2018-12-10 17:36:01,172,0,2018-12-10 16:51:51
Case541,Request For Payment REJECTED by SUPERVISOR,res_c69c8e50-1285-46f6-a2dc-3b4fe9a350e1,Role 1,2018-12-10 18:15:16,173,0,2018-12-10 17:31:13
Case498,Request For Payment SUBMITTED by EMPLOYEE,res_c69c8e50-1285-46f6-a2dc-3b4fe9a350e1,Role 1,2018-12-10 19:02:10,173,2,2018-12-10 18:22:17
Case542,Request For Payment SAVED by EMPLOYEE,res_c69c8e50-1285-46f6-a2dc-3b4fe9a350e1,Role 1,2018-12-10 19:27:30,174,0,2018-12-10 18:58:16
Case528,Request For Payment REJECTED by EMPLOYEE,res_c69c8e50-1285-46f6-a2dc-3b4fe9a350e1,Role 1,2018-12-10 20:43:14,173,0,2018-12-10 19:58:49
Case533,Request For Payment REJECTED by EMPLOYEE,res_c69c8e50-1285-46f6-a2dc-3b4fe9a350e1,Role 1,2018-12-10 20:43:25,173,1,2018-12-10 19:59:01
Case543,Request For Payment SAVED by EMPLOYEE,res_c69c8e50-1285-46f6-a2dc-3b4fe9a350e1,Role 1,2018-12-10 20:49:22,174,0,2018-12-10 20:20:09
Case488,Request For Payment REJECTED by EMPLOYEE,res_c69c8e50-1285-46f6-a2dc-3b4fe9a350e1,Role 1,2018-12-10 20:53:08,173,2,2018-12-10 20:10:31
Case544,Request For Payment SUBMITTED by EMPLOYEE,res_c69c8e50-1285-46f6-a2dc-3b4fe9a350e1,Role 1,2018-12-10 21:48:16,174,2,2018-12-10 21:19:03
Case508,Request For Payment FINAL_APPROVED by SUPERVISOR,res_c69c8e50-1285-46f6-a2dc-3b4fe9a350e1,Role 1,2018-12-10 22:11:43,174,1,2018-12-10 21:26:37
Case545,Request For Payment SUBMITTED by EMPLOYEE,res_c69c8e50-1285-46f6-a2dc-3b4fe9a350e1,Role 1,2018-12-10 22:21:10,175,2,2018-12-10 21:51:50
Case544,Request For Payment REJECTED by PRE_APPROVER,res_c69c8e50-1285-46f6-a2dc-3b4fe9a350e1,Role 1,2018-12-10 22:32:21,174,0,2018-12-10 21:48:34
Case498,Request For Payment FINAL_APPROVED by SUPERVISOR,res_c69c8e50-1285-46f6-a2dc-3b4fe9a350e1,Role 1,2018-12-10 22:49:42,175,2,2018-12-10 22:06:42
Case529,Request For Payment REJECTED by EMPLOYEE,res_c69c8e50-1285-46f6-a2dc-3b4fe9a350e1,Role 1,2018-12-10 23:04:56,175,0,2018-12-10 22:20:32
Case545,Request For Payment REJECTED by SUPERVISOR,res_c69c8e50-1285-46f6-a2dc-3b4fe9a350e1,Role 1,2018-12-10 23:05:22,175,0,2018-12-10 22:21:28
Case546,Request For Payment SUBMITTED by EMPLOYEE,res_c69c8e50-1285-46f6-a2dc-3b4fe9a350e1,Role 1,2018-12-10 23:56:12,176,2,2018-12-10 23:26:52
Case517,Request For Payment REJECTED by EMPLOYEE,res_c69c8e50-1285-46f6-a2dc-3b4fe9a350e1,Role 1,2018-12-11 00:09:33,175,0,2018-12-10 23:25:20
Case546,Request For Payment FINAL_APPROVED by SUPERVISOR,res_c69c8e50-1285-46f6-a2dc-3b4fe9a350e1,Role 1,2018-12-11 00:40:54,176,1,2018-12-10 23:56:30
Case547,Request For Payment SAVED by EMPLOYEE,res_c69c8e50-1285-46f6-a2dc-3b4fe9a350e1,Role 1,2018-12-11 01:05:17,177,0,2018-12-11 00:35:52
Case548,Request For Payment SUBMITTED by EMPLOYEE,res_c69c8e50-1285-46f6-a2dc-3b4fe9a350e1,Role 1,2018-12-11 02:43:52,177,2,2018-12-11 02:14:30
Case548,Request For Payment REJECTED by PRE_APPROVER,res_c69c8e50-1285-46f6-a2dc-3b4fe9a350e1,Role 1,2018-12-11 03:28:28,177,0,2018-12-11 02:44:10
Case498,Request For Payment REJECTED by MISSING,res_c69c8e50-1285-46f6-a2dc-3b4fe9a350e1,Role 1,2018-12-11 04:28:10,177,0,2018-12-11 03:45:29
Case499,Request For Payment REJECTED by EMPLOYEE,res_c69c8e50-1285-46f6-a2dc-3b4fe9a350e1,Role 1,2018-12-11 04:59:13,177,0,2018-12-11 04:18:10
Case471,Request For Payment REJECTED by EMPLOYEE,res_c69c8e50-1285-46f6-a2dc-3b4fe9a350e1,Role 1,2018-12-11 05:34:04,176,1,2018-12-11 04:51:29
Case499,Request For Payment SUBMITTED by EMPLOYEE,res_c69c8e50-1285-46f6-a2dc-3b4fe9a350e1,Role 1,2018-12-11 06:59:09,175,2,2018-12-11 06:15:41
Case488,Request For Payment SUBMITTED by EMPLOYEE,res_c69c8e50-1285-46f6-a2dc-3b4fe9a350e1,Role 1,2018-12-11 07:16:04,175,3,2018-12-11 06:34:21
Case538,Request For Payment APPROVED by BUDGET OWNER,res_c69c8e50-1285-46f6-a2dc-3b4fe9a350e1,Role 1,2018-12-11 07:34:40,175,1,2018-12-11 06:50:20
Case549,Request For Payment SUBMITTED by EMPLOYEE,res_c69c8e50-1285-46f6-a2dc-3b4fe9a350e1,Role 1,2018-12-11 07:35:22,176,3,2018-12-11 07:05:52
Case549,Request For Payment APPROVED by PRE_APPROVER,res_c69c8e50-1285-46f6-a2dc-3b4fe9a350e1,Role 1,2018-12-11 08:20:09,176,0,2018-12-11 07:35:40
Case550,Request For Payment SUBMITTED by EMPLOYEE,res_c69c8e50-1285-46f6-a2dc-3b4fe9a350e1,Role 1,2018-12-11 08:58:42,177,2,2018-12-11 08:29:15
Case551,Request For Payment SAVED by EMPLOYEE,res_c69c8e50-1285-46f6-a2dc-3b4fe9a350e1,Role 1,2018-12-11 09:41:31,178,0,2018-12-11 09:12:09
Case550,Request For Payment APPROVED by ADMINISTRATION,res_c69c8e50-1285-46f6-a2dc-3b4fe9a350e1,Role 1,2018-12-11 09:43:34,177,1,2018-12-11 08:59:00
Case539,Request For Payment REJECTED by MISSING,res_c69c8e50-1285-46f6-a2dc-3b4fe9a350e1,Role 1,2018-12-11 11:30:15,177,0,2018-12-11 10:45:50
Case499,Request For Payment FINAL_APPROVED by SUPERVISOR,res_c69c8e50-1285-46f6-a2dc-3b4fe9a350e1,Role 1,2018-12-11 11:32:35,177,1,2018-12-11 10:50:08
Case552,Request For Payment SUBMITTED by EMPLOYEE,res_c69c8e50-1285-46f6-a2dc-3b4fe9a350e1,Role 1,2018-12-11 11:38:18,178,2,2018-12-11 11:08:48
Case552,Request For Payment REJECTED by ADMINISTRATION,res_c69c8e50-1285-46f6-a2dc-3b4fe9a350e1,Role 1,2018-12-11 12:23:06,177,0,2018-12-11 11:38:36
Case468,Request Payment,res_c69c8e50-1285-46f6-a2dc-3b4fe9a350e1,Role 2,2018-12-11 12:29:53,177,1,2018-12-11 11:46:45
Case540,Request For Payment FINAL_APPROVED by SUPERVISOR,res_c69c8e50-1285-46f6-a2dc-3b4fe9a350e1,Role 1,2018-12-11 12:45:01,177,1,2018-12-11 12:01:21
Case488,Request For Payment REJECTED by SUPERVISOR,res_c69c8e50-1285-46f6-a2dc-3b4fe9a350e1,Role 1,2018-12-11 12:52:27,177,0,2018-12-11 12:10:56
Case553,Request For Payment SAVED by EMPLOYEE,res_c69c8e50-1285-46f6-a2dc-3b4fe9a350e1,Role 1,2018-12-11 12:56:10,178,0,2018-12-11 12:26:50
Case541,Request For Payment REJECTED by EMPLOYEE,res_c69c8e50-1285-46f6-a2dc-3b4fe9a350e1,Role 1,2018-12-11 13:34:40,178,0,2018-12-11 12:50:30
Case554,Request For Payment SAVED by EMPLOYEE,res_c69c8e50-1285-46f6-a2dc-3b4fe9a350e1,Role 1,2018-12-11 14:06:56,177,0,2018-12-11 13:37:35
Case533,Request For Payment SUBMITTED by EMPLOYEE,res_c69c8e50-1285-46f6-a2dc-3b4fe9a350e1,Role 1,2018-12-11 14:25:07,177,2,2018-12-11 13:44:18
Case502,Request For Payment SUBMITTED by EMPLOYEE,res_c69c8e50-1285-46f6-a2dc-3b4fe9a350e1,Role 1,2018-12-11 14:29:24,177,3,2018-12-11 13:48:12
Case520,Request For Payment SUBMITTED by EMPLOYEE,res_c69c8e50-1285-46f6-a2dc-3b4fe9a350e1,Role 1,2018-12-11 14:54:45,176,4,2018-12-11 14:13:13
Case523,Request For Payment SUBMITTED by EMPLOYEE,res_c69c8e50-1285-46f6-a2dc-3b4fe9a350e1,Role 1,2018-12-11 15:06:00,176,5,2018-12-11 14:24:54
Case502,Request For Payment REJECTED by ADMINISTRATION,res_c69c8e50-1285-46f6-a2dc-3b4fe9a350e1,Role 1,2018-12-11 15:13:08,176,0,2018-12-11 14:29:42
Case555,Request For Payment SUBMITTED by EMPLOYEE,res_c69c8e50-1285-46f6-a2dc-3b4fe9a350e1,Role 1,2018-12-11 15:19:23,177,4,2018-12-11 14:49:53
Case533,Request For Payment REJECTED by SUPERVISOR,res_c69c8e50-1285-46f6-a2dc-3b4fe9a350e1,Role 1,2018-12-11 15:19:36,176,0,2018-12-11 14:37:06
Case556,Request For Payment SAVED by EMPLOYEE,res_c69c8e50-1285-46f6-a2dc-3b4fe9a350e1,Role 1,2018-12-11 15:20:32,178,0,2018-12-11 14:51:12
Case555,Request For Payment FINAL_APPROVED by SUPERVISOR,res_c69c8e50-1285-46f6-a2dc-3b4fe9a350e1,Role 1,2018-12-11 16:04:14,178,1,2018-12-11 15:19:41
Case557,Request For Payment SAVED by EMPLOYEE,res_c69c8e50-1285-46f6-a2dc-3b4fe9a350e1,Role 1,2018-12-11 16:56:56,178,0,2018-12-11 16:27:36
Case544,Request For Payment REJECTED by EMPLOYEE,res_c69c8e50-1285-46f6-a2dc-3b4fe9a350e1,Role 1,2018-12-11 17:05:25,177,0,2018-12-11 16:21:07
Case528,Request For Payment SUBMITTED by EMPLOYEE,res_c69c8e50-1285-46f6-a2dc-3b4fe9a350e1,Role 1,2018-12-11 17:07:13,177,2,2018-12-11 16:26:33
Case520,Request For Payment APPROVED by ADMINISTRATION,res_c69c8e50-1285-46f6-a2dc-3b4fe9a350e1,Role 1,2018-12-11 17:10:02,177,1,2018-12-11 16:26:47
Case523,Request For Payment APPROVED by ADMINISTRATION,res_c69c8e50-1285-46f6-a2dc-3b4fe9a350e1,Role 1,2018-12-11 17:46:26,177,2,2018-12-11 17:03:12
Case528,Request For Payment REJECTED by ADMINISTRATION,res_c69c8e50-1285-46f6-a2dc-3b4fe9a350e1,Role 1,2018-12-11 17:54:14,176,0,2018-12-11 17:11:12
Case520,Request For Payment REJECTED by BUDGET OWNER,res_c69c8e50-1285-46f6-a2dc-3b4fe9a350e1,Role 1,2018-12-11 18:02:46,176,0,2018-12-11 17:20:13
Case545,Request For Payment REJECTED by EMPLOYEE,res_c69c8e50-1285-46f6-a2dc-3b4fe9a350e1,Role 1,2018-12-11 18:24:42,176,0,2018-12-11 17:40:31
Case502,Request For Payment REJECTED by EMPLOYEE,res_c69c8e50-1285-46f6-a2dc-3b4fe9a350e1,Role 1,2018-12-11 19:31:56,176,0,2018-12-11 18:49:12
Case523,Request For Payment REJECTED by BUDGET OWNER,res_c69c8e50-1285-46f6-a2dc-3b4fe9a350e1,Role 1,2018-12-11 19:34:38,176,0,2018-12-11 18:52:05
Case558,Request For Payment SUBMITTED by EMPLOYEE,res_c69c8e50-1285-46f6-a2dc-3b4fe9a350e1,Role 1,2018-12-11 20:12:12,176,2,2018-12-11 19:42:42
Case488,Request For Payment REJECTED by EMPLOYEE,res_c69c8e50-1285-46f6-a2dc-3b4fe9a350e1,Role 1,2018-12-11 20:41:23,176,0,2018-12-11 19:59:12
Case558,Request For Payment REJECTED by ADMINISTRATION,res_c69c8e50-1285-46f6-a2dc-3b4fe9a350e1,Role 1,2018-12-11 20:57:00,176,0,2018-12-11 20:12:30
Case559,Request For Payment SAVED by EMPLOYEE,res_c69c8e50-1285-46f6-a2dc-3b4fe9a350e1,Role 1,2018-12-11 21:54:13,177,0,2018-12-11 21:24:55
Case560,Request For Payment SUBMITTED by EMPLOYEE,res_c69c8e50-1285-46f6-a2dc-3b4fe9a350e1,Role 1,2018-12-11 22:29:38,177,2,2018-12-11 22:00:08
Case529,Request For Payment SUBMITTED by EMPLOYEE,res_c69c8e50-1285-46f6-a2dc-3b4fe9a350e1,Role 1,2018-12-11 22:50:16,177,3,2018-12-11 22:09:33
Case533,Request For Payment REJECTED by EMPLOYEE,res_c69c8e50-1285-46f6-a2dc-3b4fe9a350e1,Role 1,2018-12-11 23:00:51,177,0,2018-12-11 22:18:24
Case528,Request For Payment REJECTED by EMPLOYEE,res_c69c8e50-1285-46f6-a2dc-3b4fe9a350e1,Role 1,2018-12-11 23:03:16,177,1,2018-12-11 22:20:33
Case560,Request For Payment REJECTED by SUPERVISOR,res_c69c8e50-1285-46f6-a2dc-3b4fe9a350e1,Role 1,2018-12-11 23:14:15,177,0,2018-12-11 22:29:56
Case561,Request For Payment SAVED by EMPLOYEE,res_c69c8e50-1285-46f6-a2dc-3b4fe9a350e1,Role 1,2018-12-12 01:24:53,177,0,2018-12-12 00:55:37
Case529,Request For Payment FINAL_APPROVED by SUPERVISOR,res_c69c8e50-1285-46f6-a2dc-3b4fe9a350e1,Role 1,2018-12-12 01:30:30,176,1,2018-12-12 00:47:20
Case546,Request For Payment REJECTED by MISSING,res_c69c8e50-1285-46f6-a2dc-3b4fe9a350e1,Role 1,2018-12-12 01:53:23,177,0,2018-12-12 01:09:15
Case520,Request For Payment REJECTED by EMPLOYEE,res_c69c8e50-1285-46f6-a2dc-3b4fe9a350e1,Role 1,2018-12-12 02:34:19,176,0,2018-12-12 01:52:16
Case488,Request For Payment SUBMITTED by EMPLOYEE,res_c69c8e50-1285-46f6-a2dc-3b4fe9a350e1,Role 1,2018-12-12 03:36:04,175,2,2018-12-12 02:53:39
Case523,Request For Payment REJECTED by EMPLOYEE,res_c69c8e50-1285-46f6-a2dc-3b4fe9a350e1,Role 1,2018-12-12 04:10:38,175,0,2018-12-12 03:28:35
Case562,Request For Payment SUBMITTED by EMPLOYEE,res_c69c8e50-1285-46f6-a2dc-3b4fe9a350e1,Role 1,2018-12-12 04:57:40,175,3,2018-12-12 04:28:43
Case528,Request For Payment SUBMITTED by EMPLOYEE,res_c69c8e50-1285-46f6-a2dc-3b4fe9a350e1,Role 1,2018-12-12 05:03:28,174,2,2018-12-12 04:21:04
Case562,Request For Payment FINAL_APPROVED by SUPERVISOR,res_c69c8e50-1285-46f6-a2dc-3b4fe9a350e1,Role 1,2018-12-12 05:41:45,175,1,2018-12-12 04:57:58
Case563,Request For Payment SUBMITTED by EMPLOYEE,res_c69c8e50-1285-46f6-a2dc-3b4fe9a350e1,Role 1,2018-12-12 07:14:15,176,2,2018-12-12 06:45:33
Case564,Request For Payment SUBMITTED by EMPLOYEE,res_c69c8e50-1285-46f6-a2dc-3b4fe9a350e1,Role 1,2018-12-12 07:45:49,177,2,2018-12-12 07:16:50
Case563,Request For Payment REJECTED by PRE_APPROVER,res_c69c8e50-1285-46f6-a2dc-3b4fe9a350e1,Role 1,2018-12-12 07:58:15,176,0,2018-12-12 07:14:33
Case548,Request For Payment REJECTED by EMPLOYEE,res_c69c8e50-1285-46f6-a2dc-3b4fe9a350e1,Role 1,2018-12-12 08:03:02,177,0,2018-12-12 07:18:49
Case564,Request For Payment REJECTED by SUPERVISOR,res_c69c8e50-1285-46f6-a2dc-3b4fe9a350e1,Role 1,2018-12-12 08:29:51,177,0,2018-12-12 07:46:07
Case488,Request For Payment REJECTED by SUPERVISOR,res_c69c8e50-1285-46f6-a2dc-3b4fe9a350e1,Role 1,2018-12-12 08:51:45,176,1,2018-12-12 08:09:39
Case565,Request For Payment SAVED by EMPLOYEE,res_c69c8e50-1285-46f6-a2dc-3b4fe9a350e1,Role 1,2018-12-12 09:03:05,177,0,2018-12-12 08:33:51
Case517,Request For Payment SUBMITTED by EMPLOYEE,res_c69c8e50-1285-46f6-a2dc-3b4fe9a350e1,Role 1,2018-12-12 09:41:57,177,2,2018-12-12 09:00:10
Case566,Request For Payment SUBMITTED by EMPLOYEE,res_c69c8e50-1285-46f6-a2dc-3b4fe9a350e1,Role 1,2018-12-12 10:18:11,177,2,2018-12-12 09:49:24
Case567,Request For Payment SAVED by EMPLOYEE,res_c69c8e50-1285-46f6-a2dc-3b4fe9a350e1,Role 1,2018-12-12 10:46:01,178,0,2018-12-12 10:16:48
Case566,Request For Payment REJECTED by PRE_APPROVER,res_c69c8e50-1285-46f6-a2dc-3b4fe9a350e1,Role 1,2018-12-12 11:02:09,178,0,2018-12-12 10:18:29
Case493,Request For Payment FINAL_APPROVED by DIRECTOR,res_c69c8e50-1285-46f6-a2dc-3b4fe9a350e1,Role 1,2018-12-12 11:39:54,177,0,2018-12-12 10:56:52
Case517,Request For Payment FINAL_APPROVED by SUPERVISOR,res_c69c8e50-1285-46f6-a2dc-3b4fe9a350e1,Role 1,2018-12-12 11:50:49,177,1,2018-12-12 11:07:40
Case520,Request For Payment SUBMITTED by EMPLOYEE,res_c69c8e50-1285-46f6-a2dc-3b4fe9a350e1,Role 1,2018-12-12 11:58:09,177,2,2018-12-12 11:15:55
Case528,Request For Payment APPROVED by ADMINISTRATION,res_c69c8e50-1285-46f6-a2dc-3b4fe9a350e1,Role 1,2018-12-12 12:17:42,177,1,2018-12-12 11:35:17
Case568,Request For Payment SUBMITTED by EMPLOYEE,res_c69c8e50-1285-46f6-a2dc-3b4fe9a350e1,Role 1,2018-12-12 12:21:04,178,3,2018-12-12 11:52:02
Case568,Request For Payment FINAL_APPROVED by SUPERVISOR,res_c69c8e50-1285-46f6-a2dc-3b4fe9a350e1,Role 1,2018-12-12 13:05:09,178,1,2018-12-12 12:21:22
Case549,Request For Payment FINAL_APPROVED by SUPERVISOR,res_c69c8e50-1285-46f6-a2dc-3b4fe9a350e1,Role 1,2018-12-12 13:07:04,178,2,2018-12-12 12:23:08
Case552,Request For Payment REJECTED by EMPLOYEE,res_c69c8e50-1285-46f6-a2dc-3b4fe9a350e1,Role 1,2018-12-12 13:19:00,178,0,2018-12-12 12:34:56
Case569,Request For Payment SAVED by EMPLOYEE,res_f1d5d76e-73b3-4ad2-b5bc-b44969b003a7,Role 1,2018-12-12 13:33:36,179,0,2018-12-12 13:04:24
Case550,Request For Payment FINAL_APPROVED by SUPERVISOR,res_f1d5d76e-73b3-4ad2-b5bc-b44969b003a7,Role 1,2018-12-12 13:35:38,178,3,2018-12-12 12:51:32
Case499,Request Payment,res_c69c8e50-1285-46f6-a2dc-3b4fe9a350e1,Role 2,2018-12-12 14:06:04,179,1,2018-12-12 13:22:58
Case570,Request For Payment SAVED by EMPLOYEE,res_c69c8e50-1285-46f6-a2dc-3b4fe9a350e1,Role 1,2018-12-12 14:19:04,179,0,2018-12-12 13:50:02
Case508,Request Payment,res_c69c8e50-1285-46f6-a2dc-3b4fe9a350e1,Role 2,2018-12-12 14:20:48,178,2,2018-12-12 13:37:30
Case538,Request For Payment FINAL_APPROVED by SUPERVISOR,res_c69c8e50-1285-46f6-a2dc-3b4fe9a350e1,Role 1,2018-12-12 14:39:24,179,1,2018-12-12 13:57:40
Case571,Request For Payment SUBMITTED by EMPLOYEE,res_c69c8e50-1285-46f6-a2dc-3b4fe9a350e1,Role 1,2018-12-12 15:30:57,179,2,2018-12-12 15:02:03
Case571,Request For Payment REJECTED by SUPERVISOR,res_c69c8e50-1285-46f6-a2dc-3b4fe9a350e1,Role 1,2018-12-12 16:15:09,179,0,2018-12-12 15:31:15
Case528,Request For Payment REJECTED by SUPERVISOR,res_c69c8e50-1285-46f6-a2dc-3b4fe9a350e1,Role 1,2018-12-12 16:40:21,179,1,2018-12-12 15:58:03
Case572,Request For Payment SAVED by EMPLOYEE,res_c69c8e50-1285-46f6-a2dc-3b4fe9a350e1,Role 1,2018-12-12 16:42:57,180,0,2018-12-12 16:13:46
Case545,Request For Payment SUBMITTED by EMPLOYEE,res_c69c8e50-1285-46f6-a2dc-3b4fe9a350e1,Role 1,2018-12-12 17:58:15,179,2,2018-12-12 17:17:35
Case488,Request For Payment REJECTED by EMPLOYEE,res_c69c8e50-1285-46f6-a2dc-3b4fe9a350e1,Role 1,2018-12-12 18:08:05,179,0,2018-12-12 17:25:38
Case520,Request For Payment FINAL_APPROVED by SUPERVISOR,res_c69c8e50-1285-46f6-a2dc-3b4fe9a350e1,Role 1,2018-12-12 19:11:25,178,1,2018-12-12 18:28:50
Case573,Request For Payment SAVED by EMPLOYEE,res_c69c8e50-1285-46f6-a2dc-3b4fe9a350e1,Role 1,2018-12-12 19:17:35,179,0,2018-12-12 18:48:37
Case529,Request Payment,res_c69c8e50-1285-46f6-a2dc-3b4fe9a350e1,Role 2,2018-12-12 19:29:43,178,1,2018-12-12 18:46:35
Case540,Request For Payment REJECTED by MISSING,res_c69c8e50-1285-46f6-a2dc-3b4fe9a350e1,Role 1,2018-12-12 19:41:45,179,0,2018-12-12 19:01:35
Case545,Request For Payment REJECTED by PRE_APPROVER,res_c69c8e50-1285-46f6-a2dc-3b4fe9a350e1,Role 1,2018-12-12 20:07:32,178,0,2018-12-12 19:24:46
Case574,Request For Payment SUBMITTED by EMPLOYEE,res_c69c8e50-1285-46f6-a2dc-3b4fe9a350e1,Role 1,2018-12-12 23:06:28,178,2,2018-12-12 22:37:28
Case575,Request For Payment SUBMITTED by EMPLOYEE,res_c69c8e50-1285-46f6-a2dc-3b4fe9a350e1,Role 1,2018-12-12 23:47:27,179,2,2018-12-12 23:18:22
Case574,Request For Payment FINAL_APPROVED by SUPERVISOR,res_c69c8e50-1285-46f6-a2dc-3b4fe9a350e1,Role 1,2018-12-12 23:50:43,178,1,2018-12-12 23:06:46
Case575,Request For Payment FINAL_APPROVED by SUPERVISOR,res_c69c8e50-1285-46f6-a2dc-3b4fe9a350e1,Role 1,2018-12-13 00:31:44,179,2,2018-12-12 23:47:45
Case558,Request For Payment REJECTED by EMPLOYEE,res_c69c8e50-1285-46f6-a2dc-3b4fe9a350e1,Role 1,2018-12-13 01:02:41,179,0,2018-12-13 00:18:20
Case576,Request For Payment SUBMITTED by EMPLOYEE,res_c69c8e50-1285-46f6-a2dc-3b4fe9a350e1,Role 1,2018-12-13 01:48:21,180,2,2018-12-13 01:19:03
Case528,Request For Payment REJECTED by EMPLOYEE,res_c69c8e50-1285-46f6-a2dc-3b4fe9a350e1,Role 1,2018-12-13 02:00:55,179,0,2018-12-13 01:18:24
Case513,Request For Payment FINAL_APPROVED by DIRECTOR,res_c69c8e50-1285-46f6-a2dc-3b4fe9a350e1,Role 1,2018-12-13 02:37:21,180,0,2018-12-13 01:53:46
Case576,Request For Payment REJECTED by SUPERVISOR,res_c69c8e50-1285-46f6-a2dc-3b4fe9a350e1,Role 1,2018-12-13 02:54:46,179,0,2018-12-13 02:10:22
Case560,Request For Payment REJECTED by EMPLOYEE,res_c69c8e50-1285-46f6-a2dc-3b4fe9a350e1,Role 1,2018-12-13 03:47:04,179,0,2018-12-13 03:02:44
Case577,Request For Payment SUBMITTED by EMPLOYEE,res_c69c8e50-1285-46f6-a2dc-3b4fe9a350e1,Role 1,2018-12-13 03:49:35,180,2,2018-12-13 03:20:16
Case577,Request For Payment FINAL_APPROVED by SUPERVISOR,res_c69c8e50-1285-46f6-a2dc-3b4fe9a350e1,Role 1,2018-12-13 04:34:14,179,1,2018-12-13 03:49:53
Case562,Request For Payment REJECTED by MISSING,res_f1d5d76e-73b3-4ad2-b5bc-b44969b003a7,Role 1,2018-12-13 05:16:53,179,0,2018-12-13 04:32:38
Case517,Request Payment,res_f1d5d76e-73b3-4ad2-b5bc-b44969b003a7,Role 2,2018-12-13 05:18:29,179,1,2018-12-13 04:35:17
Case489,Payment Handled,res_f1d5d76e-73b3-4ad2-b5bc-b44969b003a7,Role 2,2018-12-13 05:27:22,179,2,2018-12-13 04:44:18
Case578,Request For Payment SAVED by EMPLOYEE,res_c69c8e50-1285-46f6-a2dc-3b4fe9a350e1,Role 1,2018-12-13 06:32:19,178,0,2018-12-13 06:03:01
Case545,Request For Payment REJECTED by EMPLOYEE,res_f1d5d76e-73b3-4ad2-b5bc-b44969b003a7,Role 1,2018-12-13 06:41:29,177,0,2018-12-13 05:58:48
Case555,Request Payment,res_c69c8e50-1285-46f6-a2dc-3b4fe9a350e1,Role 2,2018-12-13 07:18:27,177,1,2018-12-13 06:33:21
Case563,Request For Payment REJECTED by EMPLOYEE,res_c69c8e50-1285-46f6-a2dc-3b4fe9a350e1,Role 1,2018-12-13 07:27:33,176,0,2018-12-13 06:43:50
Case564,Request For Payment REJECTED by EMPLOYEE,res_f1d5d76e-73b3-4ad2-b5bc-b44969b003a7,Role 1,2018-12-13 08:18:11,175,0,2018-12-13 07:34:21
Case538,Request Payment,res_c69c8e50-1285-46f6-a2dc-3b4fe9a350e1,Role 2,2018-12-13 08:37:31,175,1,2018-12-13 07:54:08
Case579,Request For Payment SAVED by EMPLOYEE,res_c69c8e50-1285-46f6-a2dc-3b4fe9a350e1,Role 1,2018-12-13 08:48:14,176,0,2018-12-13 08:19:02
Case454,Payment Handled,res_c69c8e50-1285-46f6-a2dc-3b4fe9a350e1,Role 2,2018-12-13 08:48:22,175,2,2018-12-13 08:04:48
Case580,Request For Payment SAVED by EMPLOYEE,res_c69c8e50-1285-46f6-a2dc-3b4fe9a350e1,Role 1,2018-12-13 09:24:44,175,0,2018-12-13 08:55:25
Case566,Request For Payment REJECTED by EMPLOYEE,res_c69c8e50-1285-46f6-a2dc-3b4fe9a350e1,Role 1,2018-12-13 10:27:40,174,0,2018-12-13 09:43:42
Case581,Request For Payment SUBMITTED by EMPLOYEE,res_c69c8e50-1285-46f6-a2dc-3b4fe9a350e1,Role 1,2018-12-13 11:56:50,175,2,2018-12-13 11:27:46
Case520,Request Payment,res_c69c8e50-1285-46f6-a2dc-3b4fe9a350e1,Role 2,2018-12-13 12:10:53,174,1,2018-12-13 11:27:44
Case581,Request For Payment FINAL_APPROVED by SUPERVISOR,res_c69c8e50-1285-46f6-a2dc-3b4fe9a350e1,Role 1,2018-12-13 12:41:15,175,1,2018-12-13 11:57:08
Case582,Request For Payment SAVED by EMPLOYEE,res_c69c8e50-1285-46f6-a2dc-3b4fe9a350e1,Role 1,2018-12-13 12:44:39,176,0,2018-12-13 12:15:24
Case583,Request For Payment SAVED by EMPLOYEE,res_c69c8e50-1285-46f6-a2dc-3b4fe9a350e1,Role 1,2018-12-13 13:52:50,176,0,2018-12-13 13:23:33
Case584,Request For Payment SAVED by EMPLOYEE,res_c69c8e50-1285-46f6-a2dc-3b4fe9a350e1,Role 1,2018-12-13 14:57:05,176,0,2018-12-13 14:27:49
Case585,Request For Payment SAVED by EMPLOYEE,res_c69c8e50-1285-46f6-a2dc-3b4fe9a350e1,Role 1,2018-12-13 15:35:24,176,0,2018-12-13 15:06:08
Case571,Request For Payment REJECTED by EMPLOYEE,res_f1d5d76e-73b3-4ad2-b5bc-b44969b003a7,Role 1,2018-12-13 16:03:00,176,0,2018-12-13 15:19:03
Case568,Request Payment,res_f1d5d76e-73b3-4ad2-b5bc-b44969b003a7,Role 2,2018-12-13 16:44:34,175,1,2018-12-13 15:59:52
Case501,Payment Handled,res_f1d5d76e-73b3-4ad2-b5bc-b44969b003a7,Role 2,2018-12-13 17:02:42,174,2,2018-12-13 16:17:25
Case586,Request For Payment SUBMITTED by EMPLOYEE,res_f1d5d76e-73b3-4ad2-b5bc-b44969b003a7,Role 1,2018-12-13 17:05:15,175,2,2018-12-13 16:36:10
Case468,Payment Handled,res_c69c8e50-1285-46f6-a2dc-3b4fe9a350e1,Role 2,2018-12-13 17:23:29,175,3,2018-12-13 16:39:30
Case552,Request For Payment SUBMITTED by EMPLOYEE,res_c69c8e50-1285-46f6-a2dc-3b4fe9a350e1,Role 1,2018-12-13 17:49:22,174,2,2018-12-13 17:08:55
Case586,Request For Payment APPROVED by PRE_APPROVER,res_c69c8e50-1285-46f6-a2dc-3b4fe9a350e1,Role 1,2018-12-13 17:49:53,174,0,2018-12-13 17:05:33
Case587,Request For Payment SUBMITTED by EMPLOYEE,res_f1d5d76e-73b3-4ad2-b5bc-b44969b003a7,Role 1,2018-12-13 20:19:50,174,2,2018-12-13 19:50:30
Case549,Request For Payment REJECTED by MISSING,res_f1d5d76e-73b3-4ad2-b5bc-b44969b003a7,Role 1,2018-12-13 20:27:54,173,0,2018-12-13 19:48:23
Case505,Payment Handled,res_c69c8e50-1285-46f6-a2dc-3b4fe9a350e1,Role 2,2018-12-13 20:50:00,174,2,2018-12-13 20:04:53
Case587,Request For Payment REJECTED by SUPERVISOR,res_c69c8e50-1285-46f6-a2dc-3b4fe9a350e1,Role 1,2018-12-13 21:18:29,173,0,2018-12-13 20:34:06
Case550,Request For Payment REJECTED by MISSING,res_c69c8e50-1285-46f6-a2dc-3b4fe9a350e1,Role 1,2018-12-13 21:38:44,172,0,2018-12-13 20:59:01
Case588,Request For Payment SUBMITTED by EMPLOYEE,res_c69c8e50-1285-46f6-a2dc-3b4fe9a350e1,Role 1,2018-12-13 22:08:19,172,2,2018-12-13 21:39:00
Case588,Request For Payment FINAL_APPROVED by SUPERVISOR,res_c69c8e50-1285-46f6-a2dc-3b4fe9a350e1,Role 1,2018-12-13 22:53:03,172,1,2018-12-13 22:08:37
Case552,Request For Payment APPROVED by ADMINISTRATION,res_c69c8e50-1285-46f6-a2dc-3b4fe9a350e1,Role 1,2018-12-14 00:11:18,172,1,2018-12-13 23:27:49
Case589,Request For Payment SUBMITTED by EMPLOYEE,res_c69c8e50-1285-46f6-a2dc-3b4fe9a350e1,Role 1,2018-12-14 01:13:03,173,2,2018-12-14 00:43:44
Case589,Request For Payment REJECTED by ADMINISTRATION,res_c69c8e50-1285-46f6-a2dc-3b4fe9a350e1,Role 1,2018-12-14 01:58:17,173,0,2018-12-14 01:13:21
Case590,Request For Payment SUBMITTED by EMPLOYEE,res_c69c8e50-1285-46f6-a2dc-3b4fe9a350e1,Role 1,2018-12-14 02:09:49,174,2,2018-12-14 01:40:19
Case590,Request For Payment APPROVED by PRE_APPROVER,res_f1d5d76e-73b3-4ad2-b5bc-b44969b003a7,Role 1,2018-12-14 02:55:02,174,0,2018-12-14 02:10:07
Case574,Request Payment,res_c69c8e50-1285-46f6-a2dc-3b4fe9a350e1,Role 2,2018-12-14 03:29:52,174,1,2018-12-14 02:45:26
Case591,Request For Payment SUBMITTED by EMPLOYEE,res_c69c8e50-1285-46f6-a2dc-3b4fe9a350e1,Role 1,2018-12-14 03:46:44,175,2,2018-12-14 03:17:28
Case591,Request For Payment REJECTED by PRE_APPROVER,res_c69c8e50-1285-46f6-a2dc-3b4fe9a350e1,Role 1,2018-12-14 04:35:34,175,0,2018-12-14 03:50:44
Case592,Request For Payment SAVED by EMPLOYEE,res_c69c8e50-1285-46f6-a2dc-3b4fe9a350e1,Role 1,2018-12-14 04:43:37,176,0,2018-12-14 04:14:02
Case593,Request For Payment SUBMITTED by EMPLOYEE,res_c69c8e50-1285-46f6-a2dc-3b4fe9a350e1,Role 1,2018-12-14 06:37:11,176,2,2018-12-14 06:07:53
Case508,Payment Handled,res_c69c8e50-1285-46f6-a2dc-3b4fe9a350e1,Role 2,2018-12-14 06:43:57,175,2,2018-12-14 06:00:27
Case593,Request For Payment REJECTED by ADMINISTRATION,res_f1d5d76e-73b3-4ad2-b5bc-b44969b003a7,Role 1,2018-12-14 07:22:18,176,0,2018-12-14 06:37:29
Case499,Payment Handled,res_f1d5d76e-73b3-4ad2-b5bc-b44969b003a7,Role 2,2018-12-14 07:38:51,175,2,2018-12-14 06:55:52
Case594,Request For Payment SAVED by EMPLOYEE,res_c69c8e50-1285-46f6-a2dc-3b4fe9a350e1,Role 1,2018-12-14 08:19:08,175,0,2018-12-14 07:49:33
Case595,Request For Payment SAVED by EMPLOYEE,res_c69c8e50-1285-46f6-a2dc-3b4fe9a350e1,Role 1,2018-12-14 10:12:34,175,0,2018-12-14 09:42:59
Case596,Request For Payment SUBMITTED by EMPLOYEE,res_c69c8e50-1285-46f6-a2dc-3b4fe9a350e1,Role 1,2018-12-14 11:58:18,175,2,2018-12-14 11:28:50
Case596,Request For Payment REJECTED by SUPERVISOR,res_c69c8e50-1285-46f6-a2dc-3b4fe9a350e1,Role 1,2018-12-14 12:43:36,175,0,2018-12-14 11:58:45
Case597,Request For Payment SUBMITTED by EMPLOYEE,res_c69c8e50-1285-46f6-a2dc-3b4fe9a350e1,Role 1,2018-12-14 13:00:50,176,2,2018-12-14 12:31:17
Case598,Request For Payment SUBMITTED by EMPLOYEE,res_f1d5d76e-73b3-4ad2-b5bc-b44969b003a7,Role 1,2018-12-14 13:31:49,177,2,2018-12-14 13:02:16
Case597,Request For Payment REJECTED by SUPERVISOR,res_c69c8e50-1285-46f6-a2dc-3b4fe9a350e1,Role 1,2018-12-14 13:46:07,176,0,2018-12-14 13:01:18
Case529,Payment Handled,res_c69c8e50-1285-46f6-a2dc-3b4fe9a350e1,Role 2,2018-12-14 13:54:53,177,2,2018-12-14 13:11:53
Case598,Request For Payment APPROVED by PRE_APPROVER,res_c69c8e50-1285-46f6-a2dc-3b4fe9a350e1,Role 1,2018-12-14 14:16:57,177,0,2018-12-14 13:32:07
Case599,Request For Payment SUBMITTED by EMPLOYEE,res_c69c8e50-1285-46f6-a2dc-3b4fe9a350e1,Role 1,2018-12-14 15:45:32,177,2,2018-12-14 15:16:02
Case599,Request For Payment FINAL_APPROVED by SUPERVISOR,res_c69c8e50-1285-46f6-a2dc-3b4fe9a350e1,Role 1,2018-12-14 16:30:44,177,1,2018-12-14 15:45:50
Case600,Request For Payment SUBMITTED by EMPLOYEE,res_c69c8e50-1285-46f6-a2dc-3b4fe9a350e1,Role 1,2018-12-14 16:32:13,178,2,2018-12-14 16:02:40
Case600,Request For Payment REJECTED by SUPERVISOR,res_c69c8e50-1285-46f6-a2dc-3b4fe9a350e1,Role 1,2018-12-14 17:17:32,178,0,2018-12-14 16:32:43
Case552,Request For Payment REJECTED by SUPERVISOR,res_f1d5d76e-73b3-4ad2-b5bc-b44969b003a7,Role 1,2018-12-14 18:49:47,178,0,2018-12-14 18:06:58
Case493,Request Payment,res_f1d5d76e-73b3-4ad2-b5bc-b44969b003a7,Role 2,2018-12-14 19:17:37,178,1,2018-12-14 18:34:28
Case601,Request For Payment SUBMITTED by EMPLOYEE,res_c69c8e50-1285-46f6-a2dc-3b4fe9a350e1,Role 1,2018-12-14 19:52:46,179,2,2018-12-14 19:23:15
Case601,Request For Payment REJECTED by SUPERVISOR,res_c69c8e50-1285-46f6-a2dc-3b4fe9a350e1,Role 1,2018-12-14 20:38:08,179,0,2018-12-14 19:53:18
Case602,Request For Payment SAVED by EMPLOYEE,res_c69c8e50-1285-46f6-a2dc-3b4fe9a350e1,Role 1,2018-12-14 20:42:37,180,0,2018-12-14 20:13:05
Case575,Request For Payment REJECTED by MISSING,res_c69c8e50-1285-46f6-a2dc-3b4fe9a350e1,Role 1,2018-12-14 23:32:56,179,0,2018-12-14 22:48:27
Case577,Request For Payment REJECTED by MISSING,res_c69c8e50-1285-46f6-a2dc-3b4fe9a350e1,Role 1,2018-12-15 03:31:38,178,0,2018-12-15 02:47:36
Case603,Request For Payment SAVED by EMPLOYEE,res_c69c8e50-1285-46f6-a2dc-3b4fe9a350e1,Role 1,2018-12-15 08:44:22,178,0,2018-12-15 08:14:53
Case604,Request For Payment SAVED by EMPLOYEE,res_c69c8e50-1285-46f6-a2dc-3b4fe9a350e1,Role 1,2018-12-15 10:03:12,178,0,2018-12-15 09:33:44
Case605,Request For Payment SUBMITTED by EMPLOYEE,res_c69c8e50-1285-46f6-a2dc-3b4fe9a350e1,Role 1,2018-12-15 10:43:24,178,2,2018-12-15 10:14:18
Case606,Request For Payment SUBMITTED by EMPLOYEE,res_c69c8e50-1285-46f6-a2dc-3b4fe9a350e1,Role 1,2018-12-15 11:25:45,179,2,2018-12-15 10:56:28
Case605,Request For Payment FINAL_APPROVED by SUPERVISOR,res_c69c8e50-1285-46f6-a2dc-3b4fe9a350e1,Role 1,2018-12-15 11:27:37,178,1,2018-12-15 10:43:42
Case606,Request For Payment REJECTED by SUPERVISOR,res_c69c8e50-1285-46f6-a2dc-3b4fe9a350e1,Role 1,2018-12-15 12:10:21,179,0,2018-12-15 11:26:03
Case607,Request For Payment SAVED by EMPLOYEE,res_c69c8e50-1285-46f6-a2dc-3b4fe9a350e1,Role 1,2018-12-15 13:16:53,180,0,2018-12-15 12:47:25
Case608,Request For Payment SAVED by EMPLOYEE,res_c69c8e50-1285-46f6-a2dc-3b4fe9a350e1,Role 1,2018-12-15 13:51:06,180,0,2018-12-15 13:21:38
Case576,Request For Payment REJECTED by EMPLOYEE,res_c69c8e50-1285-46f6-a2dc-3b4fe9a350e1,Role 1,2018-12-15 13:55:14,180,0,2018-12-15 13:11:32
Case609,Request For Payment SUBMITTED by EMPLOYEE,res_c69c8e50-1285-46f6-a2dc-3b4fe9a350e1,Role 1,2018-12-15 14:59:22,179,2,2018-12-15 14:30:12
Case609,Request For Payment FINAL_APPROVED by SUPERVISOR,res_c69c8e50-1285-46f6-a2dc-3b4fe9a350e1,Role 1,2018-12-15 15:43:40,179,1,2018-12-15 14:59:40
Case558,Request For Payment SUBMITTED by EMPLOYEE,res_c69c8e50-1285-46f6-a2dc-3b4fe9a350e1,Role 1,2018-12-15 16:00:13,179,2,2018-12-15 15:19:05
Case610,Request For Payment SUBMITTED by EMPLOYEE,res_c69c8e50-1285-46f6-a2dc-3b4fe9a350e1,Role 1,2018-12-15 16:51:36,180,2,2018-12-15 16:22:25
Case610,Request For Payment REJECTED by PRE_APPROVER,res_c69c8e50-1285-46f6-a2dc-3b4fe9a350e1,Role 1,2018-12-15 17:36:14,180,0,2018-12-15 16:51:54
Case566,Request For Payment SUBMITTED by EMPLOYEE,res_c69c8e50-1285-46f6-a2dc-3b4fe9a350e1,Role 1,2018-12-15 19:47:11,180,2,2018-12-15 19:05:19
Case558,Request For Payment REJECTED by SUPERVISOR,res_c69c8e50-1285-46f6-a2dc-3b4fe9a350e1,Role 1,2018-12-15 20:31:19,180,0,2018-12-15 19:48:10
Case611,Request For Payment SAVED by EMPLOYEE,res_c69c8e50-1285-46f6-a2dc-3b4fe9a350e1,Role 1,2018-12-15 21:18:25,181,0,2018-12-15 20:48:59
Case564,Request For Payment SUBMITTED by EMPLOYEE,res_c69c8e50-1285-46f6-a2dc-3b4fe9a350e1,Role 1,2018-12-16 00:55:30,180,2,2018-12-16 00:14:35
Case564,Request For Payment REJECTED by PRE_APPROVER,res_c69c8e50-1285-46f6-a2dc-3b4fe9a350e1,Role 1,2018-12-16 01:38:37,180,0,2018-12-16 00:55:48
Case587,Request For Payment REJECTED by EMPLOYEE,res_c69c8e50-1285-46f6-a2dc-3b4fe9a350e1,Role 1,2018-12-16 02:42:04,180,0,2018-12-16 01:58:00
Case612,Request For Payment SUBMITTED by EMPLOYEE,res_c69c8e50-1285-46f6-a2dc-3b4fe9a350e1,Role 1,2018-12-16 03:09:40,181,2,2018-12-16 02:40:09
Case612,Request For Payment FINAL_APPROVED by SUPERVISOR,res_c69c8e50-1285-46f6-a2dc-3b4fe9a350e1,Role 1,2018-12-16 03:54:38,180,1,2018-12-16 03:09:58
Case552,Request For Payment REJECTED by EMPLOYEE,res_c69c8e50-1285-46f6-a2dc-3b4fe9a350e1,Role 1,2018-12-16 06:06:48,180,0,2018-12-16 05:24:33
Case586,Request For Payment FINAL_APPROVED by SUPERVISOR,res_c69c8e50-1285-46f6-a2dc-3b4fe9a350e1,Role 1,2018-12-16 06:39:59,180,1,2018-12-16 05:55:54
Case566,Request For Payment APPROVED by ADMINISTRATION,res_c69c8e50-1285-46f6-a2dc-3b4fe9a350e1,Role 1,2018-12-16 07:46:33,179,1,2018-12-16 07:03:26
Case613,Request For Payment SAVED by EMPLOYEE,res_c69c8e50-1285-46f6-a2dc-3b4fe9a350e1,Role 1,2018-12-16 08:59:14,180,0,2018-12-16 08:29:43
Case614,Request For Payment SAVED by EMPLOYEE,res_c69c8e50-1285-46f6-a2dc-3b4fe9a350e1,Role 1,2018-12-16 09:32:34,180,0,2018-12-16 09:03:03
Case615,Request For Payment SUBMITTED by EMPLOYEE,res_c69c8e50-1285-46f6-a2dc-3b4fe9a350e1,Role 1,2018-12-16 10:26:25,180,2,2018-12-16 09:56:52
Case564,Request For Payment REJECTED by EMPLOYEE,res_c69c8e50-1285-46f6-a2dc-3b4fe9a350e1,Role 1,2018-12-16 10:39:13,179,0,2018-12-16 09:56:35
Case615,Request For Payment APPROVED by PRE_APPROVER,res_c69c8e50-1285-46f6-a2dc-3b4fe9a350e1,Role 1,2018-12-16 11:11:23,180,0,2018-12-16 10:26:43
Case616,Request For Payment SUBMITTED by EMPLOYEE,res_c69c8e50-1285-46f6-a2dc-3b4fe9a350e1,Role 1,2018-12-16 11:53:47,180,2,2018-12-16 11:24:18
Case616,Request For Payment REJECTED by SUPERVISOR,res_c69c8e50-1285-46f6-a2dc-3b4fe9a350e1,Role 1,2018-12-16 12:38:40,180,0,2018-12-16 11:54:05
Case617,Request For Payment SUBMITTED by EMPLOYEE,res_c69c8e50-1285-46f6-a2dc-3b4fe9a350e1,Role 1,2018-12-16 12:59:00,181,2,2018-12-16 12:29:27
Case617,Request For Payment FINAL_APPROVED by SUPERVISOR,res_c69c8e50-1285-46f6-a2dc-3b4fe9a350e1,Role 1,2018-12-16 13:43:58,181,1,2018-12-16 12:59:18
Case618,Request For Payment SUBMITTED by EMPLOYEE,res_c69c8e50-1285-46f6-a2dc-3b4fe9a350e1,Role 1,2018-12-16 15:27:37,182,2,2018-12-16 14:58:07
Case618,Request For Payment FINAL_APPROVED by SUPERVISOR,res_c69c8e50-1285-46f6-a2dc-3b4fe9a350e1,Role 1,2018-12-16 16:12:35,182,1,2018-12-16 15:27:55
Case558,Request For Payment REJECTED by EMPLOYEE,res_c69c8e50-1285-46f6-a2dc-3b4fe9a350e1,Role 1,2018-12-16 17:01:43,182,0,2018-12-16 16:19:01
Case566,Request For Payment FINAL_APPROVED by SUPERVISOR,res_c69c8e50-1285-46f6-a2dc-3b4fe9a350e1,Role 1,2018-12-16 17:54:27,182,1,2018-12-16 17:11:39
Case619,Request For Payment SUBMITTED by EMPLOYEE,res_c69c8e50-1285-46f6-a2dc-3b4fe9a350e1,Role 1,2018-12-16 19:23:49,183,2,2018-12-16 18:54:18
Case619,Request For Payment REJECTED by ADMINISTRATION,res_c69c8e50-1285-46f6-a2dc-3b4fe9a350e1,Role 1,2018-12-16 20:08:47,183,0,2018-12-16 19:24:07
Case620,Request For Payment SAVED by EMPLOYEE,res_c69c8e50-1285-46f6-a2dc-3b4fe9a350e1,Role 1,2018-12-16 23:07:01,184,0,2018-12-16 22:37:35
Case581,Request Payment,res_c69c8e50-1285-46f6-a2dc-3b4fe9a350e1,Role 2,2018-12-16 23:52:57,183,1,2018-12-16 23:08:01
Case621,Request For Payment SUBMITTED by EMPLOYEE,res_c69c8e50-1285-46f6-a2dc-3b4fe9a350e1,Role 1,2018-12-17 00:12:01,184,2,2018-12-16 23:42:36
Case622,Request For Payment SAVED by EMPLOYEE,res_c69c8e50-1285-46f6-a2dc-3b4fe9a350e1,Role 1,2018-12-17 00:35:57,185,0,2018-12-17 00:06:37
Case621,Request For Payment REJECTED by ADMINISTRATION,res_c69c8e50-1285-46f6-a2dc-3b4fe9a350e1,Role 1,2018-12-17 00:56:46,185,0,2018-12-17 00:12:19
Case623,Request For Payment SUBMITTED by EMPLOYEE,res_c69c8e50-1285-46f6-a2dc-3b4fe9a350e1,Role 1,2018-12-17 01:21:23,185,2,2018-12-17 00:52:17
Case623,Request For Payment REJECTED by PRE_APPROVER,res_c69c8e50-1285-46f6-a2dc-3b4fe9a350e1,Role 1,2018-12-17 02:05:23,185,0,2018-12-17 01:21:41
Case589,Request For Payment REJECTED by EMPLOYEE,res_c69c8e50-1285-46f6-a2dc-3b4fe9a350e1,Role 1,2018-12-17 02:25:01,185,0,2018-12-17 01:39:52
Case558,Request For Payment SUBMITTED by EMPLOYEE,res_c69c8e50-1285-46f6-a2dc-3b4fe9a350e1,Role 1,2018-12-17 02:56:47,185,2,2018-12-17 02:14:17
Case590,Request For Payment FINAL_APPROVED by SUPERVISOR,res_c69c8e50-1285-46f6-a2dc-3b4fe9a350e1,Role 1,2018-12-17 03:08:05,185,1,2018-12-17 02:23:07
Case624,Request For Payment SAVED by EMPLOYEE,res_f1d5d76e-73b3-4ad2-b5bc-b44969b003a7,Role 1,2018-12-17 03:44:24,185,0,2018-12-17 03:15:08
Case513,Request Payment,res_f1d5d76e-73b3-4ad2-b5bc-b44969b003a7,Role 2,2018-12-17 04:05:05,185,1,2018-12-17 03:21:48
Case591,Request For Payment REJECTED by EMPLOYEE,res_f1d5d76e-73b3-4ad2-b5bc-b44969b003a7,Role 1,2018-12-17 05:53:18,184,0,2018-12-17 05:08:25
Case593,Request For Payment REJECTED by EMPLOYEE,res_f1d5d76e-73b3-4ad2-b5bc-b44969b003a7,Role 1,2018-12-17 05:56:07,184,1,2018-12-17 05:10:58
Case517,Payment Handled,res_f1d5d76e-73b3-4ad2-b5bc-b44969b003a7,Role 2,2018-12-17 06:33:13,184,2,2018-12-17 05:50:04
Case555,Payment Handled,res_c69c8e50-1285-46f6-a2dc-3b4fe9a350e1,Role 2,2018-12-17 08:08:07,182,2,2018-12-17 07:25:19
Case558,Request For Payment FINAL_APPROVED by SUPERVISOR,res_c69c8e50-1285-46f6-a2dc-3b4fe9a350e1,Role 1,2018-12-17 08:10:31,182,1,2018-12-17 07:28:26
Case625,Request For Payment SAVED by EMPLOYEE,res_c69c8e50-1285-46f6-a2dc-3b4fe9a350e1,Role 1,2018-12-17 08:16:31,183,0,2018-12-17 07:47:18
Case626,Request For Payment SUBMITTED by EMPLOYEE,res_f1d5d76e-73b3-4ad2-b5bc-b44969b003a7,Role 1,2018-12-17 09:14:41,182,2,2018-12-17 08:45:50
Case627,Request For Payment SUBMITTED by EMPLOYEE,res_c69c8e50-1285-46f6-a2dc-3b4fe9a350e1,Role 1,2018-12-17 09:26:54,183,3,2018-12-17 08:57:38
Case574,Payment Handled,res_c69c8e50-1285-46f6-a2dc-3b4fe9a350e1,Role 2,2018-12-17 09:51:49,183,2,2018-12-17 09:08:32
Case538,Payment Handled,res_c69c8e50-1285-46f6-a2dc-3b4fe9a350e1,Role 2,2018-12-17 09:55:49,183,3,2018-12-17 09:12:32
Case626,Request For Payment REJECTED by SUPERVISOR,res_c69c8e50-1285-46f6-a2dc-3b4fe9a350e1,Role 1,2018-12-17 09:59:01,183,0,2018-12-17 09:14:59
Case627,Request For Payment REJECTED by PRE_APPROVER,res_c69c8e50-1285-46f6-a2dc-3b4fe9a350e1,Role 1,2018-12-17 10:10:56,183,0,2018-12-17 09:27:12
Case628,Request For Payment SUBMITTED by EMPLOYEE,res_c69c8e50-1285-46f6-a2dc-3b4fe9a350e1,Role 1,2018-12-17 10:59:10,182,2,2018-12-17 10:30:14
Case629,Request For Payment SUBMITTED by EMPLOYEE,res_c69c8e50-1285-46f6-a2dc-3b4fe9a350e1,Role 1,2018-12-17 11:35:03,183,2,2018-12-17 11:05:46
Case628,Request For Payment REJECTED by ADMINISTRATION,res_f1d5d76e-73b3-4ad2-b5bc-b44969b003a7,Role 1,2018-12-17 11:43:43,182,0,2018-12-17 10:59:28
Case558,Request For Payment REJECTED by MISSING,res_f1d5d76e-73b3-4ad2-b5bc-b44969b003a7,Role 1,2018-12-17 11:57:54,183,0,2018-12-17 11:16:06
Case629,Request For Payment REJECTED by PRE_APPROVER,res_f1d5d76e-73b3-4ad2-b5bc-b44969b003a7,Role 1,2018-12-17 12:19:03,183,0,2018-12-17 11:35:21
Case588,Request Payment,res_c69c8e50-1285-46f6-a2dc-3b4fe9a350e1,Role 2,2018-12-17 12:22:18,183,1,2018-12-17 11:38:42
Case597,Request For Payment REJECTED by EMPLOYEE,res_c69c8e50-1285-46f6-a2dc-3b4fe9a350e1,Role 1,2018-12-17 13:06:18,182,0,2018-12-17 12:21:37
Case520,Payment Handled,res_c69c8e50-1285-46f6-a2dc-3b4fe9a350e1,Role 2,2018-12-17 13:30:29,182,2,2018-12-17 12:47:13
Case630,Request For Payment SUBMITTED by EMPLOYEE,res_c69c8e50-1285-46f6-a2dc-3b4fe9a350e1,Role 1,2018-12-17 13:33:59,183,2,2018-12-17 13:04:51
Case605,Request For Payment REJECTED by MISSING,res_c69c8e50-1285-46f6-a2dc-3b4fe9a350e1,Role 1,2018-12-17 14:14:30,182,0,2018-12-17 13:30:02
Case630,Request For Payment APPROVED by PRE_APPROVER,res_c69c8e50-1285-46f6-a2dc-3b4fe9a350e1,Role 1,2018-12-17 14:18:33,181,0,2018-12-17 13:34:17
Case596,Request For Payment REJECTED by EMPLOYEE,res_c69c8e50-1285-46f6-a2dc-3b4fe9a350e1,Role 1,2018-12-17 14:21:53,181,0,2018-12-17 13:37:03
Case631,Request For Payment SAVED by EMPLOYEE,res_c69c8e50-1285-46f6-a2dc-3b4fe9a350e1,Role 1,2018-12-17 15:15:14,181,0,2018-12-17 14:45:59
Case598,Request For Payment FINAL_APPROVED by SUPERVISOR,res_c69c8e50-1285-46f6-a2dc-3b4fe9a350e1,Role 1,2018-12-17 15:36:02,181,1,2018-12-17 14:51:07
Case632,Request For Payment SAVED by EMPLOYEE,res_c69c8e50-1285-46f6-a2dc-3b4fe9a350e1,Role 1,2018-12-17 15:52:33,181,0,2018-12-17 15:23:18
Case616,Request For Payment REJECTED by EMPLOYEE,res_c69c8e50-1285-46f6-a2dc-3b4fe9a350e1,Role 1,2018-12-17 16:13:19,181,0,2018-12-17 15:28:51
Case633,Request For Payment SUBMITTED by EMPLOYEE,res_c69c8e50-1285-46f6-a2dc-3b4fe9a350e1,Role 1,2018-12-17 16:38:28,181,2,2018-12-17 16:09:09
Case615,Request For Payment FINAL_APPROVED by SUPERVISOR,res_f1d5d76e-73b3-4ad2-b5bc-b44969b003a7,Role 1,2018-12-17 17:14:42,181,1,2018-12-17 16:30:28
Case633,Request For Payment APPROVED by ADMINISTRATION,res_f1d5d76e-73b3-4ad2-b5bc-b44969b003a7,Role 1,2018-12-17 17:23:09,181,1,2018-12-17 16:38:46
Case568,Payment Handled,res_c69c8e50-1285-46f6-a2dc-3b4fe9a350e1,Role 2,2018-12-17 17:52:06,181,2,2018-12-17 17:08:44
Case634,Request For Payment SUBMITTED by EMPLOYEE,res_c69c8e50-1285-46f6-a2dc-3b4fe9a350e1,Role 1,2018-12-17 18:08:34,182,2,2018-12-17 17:39:25
Case617,Request For Payment REJECTED by MISSING,res_c69c8e50-1285-46f6-a2dc-3b4fe9a350e1,Role 1,2018-12-17 18:19:54,181,0,2018-12-17 17:35:23
Case609,Request For Payment REJECTED by MISSING,res_c69c8e50-1285-46f6-a2dc-3b4fe9a350e1,Role 1,2018-12-17 18:31:14,182,1,2018-12-17 17:46:48
Case634,Request For Payment FINAL_APPROVED by SUPERVISOR,res_c69c8e50-1285-46f6-a2dc-3b4fe9a350e1,Role 1,2018-12-17 18:53:16,181,1,2018-12-17 18:08:52
Case586,Request For Payment REJECTED by MISSING,res_c69c8e50-1285-46f6-a2dc-3b4fe9a350e1,Role 1,2018-12-17 19:19:59,179,0,2018-12-17 18:40:24
Case600,Request For Payment REJECTED by EMPLOYEE,res_c69c8e50-1285-46f6-a2dc-3b4fe9a350e1,Role 1,2018-12-17 19:56:19,179,0,2018-12-17 19:11:36
Case621,Request For Payment REJECTED by EMPLOYEE,res_c69c8e50-1285-46f6-a2dc-3b4fe9a350e1,Role 1,2018-12-17 20:11:16,178,1,2018-12-17 19:27:01
Case599,Request Payment,res_c69c8e50-1285-46f6-a2dc-3b4fe9a350e1,Role 2,2018-12-17 20:25:15,178,1,2018-12-17 19:39:04
Case623,Request For Payment REJECTED by EMPLOYEE,res_c69c8e50-1285-46f6-a2dc-3b4fe9a350e1,Role 1,2018-12-17 20:29:35,178,2,2018-12-17 19:45:31
Case606,Request For Payment REJECTED by EMPLOYEE,res_c69c8e50-1285-46f6-a2dc-3b4fe9a350e1,Role 1,2018-12-17 20:41:40,177,2,2018-12-17 19:57:44
Case618,Request For Payment REJECTED by MISSING,res_c69c8e50-1285-46f6-a2dc-3b4fe9a350e1,Role 1,2018-12-17 20:48:47,177,0,2018-12-17 20:04:15
Case635,Request For Payment SAVED by EMPLOYEE,res_c69c8e50-1285-46f6-a2dc-3b4fe9a350e1,Role 1,2018-12-17 21:26:54,175,0,2018-12-17 20:57:41
Case601,Request For Payment REJECTED by EMPLOYEE,res_f1d5d76e-73b3-4ad2-b5bc-b44969b003a7,Role 1,2018-12-17 22:14:06,174,0,2018-12-17 21:29:17
Case636,Request For Payment SUBMITTED by EMPLOYEE,res_f1d5d76e-73b3-4ad2-b5bc-b44969b003a7,Role 1,2018-12-17 22:37:29,175,2,2018-12-17 22:08:09
Case493,Payment Handled,res_c69c8e50-1285-46f6-a2dc-3b4fe9a350e1,Role 2,2018-12-17 22:56:14,175,2,2018-12-17 22:12:32
Case636,Request For Payment APPROVED by PRE_APPROVER,res_c69c8e50-1285-46f6-a2dc-3b4fe9a350e1,Role 1,2018-12-17 23:21:59,175,0,2018-12-17 22:37:47
Case610,Request For Payment REJECTED by EMPLOYEE,res_c69c8e50-1285-46f6-a2dc-3b4fe9a350e1,Role 1,2018-12-18 01:18:28,174,0,2018-12-18 00:34:12
Case619,Request For Payment REJECTED by EMPLOYEE,res_c69c8e50-1285-46f6-a2dc-3b4fe9a350e1,Role 1,2018-12-18 01:33:27,174,1,2018-12-18 00:49:04
Case637,Request For Payment SUBMITTED by EMPLOYEE,res_c69c8e50-1285-46f6-a2dc-3b4fe9a350e1,Role 1,2018-12-18 03:11:22,174,3,2018-12-18 02:41:53
Case591,Request For Payment SUBMITTED by EMPLOYEE,res_c69c8e50-1285-46f6-a2dc-3b4fe9a350e1,Role 1,2018-12-18 03:22:13,173,2,2018-12-18 02:40:32
Case638,Request For Payment SUBMITTED by EMPLOYEE,res_c69c8e50-1285-46f6-a2dc-3b4fe9a350e1,Role 1,2018-12-18 03:51:20,175,3,2018-12-18 03:21:51
Case637,Request For Payment REJECTED by PRE_APPROVER,res_c69c8e50-1285-46f6-a2dc-3b4fe9a350e1,Role 1,2018-12-18 03:55:49,174,0,2018-12-18 03:11:40
Case591,Request For Payment APPROVED by ADMINISTRATION,res_c69c8e50-1285-46f6-a2dc-3b4fe9a350e1,Role 1,2018-12-18 04:05:55,175,1,2018-12-18 03:22:31
Case638,Request For Payment FINAL_APPROVED by SUPERVISOR,res_c69c8e50-1285-46f6-a2dc-3b4fe9a350e1,Role 1,2018-12-18 04:36:12,175,1,2018-12-18 03:51:38
Case626,Request For Payment REJECTED by EMPLOYEE,res_c69c8e50-1285-46f6-a2dc-3b4fe9a350e1,Role 1,2018-12-18 05:06:39,175,0,2018-12-18 04:22:23
Case627,Request For Payment REJECTED by EMPLOYEE,res_c69c8e50-1285-46f6-a2dc-3b4fe9a350e1,Role 1,2018-12-18 05:16:31,175,1,2018-12-18 04:32:23
Case628,Request For Payment REJECTED by EMPLOYEE,res_c69c8e50-1285-46f6-a2dc-3b4fe9a350e1,Role 1,2018-12-18 06:01:31,173,0,2018-12-18 05:17:10
Case629,Request For Payment REJECTED by EMPLOYEE,res_c69c8e50-1285-46f6-a2dc-3b4fe9a350e1,Role 1,2018-12-18 06:35:33,173,1,2018-12-18 05:51:19
Case639,Request For Payment SAVED by EMPLOYEE,res_c69c8e50-1285-46f6-a2dc-3b4fe9a350e1,Role 1,2018-12-18 07:54:29,173,0,2018-12-18 07:25:05
Case591,Request For Payment FINAL_APPROVED by SUPERVISOR,res_c69c8e50-1285-46f6-a2dc-3b4fe9a350e1,Role 1,2018-12-18 08:38:43,172,1,2018-12-18 07:55:39
Case630,Request For Payment FINAL_APPROVED by SUPERVISOR,res_c69c8e50-1285-46f6-a2dc-3b4fe9a350e1,Role 1,2018-12-18 09:16:39,172,2,2018-12-18 08:32:57
Case640,Request For Payment SUBMITTED by EMPLOYEE,res_c69c8e50-1285-46f6-a2dc-3b4fe9a350e1,Role 1,2018-12-18 09:17:00,173,2,2018-12-18 08:47:40
Case612,Request Payment,res_c69c8e50-1285-46f6-a2dc-3b4fe9a350e1,Role 2,2018-12-18 09:17:12,172,1,2018-12-18 08:32:16
Case641,Request For Payment SAVED by EMPLOYEE,res_c69c8e50-1285-46f6-a2dc-3b4fe9a350e1,Role 1,2018-12-18 09:58:23,174,0,2018-12-18 09:29:01
Case640,Request For Payment FINAL_APPROVED by SUPERVISOR,res_c69c8e50-1285-46f6-a2dc-3b4fe9a350e1,Role 1,2018-12-18 10:01:51,173,1,2018-12-18 09:17:18
Case642,Request For Payment SUBMITTED by EMPLOYEE,res_c69c8e50-1285-46f6-a2dc-3b4fe9a350e1,Role 1,2018-12-18 10:20:46,175,2,2018-12-18 09:51:16
Case642,Request For Payment APPROVED by PRE_APPROVER,res_c69c8e50-1285-46f6-a2dc-3b4fe9a350e1,Role 1,2018-12-18 11:05:34,174,0,2018-12-18 10:21:04
Case643,Request For Payment SAVED by EMPLOYEE,res_c69c8e50-1285-46f6-a2dc-3b4fe9a350e1,Role 1,2018-12-18 11:37:34,175,0,2018-12-18 11:08:12
Case590,Request For Payment REJECTED by MISSING,res_c69c8e50-1285-46f6-a2dc-3b4fe9a350e1,Role 1,2018-12-18 12:28:36,174,0,2018-12-18 11:47:38
Case633,Request For Payment REJECTED by BUDGET OWNER,res_c69c8e50-1285-46f6-a2dc-3b4fe9a350e1,Role 1,2018-12-18 12:32:28,174,0,2018-12-18 11:48:03
Case644,Request For Payment SUBMITTED by EMPLOYEE,res_c69c8e50-1285-46f6-a2dc-3b4fe9a350e1,Role 1,2018-12-18 12:34:57,175,2,2018-12-18 12:05:27
Case644,Request For Payment FINAL_APPROVED by SUPERVISOR,res_c69c8e50-1285-46f6-a2dc-3b4fe9a350e1,Role 1,2018-12-18 13:19:48,174,1,2018-12-18 12:35:15
Case645,Request For Payment SUBMITTED by EMPLOYEE,res_c69c8e50-1285-46f6-a2dc-3b4fe9a350e1,Role 1,2018-12-18 13:54:06,175,2,2018-12-18 13:24:38
Case645,Request For Payment REJECTED by SUPERVISOR,res_c69c8e50-1285-46f6-a2dc-3b4fe9a350e1,Role 1,2018-12-18 14:38:49,175,0,2018-12-18 13:54:24
Case646,Request For Payment SUBMITTED by EMPLOYEE,res_c69c8e50-1285-46f6-a2dc-3b4fe9a350e1,Role 1,2018-12-18 15:10:44,176,2,2018-12-18 14:41:15
Case647,Request For Payment SAVED by EMPLOYEE,res_c69c8e50-1285-46f6-a2dc-3b4fe9a350e1,Role 1,2018-12-18 15:40:45,177,0,2018-12-18 15:11:25
Case646,Request For Payment FINAL_APPROVED by SUPERVISOR,res_c69c8e50-1285-46f6-a2dc-3b4fe9a350e1,Role 1,2018-12-18 15:55:36,176,1,2018-12-18 15:11:02
Case616,Request For Payment SUBMITTED by EMPLOYEE,res_c69c8e50-1285-46f6-a2dc-3b4fe9a350e1,Role 1,2018-12-18 16:26:58,176,2,2018-12-18 15:45:53
Case596,Request For Payment SUBMITTED by EMPLOYEE,res_c69c8e50-1285-46f6-a2dc-3b4fe9a350e1,Role 1,2018-12-18 16:50:48,176,3,2018-12-18 16:09:25
Case648,Request For Payment SAVED by EMPLOYEE,res_c69c8e50-1285-46f6-a2dc-3b4fe9a350e1,Role 1,2018-12-18 17:00:11,177,0,2018-12-18 16:30:51
Case616,Request For Payment REJECTED by SUPERVISOR,res_c69c8e50-1285-46f6-a2dc-3b4fe9a350e1,Role 1,2018-12-18 17:10:18,176,0,2018-12-18 16:27:16
Case596,Request For Payment APPROVED by ADMINISTRATION,res_c69c8e50-1285-46f6-a2dc-3b4fe9a350e1,Role 1,2018-12-18 17:34:34,177,1,2018-12-18 16:51:06
Case636,Request For Payment FINAL_APPROVED by SUPERVISOR,res_f1d5d76e-73b3-4ad2-b5bc-b44969b003a7,Role 1,2018-12-18 18:40:52,176,1,2018-12-18 17:56:46
Case621,Request For Payment SUBMITTED by EMPLOYEE,res_f1d5d76e-73b3-4ad2-b5bc-b44969b003a7,Role 1,2018-12-18 19:00:49,176,2,2018-12-18 18:19:36
Case634,Request Payment,res_f1d5d76e-73b3-4ad2-b5bc-b44969b003a7,Role 2,2018-12-18 19:07:13,176,1,2018-12-18 18:22:38
Case596,Request For Payment APPROVED by BUDGET OWNER,res_f1d5d76e-73b3-4ad2-b5bc-b44969b003a7,Role 1,2018-12-18 21:23:05,176,1,2018-12-18 20:40:18
Case566,Request Payment,res_f1d5d76e-73b3-4ad2-b5bc-b44969b003a7,Role 2,2018-12-18 21:30:08,176,1,2018-12-18 20:47:04
Case621,Request For Payment APPROVED by PRE_APPROVER,res_c69c8e50-1285-46f6-a2dc-3b4fe9a350e1,Role 1,2018-12-18 22:43:01,176,0,2018-12-18 21:59:58
Case601,Request For Payment SUBMITTED by EMPLOYEE,res_c69c8e50-1285-46f6-a2dc-3b4fe9a350e1,Role 1,2018-12-18 23:03:49,176,2,2018-12-18 22:22:27
Case598,Request For Payment REJECTED by MISSING,res_c69c8e50-1285-46f6-a2dc-3b4fe9a350e1,Role 1,2018-12-18 23:44:58,176,0,2018-12-18 23:04:13
Case601,Request For Payment REJECTED by ADMINISTRATION,res_c69c8e50-1285-46f6-a2dc-3b4fe9a350e1,Role 1,2018-12-18 23:47:42,176,0,2018-12-18 23:04:07
Case616,Request For Payment REJECTED by EMPLOYEE,res_c69c8e50-1285-46f6-a2dc-3b4fe9a350e1,Role 1,2018-12-19 00:12:51,176,0,2018-12-18 23:30:07
Case649,Request For Payment SAVED by EMPLOYEE,res_c69c8e50-1285-46f6-a2dc-3b4fe9a350e1,Role 1,2018-12-19 01:28:02,176,0,2018-12-19 00:58:57
Case615,Request Payment,res_c69c8e50-1285-46f6-a2dc-3b4fe9a350e1,Role 2,2018-12-19 01:34:32,175,1,2018-12-19 00:51:37
Case650,Request For Payment SAVED by EMPLOYEE,res_c69c8e50-1285-46f6-a2dc-3b4fe9a350e1,Role 1,2018-12-19 02:25:25,176,0,2018-12-19 01:56:09
Case596,Request For Payment FINAL_APPROVED by SUPERVISOR,res_c69c8e50-1285-46f6-a2dc-3b4fe9a350e1,Role 1,2018-12-19 03:24:44,175,1,2018-12-19 02:42:17
Case601,Request For Payment REJECTED by EMPLOYEE,res_c69c8e50-1285-46f6-a2dc-3b4fe9a350e1,Role 1,2018-12-19 04:13:17,175,0,2018-12-19 03:30:25
Case621,Request For Payment FINAL_APPROVED by SUPERVISOR,res_c69c8e50-1285-46f6-a2dc-3b4fe9a350e1,Role 1,2018-12-19 05:14:14,175,1,2018-12-19 04:31:27
Case651,Request For Payment SAVED by EMPLOYEE,res_c69c8e50-1285-46f6-a2dc-3b4fe9a350e1,Role 1,2018-12-19 05:28:01,176,0,2018-12-19 04:58:46
Case637,Request For Payment REJECTED by EMPLOYEE,res_c69c8e50-1285-46f6-a2dc-3b4fe9a350e1,Role 1,2018-12-19 06:48:23,175,0,2018-12-19 06:04:21
Case652,Request For Payment SUBMITTED by EMPLOYEE,res_c69c8e50-1285-46f6-a2dc-3b4fe9a350e1,Role 1,2018-12-19 08:01:29,175,2,2018-12-19 07:32:46
Case652,Request For Payment APPROVED by ADMINISTRATION,res_c69c8e50-1285-46f6-a2dc-3b4fe9a350e1,Role 1,2018-12-19 08:45:24,175,1,2018-12-19 08:01:47
Case596,Request For Payment REJECTED by MISSING,res_c69c8e50-1285-46f6-a2dc-3b4fe9a350e1,Role 1,2018-12-19 08:56:11,175,0,2018-12-19 08:14:12
Case653,Request For Payment SAVED by EMPLOYEE,res_c69c8e50-1285-46f6-a2dc-3b4fe9a350e1,Role 1,2018-12-19 09:08:11,176,0,2018-12-19 08:38:57
Case654,Request For Payment SUBMITTED by EMPLOYEE,res_c69c8e50-1285-46f6-a2dc-3b4fe9a350e1,Role 1,2018-12-19 09:38:38,175,3,2018-12-19 09:09:37
Case616,Request For Payment SUBMITTED by EMPLOYEE,res_c69c8e50-1285-46f6-a2dc-3b4fe9a350e1,Role 1,2018-12-19 09:51:13,174,2,2018-12-19 09:08:59
Case654,Request For Payment FINAL_APPROVED by SUPERVISOR,res_c69c8e50-1285-46f6-a2dc-3b4fe9a350e1,Role 1,2018-12-19 10:22:48,175,1,2018-12-19 09:38:56
Case628,Request For Payment SUBMITTED by EMPLOYEE,res_c69c8e50-1285-46f6-a2dc-3b4fe9a350e1,Role 1,2018-12-19 10:23:06,175,3,2018-12-19 09:41:39
Case655,Request For Payment SUBMITTED by EMPLOYEE,res_c69c8e50-1285-46f6-a2dc-3b4fe9a350e1,Role 1,2018-12-19 10:51:43,176,3,2018-12-19 10:22:42
Case655,Request For Payment REJECTED by ADMINISTRATION,res_f1d5d76e-73b3-4ad2-b5bc-b44969b003a7,Role 1,2018-12-19 11:35:52,176,0,2018-12-19 10:52:01
Case591,Request Payment,res_f1d5d76e-73b3-4ad2-b5bc-b44969b003a7,Role 2,2018-12-19 11:37:27,176,1,2018-12-19 10:54:29
Case656,Request For Payment SUBMITTED by EMPLOYEE,res_c69c8e50-1285-46f6-a2dc-3b4fe9a350e1,Role 1,2018-12-19 12:07:27,177,2,2018-12-19 11:38:37
Case656,Request For Payment APPROVED by ADMINISTRATION,res_c69c8e50-1285-46f6-a2dc-3b4fe9a350e1,Role 1,2018-12-19 12:51:30,177,1,2018-12-19 12:07:45
Case657,Request For Payment SUBMITTED by EMPLOYEE,res_c69c8e50-1285-46f6-a2dc-3b4fe9a350e1,Role 1,2018-12-19 12:57:50,178,2,2018-12-19 12:28:48
Case601,Request For Payment SUBMITTED by EMPLOYEE,res_c69c8e50-1285-46f6-a2dc-3b4fe9a350e1,Role 1,2018-12-19 13:17:11,178,3,2018-12-19 12:34:51
Case658,Request For Payment SAVED by EMPLOYEE,res_c69c8e50-1285-46f6-a2dc-3b4fe9a350e1,Role 1,2018-12-19 13:20:00,179,0,2018-12-19 12:50:47
Case657,Request For Payment FINAL_APPROVED by SUPERVISOR,res_c69c8e50-1285-46f6-a2dc-3b4fe9a350e1,Role 1,2018-12-19 13:42:02,179,1,2018-12-19 12:58:08
Case633,Request For Payment REJECTED by EMPLOYEE,res_c69c8e50-1285-46f6-a2dc-3b4fe9a350e1,Role 1,2018-12-19 13:59:44,179,0,2018-12-19 13:19:27
Case619,Request For Payment SUBMITTED by EMPLOYEE,res_c69c8e50-1285-46f6-a2dc-3b4fe9a350e1,Role 1,2018-12-19 14:09:35,178,2,2018-12-19 13:28:01
Case628,Request For Payment REJECTED by PRE_APPROVER,res_c69c8e50-1285-46f6-a2dc-3b4fe9a350e1,Role 1,2018-12-19 14:22:54,178,0,2018-12-19 13:40:02
Case630,Request For Payment REJECTED by MISSING,res_c69c8e50-1285-46f6-a2dc-3b4fe9a350e1,Role 1,2018-12-19 14:23:11,178,0,2018-12-19 13:43:11
Case659,Request For Payment SUBMITTED by EMPLOYEE,res_c69c8e50-1285-46f6-a2dc-3b4fe9a350e1,Role 1,2018-12-19 14:59:52,178,2,2018-12-19 14:30:59
Case660,Request For Payment SAVED by EMPLOYEE,res_c69c8e50-1285-46f6-a2dc-3b4fe9a350e1,Role 1,2018-12-19 15:41:36,179,0,2018-12-19 15:12:24
Case659,Request For Payment REJECTED by SUPERVISOR,res_c69c8e50-1285-46f6-a2dc-3b4fe9a350e1,Role 1,2018-12-19 15:44:04,178,0,2018-12-19 15:00:10
Case642,Request For Payment FINAL_APPROVED by SUPERVISOR,res_c69c8e50-1285-46f6-a2dc-3b4fe9a350e1,Role 1,2018-12-19 15:54:21,178,1,2018-12-19 15:10:24
Case661,Request For Payment SAVED by EMPLOYEE,res_c69c8e50-1285-46f6-a2dc-3b4fe9a350e1,Role 1,2018-12-19 16:33:20,179,0,2018-12-19 16:04:09
Case616,Request For Payment FINAL_APPROVED by SUPERVISOR,res_c69c8e50-1285-46f6-a2dc-3b4fe9a350e1,Role 1,2018-12-19 16:36:15,178,2,2018-12-19 15:53:52
Case646,Request For Payment REJECTED by MISSING,res_c69c8e50-1285-46f6-a2dc-3b4fe9a350e1,Role 1,2018-12-19 17:09:56,179,0,2018-12-19 16:25:34
Case619,Request For Payment FINAL_APPROVED by SUPERVISOR,res_c69c8e50-1285-46f6-a2dc-3b4fe9a350e1,Role 1,2018-12-19 17:29:23,178,1,2018-12-19 16:46:17
Case638,Request Payment,res_c69c8e50-1285-46f6-a2dc-3b4fe9a350e1,Role 2,2018-12-19 19:04:16,177,1,2018-12-19 18:20:14
Case662,Request For Payment SUBMITTED by EMPLOYEE,res_c69c8e50-1285-46f6-a2dc-3b4fe9a350e1,Role 1,2018-12-19 19:33:29,178,2,2018-12-19 19:04:25
Case645,Request For Payment REJECTED by EMPLOYEE,res_c69c8e50-1285-46f6-a2dc-3b4fe9a350e1,Role 1,2018-12-19 19:34:24,177,0,2018-12-19 18:50:29
Case619,Request For Payment REJECTED by MISSING,res_c69c8e50-1285-46f6-a2dc-3b4fe9a350e1,Role 1,2018-12-19 20:17:00,178,0,2018-12-19 19:34:21
Case662,Request For Payment APPROVED by PRE_APPROVER,res_c69c8e50-1285-46f6-a2dc-3b4fe9a350e1,Role 1,2018-12-19 20:17:43,178,0,2018-12-19 19:33:47
Case601,Request For Payment APPROVED by ADMINISTRATION,res_c69c8e50-1285-46f6-a2dc-3b4fe9a350e1,Role 1,2018-12-19 20:20:12,178,1,2018-12-19 19:37:43
Case663,Request For Payment SUBMITTED by EMPLOYEE,res_c69c8e50-1285-46f6-a2dc-3b4fe9a350e1,Role 1,2018-12-19 20:37:52,179,2,2018-12-19 20:08:47
Case633,Request For Payment SUBMITTED by EMPLOYEE,res_c69c8e50-1285-46f6-a2dc-3b4fe9a350e1,Role 1,2018-12-19 21:14:46,178,3,2018-12-19 20:31:43
Case663,Request For Payment REJECTED by PRE_APPROVER,res_c69c8e50-1285-46f6-a2dc-3b4fe9a350e1,Role 1,2018-12-19 21:21:47,178,0,2018-12-19 20:38:10
Case664,Request For Payment SUBMITTED by EMPLOYEE,res_c69c8e50-1285-46f6-a2dc-3b4fe9a350e1,Role 1,2018-12-19 22:12:54,179,2,2018-12-19 21:44:17
Case621,Request Payment,res_c69c8e50-1285-46f6-a2dc-3b4fe9a350e1,Role 2,2018-12-19 22:26:45,178,1,2018-12-19 21:43:49
Case664,Request For Payment REJECTED by ADMINISTRATION,res_c69c8e50-1285-46f6-a2dc-3b4fe9a350e1,Role 1,2018-12-19 22:56:50,179,0,2018-12-19 22:13:12
Case640,Request Payment,res_c69c8e50-1285-46f6-a2dc-3b4fe9a350e1,Role 2,2018-12-20 00:03:30,179,1,2018-12-19 23:19:08
Case601,Request For Payment REJECTED by SUPERVISOR,res_c69c8e50-1285-46f6-a2dc-3b4fe9a350e1,Role 1,2018-12-20 00:10:29,179,0,2018-12-19 23:28:01
Case628,Request For Payment REJECTED by EMPLOYEE,res_c69c8e50-1285-46f6-a2dc-3b4fe9a350e1,Role 1,2018-12-20 00:56:20,179,0,2018-12-20 00:13:41
Case633,Request For Payment REJECTED by SUPERVISOR,res_c69c8e50-1285-46f6-a2dc-3b4fe9a350e1,Role 1,2018-12-20 02:35:11,179,0,2018-12-20 01:52:44
Case665,Request For Payment SUBMITTED by EMPLOYEE,res_c69c8e50-1285-46f6-a2dc-3b4fe9a350e1,Role 1,2018-12-20 04:24:58,180,2,2018-12-20 03:55:48
Case601,Request For Payment REJECTED by EMPLOYEE,res_f1d5d76e-73b3-4ad2-b5bc-b44969b003a7,Role 1,2018-12-20 05:03:10,180,0,2018-12-20 04:20:32
Case665,Request For Payment REJECTED by SUPERVISOR,res_c69c8e50-1285-46f6-a2dc-3b4fe9a350e1,Role 1,2018-12-20 05:31:25,180,0,2018-12-20 04:46:59
Case636,Request Payment,res_c69c8e50-1285-46f6-a2dc-3b4fe9a350e1,Role 2,2018-12-20 05:36:10,180,1,2018-12-20 04:53:26
Case633,Request For Payment REJECTED by EMPLOYEE,res_c69c8e50-1285-46f6-a2dc-3b4fe9a350e1,Role 1,2018-12-20 06:10:17,180,0,2018-12-20 05:27:26
Case644,Request Payment,res_c69c8e50-1285-46f6-a2dc-3b4fe9a350e1,Role 2,2018-12-20 06:22:29,180,1,2018-12-20 05:37:17
Case652,Request For Payment APPROVED by SUPERVISOR,res_c69c8e50-1285-46f6-a2dc-3b4fe9a350e1,Role 1,2018-12-20 06:52:15,180,0,2018-12-20 06:07:50
Case666,Request For Payment SUBMITTED by EMPLOYEE,res_c69c8e50-1285-46f6-a2dc-3b4fe9a350e1,Role 1,2018-12-20 07:58:07,180,2,2018-12-20 07:28:53
Case666,Request For Payment APPROVED by ADMINISTRATION,res_c69c8e50-1285-46f6-a2dc-3b4fe9a350e1,Role 1,2018-12-20 08:42:47,180,1,2018-12-20 07:58:25
Case654,Request For Payment REJECTED by MISSING,res_c69c8e50-1285-46f6-a2dc-3b4fe9a350e1,Role 1,2018-12-20 09:18:19,180,0,2018-12-20 08:34:04
Case667,Request For Payment SUBMITTED by EMPLOYEE,res_c69c8e50-1285-46f6-a2dc-3b4fe9a350e1,Role 1,2018-12-20 09:39:13,181,2,2018-12-20 09:09:53
Case616,Request Payment,res_c69c8e50-1285-46f6-a2dc-3b4fe9a350e1,Role 2,2018-12-20 10:10:10,180,1,2018-12-20 09:27:02
Case655,Request For Payment REJECTED by EMPLOYEE,res_c69c8e50-1285-46f6-a2dc-3b4fe9a350e1,Role 1,2018-12-20 10:22:21,180,0,2018-12-20 09:38:44
Case667,Request For Payment REJECTED by SUPERVISOR,res_c69c8e50-1285-46f6-a2dc-3b4fe9a350e1,Role 1,2018-12-20 10:38:06,180,0,2018-12-20 09:53:44
Case656,Request For Payment APPROVED by SUPERVISOR,res_c69c8e50-1285-46f6-a2dc-3b4fe9a350e1,Role 1,2018-12-20 10:58:21,180,0,2018-12-20 10:13:47
Case668,Request For Payment SUBMITTED by EMPLOYEE,res_c69c8e50-1285-46f6-a2dc-3b4fe9a350e1,Role 1,2018-12-20 11:08:24,181,2,2018-12-20 10:39:04
Case669,Request For Payment SAVED by EMPLOYEE,res_f1d5d76e-73b3-4ad2-b5bc-b44969b003a7,Role 1,2018-12-20 11:33:38,182,0,2018-12-20 11:04:22
Case668,Request For Payment FINAL_APPROVED by SUPERVISOR,res_c69c8e50-1285-46f6-a2dc-3b4fe9a350e1,Role 1,2018-12-20 11:53:09,182,1,2018-12-20 11:08:42
Case612,Payment Handled,res_c69c8e50-1285-46f6-a2dc-3b4fe9a350e1,Role 2,2018-12-20 11:56:47,182,2,2018-12-20 11:12:21
Case601,Request For Payment SUBMITTED by EMPLOYEE,res_c69c8e50-1285-46f6-a2dc-3b4fe9a350e1,Role 1,2018-12-20 12:28:15,181,2,2018-12-20 11:45:19
Case670,Request For Payment SAVED by EMPLOYEE,res_c69c8e50-1285-46f6-a2dc-3b4fe9a350e1,Role 1,2018-12-20 12:29:41,181,0,2018-12-20 12:00:25
Case513,Payment Handled,res_f1d5d76e-73b3-4ad2-b5bc-b44969b003a7,Role 2,2018-12-20 13:28:06,180,2,2018-12-20 12:43:50
Case671,Request For Payment SUBMITTED by EMPLOYEE,res_c69c8e50-1285-46f6-a2dc-3b4fe9a350e1,Role 1,2018-12-20 14:19:09,180,2,2018-12-20 13:49:52
Case671,Request For Payment REJECTED by SUPERVISOR,res_c69c8e50-1285-46f6-a2dc-3b4fe9a350e1,Role 1,2018-12-20 15:24:26,180,0,2018-12-20 14:40:00
Case628,Request For Payment SUBMITTED by EMPLOYEE,res_c69c8e50-1285-46f6-a2dc-3b4fe9a350e1,Role 1,2018-12-20 15:32:01,180,2,2018-12-20 14:49:23
Case659,Request For Payment REJECTED by EMPLOYEE,res_c69c8e50-1285-46f6-a2dc-3b4fe9a350e1,Role 1,2018-12-20 15:32:40,180,0,2018-12-20 14:48:43
Case628,Request For Payment REJECTED by ADMINISTRATION,res_f1d5d76e-73b3-4ad2-b5bc-b44969b003a7,Role 1,2018-12-20 16:15:01,180,0,2018-12-20 15:32:19
Case581,Payment Handled,res_f1d5d76e-73b3-4ad2-b5bc-b44969b003a7,Role 2,2018-12-20 16:34:30,180,2,2018-12-20 15:51:04
Case657,Request Payment,res_c69c8e50-1285-46f6-a2dc-3b4fe9a350e1,Role 2,2018-12-20 16:46:47,180,1,2018-12-20 16:02:06
Case672,Request For Payment SUBMITTED by EMPLOYEE,res_c69c8e50-1285-46f6-a2dc-3b4fe9a350e1,Role 1,2018-12-20 17:03:48,180,2,2018-12-20 16:34:43
Case672,Request For Payment FINAL_APPROVED by SUPERVISOR,res_c69c8e50-1285-46f6-a2dc-3b4fe9a350e1,Role 1,2018-12-20 17:48:27,180,1,2018-12-20 17:04:06
Case588,Payment Handled,res_c69c8e50-1285-46f6-a2dc-3b4fe9a350e1,Role 2,2018-12-20 18:18:09,180,2,2018-12-20 17:35:18
Case601,Request For Payment FINAL_APPROVED by SUPERVISOR,res_c69c8e50-1285-46f6-a2dc-3b4fe9a350e1,Role 1,2018-12-20 18:27:35,180,2,2018-12-20 17:44:43
Case615,Payment Handled,res_c69c8e50-1285-46f6-a2dc-3b4fe9a350e1,Role 2,2018-12-20 19:34:27,179,2,2018-12-20 18:50:52
Case673,Request For Payment SAVED by EMPLOYEE,res_c69c8e50-1285-46f6-a2dc-3b4fe9a350e1,Role 1,2018-12-20 19:35:34,180,0,2018-12-20 19:06:30
Case628,Request For Payment REJECTED by EMPLOYEE,res_f1d5d76e-73b3-4ad2-b5bc-b44969b003a7,Role 1,2018-12-20 19:47:14,179,0,2018-12-20 19:04:23
Case662,Request For Payment FINAL_APPROVED by SUPERVISOR,res_f1d5d76e-73b3-4ad2-b5bc-b44969b003a7,Role 1,2018-12-20 19:54:04,180,1,2018-12-20 19:10:29
Case645,Request For Payment SUBMITTED by EMPLOYEE,res_f1d5d76e-73b3-4ad2-b5bc-b44969b003a7,Role 1,2018-12-20 19:56:56,180,2,2018-12-20 19:16:35
Case634,Payment Handled,res_f1d5d76e-73b3-4ad2-b5bc-b44969b003a7,Role 2,2018-12-20 20:28:01,178,2,2018-12-20 19:44:18
Case663,Request For Payment REJECTED by EMPLOYEE,res_c69c8e50-1285-46f6-a2dc-3b4fe9a350e1,Role 1,2018-12-20 21:38:27,176,0,2018-12-20 20:54:31
Case599,Payment Handled,res_c69c8e50-1285-46f6-a2dc-3b4fe9a350e1,Role 2,2018-12-20 23:04:48,175,2,2018-12-20 22:19:22
Case664,Request For Payment REJECTED by EMPLOYEE,res_c69c8e50-1285-46f6-a2dc-3b4fe9a350e1,Role 1,2018-12-20 23:11:31,175,0,2018-12-20 22:27:44
Case642,Request For Payment REJECTED by MISSING,res_c69c8e50-1285-46f6-a2dc-3b4fe9a350e1,Role 1,2018-12-20 23:13:16,175,0,2018-12-20 22:33:52
Case674,Request For Payment SAVED by EMPLOYEE,res_c69c8e50-1285-46f6-a2dc-3b4fe9a350e1,Role 1,2018-12-20 23:15:43,176,0,2018-12-20 22:46:41
Case645,Request For Payment FINAL_APPROVED by SUPERVISOR,res_f1d5d76e-73b3-4ad2-b5bc-b44969b003a7,Role 1,2018-12-21 01:27:32,172,1,2018-12-21 00:44:07
Case566,Payment Handled,res_f1d5d76e-73b3-4ad2-b5bc-b44969b003a7,Role 2,2018-12-21 01:36:54,172,2,2018-12-21 00:53:37
Case675,Request For Payment SUBMITTED by EMPLOYEE,res_c69c8e50-1285-46f6-a2dc-3b4fe9a350e1,Role 1,2018-12-21 02:20:52,172,2,2018-12-21 01:51:32
Case675,Request For Payment REJECTED by SUPERVISOR,res_c69c8e50-1285-46f6-a2dc-3b4fe9a350e1,Role 1,2018-12-21 03:06:07,172,0,2018-12-21 02:21:15
Case591,Payment Handled,res_f1d5d76e-73b3-4ad2-b5bc-b44969b003a7,Role 2,2018-12-21 05:17:17,172,2,2018-12-21 04:34:17
Case676,Request For Payment SAVED by EMPLOYEE,res_c69c8e50-1285-46f6-a2dc-3b4fe9a350e1,Role 1,2018-12-21 08:52:47,172,0,2018-12-21 08:23:12
Case677,Request For Payment SAVED by EMPLOYEE,res_c69c8e50-1285-46f6-a2dc-3b4fe9a350e1,Role 1,2018-12-21 10:40:35,172,0,2018-12-21 10:11:02
Case638,Payment Handled,res_c69c8e50-1285-46f6-a2dc-3b4fe9a350e1,Role 2,2018-12-21 10:50:06,171,2,2018-12-21 10:07:40
Case678,Request For Payment SAVED by EMPLOYEE,res_c69c8e50-1285-46f6-a2dc-3b4fe9a350e1,Role 1,2018-12-21 11:23:24,171,0,2018-12-21 10:53:50
Case679,Request For Payment SAVED by EMPLOYEE,res_c69c8e50-1285-46f6-a2dc-3b4fe9a350e1,Role 1,2018-12-21 13:05:25,171,0,2018-12-21 12:35:51
Case680,Request For Payment SUBMITTED by EMPLOYEE,res_c69c8e50-1285-46f6-a2dc-3b4fe9a350e1,Role 1,2018-12-21 13:35:22,171,2,2018-12-21 13:05:53
Case680,Request For Payment FINAL_APPROVED by SUPERVISOR,res_c69c8e50-1285-46f6-a2dc-3b4fe9a350e1,Role 1,2018-12-21 14:20:34,171,1,2018-12-21 13:35:40
Case681,Request For Payment SUBMITTED by EMPLOYEE,res_f1d5d76e-73b3-4ad2-b5bc-b44969b003a7,Role 1,2018-12-21 15:57:57,172,2,2018-12-21 15:28:27
Case621,Payment Handled,res_c69c8e50-1285-46f6-a2dc-3b4fe9a350e1,Role 2,2018-12-21 16:39:27,172,2,2018-12-21 15:56:27
Case681,Request For Payment FINAL_APPROVED by SUPERVISOR,res_c69c8e50-1285-46f6-a2dc-3b4fe9a350e1,Role 1,2018-12-21 16:43:04,172,1,2018-12-21 15:58:15
Case682,Request For Payment SUBMITTED by EMPLOYEE,res_c69c8e50-1285-46f6-a2dc-3b4fe9a350e1,Role 1,2018-12-21 16:58:00,173,2,2018-12-21 16:28:35
Case683,Request For Payment SAVED by EMPLOYEE,res_c69c8e50-1285-46f6-a2dc-3b4fe9a350e1,Role 1,2018-12-21 17:20:59,173,0,2018-12-21 16:51:26
Case682,Request For Payment REJECTED by SUPERVISOR,res_c69c8e50-1285-46f6-a2dc-3b4fe9a350e1,Role 1,2018-12-21 17:43:09,173,0,2018-12-21 16:58:18
Case684,Request For Payment SAVED by EMPLOYEE,res_c69c8e50-1285-46f6-a2dc-3b4fe9a350e1,Role 1,2018-12-21 20:26:31,173,0,2018-12-21 19:56:58
Case685,Request For Payment SUBMITTED by EMPLOYEE,res_c69c8e50-1285-46f6-a2dc-3b4fe9a350e1,Role 1,2018-12-21 22:23:41,173,2,2018-12-21 21:54:09
Case685,Request For Payment REJECTED by SUPERVISOR,res_c69c8e50-1285-46f6-a2dc-3b4fe9a350e1,Role 1,2018-12-21 23:08:55,173,0,2018-12-21 22:24:05
Case666,Request For Payment REJECTED by BUDGET OWNER,res_c69c8e50-1285-46f6-a2dc-3b4fe9a350e1,Role 1,2018-12-22 06:06:53,173,0,2018-12-22 05:22:34
Case665,Request For Payment REJECTED by EMPLOYEE,res_c69c8e50-1285-46f6-a2dc-3b4fe9a350e1,Role 1,2018-12-22 06:53:31,173,0,2018-12-22 06:09:48
Case686,Request For Payment SUBMITTED by EMPLOYEE,res_c69c8e50-1285-46f6-a2dc-3b4fe9a350e1,Role 1,2018-12-22 07:38:58,173,2,2018-12-22 07:09:56
Case686,Request For Payment FINAL_APPROVED by SUPERVISOR,res_c69c8e50-1285-46f6-a2dc-3b4fe9a350e1,Role 1,2018-12-22 08:23:07,173,1,2018-12-22 07:39:16
Case687,Request For Payment SAVED by EMPLOYEE,res_c69c8e50-1285-46f6-a2dc-3b4fe9a350e1,Role 1,2018-12-22 09:39:57,174,0,2018-12-22 09:10:29
Case688,Request For Payment SAVED by EMPLOYEE,res_c69c8e50-1285-46f6-a2dc-3b4fe9a350e1,Role 1,2018-12-22 11:06:59,174,0,2018-12-22 10:37:31
Case689,Request For Payment SUBMITTED by EMPLOYEE,res_c69c8e50-1285-46f6-a2dc-3b4fe9a350e1,Role 1,2018-12-22 14:01:51,174,2,2018-12-22 13:32:42
Case690,Request For Payment SUBMITTED by EMPLOYEE,res_c69c8e50-1285-46f6-a2dc-3b4fe9a350e1,Role 1,2018-12-22 14:22:40,175,3,2018-12-22 13:53:22
Case689,Request For Payment REJECTED by ADMINISTRATION,res_c69c8e50-1285-46f6-a2dc-3b4fe9a350e1,Role 1,2018-12-22 14:46:25,175,0,2018-12-22 14:02:09
Case690,Request For Payment FINAL_APPROVED by SUPERVISOR,res_c69c8e50-1285-46f6-a2dc-3b4fe9a350e1,Role 1,2018-12-22 15:07:07,175,1,2018-12-22 14:22:58
Case667,Request For Payment REJECTED by EMPLOYEE,res_c69c8e50-1285-46f6-a2dc-3b4fe9a350e1,Role 1,2018-12-22 15:49:52,175,0,2018-12-22 15:06:15
Case671,Request For Payment REJECTED by EMPLOYEE,res_c69c8e50-1285-46f6-a2dc-3b4fe9a350e1,Role 1,2018-12-22 21:41:59,175,0,2018-12-22 20:58:11
Case691,Request For Payment SAVED by EMPLOYEE,res_c69c8e50-1285-46f6-a2dc-3b4fe9a350e1,Role 1,2018-12-22 21:58:53,176,0,2018-12-22 21:29:27
Case692,Request For Payment SUBMITTED by EMPLOYEE,res_c69c8e50-1285-46f6-a2dc-3b4fe9a350e1,Role 1,2018-12-23 02:28:15,176,2,2018-12-23 01:58:56
Case692,Request For Payment APPROVED by PRE_APPROVER,res_c69c8e50-1285-46f6-a2dc-3b4fe9a350e1,Role 1,2018-12-23 03:13:10,176,0,2018-12-23 02:28:33
Case693,Request For Payment SAVED by EMPLOYEE,res_c69c8e50-1285-46f6-a2dc-3b4fe9a350e1,Role 1,2018-12-23 08:35:26,177,0,2018-12-23 08:05:55
Case659,Request For Payment SUBMITTED by EMPLOYEE,res_c69c8e50-1285-46f6-a2dc-3b4fe9a350e1,Role 1,2018-12-23 08:50:19,177,2,2018-12-23 08:09:23
Case659,Request For Payment APPROVED by PRE_APPROVER,res_c69c8e50-1285-46f6-a2dc-3b4fe9a350e1,Role 1,2018-12-23 09:33:32,176,0,2018-12-23 08:50:37
Case694,Request For Payment SUBMITTED by EMPLOYEE,res_c69c8e50-1285-46f6-a2dc-3b4fe9a350e1,Role 1,2018-12-23 10:37:17,177,2,2018-12-23 10:07:49
Case694,Request For Payment APPROVED by PRE_APPROVER,res_c69c8e50-1285-46f6-a2dc-3b4fe9a350e1,Role 1,2018-12-23 11:22:14,177,0,2018-12-23 10:37:35
Case695,Request For Payment SAVED by EMPLOYEE,res_c69c8e50-1285-46f6-a2dc-3b4fe9a350e1,Role 1,2018-12-23 14:32:47,178,0,2018-12-23 14:03:19
Case655,Request For Payment SUBMITTED by EMPLOYEE,res_c69c8e50-1285-46f6-a2dc-3b4fe9a350e1,Role 1,2018-12-23 14:35:21,177,2,2018-12-23 13:54:13
Case696,Request For Payment SUBMITTED by EMPLOYEE,res_c69c8e50-1285-46f6-a2dc-3b4fe9a350e1,Role 1,2018-12-23 15:50:05,178,2,2018-12-23 15:20:35
Case696,Request For Payment REJECTED by SUPERVISOR,res_c69c8e50-1285-46f6-a2dc-3b4fe9a350e1,Role 1,2018-12-23 16:34:58,178,0,2018-12-23 15:50:23
Case659,Request For Payment FINAL_APPROVED by SUPERVISOR,res_c69c8e50-1285-46f6-a2dc-3b4fe9a350e1,Role 1,2018-12-23 16:57:00,178,1,2018-12-23 16:14:18
Case697,Request For Payment SAVED by EMPLOYEE,res_c69c8e50-1285-46f6-a2dc-3b4fe9a350e1,Role 1,2018-12-23 17:12:03,179,0,2018-12-23 16:42:36
Case655,Request For Payment APPROVED by ADMINISTRATION,res_c69c8e50-1285-46f6-a2dc-3b4fe9a350e1,Role 1,2018-12-23 18:51:57,178,1,2018-12-23 18:08:58
Case698,Request For Payment SUBMITTED by EMPLOYEE,res_c69c8e50-1285-46f6-a2dc-3b4fe9a350e1,Role 1,2018-12-23 18:55:28,179,2,2018-12-23 18:25:55
Case655,Request For Payment REJECTED by BUDGET OWNER,res_c69c8e50-1285-46f6-a2dc-3b4fe9a350e1,Role 1,2018-12-23 19:34:35,179,0,2018-12-23 18:52:15
Case698,Request For Payment APPROVED by ADMINISTRATION,res_c69c8e50-1285-46f6-a2dc-3b4fe9a350e1,Role 1,2018-12-23 19:40:28,179,1,2018-12-23 18:55:46
Case645,Request Payment,res_f1d5d76e-73b3-4ad2-b5bc-b44969b003a7,Role 2,2018-12-23 20:36:58,179,1,2018-12-23 19:53:51
Case668,Request Payment,res_c69c8e50-1285-46f6-a2dc-3b4fe9a350e1,Role 2,2018-12-23 21:30:59,179,1,2018-12-23 20:46:43
Case699,Request For Payment SUBMITTED by EMPLOYEE,res_c69c8e50-1285-46f6-a2dc-3b4fe9a350e1,Role 1,2018-12-23 21:54:54,180,2,2018-12-23 21:25:29
Case699,Request For Payment APPROVED by PRE_APPROVER,res_c69c8e50-1285-46f6-a2dc-3b4fe9a350e1,Role 1,2018-12-23 22:39:52,180,0,2018-12-23 21:55:12
Case640,Payment Handled,res_f1d5d76e-73b3-4ad2-b5bc-b44969b003a7,Role 2,2018-12-24 00:41:09,180,2,2018-12-23 23:58:41
Case700,Request For Payment SAVED by EMPLOYEE,res_c69c8e50-1285-46f6-a2dc-3b4fe9a350e1,Role 1,2018-12-24 01:47:52,180,0,2018-12-24 01:18:37
Case666,Request For Payment REJECTED by EMPLOYEE,res_c69c8e50-1285-46f6-a2dc-3b4fe9a350e1,Role 1,2018-12-24 02:41:01,179,0,2018-12-24 02:00:50
Case655,Request For Payment REJECTED by EMPLOYEE,res_c69c8e50-1285-46f6-a2dc-3b4fe9a350e1,Role 1,2018-12-24 04:15:37,178,0,2018-12-24 03:33:25
Case672,Request Payment,res_c69c8e50-1285-46f6-a2dc-3b4fe9a350e1,Role 2,2018-12-24 04:20:03,178,1,2018-12-24 03:36:26
Case701,Request For Payment SUBMITTED by EMPLOYEE,res_c69c8e50-1285-46f6-a2dc-3b4fe9a350e1,Role 1,2018-12-24 04:26:29,179,2,2018-12-24 03:57:27
Case701,Request For Payment APPROVED by PRE_APPROVER,res_c69c8e50-1285-46f6-a2dc-3b4fe9a350e1,Role 1,2018-12-24 05:10:54,179,0,2018-12-24 04:26:47
Case675,Request For Payment REJECTED by EMPLOYEE,res_f1d5d76e-73b3-4ad2-b5bc-b44969b003a7,Role 1,2018-12-24 05:48:51,179,0,2018-12-24 05:03:52
Case636,Payment Handled,res_f1d5d76e-73b3-4ad2-b5bc-b44969b003a7,Role 2,2018-12-24 06:11:48,179,2,2018-12-24 05:28:28
Case702,Request For Payment SUBMITTED by EMPLOYEE,res_f1d5d76e-73b3-4ad2-b5bc-b44969b003a7,Role 1,2018-12-24 06:22:24,180,2,2018-12-24 05:53:42
Case644,Payment Handled,res_f1d5d76e-73b3-4ad2-b5bc-b44969b003a7,Role 2,2018-12-24 06:51:31,180,3,2018-12-24 06:08:34
Case702,Request For Payment REJECTED by ADMINISTRATION,res_c69c8e50-1285-46f6-a2dc-3b4fe9a350e1,Role 1,2018-12-24 07:06:48,179,0,2018-12-24 06:22:42
Case601,Request Payment,res_c69c8e50-1285-46f6-a2dc-3b4fe9a350e1,Role 2,2018-12-24 07:13:37,179,1,2018-12-24 06:30:29
Case652,Request For Payment FINAL_APPROVED by DIRECTOR,res_c69c8e50-1285-46f6-a2dc-3b4fe9a350e1,Role 1,2018-12-24 07:49:36,178,0,2018-12-24 07:06:19
Case703,Request For Payment SUBMITTED by EMPLOYEE,res_c69c8e50-1285-46f6-a2dc-3b4fe9a350e1,Role 1,2018-12-24 08:15:32,179,2,2018-12-24 07:46:17
Case692,Request For Payment FINAL_APPROVED by SUPERVISOR,res_c69c8e50-1285-46f6-a2dc-3b4fe9a350e1,Role 1,2018-12-24 08:58:51,179,1,2018-12-24 08:14:26
Case703,Request For Payment FINAL_APPROVED by SUPERVISOR,res_c69c8e50-1285-46f6-a2dc-3b4fe9a350e1,Role 1,2018-12-24 09:00:13,179,2,2018-12-24 08:15:50
Case704,Request For Payment SUBMITTED by EMPLOYEE,res_c69c8e50-1285-46f6-a2dc-3b4fe9a350e1,Role 1,2018-12-24 09:01:31,180,2,2018-12-24 08:32:16
Case705,Request For Payment SUBMITTED by EMPLOYEE,res_c69c8e50-1285-46f6-a2dc-3b4fe9a350e1,Role 1,2018-12-24 09:45:53,181,2,2018-12-24 09:16:37
Case704,Request For Payment APPROVED by PRE_APPROVER,res_c69c8e50-1285-46f6-a2dc-3b4fe9a350e1,Role 1,2018-12-24 09:45:58,180,0,2018-12-24 09:01:49
Case705,Request For Payment REJECTED by SUPERVISOR,res_c69c8e50-1285-46f6-a2dc-3b4fe9a350e1,Role 1,2018-12-24 10:30:08,181,0,2018-12-24 09:46:11
Case706,Request For Payment SAVED by EMPLOYEE,res_c69c8e50-1285-46f6-a2dc-3b4fe9a350e1,Role 1,2018-12-24 10:51:08,182,0,2018-12-24 10:21:51
Case616,Payment Handled,res_c69c8e50-1285-46f6-a2dc-3b4fe9a350e1,Role 2,2018-12-24 11:34:32,181,2,2018-12-24 10:51:21
Case656,Request For Payment FINAL_APPROVED by DIRECTOR,res_c69c8e50-1285-46f6-a2dc-3b4fe9a350e1,Role 1,2018-12-24 11:50:05,181,0,2018-12-24 11:06:53
Case707,Request For Payment SUBMITTED by EMPLOYEE,res_c69c8e50-1285-46f6-a2dc-3b4fe9a350e1,Role 1,2018-12-24 11:54:18,182,2,2018-12-24 11:25:11
Case707,Request For Payment APPROVED by ADMINISTRATION,res_c69c8e50-1285-46f6-a2dc-3b4fe9a350e1,Role 1,2018-12-24 12:38:52,181,1,2018-12-24 11:54:36
Case708,Request For Payment SAVED by EMPLOYEE,res_c69c8e50-1285-46f6-a2dc-3b4fe9a350e1,Role 1,2018-12-24 12:46:08,182,0,2018-12-24 12:16:51
Case680,Request For Payment REJECTED by MISSING,res_c69c8e50-1285-46f6-a2dc-3b4fe9a350e1,Role 1,2018-12-24 12:46:13,181,0,2018-12-24 12:01:22
Case681,Request For Payment REJECTED by MISSING,res_c69c8e50-1285-46f6-a2dc-3b4fe9a350e1,Role 1,2018-12-24 13:10:01,182,1,2018-12-24 12:25:10
Case709,Request For Payment SUBMITTED by EMPLOYEE,res_c69c8e50-1285-46f6-a2dc-3b4fe9a350e1,Role 1,2018-12-24 13:32:16,181,2,2018-12-24 13:02:58
Case655,Request For Payment SUBMITTED by EMPLOYEE,res_c69c8e50-1285-46f6-a2dc-3b4fe9a350e1,Role 1,2018-12-24 13:50:28,181,3,2018-12-24 13:08:04
Case709,Request For Payment FINAL_APPROVED by SUPERVISOR,res_c69c8e50-1285-46f6-a2dc-3b4fe9a350e1,Role 1,2018-12-24 14:16:58,180,1,2018-12-24 13:32:34
Case710,Request For Payment SUBMITTED by EMPLOYEE,res_c69c8e50-1285-46f6-a2dc-3b4fe9a350e1,Role 1,2018-12-24 16:13:10,181,2,2018-12-24 15:44:03
Case711,Request For Payment SAVED by EMPLOYEE,res_c69c8e50-1285-46f6-a2dc-3b4fe9a350e1,Role 1,2018-12-24 16:27:07,182,0,2018-12-24 15:57:52
Case710,Request For Payment APPROVED by ADMINISTRATION,res_f1d5d76e-73b3-4ad2-b5bc-b44969b003a7,Role 1,2018-12-24 16:57:52,182,1,2018-12-24 16:13:28
Case667,Request For Payment SUBMITTED by EMPLOYEE,res_f1d5d76e-73b3-4ad2-b5bc-b44969b003a7,Role 1,2018-12-24 17:00:56,182,2,2018-12-24 16:20:36
Case694,Request For Payment FINAL_APPROVED by SUPERVISOR,res_f1d5d76e-73b3-4ad2-b5bc-b44969b003a7,Role 1,2018-12-24 17:07:38,182,1,2018-12-24 16:23:14
Case662,Request Payment,res_f1d5d76e-73b3-4ad2-b5bc-b44969b003a7,Role 2,2018-12-24 17:11:02,181,1,2018-12-24 16:28:11
Case657,Payment Handled,res_c69c8e50-1285-46f6-a2dc-3b4fe9a350e1,Role 2,2018-12-24 18:05:12,181,2,2018-12-24 17:21:46
Case690,Request For Payment REJECTED by MISSING,res_c69c8e50-1285-46f6-a2dc-3b4fe9a350e1,Role 1,2018-12-24 18:28:35,181,0,2018-12-24 17:44:14
Case671,Request For Payment SUBMITTED by EMPLOYEE,res_c69c8e50-1285-46f6-a2dc-3b4fe9a350e1,Role 1,2018-12-24 18:33:45,181,2,2018-12-24 17:53:12
Case671,Request For Payment FINAL_APPROVED by SUPERVISOR,res_c69c8e50-1285-46f6-a2dc-3b4fe9a350e1,Role 1,2018-12-24 19:17:13,179,1,2018-12-24 18:34:03
Case667,Request For Payment FINAL_APPROVED by SUPERVISOR,res_c69c8e50-1285-46f6-a2dc-3b4fe9a350e1,Role 1,2018-12-24 19:41:32,179,2,2018-12-24 18:58:24
Case712,Request For Payment SAVED by EMPLOYEE,res_c69c8e50-1285-46f6-a2dc-3b4fe9a350e1,Role 1,2018-12-24 20:01:26,180,0,2018-12-24 19:32:12
Case671,Request For Payment REJECTED by MISSING,res_c69c8e50-1285-46f6-a2dc-3b4fe9a350e1,Role 1,2018-12-24 20:04:23,179,0,2018-12-24 19:21:55
Case682,Request For Payment REJECTED by EMPLOYEE,res_c69c8e50-1285-46f6-a2dc-3b4fe9a350e1,Role 1,2018-12-24 20:08:31,179,0,2018-12-24 19:23:45
Case696,Request For Payment REJECTED by EMPLOYEE,res_c69c8e50-1285-46f6-a2dc-3b4fe9a350e1,Role 1,2018-12-24 20:10:29,179,1,2018-12-24 19:26:01
Case713,Request For Payment SUBMITTED by EMPLOYEE,res_c69c8e50-1285-46f6-a2dc-3b4fe9a350e1,Role 1,2018-12-24 21:35:25,179,2,2018-12-24 21:06:05
Case689,Request For Payment REJECTED by EMPLOYEE,res_c69c8e50-1285-46f6-a2dc-3b4fe9a350e1,Role 1,2018-12-24 21:46:04,178,0,2018-12-24 21:01:43
Case713,Request For Payment FINAL_APPROVED by SUPERVISOR,res_c69c8e50-1285-46f6-a2dc-3b4fe9a350e1,Role 1,2018-12-24 22:20:07,179,1,2018-12-24 21:35:43
Case655,Request For Payment FINAL_APPROVED by SUPERVISOR,res_c69c8e50-1285-46f6-a2dc-3b4fe9a350e1,Role 1,2018-12-24 22:22:52,179,2,2018-12-24 21:40:20
Case701,Request For Payment FINAL_APPROVED by SUPERVISOR,res_c69c8e50-1285-46f6-a2dc-3b4fe9a350e1,Role 1,2018-12-24 23:50:34,179,1,2018-12-24 23:06:27
Case702,Request For Payment REJECTED by EMPLOYEE,res_c69c8e50-1285-46f6-a2dc-3b4fe9a350e1,Role 1,2018-12-25 01:41:55,179,0,2018-12-25 00:57:39
Case685,Request For Payment REJECTED by EMPLOYEE,res_c69c8e50-1285-46f6-a2dc-3b4fe9a350e1,Role 1,2018-12-25 01:50:47,179,1,2018-12-25 01:06:04
Case698,Request For Payment FINAL_APPROVED by SUPERVISOR,res_c69c8e50-1285-46f6-a2dc-3b4fe9a350e1,Role 1,2018-12-25 02:23:09,179,1,2018-12-25 01:38:57
Case714,Request For Payment SUBMITTED by EMPLOYEE,res_c69c8e50-1285-46f6-a2dc-3b4fe9a350e1,Role 1,2018-12-25 03:40:14,179,2,2018-12-25 03:10:51
Case699,Request For Payment FINAL_APPROVED by SUPERVISOR,res_c69c8e50-1285-46f6-a2dc-3b4fe9a350e1,Role 1,2018-12-25 04:24:23,179,1,2018-12-25 03:40:05
Case714,Request For Payment REJECTED by ADMINISTRATION,res_c69c8e50-1285-46f6-a2dc-3b4fe9a350e1,Role 1,2018-12-25 04:25:05,179,0,2018-12-25 03:40:32
Case704,Request For Payment FINAL_APPROVED by SUPERVISOR,res_c69c8e50-1285-46f6-a2dc-3b4fe9a350e1,Role 1,2018-12-25 04:50:05,179,2,2018-12-25 04:05:59
Case655,Request For Payment REJECTED by MISSING,res_c69c8e50-1285-46f6-a2dc-3b4fe9a350e1,Role 1,2018-12-25 05:10:55,179,0,2018-12-25 04:28:26
Case705,Request For Payment REJECTED by EMPLOYEE,res_c69c8e50-1285-46f6-a2dc-3b4fe9a350e1,Role 1,2018-12-25 05:25:36,179,0,2018-12-25 04:41:22
Case715,Request For Payment SUBMITTED by EMPLOYEE,res_c69c8e50-1285-46f6-a2dc-3b4fe9a350e1,Role 1,2018-12-25 05:35:35,180,2,2018-12-25 05:06:06
Case715,Request For Payment APPROVED by PRE_APPROVER,res_c69c8e50-1285-46f6-a2dc-3b4fe9a350e1,Role 1,2018-12-25 06:20:22,179,0,2018-12-25 05:35:53
Case675,Request For Payment SUBMITTED by EMPLOYEE,res_c69c8e50-1285-46f6-a2dc-3b4fe9a350e1,Role 1,2018-12-25 06:53:28,179,2,2018-12-25 06:11:49
Case707,Request For Payment APPROVED by BUDGET OWNER,res_c69c8e50-1285-46f6-a2dc-3b4fe9a350e1,Role 1,2018-12-25 07:07:52,179,1,2018-12-25 06:23:44
Case675,Request For Payment REJECTED by SUPERVISOR,res_c69c8e50-1285-46f6-a2dc-3b4fe9a350e1,Role 1,2018-12-25 07:37:11,179,0,2018-12-25 06:53:46
Case716,Request For Payment SAVED by EMPLOYEE,res_c69c8e50-1285-46f6-a2dc-3b4fe9a350e1,Role 1,2018-12-25 09:03:50,180,0,2018-12-25 08:34:26
Case703,Request Payment,res_c69c8e50-1285-46f6-a2dc-3b4fe9a350e1,Role 2,2018-12-25 09:13:23,179,1,2018-12-25 08:28:50
Case717,Request For Payment SUBMITTED by EMPLOYEE,res_c69c8e50-1285-46f6-a2dc-3b4fe9a350e1,Role 1,2018-12-25 10:18:06,180,2,2018-12-25 09:48:39
Case718,Request For Payment SAVED by EMPLOYEE,res_c69c8e50-1285-46f6-a2dc-3b4fe9a350e1,Role 1,2018-12-25 11:01:22,181,0,2018-12-25 10:32:00
Case717,Request For Payment REJECTED by SUPERVISOR,res_c69c8e50-1285-46f6-a2dc-3b4fe9a350e1,Role 1,2018-12-25 11:02:49,180,0,2018-12-25 10:18:24
Case710,Request For Payment FINAL_APPROVED by SUPERVISOR,res_c69c8e50-1285-46f6-a2dc-3b4fe9a350e1,Role 1,2018-12-25 11:12:47,180,1,2018-12-25 10:28:32
Case719,Request For Payment SUBMITTED by EMPLOYEE,res_f1d5d76e-73b3-4ad2-b5bc-b44969b003a7,Role 1,2018-12-25 11:25:53,182,2,2018-12-25 10:56:23
Case686,Request Payment,res_c69c8e50-1285-46f6-a2dc-3b4fe9a350e1,Role 2,2018-12-25 12:01:19,181,1,2018-12-25 11:15:58
Case719,Request For Payment REJECTED by ADMINISTRATION,res_c69c8e50-1285-46f6-a2dc-3b4fe9a350e1,Role 1,2018-12-25 12:10:37,181,0,2018-12-25 11:26:11
Case675,Request For Payment REJECTED by EMPLOYEE,res_c69c8e50-1285-46f6-a2dc-3b4fe9a350e1,Role 1,2018-12-25 14:11:02,181,0,2018-12-25 13:28:18
Case720,Request For Payment SUBMITTED by EMPLOYEE,res_c69c8e50-1285-46f6-a2dc-3b4fe9a350e1,Role 1,2018-12-25 15:00:44,181,2,2018-12-25 14:31:15
Case720,Request For Payment REJECTED by SUPERVISOR,res_c69c8e50-1285-46f6-a2dc-3b4fe9a350e1,Role 1,2018-12-25 15:45:26,181,0,2018-12-25 15:01:02
Case721,Request For Payment SUBMITTED by EMPLOYEE,res_f1d5d76e-73b3-4ad2-b5bc-b44969b003a7,Role 1,2018-12-25 16:05:34,182,2,2018-12-25 15:36:04
Case709,Request Payment,res_f1d5d76e-73b3-4ad2-b5bc-b44969b003a7,Role 2,2018-12-25 16:30:52,182,1,2018-12-25 15:46:21
Case721,Request For Payment REJECTED by SUPERVISOR,res_f1d5d76e-73b3-4ad2-b5bc-b44969b003a7,Role 1,2018-12-25 16:50:10,182,0,2018-12-25 16:05:52
Case667,Request Payment,res_f1d5d76e-73b3-4ad2-b5bc-b44969b003a7,Role 2,2018-12-25 16:51:56,182,2,2018-12-25 16:08:49
Case722,Request For Payment SAVED by EMPLOYEE,res_f1d5d76e-73b3-4ad2-b5bc-b44969b003a7,Role 1,2018-12-25 17:47:21,183,0,2018-12-25 17:18:01
Case659,Request Payment,res_f1d5d76e-73b3-4ad2-b5bc-b44969b003a7,Role 2,2018-12-25 18:08:48,183,1,2018-12-25 17:25:49
Case692,Request Payment,res_f1d5d76e-73b3-4ad2-b5bc-b44969b003a7,Role 2,2018-12-25 18:59:17,182,1,2018-12-25 18:16:13
Case723,Request For Payment SAVED by EMPLOYEE,res_c69c8e50-1285-46f6-a2dc-3b4fe9a350e1,Role 1,2018-12-25 19:36:48,183,0,2018-12-25 19:07:29
Case696,Request For Payment SUBMITTED by EMPLOYEE,res_c69c8e50-1285-46f6-a2dc-3b4fe9a350e1,Role 1,2018-12-25 20:43:07,182,2,2018-12-25 20:02:02
Case724,Request For Payment SAVED by EMPLOYEE,res_c69c8e50-1285-46f6-a2dc-3b4fe9a350e1,Role 1,2018-12-25 20:47:52,183,0,2018-12-25 20:18:34
Case696,Request For Payment APPROVED by PRE_APPROVER,res_c69c8e50-1285-46f6-a2dc-3b4fe9a350e1,Role 1,2018-12-25 21:26:29,183,0,2018-12-25 20:43:25
Case682,Request For Payment SUBMITTED by EMPLOYEE,res_c69c8e50-1285-46f6-a2dc-3b4fe9a350e1,Role 1,2018-12-25 21:37:19,182,2,2018-12-25 20:56:10
Case725,Request For Payment SAVED by EMPLOYEE,res_f1d5d76e-73b3-4ad2-b5bc-b44969b003a7,Role 1,2018-12-25 22:03:00,183,0,2018-12-25 21:33:42
Case682,Request For Payment APPROVED by PRE_APPROVER,res_f1d5d76e-73b3-4ad2-b5bc-b44969b003a7,Role 1,2018-12-25 22:20:44,183,0,2018-12-25 21:37:37
Case713,Request Payment,res_f1d5d76e-73b3-4ad2-b5bc-b44969b003a7,Role 2,2018-12-25 22:34:17,183,1,2018-12-25 21:49:48
Case689,Request For Payment SUBMITTED by EMPLOYEE,res_c69c8e50-1285-46f6-a2dc-3b4fe9a350e1,Role 1,2018-12-26 00:10:06,182,2,2018-12-25 23:28:47
Case694,Request For Payment REJECTED by MISSING,res_c69c8e50-1285-46f6-a2dc-3b4fe9a350e1,Role 1,2018-12-26 01:03:07,182,0,2018-12-26 00:22:07
Case726,Request For Payment SAVED by EMPLOYEE,res_c69c8e50-1285-46f6-a2dc-3b4fe9a350e1,Role 1,2018-12-26 01:54:03,182,0,2018-12-26 01:24:47
Case689,Request For Payment APPROVED by PRE_APPROVER,res_c69c8e50-1285-46f6-a2dc-3b4fe9a350e1,Role 1,2018-12-26 02:35:57,182,0,2018-12-26 01:52:48
Case701,Request Payment,res_c69c8e50-1285-46f6-a2dc-3b4fe9a350e1,Role 2,2018-12-26 03:27:42,181,1,2018-12-26 02:44:47
Case696,Request For Payment FINAL_APPROVED by SUPERVISOR,res_c69c8e50-1285-46f6-a2dc-3b4fe9a350e1,Role 1,2018-12-26 03:53:51,181,1,2018-12-26 03:10:51
Case705,Request For Payment SUBMITTED by EMPLOYEE,res_c69c8e50-1285-46f6-a2dc-3b4fe9a350e1,Role 1,2018-12-26 04:35:23,181,2,2018-12-26 03:54:22
Case682,Request For Payment FINAL_APPROVED by SUPERVISOR,res_c69c8e50-1285-46f6-a2dc-3b4fe9a350e1,Role 1,2018-12-26 05:13:55,181,1,2018-12-26 04:31:05
Case705,Request For Payment REJECTED by SUPERVISOR,res_c69c8e50-1285-46f6-a2dc-3b4fe9a350e1,Role 1,2018-12-26 06:53:04,181,0,2018-12-26 06:10:00
Case702,Request For Payment SUBMITTED by EMPLOYEE,res_c69c8e50-1285-46f6-a2dc-3b4fe9a350e1,Role 1,2018-12-26 06:54:22,181,2,2018-12-26 06:12:32
Case714,Request For Payment REJECTED by EMPLOYEE,res_c69c8e50-1285-46f6-a2dc-3b4fe9a350e1,Role 1,2018-12-26 07:12:47,181,0,2018-12-26 06:28:38
Case727,Request For Payment SAVED by EMPLOYEE,res_c69c8e50-1285-46f6-a2dc-3b4fe9a350e1,Role 1,2018-12-26 08:39:00,182,0,2018-12-26 08:09:45
Case715,Request For Payment FINAL_APPROVED by SUPERVISOR,res_c69c8e50-1285-46f6-a2dc-3b4fe9a350e1,Role 1,2018-12-26 09:30:58,181,1,2018-12-26 08:47:04
Case728,Request For Payment SUBMITTED by EMPLOYEE,res_c69c8e50-1285-46f6-a2dc-3b4fe9a350e1,Role 1,2018-12-26 10:01:42,182,2,2018-12-26 09:32:42
Case704,Request For Payment REJECTED by MISSING,res_c69c8e50-1285-46f6-a2dc-3b4fe9a350e1,Role 1,2018-12-26 10:04:30,181,0,2018-12-26 09:24:18
Case689,Request For Payment FINAL_APPROVED by SUPERVISOR,res_c69c8e50-1285-46f6-a2dc-3b4fe9a350e1,Role 1,2018-12-26 10:30:41,182,1,2018-12-26 09:48:01
Case728,Request For Payment REJECTED by PRE_APPROVER,res_c69c8e50-1285-46f6-a2dc-3b4fe9a350e1,Role 1,2018-12-26 10:45:35,182,0,2018-12-26 10:02:00
Case729,Request For Payment SUBMITTED by EMPLOYEE,res_c69c8e50-1285-46f6-a2dc-3b4fe9a350e1,Role 1,2018-12-26 10:57:47,182,2,2018-12-26 10:28:46
Case729,Request For Payment APPROVED by PRE_APPROVER,res_c69c8e50-1285-46f6-a2dc-3b4fe9a350e1,Role 1,2018-12-26 11:41:55,182,0,2018-12-26 10:58:05
Case730,Request For Payment SAVED by EMPLOYEE,res_c69c8e50-1285-46f6-a2dc-3b4fe9a350e1,Role 1,2018-12-26 11:43:44,183,0,2018-12-26 11:14:31
Case702,Request For Payment FINAL_APPROVED by SUPERVISOR,res_c69c8e50-1285-46f6-a2dc-3b4fe9a350e1,Role 1,2018-12-26 12:16:53,183,1,2018-12-26 11:33:51
Case731,Request For Payment SAVED by EMPLOYEE,res_c69c8e50-1285-46f6-a2dc-3b4fe9a350e1,Role 1,2018-12-26 13:01:44,183,0,2018-12-26 12:32:31
Case707,Request For Payment FINAL_APPROVED by SUPERVISOR,res_c69c8e50-1285-46f6-a2dc-3b4fe9a350e1,Role 1,2018-12-26 13:05:50,182,1,2018-12-26 12:24:18
Case732,Request For Payment SAVED by EMPLOYEE,res_c69c8e50-1285-46f6-a2dc-3b4fe9a350e1,Role 1,2018-12-26 14:10:23,183,0,2018-12-26 13:41:10
Case717,Request For Payment REJECTED by EMPLOYEE,res_c69c8e50-1285-46f6-a2dc-3b4fe9a350e1,Role 1,2018-12-26 14:26:15,183,0,2018-12-26 13:42:05
Case689,Request For Payment REJECTED by MISSING,res_c69c8e50-1285-46f6-a2dc-3b4fe9a350e1,Role 1,2018-12-26 14:56:25,182,0,2018-12-26 14:14:33
Case733,Request For Payment SUBMITTED by EMPLOYEE,res_c69c8e50-1285-46f6-a2dc-3b4fe9a350e1,Role 1,2018-12-26 15:03:55,182,2,2018-12-26 14:34:52
Case719,Request For Payment REJECTED by EMPLOYEE,res_c69c8e50-1285-46f6-a2dc-3b4fe9a350e1,Role 1,2018-12-26 15:47:17,181,0,2018-12-26 15:03:20
Case733,Request For Payment REJECTED by SUPERVISOR,res_c69c8e50-1285-46f6-a2dc-3b4fe9a350e1,Role 1,2018-12-26 15:47:58,181,0,2018-12-26 15:04:13
Case705,Request For Payment REJECTED by EMPLOYEE,res_c69c8e50-1285-46f6-a2dc-3b4fe9a350e1,Role 1,2018-12-26 16:16:17,181,1,2018-12-26 15:33:32
Case734,Request For Payment SAVED by EMPLOYEE,res_f1d5d76e-73b3-4ad2-b5bc-b44969b003a7,Role 1,2018-12-26 17:47:41,181,0,2018-12-26 17:18:29
Case698,Request Payment,res_c69c8e50-1285-46f6-a2dc-3b4fe9a350e1,Role 2,2018-12-26 18:26:37,181,1,2018-12-26 17:43:49
Case721,Request For Payment REJECTED by EMPLOYEE,res_c69c8e50-1285-46f6-a2dc-3b4fe9a350e1,Role 1,2018-12-26 19:04:42,180,0,2018-12-26 18:20:59
Case720,Request For Payment REJECTED by EMPLOYEE,res_c69c8e50-1285-46f6-a2dc-3b4fe9a350e1,Role 1,2018-12-26 19:07:57,180,1,2018-12-26 18:24:05
Case699,Request For Payment REJECTED by MISSING,res_c69c8e50-1285-46f6-a2dc-3b4fe9a350e1,Role 1,2018-12-26 20:18:15,179,0,2018-12-26 19:37:27
Case735,Request For Payment SUBMITTED by EMPLOYEE,res_f1d5d76e-73b3-4ad2-b5bc-b44969b003a7,Role 1,2018-12-26 21:17:37,179,2,2018-12-26 20:48:38
Case696,Request Payment,res_c69c8e50-1285-46f6-a2dc-3b4fe9a350e1,Role 2,2018-12-26 21:54:29,179,1,2018-12-26 21:11:34
Case735,Request For Payment FINAL_APPROVED by SUPERVISOR,res_f1d5d76e-73b3-4ad2-b5bc-b44969b003a7,Role 1,2018-12-26 22:01:27,179,1,2018-12-26 21:17:55
Case682,Request Payment,res_f1d5d76e-73b3-4ad2-b5bc-b44969b003a7,Role 2,2018-12-26 22:42:48,179,1,2018-12-26 21:59:54
Case710,Request Payment,res_f1d5d76e-73b3-4ad2-b5bc-b44969b003a7,Role 2,2018-12-26 23:31:47,179,1,2018-12-26 22:49:01
Case736,Request For Payment SUBMITTED by EMPLOYEE,res_c69c8e50-1285-46f6-a2dc-3b4fe9a350e1,Role 1,2018-12-27 00:56:39,180,2,2018-12-27 00:27:33
Case736,Request For Payment APPROVED by ADMINISTRATION,res_c69c8e50-1285-46f6-a2dc-3b4fe9a350e1,Role 1,2018-12-27 01:41:14,180,1,2018-12-27 00:56:57
Case737,Request For Payment SUBMITTED by EMPLOYEE,res_c69c8e50-1285-46f6-a2dc-3b4fe9a350e1,Role 1,2018-12-27 02:06:43,181,2,2018-12-27 01:37:25
Case738,Request For Payment SUBMITTED by EMPLOYEE,res_c69c8e50-1285-46f6-a2dc-3b4fe9a350e1,Role 1,2018-12-27 02:41:14,182,2,2018-12-27 02:12:06
Case737,Request For Payment REJECTED by PRE_APPROVER,res_c69c8e50-1285-46f6-a2dc-3b4fe9a350e1,Role 1,2018-12-27 03:21:20,182,0,2018-12-27 02:37:02
Case738,Request For Payment FINAL_APPROVED by SUPERVISOR,res_c69c8e50-1285-46f6-a2dc-3b4fe9a350e1,Role 1,2018-12-27 03:25:56,182,1,2018-12-27 02:41:32
Case702,Request Payment,res_f1d5d76e-73b3-4ad2-b5bc-b44969b003a7,Role 2,2018-12-27 06:02:19,182,1,2018-12-27 05:19:07
Case707,Request Payment,res_f1d5d76e-73b3-4ad2-b5bc-b44969b003a7,Role 2,2018-12-27 07:27:02,182,1,2018-12-27 06:43:38
Case739,Request For Payment SAVED by EMPLOYEE,res_c69c8e50-1285-46f6-a2dc-3b4fe9a350e1,Role 1,2018-12-27 07:57:14,183,0,2018-12-27 07:27:55
Case740,Request For Payment SUBMITTED by EMPLOYEE,res_c69c8e50-1285-46f6-a2dc-3b4fe9a350e1,Role 1,2018-12-27 08:44:05,183,2,2018-12-27 08:15:03
Case672,Payment Handled,res_c69c8e50-1285-46f6-a2dc-3b4fe9a350e1,Role 2,2018-12-27 08:57:34,182,2,2018-12-27 08:14:33
Case741,Request For Payment SUBMITTED by EMPLOYEE,res_c69c8e50-1285-46f6-a2dc-3b4fe9a350e1,Role 1,2018-12-27 09:23:58,184,2,2018-12-27 08:54:52
Case740,Request For Payment REJECTED by ADMINISTRATION,res_c69c8e50-1285-46f6-a2dc-3b4fe9a350e1,Role 1,2018-12-27 09:28:39,183,0,2018-12-27 08:44:23
Case741,Request For Payment FINAL_APPROVED by SUPERVISOR,res_c69c8e50-1285-46f6-a2dc-3b4fe9a350e1,Role 1,2018-12-27 10:08:39,183,1,2018-12-27 09:24:16
Case728,Request For Payment REJECTED by EMPLOYEE,res_c69c8e50-1285-46f6-a2dc-3b4fe9a350e1,Role 1,2018-12-27 10:09:07,183,0,2018-12-27 09:25:16
Case742,Request For Payment SAVED by EMPLOYEE,res_c69c8e50-1285-46f6-a2dc-3b4fe9a350e1,Role 1,2018-12-27 10:21:37,184,0,2018-12-27 09:52:28
Case703,Payment Handled,res_c69c8e50-1285-46f6-a2dc-3b4fe9a350e1,Role 2,2018-12-27 10:32:40,183,2,2018-12-27 09:48:53
Case729,Request For Payment FINAL_APPROVED by SUPERVISOR,res_c69c8e50-1285-46f6-a2dc-3b4fe9a350e1,Role 1,2018-12-27 11:08:13,183,1,2018-12-27 10:24:39
Case743,Request For Payment SUBMITTED by EMPLOYEE,res_c69c8e50-1285-46f6-a2dc-3b4fe9a350e1,Role 1,2018-12-27 11:44:11,183,3,2018-12-27 11:14:51
Case714,Request For Payment SUBMITTED by EMPLOYEE,res_c69c8e50-1285-46f6-a2dc-3b4fe9a350e1,Role 1,2018-12-27 11:48:13,182,2,2018-12-27 11:07:51
Case744,Request For Payment SUBMITTED by EMPLOYEE,res_c69c8e50-1285-46f6-a2dc-3b4fe9a350e1,Role 1,2018-12-27 12:30:32,184,2,2018-12-27 12:01:12
Case714,Request For Payment REJECTED by SUPERVISOR,res_c69c8e50-1285-46f6-a2dc-3b4fe9a350e1,Role 1,2018-12-27 12:32:05,183,0,2018-12-27 11:48:31
Case743,Request For Payment REJECTED by PRE_APPROVER,res_c69c8e50-1285-46f6-a2dc-3b4fe9a350e1,Role 1,2018-12-27 13:00:51,184,0,2018-12-27 12:16:34
Case744,Request For Payment APPROVED by PRE_APPROVER,res_f1d5d76e-73b3-4ad2-b5bc-b44969b003a7,Role 1,2018-12-27 13:20:32,184,0,2018-12-27 12:36:04
Case745,Request For Payment SUBMITTED by EMPLOYEE,res_c69c8e50-1285-46f6-a2dc-3b4fe9a350e1,Role 1,2018-12-27 13:50:03,185,2,2018-12-27 13:20:59
Case668,Payment Handled,res_c69c8e50-1285-46f6-a2dc-3b4fe9a350e1,Role 2,2018-12-27 13:51:53,184,2,2018-12-27 13:09:02
Case745,Request For Payment FINAL_APPROVED by SUPERVISOR,res_f1d5d76e-73b3-4ad2-b5bc-b44969b003a7,Role 1,2018-12-27 14:34:28,185,1,2018-12-27 13:50:21
Case686,Payment Handled,res_c69c8e50-1285-46f6-a2dc-3b4fe9a350e1,Role 2,2018-12-27 15:02:04,184,2,2018-12-27 14:17:06
Case746,Request For Payment SAVED by EMPLOYEE,res_c69c8e50-1285-46f6-a2dc-3b4fe9a350e1,Role 1,2018-12-27 15:29:59,185,0,2018-12-27 15:00:53
Case733,Request For Payment REJECTED by EMPLOYEE,res_c69c8e50-1285-46f6-a2dc-3b4fe9a350e1,Role 1,2018-12-27 15:34:17,184,0,2018-12-27 14:50:38
Case714,Request For Payment REJECTED by EMPLOYEE,res_c69c8e50-1285-46f6-a2dc-3b4fe9a350e1,Role 1,2018-12-27 15:55:33,184,1,2018-12-27 15:12:37
Case645,Payment Handled,res_c69c8e50-1285-46f6-a2dc-3b4fe9a350e1,Role 2,2018-12-27 15:55:54,184,2,2018-12-27 15:11:56
Case715,Request For Payment REJECTED by MISSING,res_c69c8e50-1285-46f6-a2dc-3b4fe9a350e1,Role 1,2018-12-27 16:58:00,181,0,2018-12-27 16:18:25
Case747,Request For Payment SUBMITTED by EMPLOYEE,res_c69c8e50-1285-46f6-a2dc-3b4fe9a350e1,Role 1,2018-12-27 17:03:08,182,2,2018-12-27 16:33:48
Case748,Request For Payment SAVED by EMPLOYEE,res_f1d5d76e-73b3-4ad2-b5bc-b44969b003a7,Role 1,2018-12-27 17:27:49,182,0,2018-12-27 16:58:36
Case601,Payment Handled,res_c69c8e50-1285-46f6-a2dc-3b4fe9a350e1,Role 2,2018-12-27 17:54:55,182,2,2018-12-27 17:11:36
Case709,Payment Handled,res_c69c8e50-1285-46f6-a2dc-3b4fe9a350e1,Role 2,2018-12-27 18:09:54,182,3,2018-12-27 17:26:07
Case701,Payment Handled,res_c69c8e50-1285-46f6-a2dc-3b4fe9a350e1,Role 2,2018-12-27 18:13:55,181,4,2018-12-27 17:30:19
Case747,Request For Payment REJECTED by PRE_APPROVER,res_c69c8e50-1285-46f6-a2dc-3b4fe9a350e1,Role 1,2018-12-27 18:19:46,181,0,2018-12-27 17:35:27
Case749,Request For Payment SAVED by EMPLOYEE,res_c69c8e50-1285-46f6-a2dc-3b4fe9a350e1,Role 1,2018-12-27 18:55:09,179,0,2018-12-27 18:25:55
Case720,Request For Payment SUBMITTED by EMPLOYEE,res_c69c8e50-1285-46f6-a2dc-3b4fe9a350e1,Role 1,2018-12-27 19:55:30,178,2,2018-12-27 19:15:22
Case719,Request For Payment SUBMITTED by EMPLOYEE,res_c69c8e50-1285-46f6-a2dc-3b4fe9a350e1,Role 1,2018-12-27 20:16:09,178,3,2018-12-27 19:35:46
Case719,Request For Payment REJECTED by SUPERVISOR,res_f1d5d76e-73b3-4ad2-b5bc-b44969b003a7,Role 1,2018-12-27 20:59:53,178,0,2018-12-27 20:16:27
Case720,Request For Payment APPROVED by ADMINISTRATION,res_f1d5d76e-73b3-4ad2-b5bc-b44969b003a7,Role 1,2018-12-27 21:13:43,178,1,2018-12-27 20:30:15
Case667,Payment Handled,res_c69c8e50-1285-46f6-a2dc-3b4fe9a350e1,Role 2,2018-12-27 21:28:45,178,2,2018-12-27 20:45:11
Case750,Request For Payment SAVED by EMPLOYEE,res_f1d5d76e-73b3-4ad2-b5bc-b44969b003a7,Role 1,2018-12-27 21:47:44,179,0,2018-12-27 21:18:41
Case720,Request For Payment REJECTED by BUDGET OWNER,res_f1d5d76e-73b3-4ad2-b5bc-b44969b003a7,Role 1,2018-12-27 21:56:49,178,0,2018-12-27 21:14:01
Case659,Payment Handled,res_f1d5d76e-73b3-4ad2-b5bc-b44969b003a7,Role 2,2018-12-27 22:20:13,178,2,2018-12-27 21:36:23
Case751,Request For Payment SUBMITTED by EMPLOYEE,res_f1d5d76e-73b3-4ad2-b5bc-b44969b003a7,Role 1,2018-12-27 23:51:00,177,2,2018-12-27 23:21:55
Case713,Payment Handled,res_f1d5d76e-73b3-4ad2-b5bc-b44969b003a7,Role 2,2018-12-27 23:53:06,176,2,2018-12-27 23:09:27
Case692,Payment Handled,res_f1d5d76e-73b3-4ad2-b5bc-b44969b003a7,Role 2,2018-12-27 23:53:50,176,3,2018-12-27 23:09:29
Case735,Request Payment,res_f1d5d76e-73b3-4ad2-b5bc-b44969b003a7,Role 2,2018-12-28 00:11:34,177,1,2018-12-27 23:26:37
Case751,Request For Payment REJECTED by PRE_APPROVER,res_c69c8e50-1285-46f6-a2dc-3b4fe9a350e1,Role 1,2018-12-28 00:56:52,175,0,2018-12-28 00:12:27
Case752,Request For Payment SAVED by EMPLOYEE,res_c69c8e50-1285-46f6-a2dc-3b4fe9a350e1,Role 1,2018-12-28 01:06:04,176,0,2018-12-28 00:36:29
Case662,Payment Handled,res_c69c8e50-1285-46f6-a2dc-3b4fe9a350e1,Role 2,2018-12-28 02:04:04,175,2,2018-12-28 01:20:51
Case753,Request For Payment SUBMITTED by EMPLOYEE,res_c69c8e50-1285-46f6-a2dc-3b4fe9a350e1,Role 1,2018-12-28 02:10:50,176,2,2018-12-28 01:41:35
Case754,Request For Payment SAVED by EMPLOYEE,res_c69c8e50-1285-46f6-a2dc-3b4fe9a350e1,Role 1,2018-12-28 02:22:05,177,0,2018-12-28 01:52:32
Case719,Request For Payment REJECTED by EMPLOYEE,res_c69c8e50-1285-46f6-a2dc-3b4fe9a350e1,Role 1,2018-12-28 02:43:50,177,0,2018-12-28 02:01:03
Case652,Request Payment,res_c69c8e50-1285-46f6-a2dc-3b4fe9a350e1,Role 2,2018-12-28 02:43:55,177,1,2018-12-28 02:00:43
Case753,Request For Payment APPROVED by PRE_APPROVER,res_c69c8e50-1285-46f6-a2dc-3b4fe9a350e1,Role 1,2018-12-28 02:55:59,176,0,2018-12-28 02:11:08
Case720,Request For Payment REJECTED by EMPLOYEE,res_f1d5d76e-73b3-4ad2-b5bc-b44969b003a7,Role 1,2018-12-28 06:27:04,175,0,2018-12-28 05:44:31
Case656,Request Payment,res_f1d5d76e-73b3-4ad2-b5bc-b44969b003a7,Role 2,2018-12-28 06:36:10,175,1,2018-12-28 05:52:58
Case755,Request For Payment SAVED by EMPLOYEE,res_c69c8e50-1285-46f6-a2dc-3b4fe9a350e1,Role 1,2018-12-28 07:12:55,175,0,2018-12-28 06:43:20
Case756,Request For Payment SUBMITTED by EMPLOYEE,res_c69c8e50-1285-46f6-a2dc-3b4fe9a350e1,Role 1,2018-12-28 08:03:06,175,2,2018-12-28 07:33:40
Case756,Request For Payment APPROVED by PRE_APPROVER,res_c69c8e50-1285-46f6-a2dc-3b4fe9a350e1,Role 1,2018-12-28 08:48:19,175,0,2018-12-28 08:03:24
Case757,Request For Payment SAVED by EMPLOYEE,res_c69c8e50-1285-46f6-a2dc-3b4fe9a350e1,Role 1,2018-12-28 09:04:28,176,0,2018-12-28 08:34:54
Case758,Request For Payment SUBMITTED by EMPLOYEE,res_c69c8e50-1285-46f6-a2dc-3b4fe9a350e1,Role 1,2018-12-28 09:46:51,176,2,2018-12-28 09:17:24
Case758,Request For Payment FINAL_APPROVED by SUPERVISOR,res_c69c8e50-1285-46f6-a2dc-3b4fe9a350e1,Role 1,2018-12-28 10:32:04,176,1,2018-12-28 09:47:09
Case759,Request For Payment SUBMITTED by EMPLOYEE,res_c69c8e50-1285-46f6-a2dc-3b4fe9a350e1,Role 1,2018-12-28 12:02:01,177,2,2018-12-28 11:32:40
Case698,Payment Handled,res_c69c8e50-1285-46f6-a2dc-3b4fe9a350e1,Role 2,2018-12-28 12:04:38,176,2,2018-12-28 11:21:18
Case759,Request For Payment REJECTED by SUPERVISOR,res_c69c8e50-1285-46f6-a2dc-3b4fe9a350e1,Role 1,2018-12-28 12:47:09,177,0,2018-12-28 12:02:19
Case760,Request For Payment SUBMITTED by EMPLOYEE,res_c69c8e50-1285-46f6-a2dc-3b4fe9a350e1,Role 1,2018-12-28 13:19:00,177,2,2018-12-28 12:49:31
Case760,Request For Payment REJECTED by SUPERVISOR,res_c69c8e50-1285-46f6-a2dc-3b4fe9a350e1,Role 1,2018-12-28 14:04:20,177,0,2018-12-28 13:19:29
Case761,Request For Payment SAVED by EMPLOYEE,res_c69c8e50-1285-46f6-a2dc-3b4fe9a350e1,Role 1,2018-12-28 14:10:26,178,0,2018-12-28 13:40:53
Case710,Payment Handled,res_f1d5d76e-73b3-4ad2-b5bc-b44969b003a7,Role 2,2018-12-28 15:28:16,177,2,2018-12-28 14:44:55
Case696,Payment Handled,res_f1d5d76e-73b3-4ad2-b5bc-b44969b003a7,Role 2,2018-12-28 16:44:44,176,2,2018-12-28 16:01:39
Case682,Payment Handled,res_f1d5d76e-73b3-4ad2-b5bc-b44969b003a7,Role 2,2018-12-28 18:02:21,175,2,2018-12-28 17:19:21
Case762,Request For Payment SAVED by EMPLOYEE,res_c69c8e50-1285-46f6-a2dc-3b4fe9a350e1,Role 1,2018-12-28 18:48:42,175,0,2018-12-28 18:19:09
Case763,Request For Payment SAVED by EMPLOYEE,res_c69c8e50-1285-46f6-a2dc-3b4fe9a350e1,Role 1,2018-12-28 22:20:38,175,0,2018-12-28 21:51:06
Case764,Request For Payment SUBMITTED by EMPLOYEE,res_c69c8e50-1285-46f6-a2dc-3b4fe9a350e1,Role 1,2018-12-29 00:06:13,175,2,2018-12-28 23:36:41
Case764,Request For Payment FINAL_APPROVED by SUPERVISOR,res_c69c8e50-1285-46f6-a2dc-3b4fe9a350e1,Role 1,2018-12-29 00:50:54,175,1,2018-12-29 00:06:31
Case736,Request For Payment REJECTED by SUPERVISOR,res_c69c8e50-1285-46f6-a2dc-3b4fe9a350e1,Role 1,2018-12-29 01:44:30,175,0,2018-12-29 01:00:27
Case765,Request For Payment SUBMITTED by EMPLOYEE,res_c69c8e50-1285-46f6-a2dc-3b4fe9a350e1,Role 1,2018-12-29 02:57:36,176,2,2018-12-29 02:28:40
Case765,Request For Payment REJECTED by PRE_APPROVER,res_c69c8e50-1285-46f6-a2dc-3b4fe9a350e1,Role 1,2018-12-29 03:42:11,176,0,2018-12-29 02:57:54
Case766,Request For Payment SAVED by EMPLOYEE,res_c69c8e50-1285-46f6-a2dc-3b4fe9a350e1,Role 1,2018-12-29 05:21:28,177,0,2018-12-29 04:51:59
Case767,Request For Payment SAVED by EMPLOYEE,res_c69c8e50-1285-46f6-a2dc-3b4fe9a350e1,Role 1,2018-12-29 07:21:15,177,0,2018-12-29 06:51:46
Case738,Request For Payment REJECTED by MISSING,res_c69c8e50-1285-46f6-a2dc-3b4fe9a350e1,Role 1,2018-12-29 07:30:51,176,0,2018-12-29 06:46:38
Case737,Request For Payment REJECTED by EMPLOYEE,res_c69c8e50-1285-46f6-a2dc-3b4fe9a350e1,Role 1,2018-12-29 09:15:24,175,0,2018-12-29 08:31:42
Case768,Request For Payment SAVED by EMPLOYEE,res_c69c8e50-1285-46f6-a2dc-3b4fe9a350e1,Role 1,2018-12-29 10:29:46,176,0,2018-12-29 10:00:18
Case728,Request For Payment SUBMITTED by EMPLOYEE,res_c69c8e50-1285-46f6-a2dc-3b4fe9a350e1,Role 1,2018-12-29 12:12:03,175,2,2018-12-29 11:30:17
Case719,Request For Payment SUBMITTED by EMPLOYEE,res_c69c8e50-1285-46f6-a2dc-3b4fe9a350e1,Role 1,2018-12-29 13:19:25,175,2,2018-12-29 12:36:47
Case769,Request For Payment SUBMITTED by EMPLOYEE,res_c69c8e50-1285-46f6-a2dc-3b4fe9a350e1,Role 1,2018-12-29 14:12:18,176,2,2018-12-29 13:43:09
Case740,Request For Payment REJECTED by EMPLOYEE,res_c69c8e50-1285-46f6-a2dc-3b4fe9a350e1,Role 1,2018-12-29 14:32:10,176,0,2018-12-29 13:48:33
Case769,Request For Payment APPROVED by ADMINISTRATION,res_c69c8e50-1285-46f6-a2dc-3b4fe9a350e1,Role 1,2018-12-29 14:56:43,176,1,2018-12-29 14:12:36
Case770,Request For Payment SAVED by EMPLOYEE,res_c69c8e50-1285-46f6-a2dc-3b4fe9a350e1,Role 1,2018-12-29 15:29:20,177,0,2018-12-29 14:59:52
Case743,Request For Payment REJECTED by EMPLOYEE,res_c69c8e50-1285-46f6-a2dc-3b4fe9a350e1,Role 1,2018-12-29 18:26:25,176,0,2018-12-29 17:42:41
Case771,Request For Payment SUBMITTED by EMPLOYEE,res_c69c8e50-1285-46f6-a2dc-3b4fe9a350e1,Role 1,2018-12-29 20:33:29,177,2,2018-12-29 20:04:16
Case771,Request For Payment REJECTED by ADMINISTRATION,res_c69c8e50-1285-46f6-a2dc-3b4fe9a350e1,Role 1,2018-12-29 21:18:01,177,0,2018-12-29 20:33:47
Case744,Request For Payment FINAL_APPROVED by SUPERVISOR,res_c69c8e50-1285-46f6-a2dc-3b4fe9a350e1,Role 1,2018-12-29 21:28:16,177,1,2018-12-29 20:44:43
Case772,Request For Payment SUBMITTED by EMPLOYEE,res_c69c8e50-1285-46f6-a2dc-3b4fe9a350e1,Role 1,2018-12-29 21:41:04,178,2,2018-12-29 21:11:45
Case772,Request For Payment REJECTED by ADMINISTRATION,res_c69c8e50-1285-46f6-a2dc-3b4fe9a350e1,Role 1,2018-12-29 22:25:36,178,0,2018-12-29 21:41:22
Case728,Request For Payment FINAL_APPROVED by SUPERVISOR,res_c69c8e50-1285-46f6-a2dc-3b4fe9a350e1,Role 1,2018-12-29 23:58:21,178,1,2018-12-29 23:15:08
Case773,Request For Payment SUBMITTED by EMPLOYEE,res_c69c8e50-1285-46f6-a2dc-3b4fe9a350e1,Role 1,2018-12-30 00:01:54,179,2,2018-12-29 23:32:35
Case773,Request For Payment APPROVED by ADMINISTRATION,res_c69c8e50-1285-46f6-a2dc-3b4fe9a350e1,Role 1,2018-12-30 00:46:48,179,1,2018-12-30 00:02:12
Case774,Request For Payment SAVED by EMPLOYEE,res_c69c8e50-1285-46f6-a2dc-3b4fe9a350e1,Role 1,2018-12-30 00:56:54,180,0,2018-12-30 00:27:22
Case775,Request For Payment SUBMITTED by EMPLOYEE,res_c69c8e50-1285-46f6-a2dc-3b4fe9a350e1,Role 1,2018-12-30 02:20:40,180,2,2018-12-30 01:51:20
Case775,Request For Payment FINAL_APPROVED by SUPERVISOR,res_c69c8e50-1285-46f6-a2dc-3b4fe9a350e1,Role 1,2018-12-30 03:05:35,180,1,2018-12-30 02:20:58
Case776,Request For Payment SUBMITTED by EMPLOYEE,res_c69c8e50-1285-46f6-a2dc-3b4fe9a350e1,Role 1,2018-12-30 04:00:02,181,2,2018-12-30 03:30:40
Case747,Request For Payment REJECTED by EMPLOYEE,res_c69c8e50-1285-46f6-a2dc-3b4fe9a350e1,Role 1,2018-12-30 04:42:15,181,0,2018-12-30 03:58:10
Case733,Request For Payment SUBMITTED by EMPLOYEE,res_c69c8e50-1285-46f6-a2dc-3b4fe9a350e1,Role 1,2018-12-30 04:44:21,181,2,2018-12-30 04:03:31
Case776,Request For Payment FINAL_APPROVED by SUPERVISOR,res_c69c8e50-1285-46f6-a2dc-3b4fe9a350e1,Role 1,2018-12-30 04:45:00,181,1,2018-12-30 04:00:20
Case733,Request For Payment REJECTED by ADMINISTRATION,res_c69c8e50-1285-46f6-a2dc-3b4fe9a350e1,Role 1,2018-12-30 05:27:32,180,0,2018-12-30 04:44:39
Case777,Request For Payment SUBMITTED by EMPLOYEE,res_c69c8e50-1285-46f6-a2dc-3b4fe9a350e1,Role 1,2018-12-30 05:30:42,181,2,2018-12-30 05:01:10
Case777,Request For Payment REJECTED by PRE_APPROVER,res_c69c8e50-1285-46f6-a2dc-3b4fe9a350e1,Role 1,2018-12-30 06:15:27,181,0,2018-12-30 05:31:00
Case778,Request For Payment SAVED by EMPLOYEE,res_c69c8e50-1285-46f6-a2dc-3b4fe9a350e1,Role 1,2018-12-30 08:24:24,182,0,2018-12-30 07:54:53
Case779,Request For Payment SUBMITTED by EMPLOYEE,res_c69c8e50-1285-46f6-a2dc-3b4fe9a350e1,Role 1,2018-12-30 09:51:09,182,2,2018-12-30 09:21:42
Case779,Request For Payment REJECTED by PRE_APPROVER,res_c69c8e50-1285-46f6-a2dc-3b4fe9a350e1,Role 1,2018-12-30 10:35:56,182,0,2018-12-30 09:51:27
Case780,Request For Payment SUBMITTED by EMPLOYEE,res_c69c8e50-1285-46f6-a2dc-3b4fe9a350e1,Role 1,2018-12-30 10:51:41,183,2,2018-12-30 10:22:08
Case733,Request For Payment REJECTED by EMPLOYEE,res_c69c8e50-1285-46f6-a2dc-3b4fe9a350e1,Role 1,2018-12-30 11:24:59,183,0,2018-12-30 10:42:25
Case781,Request For Payment SUBMITTED by EMPLOYEE,res_c69c8e50-1285-46f6-a2dc-3b4fe9a350e1,Role 1,2018-12-30 11:27:48,184,2,2018-12-30 10:58:15
Case780,Request For Payment REJECTED by PRE_APPROVER,res_c69c8e50-1285-46f6-a2dc-3b4fe9a350e1,Role 1,2018-12-30 11:36:24,183,0,2018-12-30 10:51:59
Case781,Request For Payment FINAL_APPROVED by SUPERVISOR,res_c69c8e50-1285-46f6-a2dc-3b4fe9a350e1,Role 1,2018-12-30 12:12:47,184,1,2018-12-30 11:28:06
Case782,Request For Payment SUBMITTED by EMPLOYEE,res_c69c8e50-1285-46f6-a2dc-3b4fe9a350e1,Role 1,2018-12-30 13:06:18,185,2,2018-12-30 12:36:49
Case782,Request For Payment REJECTED by SUPERVISOR,res_c69c8e50-1285-46f6-a2dc-3b4fe9a350e1,Role 1,2018-12-30 13:51:11,185,0,2018-12-30 13:06:36
Case783,Request For Payment SAVED by EMPLOYEE,res_c69c8e50-1285-46f6-a2dc-3b4fe9a350e1,Role 1,2018-12-30 15:35:38,186,0,2018-12-30 15:06:09
Case719,Request For Payment FINAL_APPROVED by SUPERVISOR,res_c69c8e50-1285-46f6-a2dc-3b4fe9a350e1,Role 1,2018-12-30 18:27:03,185,1,2018-12-30 17:44:33
Case733,Request For Payment SUBMITTED by EMPLOYEE,res_c69c8e50-1285-46f6-a2dc-3b4fe9a350e1,Role 1,2018-12-30 19:19:24,185,2,2018-12-30 18:37:05
Case784,Request For Payment SAVED by EMPLOYEE,res_c69c8e50-1285-46f6-a2dc-3b4fe9a350e1,Role 1,2018-12-30 19:41:29,186,0,2018-12-30 19:12:05
Case741,Request Payment,res_c69c8e50-1285-46f6-a2dc-3b4fe9a350e1,Role 2,2018-12-30 19:44:00,185,1,2018-12-30 18:59:38
Case785,Request For Payment SUBMITTED by EMPLOYEE,res_c69c8e50-1285-46f6-a2dc-3b4fe9a350e1,Role 1,2018-12-30 22:40:06,186,2,2018-12-30 22:10:34
Case785,Request For Payment APPROVED by PRE_APPROVER,res_c69c8e50-1285-46f6-a2dc-3b4fe9a350e1,Role 1,2018-12-30 23:25:03,186,0,2018-12-30 22:40:24
Case751,Request For Payment REJECTED by EMPLOYEE,res_c69c8e50-1285-46f6-a2dc-3b4fe9a350e1,Role 1,2018-12-30 23:43:33,186,0,2018-12-30 22:59:03
Case733,Request For Payment APPROVED by PRE_APPROVER,res_c69c8e50-1285-46f6-a2dc-3b4fe9a350e1,Role 1,2018-12-31 00:11:21,186,0,2018-12-30 23:29:03
Case745,Request Payment,res_c69c8e50-1285-46f6-a2dc-3b4fe9a350e1,Role 2,2018-12-31 01:32:00,185,1,2018-12-31 00:48:25
Case786,Request For Payment SUBMITTED by EMPLOYEE,res_c69c8e50-1285-46f6-a2dc-3b4fe9a350e1,Role 1,2018-12-31 02:00:08,186,3,2018-12-31 01:31:07
Case737,Request For Payment SUBMITTED by EMPLOYEE,res_c69c8e50-1285-46f6-a2dc-3b4fe9a350e1,Role 1,2018-12-31 02:08:47,185,2,2018-12-31 01:28:18
Case786,Request For Payment FINAL_APPROVED by SUPERVISOR,res_c69c8e50-1285-46f6-a2dc-3b4fe9a350e1,Role 1,2018-12-31 02:44:43,186,1,2018-12-31 02:00:26
Case737,Request For Payment REJECTED by SUPERVISOR,res_c69c8e50-1285-46f6-a2dc-3b4fe9a350e1,Role 1,2018-12-31 02:52:04,186,0,2018-12-31 02:09:05
Case652,Payment Handled,res_c69c8e50-1285-46f6-a2dc-3b4fe9a350e1,Role 2,2018-12-31 03:05:11,186,2,2018-12-31 02:21:26
Case773,Request For Payment REJECTED by BUDGET OWNER,res_c69c8e50-1285-46f6-a2dc-3b4fe9a350e1,Role 1,2018-12-31 03:26:37,186,0,2018-12-31 02:42:15
Case753,Request For Payment FINAL_APPROVED by SUPERVISOR,res_c69c8e50-1285-46f6-a2dc-3b4fe9a350e1,Role 1,2018-12-31 04:15:52,185,1,2018-12-31 03:30:35
Case736,Request For Payment REJECTED by EMPLOYEE,res_c69c8e50-1285-46f6-a2dc-3b4fe9a350e1,Role 1,2018-12-31 04:28:43,185,0,2018-12-31 03:48:21
Case787,Request For Payment SUBMITTED by EMPLOYEE,res_c69c8e50-1285-46f6-a2dc-3b4fe9a350e1,Role 1,2018-12-31 05:30:44,185,2,2018-12-31 05:02:04
Case787,Request For Payment FINAL_APPROVED by SUPERVISOR,res_f1d5d76e-73b3-4ad2-b5bc-b44969b003a7,Role 1,2018-12-31 06:15:09,185,1,2018-12-31 05:31:02
Case735,Payment Handled,res_f1d5d76e-73b3-4ad2-b5bc-b44969b003a7,Role 2,2018-12-31 06:42:24,185,2,2018-12-31 05:58:36
Case656,Payment Handled,res_f1d5d76e-73b3-4ad2-b5bc-b44969b003a7,Role 2,2018-12-31 06:59:19,185,3,2018-12-31 06:15:37
Case702,Payment Handled,res_f1d5d76e-73b3-4ad2-b5bc-b44969b003a7,Role 2,2018-12-31 07:23:04,185,4,2018-12-31 06:39:53
Case707,Payment Handled,res_c69c8e50-1285-46f6-a2dc-3b4fe9a350e1,Role 2,2018-12-31 08:44:33,182,2,2018-12-31 08:01:20
Case729,Request Payment,res_c69c8e50-1285-46f6-a2dc-3b4fe9a350e1,Role 2,2018-12-31 08:44:48,182,1,2018-12-31 08:01:49
Case733,Request For Payment FINAL_APPROVED by SUPERVISOR,res_c69c8e50-1285-46f6-a2dc-3b4fe9a350e1,Role 1,2018-12-31 08:52:04,182,1,2018-12-31 08:09:26
Case788,Request For Payment SAVED by EMPLOYEE,res_c69c8e50-1285-46f6-a2dc-3b4fe9a350e1,Role 1,2018-12-31 09:15:38,182,0,2018-12-31 08:46:20
Case789,Request For Payment SUBMITTED by EMPLOYEE,res_c69c8e50-1285-46f6-a2dc-3b4fe9a350e1,Role 1,2018-12-31 09:38:51,183,2,2018-12-31 09:09:35
Case756,Request For Payment FINAL_APPROVED by SUPERVISOR,res_c69c8e50-1285-46f6-a2dc-3b4fe9a350e1,Role 1,2018-12-31 10:00:59,182,1,2018-12-31 09:15:47
Case789,Request For Payment REJECTED by SUPERVISOR,res_c69c8e50-1285-46f6-a2dc-3b4fe9a350e1,Role 1,2018-12-31 10:23:05,182,0,2018-12-31 09:39:09
Case790,Request For Payment SUBMITTED by EMPLOYEE,res_c69c8e50-1285-46f6-a2dc-3b4fe9a350e1,Role 1,2018-12-31 10:45:59,183,2,2018-12-31 10:16:42
Case743,Request For Payment SUBMITTED by EMPLOYEE,res_c69c8e50-1285-46f6-a2dc-3b4fe9a350e1,Role 1,2018-12-31 11:07:24,183,3,2018-12-31 10:27:19
Case765,Request For Payment REJECTED by EMPLOYEE,res_c69c8e50-1285-46f6-a2dc-3b4fe9a350e1,Role 1,2018-12-31 11:27:57,183,0,2018-12-31 10:43:33
Case790,Request For Payment FINAL_APPROVED by SUPERVISOR,res_c69c8e50-1285-46f6-a2dc-3b4fe9a350e1,Role 1,2018-12-31 11:30:40,183,1,2018-12-31 10:46:17
Case791,Request For Payment SAVED by EMPLOYEE,res_c69c8e50-1285-46f6-a2dc-3b4fe9a350e1,Role 1,2018-12-31 11:41:43,184,0,2018-12-31 11:12:26
Case743,Request For Payment APPROVED by PRE_APPROVER,res_c69c8e50-1285-46f6-a2dc-3b4fe9a350e1,Role 1,2018-12-31 11:50:45,183,0,2018-12-31 11:07:42
Case777,Request For Payment REJECTED by EMPLOYEE,res_c69c8e50-1285-46f6-a2dc-3b4fe9a350e1,Role 1,2018-12-31 12:01:15,184,1,2018-12-31 11:16:51
Case737,Request For Payment REJECTED by EMPLOYEE,res_c69c8e50-1285-46f6-a2dc-3b4fe9a350e1,Role 1,2018-12-31 12:15:55,183,1,2018-12-31 11:33:10
Case792,Request For Payment SUBMITTED by EMPLOYEE,res_c69c8e50-1285-46f6-a2dc-3b4fe9a350e1,Role 1,2018-12-31 12:26:05,183,2,2018-12-31 11:56:47
Case792,Request For Payment REJECTED by ADMINISTRATION,res_c69c8e50-1285-46f6-a2dc-3b4fe9a350e1,Role 1,2018-12-31 13:10:36,182,0,2018-12-31 12:26:23
Case793,Request For Payment SUBMITTED by EMPLOYEE,res_c69c8e50-1285-46f6-a2dc-3b4fe9a350e1,Role 1,2018-12-31 13:37:51,183,2,2018-12-31 13:08:33
Case779,Request For Payment REJECTED by EMPLOYEE,res_c69c8e50-1285-46f6-a2dc-3b4fe9a350e1,Role 1,2018-12-31 14:14:33,183,0,2018-12-31 13:30:04
Case793,Request For Payment REJECTED by ADMINISTRATION,res_f1d5d76e-73b3-4ad2-b5bc-b44969b003a7,Role 1,2018-12-31 14:22:24,183,0,2018-12-31 13:38:09
Case759,Request For Payment REJECTED by EMPLOYEE,res_c69c8e50-1285-46f6-a2dc-3b4fe9a350e1,Role 1,2018-12-31 14:46:01,183,1,2018-12-31 14:01:06
Case794,Request For Payment SAVED by EMPLOYEE,res_c69c8e50-1285-46f6-a2dc-3b4fe9a350e1,Role 1,2018-12-31 14:54:06,184,0,2018-12-31 14:24:56
Case758,Request Payment,res_c69c8e50-1285-46f6-a2dc-3b4fe9a350e1,Role 2,2018-12-31 15:05:25,183,1,2018-12-31 14:19:14
Case780,Request For Payment REJECTED by EMPLOYEE,res_c69c8e50-1285-46f6-a2dc-3b4fe9a350e1,Role 1,2018-12-31 15:11:35,184,1,2018-12-31 14:27:29
Case760,Request For Payment REJECTED by EMPLOYEE,res_c69c8e50-1285-46f6-a2dc-3b4fe9a350e1,Role 1,2018-12-31 15:41:23,182,1,2018-12-31 14:56:37
Case733,Request For Payment REJECTED by MISSING,res_c69c8e50-1285-46f6-a2dc-3b4fe9a350e1,Role 1,2018-12-31 15:57:46,181,0,2018-12-31 15:15:44
Case795,Request For Payment SUBMITTED by EMPLOYEE,res_c69c8e50-1285-46f6-a2dc-3b4fe9a350e1,Role 1,2018-12-31 16:40:54,180,2,2018-12-31 16:11:47
Case781,Request For Payment REJECTED by MISSING,res_c69c8e50-1285-46f6-a2dc-3b4fe9a350e1,Role 1,2018-12-31 17:23:00,180,0,2018-12-31 16:38:21
Case795,Request For Payment APPROVED by ADMINISTRATION,res_c69c8e50-1285-46f6-a2dc-3b4fe9a350e1,Role 1,2018-12-31 17:25:36,180,1,2018-12-31 16:41:12
Case796,Request For Payment SAVED by EMPLOYEE,res_c69c8e50-1285-46f6-a2dc-3b4fe9a350e1,Role 1,2018-12-31 18:56:10,180,0,2018-12-31 18:26:56
Case782,Request For Payment REJECTED by EMPLOYEE,res_c69c8e50-1285-46f6-a2dc-3b4fe9a350e1,Role 1,2018-12-31 19:28:35,180,0,2018-12-31 18:44:07
Case743,Request For Payment FINAL_APPROVED by SUPERVISOR,res_c69c8e50-1285-46f6-a2dc-3b4fe9a350e1,Role 1,2018-12-31 19:35:19,180,1,2018-12-31 18:52:33
Case740,Request For Payment SUBMITTED by EMPLOYEE,res_c69c8e50-1285-46f6-a2dc-3b4fe9a350e1,Role 1,2018-12-31 20:40:38,179,2,2018-12-31 19:59:37
Case740,Request For Payment FINAL_APPROVED by SUPERVISOR,res_c69c8e50-1285-46f6-a2dc-3b4fe9a350e1,Role 1,2018-12-31 21:24:04,179,1,2018-12-31 20:40:56
Case797,Request For Payment SUBMITTED by EMPLOYEE,res_c69c8e50-1285-46f6-a2dc-3b4fe9a350e1,Role 1,2018-12-31 21:50:28,180,2,2018-12-31 21:21:08
Case740,Request For Payment REJECTED by MISSING,res_c69c8e50-1285-46f6-a2dc-3b4fe9a350e1,Role 1,2018-12-31 22:06:42,180,0,2018-12-31 21:24:22
Case797,Request For Payment REJECTED by PRE_APPROVER,res_c69c8e50-1285-46f6-a2dc-3b4fe9a350e1,Role 1,2018-12-31 22:34:26,180,0,2018-12-31 21:50:46
Case798,Request For Payment SUBMITTED by EMPLOYEE,res_c69c8e50-1285-46f6-a2dc-3b4fe9a350e1,Role 1,2018-12-31 22:51:33,180,2,2018-12-31 22:22:13
Case798,Request For Payment APPROVED by ADMINISTRATION,res_c69c8e50-1285-46f6-a2dc-3b4fe9a350e1,Role 1,2018-12-31 23:36:13,180,1,2018-12-31 22:51:51
Case799,Request For Payment SUBMITTED by EMPLOYEE,res_c69c8e50-1285-46f6-a2dc-3b4fe9a350e1,Role 1,2019-01-01 00:01:32,181,2,2018-12-31 23:32:12
Case800,Request For Payment SAVED by EMPLOYEE,res_c69c8e50-1285-46f6-a2dc-3b4fe9a350e1,Role 1,2019-01-01 00:29:29,182,0,2019-01-01 00:00:04
Case799,Request For Payment APPROVED by ADMINISTRATION,res_f1d5d76e-73b3-4ad2-b5bc-b44969b003a7,Role 1,2019-01-01 00:46:16,182,1,2019-01-01 00:01:50
Case769,Request For Payment APPROVED by BUDGET OWNER,res_f1d5d76e-73b3-4ad2-b5bc-b44969b003a7,Role 1,2019-01-01 01:02:30,182,1,2019-01-01 00:18:14
Case786,Request Payment,res_f1d5d76e-73b3-4ad2-b5bc-b44969b003a7,Role 2,2019-01-01 01:18:32,181,1,2019-01-01 00:34:02
Case743,Request For Payment REJECTED by MISSING,res_c69c8e50-1285-46f6-a2dc-3b4fe9a350e1,Role 1,2019-01-01 02:13:33,181,0,2019-01-01 01:32:07
Case785,Request For Payment FINAL_APPROVED by SUPERVISOR,res_c69c8e50-1285-46f6-a2dc-3b4fe9a350e1,Role 1,2019-01-01 03:01:11,180,1,2019-01-01 02:16:52
Case801,Request For Payment SUBMITTED by EMPLOYEE,res_c69c8e50-1285-46f6-a2dc-3b4fe9a350e1,Role 1,2019-01-01 03:35:36,181,2,2019-01-01 03:06:13
Case771,Request For Payment REJECTED by EMPLOYEE,res_f1d5d76e-73b3-4ad2-b5bc-b44969b003a7,Role 1,2019-01-01 03:54:17,181,0,2019-01-01 03:10:02
Case801,Request For Payment FINAL_APPROVED by SUPERVISOR,res_c69c8e50-1285-46f6-a2dc-3b4fe9a350e1,Role 1,2019-01-01 04:20:29,181,1,2019-01-01 03:35:54
Case764,Request Payment,res_c69c8e50-1285-46f6-a2dc-3b4fe9a350e1,Role 2,2019-01-01 04:26:33,181,1,2019-01-01 03:40:49
Case802,Request For Payment SUBMITTED by EMPLOYEE,res_c69c8e50-1285-46f6-a2dc-3b4fe9a350e1,Role 1,2019-01-01 04:29:09,181,2,2019-01-01 03:59:51
Case802,Request For Payment REJECTED by SUPERVISOR,res_c69c8e50-1285-46f6-a2dc-3b4fe9a350e1,Role 1,2019-01-01 05:13:54,181,0,2019-01-01 04:29:27
Case789,Request For Payment REJECTED by EMPLOYEE,res_c69c8e50-1285-46f6-a2dc-3b4fe9a350e1,Role 1,2019-01-01 05:18:32,181,0,2019-01-01 04:34:19
Case803,Request For Payment SAVED by EMPLOYEE,res_c69c8e50-1285-46f6-a2dc-3b4fe9a350e1,Role 1,2019-01-01 05:52:57,181,0,2019-01-01 05:23:33
Case773,Request For Payment REJECTED by EMPLOYEE,res_f1d5d76e-73b3-4ad2-b5bc-b44969b003a7,Role 1,2019-01-01 06:33:44,181,0,2019-01-01 05:52:56
Case787,Request Payment,res_f1d5d76e-73b3-4ad2-b5bc-b44969b003a7,Role 2,2019-01-01 06:35:35,181,1,2019-01-01 05:50:27
Case790,Request For Payment REJECTED by MISSING,res_c69c8e50-1285-46f6-a2dc-3b4fe9a350e1,Role 1,2019-01-01 07:05:11,180,0,2019-01-01 06:20:56
Case776,Request Payment,res_c69c8e50-1285-46f6-a2dc-3b4fe9a350e1,Role 2,2019-01-01 07:12:46,180,2,2019-01-01 06:27:46
Case772,Request For Payment REJECTED by EMPLOYEE,res_c69c8e50-1285-46f6-a2dc-3b4fe9a350e1,Role 1,2019-01-01 07:40:57,180,0,2019-01-01 06:57:08
Case792,Request For Payment REJECTED by EMPLOYEE,res_c69c8e50-1285-46f6-a2dc-3b4fe9a350e1,Role 1,2019-01-01 08:03:48,179,1,2019-01-01 07:19:36
Case804,Request For Payment SUBMITTED by EMPLOYEE,res_c69c8e50-1285-46f6-a2dc-3b4fe9a350e1,Role 1,2019-01-01 08:12:28,180,2,2019-01-01 07:42:58
Case775,Request Payment,res_c69c8e50-1285-46f6-a2dc-3b4fe9a350e1,Role 2,2019-01-01 08:28:38,180,1,2019-01-01 07:43:13
Case777,Request For Payment SUBMITTED by EMPLOYEE,res_c69c8e50-1285-46f6-a2dc-3b4fe9a350e1,Role 1,2019-01-01 08:32:02,180,3,2019-01-01 07:50:53
Case804,Request For Payment APPROVED by ADMINISTRATION,res_c69c8e50-1285-46f6-a2dc-3b4fe9a350e1,Role 1,2019-01-01 08:57:12,179,1,2019-01-01 08:12:46
Case793,Request For Payment REJECTED by EMPLOYEE,res_c69c8e50-1285-46f6-a2dc-3b4fe9a350e1,Role 1,2019-01-01 08:59:37,179,0,2019-01-01 08:15:46
Case805,Request For Payment SAVED by EMPLOYEE,res_c69c8e50-1285-46f6-a2dc-3b4fe9a350e1,Role 1,2019-01-01 09:31:40,180,0,2019-01-01 09:02:17
Case806,Request For Payment SAVED by EMPLOYEE,res_c69c8e50-1285-46f6-a2dc-3b4fe9a350e1,Role 1,2019-01-01 10:21:31,180,0,2019-01-01 09:52:08
Case779,Request For Payment SUBMITTED by EMPLOYEE,res_c69c8e50-1285-46f6-a2dc-3b4fe9a350e1,Role 1,2019-01-01 10:49:50,180,2,2019-01-01 10:08:50
Case777,Request For Payment APPROVED by ADMINISTRATION,res_c69c8e50-1285-46f6-a2dc-3b4fe9a350e1,Role 1,2019-01-01 11:11:35,179,1,2019-01-01 10:28:25
Case779,Request For Payment REJECTED by ADMINISTRATION,res_c69c8e50-1285-46f6-a2dc-3b4fe9a350e1,Role 1,2019-01-01 11:33:20,179,0,2019-01-01 10:50:08
Case777,Request For Payment REJECTED by BUDGET OWNER,res_c69c8e50-1285-46f6-a2dc-3b4fe9a350e1,Role 1,2019-01-01 12:13:19,179,0,2019-01-01 11:30:40
Case807,Request For Payment SUBMITTED by EMPLOYEE,res_c69c8e50-1285-46f6-a2dc-3b4fe9a350e1,Role 1,2019-01-01 12:16:53,180,2,2019-01-01 11:47:23
Case808,Request For Payment SUBMITTED by EMPLOYEE,res_c69c8e50-1285-46f6-a2dc-3b4fe9a350e1,Role 1,2019-01-01 12:27:57,181,3,2019-01-01 11:58:27
Case795,Request For Payment FINAL_APPROVED by SUPERVISOR,res_c69c8e50-1285-46f6-a2dc-3b4fe9a350e1,Role 1,2019-01-01 12:39:40,180,1,2019-01-01 11:55:25
Case807,Request For Payment REJECTED by SUPERVISOR,res_c69c8e50-1285-46f6-a2dc-3b4fe9a350e1,Role 1,2019-01-01 13:01:29,181,0,2019-01-01 12:17:11
Case808,Request For Payment REJECTED by ADMINISTRATION,res_c69c8e50-1285-46f6-a2dc-3b4fe9a350e1,Role 1,2019-01-01 13:12:45,181,0,2019-01-01 12:28:15
Case773,Request For Payment SUBMITTED by EMPLOYEE,res_c69c8e50-1285-46f6-a2dc-3b4fe9a350e1,Role 1,2019-01-01 13:30:54,181,2,2019-01-01 12:47:50
Case809,Request For Payment SAVED by EMPLOYEE,res_c69c8e50-1285-46f6-a2dc-3b4fe9a350e1,Role 1,2019-01-01 14:13:19,182,0,2019-01-01 13:43:58
Case810,Request For Payment SAVED by EMPLOYEE,res_c69c8e50-1285-46f6-a2dc-3b4fe9a350e1,Role 1,2019-01-01 14:29:40,183,1,2019-01-01 14:00:19
Case811,Request For Payment SUBMITTED by EMPLOYEE,res_c69c8e50-1285-46f6-a2dc-3b4fe9a350e1,Role 1,2019-01-01 16:01:32,182,2,2019-01-01 15:32:03
Case779,Request For Payment REJECTED by EMPLOYEE,res_c69c8e50-1285-46f6-a2dc-3b4fe9a350e1,Role 1,2019-01-01 16:30:00,182,0,2019-01-01 15:47:12
Case811,Request For Payment FINAL_APPROVED by SUPERVISOR,res_c69c8e50-1285-46f6-a2dc-3b4fe9a350e1,Role 1,2019-01-01 16:46:24,182,1,2019-01-01 16:01:50
Case797,Request For Payment REJECTED by EMPLOYEE,res_c69c8e50-1285-46f6-a2dc-3b4fe9a350e1,Role 1,2019-01-01 17:07:32,182,1,2019-01-01 16:23:22
Case798,Request For Payment REJECTED by BUDGET OWNER,res_c69c8e50-1285-46f6-a2dc-3b4fe9a350e1,Role 1,2019-01-01 18:42:31,182,0,2019-01-01 17:58:08
Case773,Request For Payment FINAL_APPROVED by SUPERVISOR,res_c69c8e50-1285-46f6-a2dc-3b4fe9a350e1,Role 1,2019-01-01 18:58:39,182,1,2019-01-01 18:15:52
Case782,Request For Payment SUBMITTED by EMPLOYEE,res_c69c8e50-1285-46f6-a2dc-3b4fe9a350e1,Role 1,2019-01-01 19:36:24,182,2,2019-01-01 18:55:21
Case773,Request For Payment REJECTED by MISSING,res_c69c8e50-1285-46f6-a2dc-3b4fe9a350e1,Role 1,2019-01-01 19:40:43,182,0,2019-01-01 18:58:57
Case782,Request For Payment APPROVED by PRE_APPROVER,res_f1d5d76e-73b3-4ad2-b5bc-b44969b003a7,Role 1,2019-01-01 20:19:46,182,0,2019-01-01 19:36:42
Case777,Request For Payment REJECTED by EMPLOYEE,res_f1d5d76e-73b3-4ad2-b5bc-b44969b003a7,Role 1,2019-01-01 20:38:15,181,0,2019-01-01 19:56:32
Case753,Request Payment,res_f1d5d76e-73b3-4ad2-b5bc-b44969b003a7,Role 2,2019-01-01 20:48:45,181,1,2019-01-01 20:04:49
Case779,Request For Payment SUBMITTED by EMPLOYEE,res_c69c8e50-1285-46f6-a2dc-3b4fe9a350e1,Role 1,2019-01-01 22:29:09,181,2,2019-01-01 21:47:09
Case779,Request For Payment APPROVED by PRE_APPROVER,res_c69c8e50-1285-46f6-a2dc-3b4fe9a350e1,Role 1,2019-01-02 00:38:25,181,0,2019-01-01 23:56:23
Case799,Request For Payment FINAL_APPROVED by SUPERVISOR,res_f1d5d76e-73b3-4ad2-b5bc-b44969b003a7,Role 1,2019-01-02 01:19:36,181,1,2019-01-02 00:35:55
Case756,Request Payment,res_c69c8e50-1285-46f6-a2dc-3b4fe9a350e1,Role 2,2019-01-02 01:38:41,181,1,2019-01-02 00:55:26
Case812,Request For Payment SUBMITTED by EMPLOYEE,res_c69c8e50-1285-46f6-a2dc-3b4fe9a350e1,Role 1,2019-01-02 01:48:21,182,2,2019-01-02 01:20:06
Case812,Request For Payment APPROVED by ADMINISTRATION,res_c69c8e50-1285-46f6-a2dc-3b4fe9a350e1,Role 1,2019-01-02 02:31:50,182,1,2019-01-02 01:48:39
Case782,Request For Payment FINAL_APPROVED by SUPERVISOR,res_c69c8e50-1285-46f6-a2dc-3b4fe9a350e1,Role 1,2019-01-02 03:36:23,182,1,2019-01-02 02:53:23
Case813,Request For Payment SUBMITTED by EMPLOYEE,res_c69c8e50-1285-46f6-a2dc-3b4fe9a350e1,Role 1,2019-01-02 03:56:53,183,2,2019-01-02 03:28:20
Case801,Request For Payment REJECTED by MISSING,res_c69c8e50-1285-46f6-a2dc-3b4fe9a350e1,Role 1,2019-01-02 03:58:56,182,0,2019-01-02 03:14:30
Case744,Request Payment,res_c69c8e50-1285-46f6-a2dc-3b4fe9a350e1,Role 2,2019-01-02 04:00:02,182,1,2019-01-02 03:17:15
Case777,Request For Payment SUBMITTED by EMPLOYEE,res_c69c8e50-1285-46f6-a2dc-3b4fe9a350e1,Role 1,2019-01-02 04:16:15,183,3,2019-01-02 03:34:01
Case813,Request For Payment REJECTED by ADMINISTRATION,res_c69c8e50-1285-46f6-a2dc-3b4fe9a350e1,Role 1,2019-01-02 04:40:32,183,0,2019-01-02 03:57:11
Case719,Request Payment,res_f1d5d76e-73b3-4ad2-b5bc-b44969b003a7,Role 2,2019-01-02 05:29:14,182,1,2019-01-02 04:46:05
Case728,Request Payment,res_f1d5d76e-73b3-4ad2-b5bc-b44969b003a7,Role 2,2019-01-02 06:36:24,182,1,2019-01-02 05:53:14
Case802,Request For Payment REJECTED by EMPLOYEE,res_c69c8e50-1285-46f6-a2dc-3b4fe9a350e1,Role 1,2019-01-02 08:37:12,182,0,2019-01-02 07:53:10
Case804,Request For Payment REJECTED by BUDGET OWNER,res_c69c8e50-1285-46f6-a2dc-3b4fe9a350e1,Role 1,2019-01-02 09:23:07,182,0,2019-01-02 08:38:44
Case779,Request For Payment FINAL_APPROVED by SUPERVISOR,res_c69c8e50-1285-46f6-a2dc-3b4fe9a350e1,Role 1,2019-01-02 09:26:19,182,1,2019-01-02 08:43:41
Case814,Request For Payment SUBMITTED by EMPLOYEE,res_c69c8e50-1285-46f6-a2dc-3b4fe9a350e1,Role 1,2019-01-02 10:09:14,183,2,2019-01-02 09:40:27
Case814,Request For Payment APPROVED by PRE_APPROVER,res_c69c8e50-1285-46f6-a2dc-3b4fe9a350e1,Role 1,2019-01-02 10:53:22,183,0,2019-01-02 10:09:32
Case815,Request For Payment SUBMITTED by EMPLOYEE,res_c69c8e50-1285-46f6-a2dc-3b4fe9a350e1,Role 1,2019-01-02 11:11:25,184,2,2019-01-02 10:42:24
Case816,Request For Payment SAVED by EMPLOYEE,res_c69c8e50-1285-46f6-a2dc-3b4fe9a350e1,Role 1,2019-01-02 11:30:20,185,0,2019-01-02 11:01:07
Case815,Request For Payment APPROVED by PRE_APPROVER,res_c69c8e50-1285-46f6-a2dc-3b4fe9a350e1,Role 1,2019-01-02 11:55:35,185,0,2019-01-02 11:11:43
Case777,Request For Payment FINAL_APPROVED by SUPERVISOR,res_c69c8e50-1285-46f6-a2dc-3b4fe9a350e1,Role 1,2019-01-02 12:12:47,185,1,2019-01-02 11:30:18
Case769,Request For Payment FINAL_APPROVED by SUPERVISOR,res_c69c8e50-1285-46f6-a2dc-3b4fe9a350e1,Role 1,2019-01-02 12:21:40,184,2,2019-01-02 11:39:46
Case817,Request For Payment SUBMITTED by EMPLOYEE,res_c69c8e50-1285-46f6-a2dc-3b4fe9a350e1,Role 1,2019-01-02 12:50:22,185,3,2019-01-02 12:21:20
Case797,Request For Payment SUBMITTED by EMPLOYEE,res_c69c8e50-1285-46f6-a2dc-3b4fe9a350e1,Role 1,2019-01-02 13:00:30,184,2,2019-01-02 12:20:01
Case769,Request For Payment REJECTED by MISSING,res_c69c8e50-1285-46f6-a2dc-3b4fe9a350e1,Role 1,2019-01-02 13:04:55,185,0,2019-01-02 12:21:58
Case817,Request For Payment REJECTED by PRE_APPROVER,res_c69c8e50-1285-46f6-a2dc-3b4fe9a350e1,Role 1,2019-01-02 13:34:15,185,0,2019-01-02 12:50:40
Case818,Request For Payment SAVED by EMPLOYEE,res_c69c8e50-1285-46f6-a2dc-3b4fe9a350e1,Role 1,2019-01-02 13:43:33,185,0,2019-01-02 13:14:21
Case793,Request For Payment SUBMITTED by EMPLOYEE,res_c69c8e50-1285-46f6-a2dc-3b4fe9a350e1,Role 1,2019-01-02 14:50:48,184,2,2019-01-02 14:09:41
Case797,Request For Payment REJECTED by PRE_APPROVER,res_c69c8e50-1285-46f6-a2dc-3b4fe9a350e1,Role 1,2019-01-02 15:16:30,184,0,2019-01-02 14:33:40
Case819,Request For Payment SUBMITTED by EMPLOYEE,res_c69c8e50-1285-46f6-a2dc-3b4fe9a350e1,Role 1,2019-01-02 15:18:31,185,3,2019-01-02 14:49:28
Case808,Request For Payment REJECTED by EMPLOYEE,res_c69c8e50-1285-46f6-a2dc-3b4fe9a350e1,Role 1,2019-01-02 15:59:23,185,0,2019-01-02 15:15:21
Case819,Request For Payment REJECTED by PRE_APPROVER,res_c69c8e50-1285-46f6-a2dc-3b4fe9a350e1,Role 1,2019-01-02 16:02:25,185,0,2019-01-02 15:18:49
Case807,Request For Payment REJECTED by EMPLOYEE,res_c69c8e50-1285-46f6-a2dc-3b4fe9a350e1,Role 1,2019-01-02 16:12:51,185,1,2019-01-02 15:28:49
Case820,Request For Payment SUBMITTED by EMPLOYEE,res_c69c8e50-1285-46f6-a2dc-3b4fe9a350e1,Role 1,2019-01-02 16:29:59,185,2,2019-01-02 16:00:56
Case772,Request For Payment SUBMITTED by EMPLOYEE,res_c69c8e50-1285-46f6-a2dc-3b4fe9a350e1,Role 1,2019-01-02 16:44:38,185,3,2019-01-02 16:02:58
Case820,Request For Payment REJECTED by PRE_APPROVER,res_c69c8e50-1285-46f6-a2dc-3b4fe9a350e1,Role 1,2019-01-02 17:13:53,184,0,2019-01-02 16:30:17
Case785,Request Payment,res_c69c8e50-1285-46f6-a2dc-3b4fe9a350e1,Role 2,2019-01-02 18:22:15,184,1,2019-01-02 17:39:24
Case772,Request For Payment APPROVED by ADMINISTRATION,res_c69c8e50-1285-46f6-a2dc-3b4fe9a350e1,Role 1,2019-01-02 18:26:30,184,1,2019-01-02 17:43:24
Case798,Request For Payment REJECTED by EMPLOYEE,res_c69c8e50-1285-46f6-a2dc-3b4fe9a350e1,Role 1,2019-01-02 19:15:08,184,0,2019-01-02 18:34:41
Case793,Request For Payment FINAL_APPROVED by SUPERVISOR,res_f1d5d76e-73b3-4ad2-b5bc-b44969b003a7,Role 1,2019-01-02 20:07:57,183,1,2019-01-02 19:24:46
Case782,Request Payment,res_f1d5d76e-73b3-4ad2-b5bc-b44969b003a7,Role 2,2019-01-02 20:33:13,183,1,2019-01-02 19:50:18
Case821,Request For Payment SAVED by EMPLOYEE,res_c69c8e50-1285-46f6-a2dc-3b4fe9a350e1,Role 1,2019-01-02 22:43:12,184,0,2019-01-02 22:14:02
Case772,Request For Payment FINAL_APPROVED by SUPERVISOR,res_c69c8e50-1285-46f6-a2dc-3b4fe9a350e1,Role 1,2019-01-02 23:33:46,183,1,2019-01-02 22:51:02
Case822,Request For Payment SUBMITTED by EMPLOYEE,res_c69c8e50-1285-46f6-a2dc-3b4fe9a350e1,Role 1,2019-01-02 23:38:49,184,2,2019-01-02 23:09:44
Case822,Request For Payment APPROVED by PRE_APPROVER,res_c69c8e50-1285-46f6-a2dc-3b4fe9a350e1,Role 1,2019-01-03 00:23:05,184,0,2019-01-02 23:39:07
Case795,Request Payment,res_c69c8e50-1285-46f6-a2dc-3b4fe9a350e1,Role 2,2019-01-03 01:31:33,184,1,2019-01-03 00:48:41
Case797,Request For Payment REJECTED by EMPLOYEE,res_c69c8e50-1285-46f6-a2dc-3b4fe9a350e1,Role 1,2019-01-03 01:47:06,184,0,2019-01-03 01:04:21
Case772,Request For Payment REJECTED by MISSING,res_c69c8e50-1285-46f6-a2dc-3b4fe9a350e1,Role 1,2019-01-03 02:00:00,184,0,2019-01-03 01:17:55
Case786,Payment Handled,res_c69c8e50-1285-46f6-a2dc-3b4fe9a350e1,Role 2,2019-01-03 02:02:38,184,2,2019-01-03 01:18:33
Case812,Request For Payment FINAL_APPROVED by SUPERVISOR,res_c69c8e50-1285-46f6-a2dc-3b4fe9a350e1,Role 1,2019-01-03 02:05:03,184,1,2019-01-03 01:21:12
Case823,Request For Payment SAVED by EMPLOYEE,res_c69c8e50-1285-46f6-a2dc-3b4fe9a350e1,Role 1,2019-01-03 03:03:54,183,0,2019-01-03 02:34:33
Case779,Request Payment,res_c69c8e50-1285-46f6-a2dc-3b4fe9a350e1,Role 2,2019-01-03 04:23:00,182,1,2019-01-03 03:39:58
Case813,Request For Payment REJECTED by EMPLOYEE,res_f1d5d76e-73b3-4ad2-b5bc-b44969b003a7,Role 1,2019-01-03 04:55:27,182,0,2019-01-03 04:11:52
Case777,Request Payment,res_f1d5d76e-73b3-4ad2-b5bc-b44969b003a7,Role 2,2019-01-03 05:26:53,182,1,2019-01-03 04:43:44
Case787,Payment Handled,res_f1d5d76e-73b3-4ad2-b5bc-b44969b003a7,Role 2,2019-01-03 06:54:21,181,2,2019-01-03 06:09:43
Case824,Request For Payment SAVED by EMPLOYEE,res_f1d5d76e-73b3-4ad2-b5bc-b44969b003a7,Role 1,2019-01-03 06:56:15,182,0,2019-01-03 06:27:02
Case811,Request Payment,res_f1d5d76e-73b3-4ad2-b5bc-b44969b003a7,Role 2,2019-01-03 06:59:30,181,1,2019-01-03 06:14:24
Case745,Payment Handled,res_f1d5d76e-73b3-4ad2-b5bc-b44969b003a7,Role 2,2019-01-03 07:09:09,181,3,2019-01-03 06:25:50
Case764,Payment Handled,res_f1d5d76e-73b3-4ad2-b5bc-b44969b003a7,Role 2,2019-01-03 07:26:11,182,4,2019-01-03 06:41:09
Case802,Request For Payment SUBMITTED by EMPLOYEE,res_c69c8e50-1285-46f6-a2dc-3b4fe9a350e1,Role 1,2019-01-03 09:24:46,178,2,2019-01-03 08:44:27
Case825,Request For Payment SAVED by EMPLOYEE,res_c69c8e50-1285-46f6-a2dc-3b4fe9a350e1,Role 1,2019-01-03 09:28:21,179,0,2019-01-03 08:59:12
Case776,Payment Handled,res_c69c8e50-1285-46f6-a2dc-3b4fe9a350e1,Role 2,2019-01-03 09:40:38,178,2,2019-01-03 08:55:56
Case799,Request For Payment REJECTED by MISSING,res_c69c8e50-1285-46f6-a2dc-3b4fe9a350e1,Role 1,2019-01-03 09:54:05,179,0,2019-01-03 09:14:18
Case802,Request For Payment APPROVED by PRE_APPROVER,res_c69c8e50-1285-46f6-a2dc-3b4fe9a350e1,Role 1,2019-01-03 10:08:26,179,0,2019-01-03 09:25:04
Case804,Request For Payment REJECTED by EMPLOYEE,res_c69c8e50-1285-46f6-a2dc-3b4fe9a350e1,Role 1,2019-01-03 10:14:35,178,0,2019-01-03 09:34:29
Case814,Request For Payment FINAL_APPROVED by SUPERVISOR,res_c69c8e50-1285-46f6-a2dc-3b4fe9a350e1,Role 1,2019-01-03 10:19:32,178,1,2019-01-03 09:35:52
Case775,Payment Handled,res_c69c8e50-1285-46f6-a2dc-3b4fe9a350e1,Role 2,2019-01-03 11:23:24,176,2,2019-01-03 10:38:30
Case815,Request For Payment FINAL_APPROVED by SUPERVISOR,res_c69c8e50-1285-46f6-a2dc-3b4fe9a350e1,Role 1,2019-01-03 11:30:16,176,1,2019-01-03 10:46:43
Case826,Request For Payment SAVED by EMPLOYEE,res_f1d5d76e-73b3-4ad2-b5bc-b44969b003a7,Role 1,2019-01-03 11:58:28,176,0,2019-01-03 11:29:12
Case741,Payment Handled,res_c69c8e50-1285-46f6-a2dc-3b4fe9a350e1,Role 2,2019-01-03 12:19:05,176,2,2019-01-03 11:36:05
Case827,Request For Payment SAVED by EMPLOYEE,res_c69c8e50-1285-46f6-a2dc-3b4fe9a350e1,Role 1,2019-01-03 12:35:53,176,0,2019-01-03 12:06:43
Case817,Request For Payment REJECTED by EMPLOYEE,res_c69c8e50-1285-46f6-a2dc-3b4fe9a350e1,Role 1,2019-01-03 12:56:30,176,0,2019-01-03 12:12:50
Case828,Request For Payment SAVED by EMPLOYEE,res_f1d5d76e-73b3-4ad2-b5bc-b44969b003a7,Role 1,2019-01-03 13:20:39,175,0,2019-01-03 12:51:24
Case802,Request For Payment FINAL_APPROVED by SUPERVISOR,res_f1d5d76e-73b3-4ad2-b5bc-b44969b003a7,Role 1,2019-01-03 13:40:14,174,1,2019-01-03 12:57:08
Case797,Request For Payment SUBMITTED by EMPLOYEE,res_c69c8e50-1285-46f6-a2dc-3b4fe9a350e1,Role 1,2019-01-03 13:42:05,174,2,2019-01-03 12:59:28
Case793,Request Payment,res_c69c8e50-1285-46f6-a2dc-3b4fe9a350e1,Role 2,2019-01-03 13:43:33,174,1,2019-01-03 13:00:21
Case802,Request For Payment REJECTED by MISSING,res_c69c8e50-1285-46f6-a2dc-3b4fe9a350e1,Role 1,2019-01-03 14:23:04,173,0,2019-01-03 13:40:32
Case797,Request For Payment REJECTED by SUPERVISOR,res_c69c8e50-1285-46f6-a2dc-3b4fe9a350e1,Role 1,2019-01-03 14:24:59,173,0,2019-01-03 13:42:23
Case829,Request For Payment SAVED by EMPLOYEE,res_c69c8e50-1285-46f6-a2dc-3b4fe9a350e1,Role 1,2019-01-03 15:19:02,173,0,2019-01-03 14:49:48
Case819,Request For Payment REJECTED by EMPLOYEE,res_c69c8e50-1285-46f6-a2dc-3b4fe9a350e1,Role 1,2019-01-03 15:24:54,172,0,2019-01-03 14:41:00
Case830,Request For Payment SAVED by EMPLOYEE,res_c69c8e50-1285-46f6-a2dc-3b4fe9a350e1,Role 1,2019-01-03 15:52:24,173,0,2019-01-03 15:23:10
Case804,Request For Payment SUBMITTED by EMPLOYEE,res_c69c8e50-1285-46f6-a2dc-3b4fe9a350e1,Role 1,2019-01-03 16:28:00,172,2,2019-01-03 15:44:35
Case831,Request For Payment SUBMITTED by EMPLOYEE,res_c69c8e50-1285-46f6-a2dc-3b4fe9a350e1,Role 1,2019-01-03 16:41:23,172,3,2019-01-03 16:12:03
Case820,Request For Payment REJECTED by EMPLOYEE,res_f1d5d76e-73b3-4ad2-b5bc-b44969b003a7,Role 1,2019-01-03 17:27:30,172,0,2019-01-03 16:43:35
Case756,Payment Handled,res_f1d5d76e-73b3-4ad2-b5bc-b44969b003a7,Role 2,2019-01-03 17:42:39,172,2,2019-01-03 16:58:40
Case831,Request For Payment REJECTED by SUPERVISOR,res_f1d5d76e-73b3-4ad2-b5bc-b44969b003a7,Role 1,2019-01-03 17:46:15,172,0,2019-01-03 17:01:53
Case729,Payment Handled,res_f1d5d76e-73b3-4ad2-b5bc-b44969b003a7,Role 2,2019-01-03 17:48:46,172,3,2019-01-03 17:05:11
Case758,Payment Handled,res_f1d5d76e-73b3-4ad2-b5bc-b44969b003a7,Role 2,2019-01-03 18:12:35,172,4,2019-01-03 17:27:21
Case797,Request For Payment REJECTED by EMPLOYEE,res_c69c8e50-1285-46f6-a2dc-3b4fe9a350e1,Role 1,2019-01-03 19:01:28,169,0,2019-01-03 18:18:38
Case832,Request For Payment SUBMITTED by EMPLOYEE,res_c69c8e50-1285-46f6-a2dc-3b4fe9a350e1,Role 1,2019-01-03 19:25:30,170,2,2019-01-03 18:56:10
Case832,Request For Payment REJECTED by SUPERVISOR,res_c69c8e50-1285-46f6-a2dc-3b4fe9a350e1,Role 1,2019-01-03 20:30:19,170,0,2019-01-03 19:45:54
Case804,Request For Payment FINAL_APPROVED by SUPERVISOR,res_c69c8e50-1285-46f6-a2dc-3b4fe9a350e1,Role 1,2019-01-03 20:34:58,170,1,2019-01-03 19:52:02
Case833,Request For Payment SUBMITTED by EMPLOYEE,res_c69c8e50-1285-46f6-a2dc-3b4fe9a350e1,Role 1,2019-01-03 22:09:17,171,2,2019-01-03 21:39:58
Case834,Request For Payment SAVED by EMPLOYEE,res_c69c8e50-1285-46f6-a2dc-3b4fe9a350e1,Role 1,2019-01-03 22:30:39,172,0,2019-01-03 22:01:28
Case833,Request For Payment APPROVED by ADMINISTRATION,res_f1d5d76e-73b3-4ad2-b5bc-b44969b003a7,Role 1,2019-01-03 22:54:03,172,1,2019-01-03 22:09:35
Case719,Payment Handled,res_f1d5d76e-73b3-4ad2-b5bc-b44969b003a7,Role 2,2019-01-03 23:26:52,171,2,2019-01-03 22:43:08
Case744,Payment Handled,res_c69c8e50-1285-46f6-a2dc-3b4fe9a350e1,Role 2,2019-01-04 00:01:57,171,3,2019-01-03 23:18:38
Case835,Request For Payment SUBMITTED by EMPLOYEE,res_c69c8e50-1285-46f6-a2dc-3b4fe9a350e1,Role 1,2019-01-04 00:11:10,171,2,2019-01-03 23:42:05
Case753,Payment Handled,res_c69c8e50-1285-46f6-a2dc-3b4fe9a350e1,Role 2,2019-01-04 00:17:07,170,3,2019-01-03 23:32:20
Case835,Request For Payment APPROVED by ADMINISTRATION,res_c69c8e50-1285-46f6-a2dc-3b4fe9a350e1,Role 1,2019-01-04 00:55:50,170,1,2019-01-04 00:11:28
Case836,Request For Payment SAVED by EMPLOYEE,res_c69c8e50-1285-46f6-a2dc-3b4fe9a350e1,Role 1,2019-01-04 00:57:13,170,0,2019-01-04 00:27:38
Case728,Payment Handled,res_f1d5d76e-73b3-4ad2-b5bc-b44969b003a7,Role 2,2019-01-04 03:24:07,169,2,2019-01-04 02:40:59
Case797,Request For Payment SUBMITTED by EMPLOYEE,res_c69c8e50-1285-46f6-a2dc-3b4fe9a350e1,Role 1,2019-01-04 05:48:21,168,2,2019-01-04 05:05:44
Case837,Request For Payment SAVED by EMPLOYEE,res_c69c8e50-1285-46f6-a2dc-3b4fe9a350e1,Role 1,2019-01-04 07:04:08,169,0,2019-01-04 06:34:33
Case838,Request For Payment SUBMITTED by EMPLOYEE,res_c69c8e50-1285-46f6-a2dc-3b4fe9a350e1,Role 1,2019-01-04 07:58:23,169,2,2019-01-04 07:28:57
Case839,Request For Payment SAVED by EMPLOYEE,res_c69c8e50-1285-46f6-a2dc-3b4fe9a350e1,Role 1,2019-01-04 08:38:56,170,0,2019-01-04 08:09:22
Case838,Request For Payment FINAL_APPROVED by SUPERVISOR,res_c69c8e50-1285-46f6-a2dc-3b4fe9a350e1,Role 1,2019-01-04 08:43:37,169,1,2019-01-04 07:58:41
Case840,Request For Payment SUBMITTED by EMPLOYEE,res_c69c8e50-1285-46f6-a2dc-3b4fe9a350e1,Role 1,2019-01-04 09:33:56,170,2,2019-01-04 09:04:29
Case840,Request For Payment REJECTED by ADMINISTRATION,res_c69c8e50-1285-46f6-a2dc-3b4fe9a350e1,Role 1,2019-01-04 10:19:09,170,0,2019-01-04 09:34:14
Case841,Request For Payment SAVED by EMPLOYEE,res_c69c8e50-1285-46f6-a2dc-3b4fe9a350e1,Role 1,2019-01-04 10:38:43,171,0,2019-01-04 10:09:09
Case842,Request For Payment SUBMITTED by EMPLOYEE,res_c69c8e50-1285-46f6-a2dc-3b4fe9a350e1,Role 1,2019-01-04 11:32:56,171,2,2019-01-04 11:03:36
Case785,Payment Handled,res_c69c8e50-1285-46f6-a2dc-3b4fe9a350e1,Role 2,2019-01-04 11:36:05,170,2,2019-01-04 10:52:43
Case842,Request For Payment APPROVED by PRE_APPROVER,res_c69c8e50-1285-46f6-a2dc-3b4fe9a350e1,Role 1,2019-01-04 12:18:04,171,0,2019-01-04 11:33:14
Case843,Request For Payment SAVED by EMPLOYEE,res_c69c8e50-1285-46f6-a2dc-3b4fe9a350e1,Role 1,2019-01-04 13:01:44,171,0,2019-01-04 12:32:10
Case782,Payment Handled,res_f1d5d76e-73b3-4ad2-b5bc-b44969b003a7,Role 2,2019-01-04 14:27:52,170,2,2019-01-04 13:44:51
Case844,Request For Payment SAVED by EMPLOYEE,res_c69c8e50-1285-46f6-a2dc-3b4fe9a350e1,Role 1,2019-01-04 15:58:52,170,0,2019-01-04 15:29:18
Case845,Request For Payment SUBMITTED by EMPLOYEE,res_c69c8e50-1285-46f6-a2dc-3b4fe9a350e1,Role 1,2019-01-04 18:17:24,170,2,2019-01-04 17:47:53
Case845,Request For Payment FINAL_APPROVED by SUPERVISOR,res_c69c8e50-1285-46f6-a2dc-3b4fe9a350e1,Role 1,2019-01-04 19:02:36,170,1,2019-01-04 18:17:42
Case846,Request For Payment SAVED by EMPLOYEE,res_c69c8e50-1285-46f6-a2dc-3b4fe9a350e1,Role 1,2019-01-04 20:14:20,171,0,2019-01-04 19:44:47
Case847,Request For Payment SUBMITTED by EMPLOYEE,res_c69c8e50-1285-46f6-a2dc-3b4fe9a350e1,Role 1,2019-01-04 21:13:15,171,2,2019-01-04 20:43:44
Case847,Request For Payment REJECTED by SUPERVISOR,res_c69c8e50-1285-46f6-a2dc-3b4fe9a350e1,Role 1,2019-01-04 21:58:27,171,0,2019-01-04 21:13:37
Case848,Request For Payment SUBMITTED by EMPLOYEE,res_c69c8e50-1285-46f6-a2dc-3b4fe9a350e1,Role 1,2019-01-04 22:17:01,172,2,2019-01-04 21:47:28
Case848,Request For Payment APPROVED by ADMINISTRATION,res_c69c8e50-1285-46f6-a2dc-3b4fe9a350e1,Role 1,2019-01-04 23:02:11,172,1,2019-01-04 22:17:19
Case849,Request For Payment SUBMITTED by EMPLOYEE,res_c69c8e50-1285-46f6-a2dc-3b4fe9a350e1,Role 1,2019-01-05 01:17:54,173,2,2019-01-05 00:49:00
Case849,Request For Payment FINAL_APPROVED by SUPERVISOR,res_c69c8e50-1285-46f6-a2dc-3b4fe9a350e1,Role 1,2019-01-05 02:01:49,173,1,2019-01-05 01:18:12
Case850,Request For Payment SAVED by EMPLOYEE,res_c69c8e50-1285-46f6-a2dc-3b4fe9a350e1,Role 1,2019-01-05 10:13:20,174,0,2019-01-05 09:43:52
Case797,Request For Payment APPROVED by ADMINISTRATION,res_c69c8e50-1285-46f6-a2dc-3b4fe9a350e1,Role 1,2019-01-05 11:56:06,173,1,2019-01-05 11:13:26
Case851,Request For Payment SAVED by EMPLOYEE,res_c69c8e50-1285-46f6-a2dc-3b4fe9a350e1,Role 1,2019-01-05 11:56:31,174,0,2019-01-05 11:27:03
Case822,Request For Payment FINAL_APPROVED by SUPERVISOR,res_c69c8e50-1285-46f6-a2dc-3b4fe9a350e1,Role 1,2019-01-05 12:31:46,174,1,2019-01-05 11:48:17
Case852,Request For Payment SUBMITTED by EMPLOYEE,res_c69c8e50-1285-46f6-a2dc-3b4fe9a350e1,Role 1,2019-01-05 13:05:06,174,2,2019-01-05 12:35:58
Case852,Request For Payment FINAL_APPROVED by SUPERVISOR,res_c69c8e50-1285-46f6-a2dc-3b4fe9a350e1,Role 1,2019-01-05 13:49:22,174,1,2019-01-05 13:05:24
Case853,Request For Payment SUBMITTED by EMPLOYEE,res_c69c8e50-1285-46f6-a2dc-3b4fe9a350e1,Role 1,2019-01-05 14:18:10,175,2,2019-01-05 13:48:52
Case853,Request For Payment APPROVED by ADMINISTRATION,res_c69c8e50-1285-46f6-a2dc-3b4fe9a350e1,Role 1,2019-01-05 15:02:30,175,1,2019-01-05 14:18:28
Case854,Request For Payment SUBMITTED by EMPLOYEE,res_c69c8e50-1285-46f6-a2dc-3b4fe9a350e1,Role 1,2019-01-05 15:10:34,176,2,2019-01-05 14:41:16
Case854,Request For Payment FINAL_APPROVED by SUPERVISOR,res_c69c8e50-1285-46f6-a2dc-3b4fe9a350e1,Role 1,2019-01-05 15:54:54,176,1,2019-01-05 15:10:52
Case855,Request For Payment SUBMITTED by EMPLOYEE,res_c69c8e50-1285-46f6-a2dc-3b4fe9a350e1,Role 1,2019-01-05 16:39:32,177,2,2019-01-05 16:10:21
Case855,Request For Payment FINAL_APPROVED by SUPERVISOR,res_c69c8e50-1285-46f6-a2dc-3b4fe9a350e1,Role 1,2019-01-05 17:23:51,177,1,2019-01-05 16:39:50
Case856,Request For Payment SAVED by EMPLOYEE,res_c69c8e50-1285-46f6-a2dc-3b4fe9a350e1,Role 1,2019-01-05 17:45:51,178,0,2019-01-05 17:16:24
Case820,Request For Payment SUBMITTED by EMPLOYEE,res_c69c8e50-1285-46f6-a2dc-3b4fe9a350e1,Role 1,2019-01-05 19:04:17,177,2,2019-01-05 18:22:36
Case820,Request For Payment REJECTED by SUPERVISOR,res_c69c8e50-1285-46f6-a2dc-3b4fe9a350e1,Role 1,2019-01-05 19:47:38,177,0,2019-01-05 19:04:35
Case833,Request For Payment REJECTED by BUDGET OWNER,res_c69c8e50-1285-46f6-a2dc-3b4fe9a350e1,Role 1,2019-01-05 21:04:35,177,0,2019-01-05 20:20:18
Case831,Request For Payment REJECTED by EMPLOYEE,res_c69c8e50-1285-46f6-a2dc-3b4fe9a350e1,Role 1,2019-01-06 00:38:58,177,0,2019-01-05 23:55:18
Case832,Request For Payment REJECTED by EMPLOYEE,res_c69c8e50-1285-46f6-a2dc-3b4fe9a350e1,Role 1,2019-01-06 02:57:47,177,0,2019-01-06 02:13:37
Case857,Request For Payment SUBMITTED by EMPLOYEE,res_c69c8e50-1285-46f6-a2dc-3b4fe9a350e1,Role 1,2019-01-06 06:06:28,177,2,2019-01-06 05:37:04
Case857,Request For Payment APPROVED by ADMINISTRATION,res_c69c8e50-1285-46f6-a2dc-3b4fe9a350e1,Role 1,2019-01-06 06:51:25,177,1,2019-01-06 06:06:46
Case812,Request For Payment REJECTED by MISSING,res_c69c8e50-1285-46f6-a2dc-3b4fe9a350e1,Role 1,2019-01-06 08:48:29,177,0,2019-01-06 08:07:34
Case858,Request For Payment SUBMITTED by EMPLOYEE,res_c69c8e50-1285-46f6-a2dc-3b4fe9a350e1,Role 1,2019-01-06 09:50:52,177,2,2019-01-06 09:21:25
Case859,Request For Payment SUBMITTED by EMPLOYEE,res_c69c8e50-1285-46f6-a2dc-3b4fe9a350e1,Role 1,2019-01-06 10:20:13,178,3,2019-01-06 09:50:40
Case858,Request For Payment REJECTED by PRE_APPROVER,res_c69c8e50-1285-46f6-a2dc-3b4fe9a350e1,Role 1,2019-01-06 10:35:38,178,0,2019-01-06 09:51:10
Case815,Request For Payment REJECTED by MISSING,res_c69c8e50-1285-46f6-a2dc-3b4fe9a350e1,Role 1,2019-01-06 10:52:17,178,0,2019-01-06 10:12:03
Case859,Request For Payment REJECTED by SUPERVISOR,res_c69c8e50-1285-46f6-a2dc-3b4fe9a350e1,Role 1,2019-01-06 11:05:05,178,0,2019-01-06 10:20:31
Case860,Request For Payment SAVED by EMPLOYEE,res_c69c8e50-1285-46f6-a2dc-3b4fe9a350e1,Role 1,2019-01-06 11:39:12,178,0,2019-01-06 11:09:42
Case814,Request For Payment REJECTED by MISSING,res_c69c8e50-1285-46f6-a2dc-3b4fe9a350e1,Role 1,2019-01-06 11:56:44,178,0,2019-01-06 11:16:16
Case861,Request For Payment SUBMITTED by EMPLOYEE,res_c69c8e50-1285-46f6-a2dc-3b4fe9a350e1,Role 1,2019-01-06 12:57:15,177,2,2019-01-06 12:27:42
Case797,Request For Payment FINAL_APPROVED by SUPERVISOR,res_c69c8e50-1285-46f6-a2dc-3b4fe9a350e1,Role 1,2019-01-06 12:57:19,176,1,2019-01-06 12:14:46
Case797,Request For Payment REJECTED by MISSING,res_c69c8e50-1285-46f6-a2dc-3b4fe9a350e1,Role 1,2019-01-06 13:39:54,177,0,2019-01-06 12:57:37
Case861,Request For Payment REJECTED by PRE_APPROVER,res_c69c8e50-1285-46f6-a2dc-3b4fe9a350e1,Role 1,2019-01-06 13:42:01,177,0,2019-01-06 12:57:33
Case820,Request For Payment REJECTED by EMPLOYEE,res_c69c8e50-1285-46f6-a2dc-3b4fe9a350e1,Role 1,2019-01-06 14:06:41,177,0,2019-01-06 13:24:00
Case835,Request For Payment APPROVED by BUDGET OWNER,res_c69c8e50-1285-46f6-a2dc-3b4fe9a350e1,Role 1,2019-01-06 23:16:11,175,1,2019-01-06 22:31:29
Case795,Payment Handled,res_f1d5d76e-73b3-4ad2-b5bc-b44969b003a7,Role 2,2019-01-07 02:14:49,175,2,2019-01-07 01:31:30
Case862,Request For Payment SUBMITTED by EMPLOYEE,res_c69c8e50-1285-46f6-a2dc-3b4fe9a350e1,Role 1,2019-01-07 03:15:52,175,2,2019-01-07 02:47:20
Case863,Request For Payment SAVED by EMPLOYEE,res_c69c8e50-1285-46f6-a2dc-3b4fe9a350e1,Role 1,2019-01-07 03:33:51,176,0,2019-01-07 03:04:31
Case862,Request For Payment REJECTED by SUPERVISOR,res_c69c8e50-1285-46f6-a2dc-3b4fe9a350e1,Role 1,2019-01-07 04:00:09,176,0,2019-01-07 03:16:10
Case831,Request For Payment SUBMITTED by EMPLOYEE,res_c69c8e50-1285-46f6-a2dc-3b4fe9a350e1,Role 1,2019-01-07 05:03:18,175,2,2019-01-07 04:22:40
Case831,Request For Payment REJECTED by SUPERVISOR,res_f1d5d76e-73b3-4ad2-b5bc-b44969b003a7,Role 1,2019-01-07 05:46:26,175,0,2019-01-07 05:03:36
Case779,Payment Handled,res_f1d5d76e-73b3-4ad2-b5bc-b44969b003a7,Role 2,2019-01-07 05:50:21,175,2,2019-01-07 05:07:13
Case777,Payment Handled,res_c69c8e50-1285-46f6-a2dc-3b4fe9a350e1,Role 2,2019-01-07 06:52:20,174,2,2019-01-07 06:09:10
Case838,Request For Payment REJECTED by MISSING,res_f1d5d76e-73b3-4ad2-b5bc-b44969b003a7,Role 1,2019-01-07 07:10:23,174,0,2019-01-07 06:25:26
Case811,Payment Handled,res_f1d5d76e-73b3-4ad2-b5bc-b44969b003a7,Role 2,2019-01-07 07:38:31,173,2,2019-01-07 06:55:34
Case864,Request For Payment SUBMITTED by EMPLOYEE,res_f1d5d76e-73b3-4ad2-b5bc-b44969b003a7,Role 1,2019-01-07 07:40:07,173,2,2019-01-07 07:11:23
Case804,Request Payment,res_c69c8e50-1285-46f6-a2dc-3b4fe9a350e1,Role 2,2019-01-07 08:15:48,173,1,2019-01-07 07:32:41
Case864,Request For Payment REJECTED by SUPERVISOR,res_c69c8e50-1285-46f6-a2dc-3b4fe9a350e1,Role 1,2019-01-07 08:24:33,172,0,2019-01-07 07:40:25
Case865,Request For Payment SUBMITTED by EMPLOYEE,res_c69c8e50-1285-46f6-a2dc-3b4fe9a350e1,Role 1,2019-01-07 09:03:22,173,2,2019-01-07 08:34:33
Case865,Request For Payment REJECTED by PRE_APPROVER,res_c69c8e50-1285-46f6-a2dc-3b4fe9a350e1,Role 1,2019-01-07 09:47:33,173,0,2019-01-07 09:03:40
Case866,Request For Payment SUBMITTED by EMPLOYEE,res_c69c8e50-1285-46f6-a2dc-3b4fe9a350e1,Role 1,2019-01-07 09:58:50,174,2,2019-01-07 09:29:34
Case866,Request For Payment APPROVED by ADMINISTRATION,res_c69c8e50-1285-46f6-a2dc-3b4fe9a350e1,Role 1,2019-01-07 10:43:24,174,1,2019-01-07 09:59:08
Case840,Request For Payment REJECTED by EMPLOYEE,res_c69c8e50-1285-46f6-a2dc-3b4fe9a350e1,Role 1,2019-01-07 10:46:56,174,0,2019-01-07 10:01:54
Case867,Request For Payment SAVED by EMPLOYEE,res_c69c8e50-1285-46f6-a2dc-3b4fe9a350e1,Role 1,2019-01-07 10:56:09,175,0,2019-01-07 10:26:52
Case857,Request For Payment REJECTED by BUDGET OWNER,res_c69c8e50-1285-46f6-a2dc-3b4fe9a350e1,Role 1,2019-01-07 11:01:57,174,0,2019-01-07 10:17:10
Case868,Request For Payment SUBMITTED by EMPLOYEE,res_c69c8e50-1285-46f6-a2dc-3b4fe9a350e1,Role 1,2019-01-07 11:41:14,175,2,2019-01-07 11:12:17
Case868,Request For Payment REJECTED by PRE_APPROVER,res_c69c8e50-1285-46f6-a2dc-3b4fe9a350e1,Role 1,2019-01-07 12:25:26,175,0,2019-01-07 11:41:32
Case869,Request For Payment SUBMITTED by EMPLOYEE,res_c69c8e50-1285-46f6-a2dc-3b4fe9a350e1,Role 1,2019-01-07 12:59:05,176,2,2019-01-07 12:30:05
Case869,Request For Payment APPROVED by ADMINISTRATION,res_c69c8e50-1285-46f6-a2dc-3b4fe9a350e1,Role 1,2019-01-07 13:43:42,176,1,2019-01-07 12:59:23
Case842,Request For Payment FINAL_APPROVED by SUPERVISOR,res_c69c8e50-1285-46f6-a2dc-3b4fe9a350e1,Role 1,2019-01-07 13:52:52,176,1,2019-01-07 13:07:32
Case870,Request For Payment SAVED by EMPLOYEE,res_c69c8e50-1285-46f6-a2dc-3b4fe9a350e1,Role 1,2019-01-07 14:11:26,177,0,2019-01-07 13:42:10
Case858,Request For Payment REJECTED by EMPLOYEE,res_c69c8e50-1285-46f6-a2dc-3b4fe9a350e1,Role 1,2019-01-07 14:14:03,176,0,2019-01-07 13:29:34
Case822,Request For Payment REJECTED by MISSING,res_c69c8e50-1285-46f6-a2dc-3b4fe9a350e1,Role 1,2019-01-07 14:40:12,177,0,2019-01-07 14:00:13
Case853,Request For Payment APPROVED by SUPERVISOR,res_c69c8e50-1285-46f6-a2dc-3b4fe9a350e1,Role 1,2019-01-07 14:50:23,177,0,2019-01-07 14:05:41
Case793,Payment Handled,res_c69c8e50-1285-46f6-a2dc-3b4fe9a350e1,Role 2,2019-01-07 15:02:39,175,2,2019-01-07 14:19:27
Case871,Request For Payment SAVED by EMPLOYEE,res_c69c8e50-1285-46f6-a2dc-3b4fe9a350e1,Role 1,2019-01-07 15:06:24,176,0,2019-01-07 14:37:14
Case831,Request For Payment REJECTED by EMPLOYEE,res_c69c8e50-1285-46f6-a2dc-3b4fe9a350e1,Role 1,2019-01-07 15:39:02,175,0,2019-01-07 14:56:27
Case872,Request For Payment SUBMITTED by EMPLOYEE,res_c69c8e50-1285-46f6-a2dc-3b4fe9a350e1,Role 1,2019-01-07 16:16:59,173,2,2019-01-07 15:47:53
Case859,Request For Payment REJECTED by EMPLOYEE,res_c69c8e50-1285-46f6-a2dc-3b4fe9a350e1,Role 1,2019-01-07 16:46:36,173,0,2019-01-07 16:02:13
Case833,Request For Payment REJECTED by EMPLOYEE,res_c69c8e50-1285-46f6-a2dc-3b4fe9a350e1,Role 1,2019-01-07 16:55:48,173,1,2019-01-07 16:15:54
Case872,Request For Payment APPROVED by ADMINISTRATION,res_c69c8e50-1285-46f6-a2dc-3b4fe9a350e1,Role 1,2019-01-07 17:01:42,173,1,2019-01-07 16:17:17
Case861,Request For Payment REJECTED by EMPLOYEE,res_c69c8e50-1285-46f6-a2dc-3b4fe9a350e1,Role 1,2019-01-07 17:21:27,173,2,2019-01-07 16:37:02
Case873,Request For Payment SAVED by EMPLOYEE,res_c69c8e50-1285-46f6-a2dc-3b4fe9a350e1,Role 1,2019-01-07 20:10:42,173,0,2019-01-07 19:41:28
Case855,Request For Payment REJECTED by MISSING,res_c69c8e50-1285-46f6-a2dc-3b4fe9a350e1,Role 1,2019-01-07 20:11:09,172,0,2019-01-07 19:26:30
Case833,Request For Payment SUBMITTED by EMPLOYEE,res_c69c8e50-1285-46f6-a2dc-3b4fe9a350e1,Role 1,2019-01-07 20:35:11,173,2,2019-01-07 19:52:10
Case848,Request For Payment REJECTED by BUDGET OWNER,res_c69c8e50-1285-46f6-a2dc-3b4fe9a350e1,Role 1,2019-01-07 20:46:17,173,0,2019-01-07 20:01:35
Case874,Request For Payment SAVED by EMPLOYEE,res_c69c8e50-1285-46f6-a2dc-3b4fe9a350e1,Role 1,2019-01-07 21:07:33,172,0,2019-01-07 20:38:20
Case875,Request For Payment SUBMITTED by EMPLOYEE,res_c69c8e50-1285-46f6-a2dc-3b4fe9a350e1,Role 1,2019-01-07 21:21:58,173,2,2019-01-07 20:52:38
Case875,Request For Payment REJECTED by ADMINISTRATION,res_c69c8e50-1285-46f6-a2dc-3b4fe9a350e1,Role 1,2019-01-07 22:06:33,172,0,2019-01-07 21:22:16
Case862,Request For Payment REJECTED by EMPLOYEE,res_f1d5d76e-73b3-4ad2-b5bc-b44969b003a7,Role 1,2019-01-07 23:19:55,172,0,2019-01-07 22:35:24
Case847,Request For Payment REJECTED by EMPLOYEE,res_f1d5d76e-73b3-4ad2-b5bc-b44969b003a7,Role 1,2019-01-07 23:38:58,172,1,2019-01-07 22:54:12
Case845,Request Payment,res_f1d5d76e-73b3-4ad2-b5bc-b44969b003a7,Role 2,2019-01-07 23:41:08,172,1,2019-01-07 22:54:56
Case876,Request For Payment SAVED by EMPLOYEE,res_c69c8e50-1285-46f6-a2dc-3b4fe9a350e1,Role 1,2019-01-08 00:40:25,173,0,2019-01-08 00:10:58
Case877,Request For Payment SUBMITTED by EMPLOYEE,res_c69c8e50-1285-46f6-a2dc-3b4fe9a350e1,Role 1,2019-01-08 02:31:48,173,2,2019-01-08 02:02:26
Case833,Request For Payment FINAL_APPROVED by SUPERVISOR,res_c69c8e50-1285-46f6-a2dc-3b4fe9a350e1,Role 1,2019-01-08 03:13:55,173,1,2019-01-08 02:31:03
Case877,Request For Payment REJECTED by ADMINISTRATION,res_c69c8e50-1285-46f6-a2dc-3b4fe9a350e1,Role 1,2019-01-08 03:16:39,173,0,2019-01-08 02:32:06
Case864,Request For Payment REJECTED by EMPLOYEE,res_c69c8e50-1285-46f6-a2dc-3b4fe9a350e1,Role 1,2019-01-08 03:47:59,173,0,2019-01-08 03:03:43
Case878,Request For Payment SUBMITTED by EMPLOYEE,res_c69c8e50-1285-46f6-a2dc-3b4fe9a350e1,Role 1,2019-01-08 04:06:08,174,2,2019-01-08 03:36:39
Case865,Request For Payment REJECTED by EMPLOYEE,res_c69c8e50-1285-46f6-a2dc-3b4fe9a350e1,Role 1,2019-01-08 04:11:15,173,1,2019-01-08 03:26:51
Case879,Request For Payment SUBMITTED by EMPLOYEE,res_c69c8e50-1285-46f6-a2dc-3b4fe9a350e1,Role 1,2019-01-08 04:34:06,174,3,2019-01-08 04:04:37
Case878,Request For Payment REJECTED by SUPERVISOR,res_c69c8e50-1285-46f6-a2dc-3b4fe9a350e1,Role 1,2019-01-08 04:50:45,174,0,2019-01-08 04:06:26
Case866,Request For Payment FINAL_APPROVED by SUPERVISOR,res_f1d5d76e-73b3-4ad2-b5bc-b44969b003a7,Role 1,2019-01-08 05:02:36,173,1,2019-01-08 04:18:27
Case879,Request For Payment REJECTED by ADMINISTRATION,res_f1d5d76e-73b3-4ad2-b5bc-b44969b003a7,Role 1,2019-01-08 05:18:55,173,0,2019-01-08 04:34:24
Case849,Request Payment,res_f1d5d76e-73b3-4ad2-b5bc-b44969b003a7,Role 2,2019-01-08 05:40:01,173,1,2019-01-08 04:54:40
Case880,Request For Payment SAVED by EMPLOYEE,res_c69c8e50-1285-46f6-a2dc-3b4fe9a350e1,Role 1,2019-01-08 07:04:32,174,0,2019-01-08 06:35:09
Case868,Request For Payment REJECTED by EMPLOYEE,res_c69c8e50-1285-46f6-a2dc-3b4fe9a350e1,Role 1,2019-01-08 07:14:24,173,0,2019-01-08 06:30:01
Case881,Request For Payment SUBMITTED by EMPLOYEE,res_c69c8e50-1285-46f6-a2dc-3b4fe9a350e1,Role 1,2019-01-08 07:57:36,174,2,2019-01-08 07:28:10
Case882,Request For Payment SAVED by EMPLOYEE,res_c69c8e50-1285-46f6-a2dc-3b4fe9a350e1,Role 1,2019-01-08 08:27:08,175,0,2019-01-08 07:57:45
Case869,Request For Payment REJECTED by SUPERVISOR,res_c69c8e50-1285-46f6-a2dc-3b4fe9a350e1,Role 1,2019-01-08 08:41:29,174,0,2019-01-08 07:57:02
Case881,Request For Payment REJECTED by SUPERVISOR,res_c69c8e50-1285-46f6-a2dc-3b4fe9a350e1,Role 1,2019-01-08 08:42:18,175,1,2019-01-08 07:57:54
Case883,Request For Payment SAVED by EMPLOYEE,res_c69c8e50-1285-46f6-a2dc-3b4fe9a350e1,Role 1,2019-01-08 09:53:52,175,0,2019-01-08 09:24:29
Case884,Request For Payment SUBMITTED by EMPLOYEE,res_c69c8e50-1285-46f6-a2dc-3b4fe9a350e1,Role 1,2019-01-08 10:23:23,175,2,2019-01-08 09:53:56
Case884,Request For Payment REJECTED by PRE_APPROVER,res_c69c8e50-1285-46f6-a2dc-3b4fe9a350e1,Role 1,2019-01-08 11:07:59,175,0,2019-01-08 10:23:41
Case872,Request For Payment APPROVED by BUDGET OWNER,res_c69c8e50-1285-46f6-a2dc-3b4fe9a350e1,Role 1,2019-01-08 11:58:19,175,1,2019-01-08 11:13:58
Case885,Request For Payment SUBMITTED by EMPLOYEE,res_c69c8e50-1285-46f6-a2dc-3b4fe9a350e1,Role 1,2019-01-08 12:06:57,176,2,2019-01-08 11:37:27
Case885,Request For Payment APPROVED by ADMINISTRATION,res_c69c8e50-1285-46f6-a2dc-3b4fe9a350e1,Role 1,2019-01-08 12:51:48,176,1,2019-01-08 12:07:15
Case857,Request For Payment REJECTED by EMPLOYEE,res_c69c8e50-1285-46f6-a2dc-3b4fe9a350e1,Role 1,2019-01-08 14:03:10,176,0,2019-01-08 13:22:01
Case886,Request For Payment SUBMITTED by EMPLOYEE,res_c69c8e50-1285-46f6-a2dc-3b4fe9a350e1,Role 1,2019-01-08 14:30:49,177,2,2019-01-08 14:01:19
Case886,Request For Payment APPROVED by ADMINISTRATION,res_c69c8e50-1285-46f6-a2dc-3b4fe9a350e1,Role 1,2019-01-08 15:15:40,176,1,2019-01-08 14:31:07
Case840,Request For Payment SUBMITTED by EMPLOYEE,res_c69c8e50-1285-46f6-a2dc-3b4fe9a350e1,Role 1,2019-01-08 15:22:53,176,2,2019-01-08 14:41:09
Case835,Request For Payment FINAL_APPROVED by SUPERVISOR,res_c69c8e50-1285-46f6-a2dc-3b4fe9a350e1,Role 1,2019-01-08 15:22:58,176,1,2019-01-08 14:41:38
Case887,Request For Payment SAVED by EMPLOYEE,res_c69c8e50-1285-46f6-a2dc-3b4fe9a350e1,Role 1,2019-01-08 15:23:16,177,0,2019-01-08 14:53:56
Case835,Request For Payment REJECTED by MISSING,res_c69c8e50-1285-46f6-a2dc-3b4fe9a350e1,Role 1,2019-01-08 16:06:01,177,0,2019-01-08 15:23:16
Case840,Request For Payment REJECTED by SUPERVISOR,res_c69c8e50-1285-46f6-a2dc-3b4fe9a350e1,Role 1,2019-01-08 16:06:40,177,0,2019-01-08 15:23:11
Case852,Request Payment,res_c69c8e50-1285-46f6-a2dc-3b4fe9a350e1,Role 2,2019-01-08 16:27:12,176,1,2019-01-08 15:41:51
Case859,Request For Payment SUBMITTED by EMPLOYEE,res_c69c8e50-1285-46f6-a2dc-3b4fe9a350e1,Role 1,2019-01-08 16:32:17,176,2,2019-01-08 15:51:12
Case859,Request For Payment REJECTED by ADMINISTRATION,res_c69c8e50-1285-46f6-a2dc-3b4fe9a350e1,Role 1,2019-01-08 17:15:38,175,0,2019-01-08 16:32:35
Case875,Request For Payment REJECTED by EMPLOYEE,res_c69c8e50-1285-46f6-a2dc-3b4fe9a350e1,Role 1,2019-01-08 17:22:31,175,0,2019-01-08 16:38:19
Case862,Request For Payment SUBMITTED by EMPLOYEE,res_f1d5d76e-73b3-4ad2-b5bc-b44969b003a7,Role 1,2019-01-08 18:44:12,175,2,2019-01-08 18:03:18
Case854,Request Payment,res_f1d5d76e-73b3-4ad2-b5bc-b44969b003a7,Role 2,2019-01-08 19:28:28,175,1,2019-01-08 18:43:21
Case848,Request For Payment REJECTED by EMPLOYEE,res_c69c8e50-1285-46f6-a2dc-3b4fe9a350e1,Role 1,2019-01-08 21:40:21,175,0,2019-01-08 20:59:20
Case842,Request For Payment REJECTED by MISSING,res_c69c8e50-1285-46f6-a2dc-3b4fe9a350e1,Role 1,2019-01-08 22:18:27,175,0,2019-01-08 21:37:22
Case859,Request For Payment REJECTED by EMPLOYEE,res_c69c8e50-1285-46f6-a2dc-3b4fe9a350e1,Role 1,2019-01-08 22:28:22,174,0,2019-01-08 21:45:36
Case862,Request For Payment REJECTED by ADMINISTRATION,res_c69c8e50-1285-46f6-a2dc-3b4fe9a350e1,Role 1,2019-01-08 22:39:23,174,0,2019-01-08 21:56:33
Case840,Request For Payment REJECTED by EMPLOYEE,res_c69c8e50-1285-46f6-a2dc-3b4fe9a350e1,Role 1,2019-01-08 23:41:30,173,0,2019-01-08 22:59:01
Case888,Request For Payment SUBMITTED by EMPLOYEE,res_c69c8e50-1285-46f6-a2dc-3b4fe9a350e1,Role 1,2019-01-09 00:19:22,174,2,2019-01-08 23:49:52
Case847,Request For Payment SUBMITTED by EMPLOYEE,res_c69c8e50-1285-46f6-a2dc-3b4fe9a350e1,Role 1,2019-01-09 00:52:41,174,3,2019-01-09 00:11:03
Case888,Request For Payment FINAL_APPROVED by SUPERVISOR,res_c69c8e50-1285-46f6-a2dc-3b4fe9a350e1,Role 1,2019-01-09 01:03:55,174,1,2019-01-09 00:19:40
Case889,Request For Payment SUBMITTED by EMPLOYEE,res_c69c8e50-1285-46f6-a2dc-3b4fe9a350e1,Role 1,2019-01-09 01:50:33,175,2,2019-01-09 01:21:58
Case889,Request For Payment REJECTED by ADMINISTRATION,res_c69c8e50-1285-46f6-a2dc-3b4fe9a350e1,Role 1,2019-01-09 02:34:22,175,0,2019-01-09 01:50:51
Case847,Request For Payment APPROVED by PRE_APPROVER,res_c69c8e50-1285-46f6-a2dc-3b4fe9a350e1,Role 1,2019-01-09 02:55:03,175,0,2019-01-09 02:11:54
Case868,Request For Payment SUBMITTED by EMPLOYEE,res_c69c8e50-1285-46f6-a2dc-3b4fe9a350e1,Role 1,2019-01-09 03:31:12,175,2,2019-01-09 02:50:12
Case862,Request For Payment REJECTED by EMPLOYEE,res_c69c8e50-1285-46f6-a2dc-3b4fe9a350e1,Role 1,2019-01-09 04:12:44,175,0,2019-01-09 03:29:56
Case890,Request For Payment SUBMITTED by EMPLOYEE,res_c69c8e50-1285-46f6-a2dc-3b4fe9a350e1,Role 1,2019-01-09 04:14:22,176,2,2019-01-09 03:45:26
Case859,Request For Payment SUBMITTED by EMPLOYEE,res_c69c8e50-1285-46f6-a2dc-3b4fe9a350e1,Role 1,2019-01-09 04:30:11,176,3,2019-01-09 03:47:47
Case890,Request For Payment APPROVED by PRE_APPROVER,res_c69c8e50-1285-46f6-a2dc-3b4fe9a350e1,Role 1,2019-01-09 04:58:29,175,0,2019-01-09 04:14:40
Case877,Request For Payment REJECTED by EMPLOYEE,res_c69c8e50-1285-46f6-a2dc-3b4fe9a350e1,Role 1,2019-01-09 06:07:18,175,0,2019-01-09 05:23:08
Case833,Request Payment,res_c69c8e50-1285-46f6-a2dc-3b4fe9a350e1,Role 2,2019-01-09 06:53:46,174,1,2019-01-09 06:10:42
Case840,Request For Payment SUBMITTED by EMPLOYEE,res_c69c8e50-1285-46f6-a2dc-3b4fe9a350e1,Role 1,2019-01-09 06:55:00,174,2,2019-01-09 06:12:42
Case879,Request For Payment REJECTED by EMPLOYEE,res_c69c8e50-1285-46f6-a2dc-3b4fe9a350e1,Role 1,2019-01-09 07:26:20,174,0,2019-01-09 06:42:38
Case891,Request For Payment SUBMITTED by EMPLOYEE,res_c69c8e50-1285-46f6-a2dc-3b4fe9a350e1,Role 1,2019-01-09 07:33:27,175,2,2019-01-09 07:04:28
Case878,Request For Payment REJECTED by EMPLOYEE,res_c69c8e50-1285-46f6-a2dc-3b4fe9a350e1,Role 1,2019-01-09 08:07:17,175,1,2019-01-09 07:23:15
Case891,Request For Payment REJECTED by ADMINISTRATION,res_c69c8e50-1285-46f6-a2dc-3b4fe9a350e1,Role 1,2019-01-09 08:17:37,174,0,2019-01-09 07:33:45
Case868,Request For Payment FINAL_APPROVED by SUPERVISOR,res_c69c8e50-1285-46f6-a2dc-3b4fe9a350e1,Role 1,2019-01-09 08:45:14,174,1,2019-01-09 08:02:05
Case892,Request For Payment SAVED by EMPLOYEE,res_c69c8e50-1285-46f6-a2dc-3b4fe9a350e1,Role 1,2019-01-09 09:46:16,175,0,2019-01-09 09:17:01
Case859,Request For Payment REJECTED by SUPERVISOR,res_c69c8e50-1285-46f6-a2dc-3b4fe9a350e1,Role 1,2019-01-09 10:28:55,174,0,2019-01-09 09:46:59
Case893,Request For Payment SAVED by EMPLOYEE,res_c69c8e50-1285-46f6-a2dc-3b4fe9a350e1,Role 1,2019-01-09 10:35:59,175,0,2019-01-09 10:06:45
Case847,Request For Payment FINAL_APPROVED by SUPERVISOR,res_c69c8e50-1285-46f6-a2dc-3b4fe9a350e1,Role 1,2019-01-09 11:10:24,175,1,2019-01-09 10:27:33
Case894,Request For Payment SUBMITTED by EMPLOYEE,res_c69c8e50-1285-46f6-a2dc-3b4fe9a350e1,Role 1,2019-01-09 11:45:25,175,2,2019-01-09 11:16:23
Case869,Request For Payment REJECTED by EMPLOYEE,res_c69c8e50-1285-46f6-a2dc-3b4fe9a350e1,Role 1,2019-01-09 11:52:40,174,0,2019-01-09 11:11:43
Case895,Request For Payment SUBMITTED by EMPLOYEE,res_c69c8e50-1285-46f6-a2dc-3b4fe9a350e1,Role 1,2019-01-09 12:19:05,176,2,2019-01-09 11:50:03
Case894,Request For Payment REJECTED by SUPERVISOR,res_c69c8e50-1285-46f6-a2dc-3b4fe9a350e1,Role 1,2019-01-09 12:29:28,175,0,2019-01-09 11:45:43
Case895,Request For Payment REJECTED by ADMINISTRATION,res_c69c8e50-1285-46f6-a2dc-3b4fe9a350e1,Role 1,2019-01-09 13:03:18,175,0,2019-01-09 12:19:23
Case881,Request For Payment REJECTED by EMPLOYEE,res_c69c8e50-1285-46f6-a2dc-3b4fe9a350e1,Role 1,2019-01-09 13:16:50,175,0,2019-01-09 12:32:40
Case896,Request For Payment SUBMITTED by EMPLOYEE,res_c69c8e50-1285-46f6-a2dc-3b4fe9a350e1,Role 1,2019-01-09 14:02:39,176,2,2019-01-09 13:33:47
Case840,Request For Payment FINAL_APPROVED by SUPERVISOR,res_c69c8e50-1285-46f6-a2dc-3b4fe9a350e1,Role 1,2019-01-09 14:30:17,176,1,2019-01-09 13:47:54
Case896,Request For Payment REJECTED by ADMINISTRATION,res_c69c8e50-1285-46f6-a2dc-3b4fe9a350e1,Role 1,2019-01-09 14:46:54,176,0,2019-01-09 14:02:57
Case885,Request For Payment REJECTED by BUDGET OWNER,res_c69c8e50-1285-46f6-a2dc-3b4fe9a350e1,Role 1,2019-01-09 14:48:06,176,0,2019-01-09 14:03:43
Case897,Request For Payment SUBMITTED by EMPLOYEE,res_c69c8e50-1285-46f6-a2dc-3b4fe9a350e1,Role 1,2019-01-09 15:09:54,177,2,2019-01-09 14:40:51
Case884,Request For Payment REJECTED by EMPLOYEE,res_f1d5d76e-73b3-4ad2-b5bc-b44969b003a7,Role 1,2019-01-09 15:44:15,177,0,2019-01-09 15:00:04
Case897,Request For Payment REJECTED by PRE_APPROVER,res_f1d5d76e-73b3-4ad2-b5bc-b44969b003a7,Role 1,2019-01-09 15:53:48,177,0,2019-01-09 15:10:12
Case866,Request Payment,res_c69c8e50-1285-46f6-a2dc-3b4fe9a350e1,Role 2,2019-01-09 16:04:31,177,1,2019-01-09 15:21:45
Case886,Request For Payment REJECTED by SUPERVISOR,res_c69c8e50-1285-46f6-a2dc-3b4fe9a350e1,Role 1,2019-01-09 16:43:03,176,0,2019-01-09 15:58:55
Case898,Request For Payment SAVED by EMPLOYEE,res_c69c8e50-1285-46f6-a2dc-3b4fe9a350e1,Role 1,2019-01-09 16:59:37,177,0,2019-01-09 16:30:26
Case899,Request For Payment SUBMITTED by EMPLOYEE,res_c69c8e50-1285-46f6-a2dc-3b4fe9a350e1,Role 1,2019-01-09 17:29:52,177,2,2019-01-09 17:00:56
Case899,Request For Payment REJECTED by ADMINISTRATION,res_c69c8e50-1285-46f6-a2dc-3b4fe9a350e1,Role 1,2019-01-09 18:14:08,177,0,2019-01-09 17:30:10
Case900,Request For Payment SAVED by EMPLOYEE,res_c69c8e50-1285-46f6-a2dc-3b4fe9a350e1,Role 1,2019-01-09 18:55:05,178,0,2019-01-09 18:25:55
Case872,Request For Payment FINAL_APPROVED by SUPERVISOR,res_c69c8e50-1285-46f6-a2dc-3b4fe9a350e1,Role 1,2019-01-09 19:02:03,177,1,2019-01-09 18:20:40
Case859,Request For Payment REJECTED by EMPLOYEE,res_c69c8e50-1285-46f6-a2dc-3b4fe9a350e1,Role 1,2019-01-09 19:48:21,177,0,2019-01-09 19:05:49
Case901,Request For Payment SAVED by EMPLOYEE,res_c69c8e50-1285-46f6-a2dc-3b4fe9a350e1,Role 1,2019-01-09 20:36:13,177,0,2019-01-09 20:07:02
Case875,Request For Payment SUBMITTED by EMPLOYEE,res_c69c8e50-1285-46f6-a2dc-3b4fe9a350e1,Role 1,2019-01-09 21:45:05,176,2,2019-01-09 21:04:03
Case853,Request For Payment FINAL_APPROVED by DIRECTOR,res_c69c8e50-1285-46f6-a2dc-3b4fe9a350e1,Role 1,2019-01-10 01:21:28,176,0,2019-01-10 00:37:53
Case875,Request For Payment REJECTED by PRE_APPROVER,res_c69c8e50-1285-46f6-a2dc-3b4fe9a350e1,Role 1,2019-01-10 01:35:40,176,0,2019-01-10 00:52:42
Case902,Request For Payment SAVED by EMPLOYEE,res_c69c8e50-1285-46f6-a2dc-3b4fe9a350e1,Role 1,2019-01-10 01:52:11,177,0,2019-01-10 01:22:51
Case889,Request For Payment REJECTED by EMPLOYEE,res_c69c8e50-1285-46f6-a2dc-3b4fe9a350e1,Role 1,2019-01-10 02:01:44,176,0,2019-01-10 01:17:49
Case868,Request Payment,res_f1d5d76e-73b3-4ad2-b5bc-b44969b003a7,Role 2,2019-01-10 02:48:20,175,1,2019-01-10 02:05:07
Case888,Request Payment,res_f1d5d76e-73b3-4ad2-b5bc-b44969b003a7,Role 2,2019-01-10 05:21:13,175,1,2019-01-10 04:36:46
Case890,Request For Payment FINAL_APPROVED by SUPERVISOR,res_f1d5d76e-73b3-4ad2-b5bc-b44969b003a7,Role 1,2019-01-10 05:28:13,175,1,2019-01-10 04:44:40
Case847,Request Payment,res_f1d5d76e-73b3-4ad2-b5bc-b44969b003a7,Role 2,2019-01-10 05:31:43,175,2,2019-01-10 04:48:37
Case903,Request For Payment SUBMITTED by EMPLOYEE,res_c69c8e50-1285-46f6-a2dc-3b4fe9a350e1,Role 1,2019-01-10 06:23:27,176,2,2019-01-10 05:54:15
Case903,Request For Payment FINAL_APPROVED by SUPERVISOR,res_c69c8e50-1285-46f6-a2dc-3b4fe9a350e1,Role 1,2019-01-10 07:08:07,176,1,2019-01-10 06:23:45
Case891,Request For Payment REJECTED by EMPLOYEE,res_c69c8e50-1285-46f6-a2dc-3b4fe9a350e1,Role 1,2019-01-10 07:56:26,176,0,2019-01-10 07:12:38
Case904,Request For Payment SAVED by EMPLOYEE,res_c69c8e50-1285-46f6-a2dc-3b4fe9a350e1,Role 1,2019-01-10 08:00:43,177,0,2019-01-10 07:31:26
Case840,Request Payment,res_c69c8e50-1285-46f6-a2dc-3b4fe9a350e1,Role 2,2019-01-10 08:14:57,177,1,2019-01-10 07:31:47
Case878,Request For Payment SUBMITTED by EMPLOYEE,res_c69c8e50-1285-46f6-a2dc-3b4fe9a350e1,Role 1,2019-01-10 08:18:20,177,2,2019-01-10 07:38:05
Case849,Payment Handled,res_c69c8e50-1285-46f6-a2dc-3b4fe9a350e1,Role 2,2019-01-10 08:27:01,177,2,2019-01-10 07:41:57
Case875,Request For Payment REJECTED by EMPLOYEE,res_c69c8e50-1285-46f6-a2dc-3b4fe9a350e1,Role 1,2019-01-10 08:30:21,177,1,2019-01-10 07:47:31
Case905,Request For Payment SUBMITTED by EMPLOYEE,res_c69c8e50-1285-46f6-a2dc-3b4fe9a350e1,Role 1,2019-01-10 08:31:24,176,3,2019-01-10 08:02:18
Case905,Request For Payment APPROVED by ADMINISTRATION,res_c69c8e50-1285-46f6-a2dc-3b4fe9a350e1,Role 1,2019-01-10 09:16:01,174,1,2019-01-10 08:31:42
Case906,Request For Payment SAVED by EMPLOYEE,res_c69c8e50-1285-46f6-a2dc-3b4fe9a350e1,Role 1,2019-01-10 09:55:34,175,0,2019-01-10 09:26:16
Case878,Request For Payment APPROVED by ADMINISTRATION,res_c69c8e50-1285-46f6-a2dc-3b4fe9a350e1,Role 1,2019-01-10 10:23:26,175,1,2019-01-10 09:39:54
Case907,Request For Payment SAVED by EMPLOYEE,res_c69c8e50-1285-46f6-a2dc-3b4fe9a350e1,Role 1,2019-01-10 11:06:18,175,0,2019-01-10 10:37:02
Case878,Request For Payment APPROVED by SUPERVISOR,res_c69c8e50-1285-46f6-a2dc-3b4fe9a350e1,Role 1,2019-01-10 11:06:43,174,0,2019-01-10 10:23:44
Case908,Request For Payment SAVED by EMPLOYEE,res_c69c8e50-1285-46f6-a2dc-3b4fe9a350e1,Role 1,2019-01-10 12:17:22,175,0,2019-01-10 11:48:06
Case894,Request For Payment REJECTED by EMPLOYEE,res_f1d5d76e-73b3-4ad2-b5bc-b44969b003a7,Role 1,2019-01-10 12:18:12,174,0,2019-01-10 11:34:20
Case895,Request For Payment REJECTED by EMPLOYEE,res_f1d5d76e-73b3-4ad2-b5bc-b44969b003a7,Role 1,2019-01-10 12:41:57,175,1,2019-01-10 11:58:07
Case872,Request Payment,res_c69c8e50-1285-46f6-a2dc-3b4fe9a350e1,Role 2,2019-01-10 13:01:20,174,1,2019-01-10 12:17:56
Case881,Request For Payment SUBMITTED by EMPLOYEE,res_c69c8e50-1285-46f6-a2dc-3b4fe9a350e1,Role 1,2019-01-10 13:32:39,174,2,2019-01-10 12:52:16
Case909,Request For Payment SAVED by EMPLOYEE,res_c69c8e50-1285-46f6-a2dc-3b4fe9a350e1,Role 1,2019-01-10 13:56:14,175,0,2019-01-10 13:26:59
Case896,Request For Payment REJECTED by EMPLOYEE,res_c69c8e50-1285-46f6-a2dc-3b4fe9a350e1,Role 1,2019-01-10 14:25:04,175,0,2019-01-10 13:41:08
Case897,Request For Payment REJECTED by EMPLOYEE,res_c69c8e50-1285-46f6-a2dc-3b4fe9a350e1,Role 1,2019-01-10 14:37:36,175,1,2019-01-10 13:53:43
Case885,Request For Payment REJECTED by EMPLOYEE,res_c69c8e50-1285-46f6-a2dc-3b4fe9a350e1,Role 1,2019-01-10 14:57:41,174,2,2019-01-10 14:17:55
Case881,Request For Payment FINAL_APPROVED by SUPERVISOR,res_c69c8e50-1285-46f6-a2dc-3b4fe9a350e1,Role 1,2019-01-10 15:01:42,174,1,2019-01-10 14:18:12
Case881,Request For Payment REJECTED by MISSING,res_c69c8e50-1285-46f6-a2dc-3b4fe9a350e1,Role 1,2019-01-10 15:45:00,173,0,2019-01-10 15:02:00
Case910,Request For Payment SAVED by EMPLOYEE,res_c69c8e50-1285-46f6-a2dc-3b4fe9a350e1,Role 1,2019-01-10 15:59:25,174,0,2019-01-10 15:30:11
Case899,Request For Payment REJECTED by EMPLOYEE,res_f1d5d76e-73b3-4ad2-b5bc-b44969b003a7,Role 1,2019-01-10 18:36:57,172,0,2019-01-10 17:52:56
Case804,Payment Handled,res_c69c8e50-1285-46f6-a2dc-3b4fe9a350e1,Role 2,2019-01-10 18:51:52,172,2,2019-01-10 18:08:41
Case852,Payment Handled,res_c69c8e50-1285-46f6-a2dc-3b4fe9a350e1,Role 2,2019-01-10 19:01:57,172,3,2019-01-10 18:17:00
Case911,Request For Payment SUBMITTED by EMPLOYEE,res_c69c8e50-1285-46f6-a2dc-3b4fe9a350e1,Role 1,2019-01-10 19:07:55,172,2,2019-01-10 18:38:50
Case911,Request For Payment REJECTED by ADMINISTRATION,res_c69c8e50-1285-46f6-a2dc-3b4fe9a350e1,Role 1,2019-01-10 19:54:29,170,0,2019-01-10 19:10:03
Case912,Request For Payment SUBMITTED by EMPLOYEE,res_c69c8e50-1285-46f6-a2dc-3b4fe9a350e1,Role 1,2019-01-10 20:07:26,171,2,2019-01-10 19:38:06
Case886,Request For Payment REJECTED by EMPLOYEE,res_c69c8e50-1285-46f6-a2dc-3b4fe9a350e1,Role 1,2019-01-10 20:16:54,170,0,2019-01-10 19:37:05
Case913,Request For Payment SAVED by EMPLOYEE,res_c69c8e50-1285-46f6-a2dc-3b4fe9a350e1,Role 1,2019-01-10 20:33:44,172,0,2019-01-10 20:04:32
Case885,Request For Payment SUBMITTED by EMPLOYEE,res_c69c8e50-1285-46f6-a2dc-3b4fe9a350e1,Role 1,2019-01-10 21:06:32,172,2,2019-01-10 20:23:03
Case912,Request For Payment REJECTED by SUPERVISOR,res_c69c8e50-1285-46f6-a2dc-3b4fe9a350e1,Role 1,2019-01-10 21:13:26,172,0,2019-01-10 20:29:03
Case885,Request For Payment REJECTED by SUPERVISOR,res_f1d5d76e-73b3-4ad2-b5bc-b44969b003a7,Role 1,2019-01-10 21:49:41,171,1,2019-01-10 21:06:50
Case854,Payment Handled,res_f1d5d76e-73b3-4ad2-b5bc-b44969b003a7,Role 2,2019-01-10 22:12:33,171,2,2019-01-10 21:27:53
Case833,Payment Handled,res_f1d5d76e-73b3-4ad2-b5bc-b44969b003a7,Role 2,2019-01-10 23:24:36,170,2,2019-01-10 22:41:21
Case914,Request For Payment SUBMITTED by EMPLOYEE,res_c69c8e50-1285-46f6-a2dc-3b4fe9a350e1,Role 1,2019-01-11 00:38:10,170,2,2019-01-11 00:08:52
Case914,Request For Payment REJECTED by SUPERVISOR,res_c69c8e50-1285-46f6-a2dc-3b4fe9a350e1,Role 1,2019-01-11 01:23:24,170,0,2019-01-11 00:38:31
Case915,Request For Payment SUBMITTED by EMPLOYEE,res_c69c8e50-1285-46f6-a2dc-3b4fe9a350e1,Role 1,2019-01-11 01:57:36,171,2,2019-01-11 01:28:16
Case885,Request For Payment REJECTED by EMPLOYEE,res_c69c8e50-1285-46f6-a2dc-3b4fe9a350e1,Role 1,2019-01-11 02:25:22,171,0,2019-01-11 01:42:38
Case915,Request For Payment FINAL_APPROVED by SUPERVISOR,res_c69c8e50-1285-46f6-a2dc-3b4fe9a350e1,Role 1,2019-01-11 02:42:51,171,1,2019-01-11 01:57:54
Case916,Request For Payment SAVED by EMPLOYEE,res_c69c8e50-1285-46f6-a2dc-3b4fe9a350e1,Role 1,2019-01-11 03:03:59,172,0,2019-01-11 02:34:26
Case845,Payment Handled,res_c69c8e50-1285-46f6-a2dc-3b4fe9a350e1,Role 2,2019-01-11 03:16:49,171,2,2019-01-11 02:31:33
Case886,Request For Payment SUBMITTED by EMPLOYEE,res_c69c8e50-1285-46f6-a2dc-3b4fe9a350e1,Role 1,2019-01-11 03:24:14,172,2,2019-01-11 02:40:54
Case917,Request For Payment SUBMITTED by EMPLOYEE,res_c69c8e50-1285-46f6-a2dc-3b4fe9a350e1,Role 1,2019-01-11 03:35:29,172,3,2019-01-11 03:06:06
Case917,Request For Payment REJECTED by PRE_APPROVER,res_c69c8e50-1285-46f6-a2dc-3b4fe9a350e1,Role 1,2019-01-11 04:24:12,171,0,2019-01-11 03:39:23
Case918,Request For Payment SAVED by EMPLOYEE,res_c69c8e50-1285-46f6-a2dc-3b4fe9a350e1,Role 1,2019-01-11 05:25:50,172,0,2019-01-11 04:56:15
Case866,Payment Handled,res_c69c8e50-1285-46f6-a2dc-3b4fe9a350e1,Role 2,2019-01-11 06:36:40,171,2,2019-01-11 05:53:18
Case919,Request For Payment SUBMITTED by EMPLOYEE,res_c69c8e50-1285-46f6-a2dc-3b4fe9a350e1,Role 1,2019-01-11 06:49:35,172,2,2019-01-11 06:20:17
Case919,Request For Payment FINAL_APPROVED by SUPERVISOR,res_c69c8e50-1285-46f6-a2dc-3b4fe9a350e1,Role 1,2019-01-11 07:34:46,171,1,2019-01-11 06:49:53
Case920,Request For Payment SAVED by EMPLOYEE,res_c69c8e50-1285-46f6-a2dc-3b4fe9a350e1,Role 1,2019-01-11 08:12:30,172,0,2019-01-11 07:42:55
Case921,Request For Payment SAVED by EMPLOYEE,res_c69c8e50-1285-46f6-a2dc-3b4fe9a350e1,Role 1,2019-01-11 09:11:14,172,0,2019-01-11 08:41:39
Case922,Request For Payment SAVED by EMPLOYEE,res_c69c8e50-1285-46f6-a2dc-3b4fe9a350e1,Role 1,2019-01-11 09:57:18,172,0,2019-01-11 09:27:43
Case923,Request For Payment SUBMITTED by EMPLOYEE,res_c69c8e50-1285-46f6-a2dc-3b4fe9a350e1,Role 1,2019-01-11 11:01:28,172,2,2019-01-11 10:32:00
Case924,Request For Payment SAVED by EMPLOYEE,res_c69c8e50-1285-46f6-a2dc-3b4fe9a350e1,Role 1,2019-01-11 11:25:40,173,0,2019-01-11 10:56:06
Case923,Request For Payment APPROVED by ADMINISTRATION,res_c69c8e50-1285-46f6-a2dc-3b4fe9a350e1,Role 1,2019-01-11 11:46:42,173,1,2019-01-11 11:01:46
Case925,Request For Payment SAVED by EMPLOYEE,res_c69c8e50-1285-46f6-a2dc-3b4fe9a350e1,Role 1,2019-01-11 12:21:03,173,0,2019-01-11 11:51:29
Case926,Request For Payment SAVED by EMPLOYEE,res_c69c8e50-1285-46f6-a2dc-3b4fe9a350e1,Role 1,2019-01-11 14:08:03,173,0,2019-01-11 13:38:29
Case927,Request For Payment SUBMITTED by EMPLOYEE,res_c69c8e50-1285-46f6-a2dc-3b4fe9a350e1,Role 1,2019-01-11 14:20:20,174,2,2019-01-11 13:50:47
Case927,Request For Payment REJECTED by SUPERVISOR,res_c69c8e50-1285-46f6-a2dc-3b4fe9a350e1,Role 1,2019-01-11 15:05:33,173,0,2019-01-11 14:20:44
Case928,Request For Payment SUBMITTED by EMPLOYEE,res_c69c8e50-1285-46f6-a2dc-3b4fe9a350e1,Role 1,2019-01-11 20:09:15,174,2,2019-01-11 19:39:44
Case928,Request For Payment REJECTED by SUPERVISOR,res_c69c8e50-1285-46f6-a2dc-3b4fe9a350e1,Role 1,2019-01-11 20:54:30,174,0,2019-01-11 20:09:40
Case929,Request For Payment SAVED by EMPLOYEE,res_c69c8e50-1285-46f6-a2dc-3b4fe9a350e1,Role 1,2019-01-11 21:41:24,175,0,2019-01-11 21:11:52
Case930,Request For Payment SAVED by EMPLOYEE,res_c69c8e50-1285-46f6-a2dc-3b4fe9a350e1,Role 1,2019-01-11 22:48:27,175,0,2019-01-11 22:18:55
Case931,Request For Payment SAVED by EMPLOYEE,res_c69c8e50-1285-46f6-a2dc-3b4fe9a350e1,Role 1,2019-01-12 00:33:23,175,0,2019-01-12 00:03:55
Case886,Request For Payment REJECTED by ADMINISTRATION,res_c69c8e50-1285-46f6-a2dc-3b4fe9a350e1,Role 1,2019-01-12 01:45:55,174,0,2019-01-12 01:03:04
Case932,Request For Payment SAVED by EMPLOYEE,res_c69c8e50-1285-46f6-a2dc-3b4fe9a350e1,Role 1,2019-01-12 04:09:34,175,0,2019-01-12 03:40:05
Case933,Request For Payment SAVED by EMPLOYEE,res_c69c8e50-1285-46f6-a2dc-3b4fe9a350e1,Role 1,2019-01-12 06:37:10,175,0,2019-01-12 06:07:41
Case905,Request For Payment APPROVED by SUPERVISOR,res_c69c8e50-1285-46f6-a2dc-3b4fe9a350e1,Role 1,2019-01-12 09:08:43,174,0,2019-01-12 08:24:21
Case934,Request For Payment SUBMITTED by EMPLOYEE,res_c69c8e50-1285-46f6-a2dc-3b4fe9a350e1,Role 1,2019-01-12 09:15:47,175,2,2019-01-12 08:46:31
Case934,Request For Payment APPROVED by PRE_APPROVER,res_c69c8e50-1285-46f6-a2dc-3b4fe9a350e1,Role 1,2019-01-12 10:00:17,175,0,2019-01-12 09:16:05
Case935,Request For Payment SAVED by EMPLOYEE,res_c69c8e50-1285-46f6-a2dc-3b4fe9a350e1,Role 1,2019-01-12 10:12:27,176,0,2019-01-12 09:42:58
Case903,Request For Payment REJECTED by MISSING,res_c69c8e50-1285-46f6-a2dc-3b4fe9a350e1,Role 1,2019-01-12 11:17:00,175,0,2019-01-12 10:32:47
Case936,Request For Payment SUBMITTED by EMPLOYEE,res_c69c8e50-1285-46f6-a2dc-3b4fe9a350e1,Role 1,2019-01-12 11:35:34,176,2,2019-01-12 11:06:17
Case936,Request For Payment REJECTED by PRE_APPROVER,res_c69c8e50-1285-46f6-a2dc-3b4fe9a350e1,Role 1,2019-01-12 12:20:09,175,0,2019-01-12 11:35:52
Case885,Request For Payment SUBMITTED by EMPLOYEE,res_c69c8e50-1285-46f6-a2dc-3b4fe9a350e1,Role 1,2019-01-12 13:35:17,175,2,2019-01-12 12:52:44
Case937,Request For Payment SUBMITTED by EMPLOYEE,res_c69c8e50-1285-46f6-a2dc-3b4fe9a350e1,Role 1,2019-01-12 14:04:37,176,2,2019-01-12 13:35:28
Case937,Request For Payment APPROVED by PRE_APPROVER,res_c69c8e50-1285-46f6-a2dc-3b4fe9a350e1,Role 1,2019-01-12 14:49:09,176,0,2019-01-12 14:04:55
Case938,Request For Payment SAVED by EMPLOYEE,res_c69c8e50-1285-46f6-a2dc-3b4fe9a350e1,Role 1,2019-01-12 14:52:21,177,0,2019-01-12 14:22:53
Case939,Request For Payment SAVED by EMPLOYEE,res_c69c8e50-1285-46f6-a2dc-3b4fe9a350e1,Role 1,2019-01-12 16:42:19,177,0,2019-01-12 16:12:52
Case940,Request For Payment SUBMITTED by EMPLOYEE,res_c69c8e50-1285-46f6-a2dc-3b4fe9a350e1,Role 1,2019-01-12 19:56:14,177,2,2019-01-12 19:27:01
Case940,Request For Payment REJECTED by SUPERVISOR,res_c69c8e50-1285-46f6-a2dc-3b4fe9a350e1,Role 1,2019-01-12 20:40:54,177,0,2019-01-12 19:56:32
Case885,Request For Payment REJECTED by PRE_APPROVER,res_c69c8e50-1285-46f6-a2dc-3b4fe9a350e1,Role 1,2019-01-12 20:52:02,177,0,2019-01-12 20:09:40
Case886,Request For Payment REJECTED by EMPLOYEE,res_c69c8e50-1285-46f6-a2dc-3b4fe9a350e1,Role 1,2019-01-13 00:05:08,177,0,2019-01-12 23:22:18
Case890,Request For Payment REJECTED by MISSING,res_c69c8e50-1285-46f6-a2dc-3b4fe9a350e1,Role 1,2019-01-13 01:02:57,177,0,2019-01-13 00:22:36
Case911,Request For Payment REJECTED by EMPLOYEE,res_c69c8e50-1285-46f6-a2dc-3b4fe9a350e1,Role 1,2019-01-13 01:16:52,177,0,2019-01-13 00:32:40
Case894,Request For Payment SUBMITTED by EMPLOYEE,res_c69c8e50-1285-46f6-a2dc-3b4fe9a350e1,Role 1,2019-01-13 01:30:33,177,2,2019-01-13 00:49:44
Case894,Request For Payment REJECTED by PRE_APPROVER,res_c69c8e50-1285-46f6-a2dc-3b4fe9a350e1,Role 1,2019-01-13 02:13:39,175,0,2019-01-13 01:30:51
Case912,Request For Payment REJECTED by EMPLOYEE,res_c69c8e50-1285-46f6-a2dc-3b4fe9a350e1,Role 1,2019-01-13 03:26:56,175,0,2019-01-13 02:42:48
Case941,Request For Payment SUBMITTED by EMPLOYEE,res_c69c8e50-1285-46f6-a2dc-3b4fe9a350e1,Role 1,2019-01-13 06:28:42,176,2,2019-01-13 05:59:18
Case941,Request For Payment REJECTED by ADMINISTRATION,res_c69c8e50-1285-46f6-a2dc-3b4fe9a350e1,Role 1,2019-01-13 07:13:39,176,0,2019-01-13 06:29:00
Case886,Request For Payment SUBMITTED by EMPLOYEE,res_c69c8e50-1285-46f6-a2dc-3b4fe9a350e1,Role 1,2019-01-13 08:33:03,176,2,2019-01-13 07:50:29
Case942,Request For Payment SAVED by EMPLOYEE,res_c69c8e50-1285-46f6-a2dc-3b4fe9a350e1,Role 1,2019-01-13 08:38:44,177,0,2019-01-13 08:09:14
Case885,Request For Payment REJECTED by EMPLOYEE,res_c69c8e50-1285-46f6-a2dc-3b4fe9a350e1,Role 1,2019-01-13 10:31:08,176,0,2019-01-13 09:48:40
Case943,Request For Payment SUBMITTED by EMPLOYEE,res_c69c8e50-1285-46f6-a2dc-3b4fe9a350e1,Role 1,2019-01-13 11:05:37,177,2,2019-01-13 10:36:04
Case894,Request For Payment REJECTED by EMPLOYEE,res_c69c8e50-1285-46f6-a2dc-3b4fe9a350e1,Role 1,2019-01-13 11:16:18,176,0,2019-01-13 10:33:42
Case886,Request For Payment REJECTED by ADMINISTRATION,res_c69c8e50-1285-46f6-a2dc-3b4fe9a350e1,Role 1,2019-01-13 11:35:41,177,0,2019-01-13 10:54:09
Case943,Request For Payment FINAL_APPROVED by SUPERVISOR,res_c69c8e50-1285-46f6-a2dc-3b4fe9a350e1,Role 1,2019-01-13 11:50:37,177,1,2019-01-13 11:05:55
Case944,Request For Payment SUBMITTED by EMPLOYEE,res_c69c8e50-1285-46f6-a2dc-3b4fe9a350e1,Role 1,2019-01-13 12:11:12,178,2,2019-01-13 11:41:39
Case944,Request For Payment FINAL_APPROVED by SUPERVISOR,res_c69c8e50-1285-46f6-a2dc-3b4fe9a350e1,Role 1,2019-01-13 12:56:11,178,1,2019-01-13 12:11:30
Case895,Request For Payment SUBMITTED by EMPLOYEE,res_c69c8e50-1285-46f6-a2dc-3b4fe9a350e1,Role 1,2019-01-13 15:48:55,178,2,2019-01-13 15:07:56
Case945,Request For Payment SUBMITTED by EMPLOYEE,res_c69c8e50-1285-46f6-a2dc-3b4fe9a350e1,Role 1,2019-01-13 15:50:42,179,3,2019-01-13 15:21:09
Case895,Request For Payment APPROVED by PRE_APPROVER,res_c69c8e50-1285-46f6-a2dc-3b4fe9a350e1,Role 1,2019-01-13 16:32:02,179,0,2019-01-13 15:49:13
Case946,Request For Payment SAVED by EMPLOYEE,res_c69c8e50-1285-46f6-a2dc-3b4fe9a350e1,Role 1,2019-01-13 16:32:41,180,0,2019-01-13 16:03:13
Case945,Request For Payment FINAL_APPROVED by SUPERVISOR,res_c69c8e50-1285-46f6-a2dc-3b4fe9a350e1,Role 1,2019-01-13 16:35:42,179,1,2019-01-13 15:51:00
Case886,Request For Payment REJECTED by EMPLOYEE,res_c69c8e50-1285-46f6-a2dc-3b4fe9a350e1,Role 1,2019-01-13 17:18:55,179,0,2019-01-13 16:37:28
Case947,Request For Payment SAVED by EMPLOYEE,res_c69c8e50-1285-46f6-a2dc-3b4fe9a350e1,Role 1,2019-01-13 17:34:28,180,0,2019-01-13 17:05:01
Case896,Request For Payment SUBMITTED by EMPLOYEE,res_c69c8e50-1285-46f6-a2dc-3b4fe9a350e1,Role 1,2019-01-13 19:24:35,179,2,2019-01-13 18:43:29
Case896,Request For Payment REJECTED by ADMINISTRATION,res_c69c8e50-1285-46f6-a2dc-3b4fe9a350e1,Role 1,2019-01-13 20:07:48,179,0,2019-01-13 19:24:53
Case885,Request For Payment SUBMITTED by EMPLOYEE,res_c69c8e50-1285-46f6-a2dc-3b4fe9a350e1,Role 1,2019-01-13 20:42:18,179,2,2019-01-13 20:00:52
Case894,Request For Payment SUBMITTED by EMPLOYEE,res_c69c8e50-1285-46f6-a2dc-3b4fe9a350e1,Role 1,2019-01-13 21:02:12,179,3,2019-01-13 20:19:56
Case948,Request For Payment SAVED by EMPLOYEE,res_c69c8e50-1285-46f6-a2dc-3b4fe9a350e1,Role 1,2019-01-13 21:12:20,180,0,2019-01-13 20:42:54
Case915,Request For Payment REJECTED by MISSING,res_c69c8e50-1285-46f6-a2dc-3b4fe9a350e1,Role 1,2019-01-13 21:38:40,180,0,2019-01-13 20:53:21
Case894,Request For Payment REJECTED by SUPERVISOR,res_c69c8e50-1285-46f6-a2dc-3b4fe9a350e1,Role 1,2019-01-13 23:32:23,178,0,2019-01-13 22:50:04
Case949,Request For Payment SAVED by EMPLOYEE,res_c69c8e50-1285-46f6-a2dc-3b4fe9a350e1,Role 1,2019-01-13 23:58:23,179,0,2019-01-13 23:28:57
Case895,Request For Payment FINAL_APPROVED by SUPERVISOR,res_c69c8e50-1285-46f6-a2dc-3b4fe9a350e1,Role 1,2019-01-14 00:04:50,178,1,2019-01-13 23:22:13
Case886,Request For Payment SUBMITTED by EMPLOYEE,res_c69c8e50-1285-46f6-a2dc-3b4fe9a350e1,Role 1,2019-01-14 00:57:20,178,2,2019-01-14 00:15:14
Case885,Request For Payment REJECTED by ADMINISTRATION,res_c69c8e50-1285-46f6-a2dc-3b4fe9a350e1,Role 1,2019-01-14 01:40:49,178,0,2019-01-14 00:59:12
Case896,Request For Payment REJECTED by EMPLOYEE,res_c69c8e50-1285-46f6-a2dc-3b4fe9a350e1,Role 1,2019-01-14 02:01:42,178,0,2019-01-14 01:19:02
Case853,Request Payment,res_f1d5d76e-73b3-4ad2-b5bc-b44969b003a7,Role 2,2019-01-14 02:51:21,177,1,2019-01-14 02:08:10
Case914,Request For Payment REJECTED by EMPLOYEE,res_c69c8e50-1285-46f6-a2dc-3b4fe9a350e1,Role 1,2019-01-14 04:07:24,177,0,2019-01-14 03:22:24
Case950,Request For Payment SUBMITTED by EMPLOYEE,res_c69c8e50-1285-46f6-a2dc-3b4fe9a350e1,Role 1,2019-01-14 04:14:02,178,2,2019-01-14 03:45:00
Case868,Payment Handled,res_c69c8e50-1285-46f6-a2dc-3b4fe9a350e1,Role 2,2019-01-14 04:18:35,177,2,2019-01-14 03:35:25
Case950,Request For Payment FINAL_APPROVED by SUPERVISOR,res_c69c8e50-1285-46f6-a2dc-3b4fe9a350e1,Role 1,2019-01-14 04:58:16,178,1,2019-01-14 04:14:20
Case886,Request For Payment APPROVED by PRE_APPROVER,res_f1d5d76e-73b3-4ad2-b5bc-b44969b003a7,Role 1,2019-01-14 06:12:53,177,0,2019-01-14 05:30:33
Case917,Request For Payment REJECTED by EMPLOYEE,res_c69c8e50-1285-46f6-a2dc-3b4fe9a350e1,Role 1,2019-01-14 06:46:04,177,0,2019-01-14 06:01:16
Case888,Payment Handled,res_c69c8e50-1285-46f6-a2dc-3b4fe9a350e1,Role 2,2019-01-14 06:46:53,177,2,2019-01-14 06:03:53
Case847,Payment Handled,res_c69c8e50-1285-46f6-a2dc-3b4fe9a350e1,Role 2,2019-01-14 06:51:53,177,3,2019-01-14 06:08:35
Case912,Request For Payment SUBMITTED by EMPLOYEE,res_c69c8e50-1285-46f6-a2dc-3b4fe9a350e1,Role 1,2019-01-14 07:05:45,177,2,2019-01-14 06:25:27
Case951,Request For Payment SAVED by EMPLOYEE,res_c69c8e50-1285-46f6-a2dc-3b4fe9a350e1,Role 1,2019-01-14 07:30:42,176,0,2019-01-14 07:01:24
Case894,Request For Payment REJECTED by EMPLOYEE,res_c69c8e50-1285-46f6-a2dc-3b4fe9a350e1,Role 1,2019-01-14 07:38:30,175,0,2019-01-14 06:55:54
Case912,Request For Payment APPROVED by PRE_APPROVER,res_c69c8e50-1285-46f6-a2dc-3b4fe9a350e1,Role 1,2019-01-14 07:48:56,176,0,2019-01-14 07:06:03
Case885,Request For Payment REJECTED by EMPLOYEE,res_c69c8e50-1285-46f6-a2dc-3b4fe9a350e1,Role 1,2019-01-14 07:56:49,176,1,2019-01-14 07:14:38
Case952,Request For Payment SAVED by EMPLOYEE,res_c69c8e50-1285-46f6-a2dc-3b4fe9a350e1,Role 1,2019-01-14 08:51:30,174,0,2019-01-14 08:22:14
Case840,Payment Handled,res_c69c8e50-1285-46f6-a2dc-3b4fe9a350e1,Role 2,2019-01-14 09:42:15,173,2,2019-01-14 08:59:04
Case878,Request For Payment FINAL_APPROVED by DIRECTOR,res_c69c8e50-1285-46f6-a2dc-3b4fe9a350e1,Role 1,2019-01-14 10:21:37,173,0,2019-01-14 09:38:26
Case953,Request For Payment SAVED by EMPLOYEE,res_c69c8e50-1285-46f6-a2dc-3b4fe9a350e1,Role 1,2019-01-14 11:10:05,173,0,2019-01-14 10:40:49
Case954,Request For Payment SUBMITTED by EMPLOYEE,res_f1d5d76e-73b3-4ad2-b5bc-b44969b003a7,Role 1,2019-01-14 11:54:38,173,2,2019-01-14 11:25:21
Case923,Request For Payment FINAL_APPROVED by SUPERVISOR,res_c69c8e50-1285-46f6-a2dc-3b4fe9a350e1,Role 1,2019-01-14 12:08:20,172,1,2019-01-14 11:22:58
Case919,Request Payment,res_c69c8e50-1285-46f6-a2dc-3b4fe9a350e1,Role 2,2019-01-14 12:12:24,173,1,2019-01-14 11:26:15
Case941,Request For Payment REJECTED by EMPLOYEE,res_c69c8e50-1285-46f6-a2dc-3b4fe9a350e1,Role 1,2019-01-14 12:39:03,173,0,2019-01-14 11:54:47
Case954,Request For Payment APPROVED by ADMINISTRATION,res_c69c8e50-1285-46f6-a2dc-3b4fe9a350e1,Role 1,2019-01-14 12:39:10,173,1,2019-01-14 11:54:56
Case955,Request For Payment SUBMITTED by EMPLOYEE,res_c69c8e50-1285-46f6-a2dc-3b4fe9a350e1,Role 1,2019-01-14 12:56:35,174,2,2019-01-14 12:27:17
Case956,Request For Payment SAVED by EMPLOYEE,res_f1d5d76e-73b3-4ad2-b5bc-b44969b003a7,Role 1,2019-01-14 13:41:01,174,0,2019-01-14 13:11:45
Case955,Request For Payment FINAL_APPROVED by SUPERVISOR,res_f1d5d76e-73b3-4ad2-b5bc-b44969b003a7,Role 1,2019-01-14 13:41:12,173,1,2019-01-14 12:56:53
Case872,Payment Handled,res_c69c8e50-1285-46f6-a2dc-3b4fe9a350e1,Role 2,2019-01-14 14:16:46,174,2,2019-01-14 13:33:31
Case957,Request For Payment SAVED by EMPLOYEE,res_c69c8e50-1285-46f6-a2dc-3b4fe9a350e1,Role 1,2019-01-14 14:22:56,174,0,2019-01-14 13:53:45
Case943,Request For Payment REJECTED by MISSING,res_c69c8e50-1285-46f6-a2dc-3b4fe9a350e1,Role 1,2019-01-14 15:28:06,172,0,2019-01-14 14:43:25
Case958,Request For Payment SUBMITTED by EMPLOYEE,res_c69c8e50-1285-46f6-a2dc-3b4fe9a350e1,Role 1,2019-01-14 15:39:03,173,2,2019-01-14 15:09:44
Case912,Request For Payment FINAL_APPROVED by SUPERVISOR,res_c69c8e50-1285-46f6-a2dc-3b4fe9a350e1,Role 1,2019-01-14 16:04:49,173,1,2019-01-14 15:22:01
Case958,Request For Payment APPROVED by ADMINISTRATION,res_c69c8e50-1285-46f6-a2dc-3b4fe9a350e1,Role 1,2019-01-14 16:23:45,172,1,2019-01-14 15:39:21
Case886,Request For Payment FINAL_APPROVED by SUPERVISOR,res_c69c8e50-1285-46f6-a2dc-3b4fe9a350e1,Role 1,2019-01-14 16:47:45,172,1,2019-01-14 16:05:11
Case959,Request For Payment SUBMITTED by EMPLOYEE,res_c69c8e50-1285-46f6-a2dc-3b4fe9a350e1,Role 1,2019-01-14 17:08:42,173,2,2019-01-14 16:39:22
Case960,Request For Payment SAVED by EMPLOYEE,res_c69c8e50-1285-46f6-a2dc-3b4fe9a350e1,Role 1,2019-01-14 17:26:39,174,0,2019-01-14 16:57:24
Case944,Request For Payment REJECTED by MISSING,res_c69c8e50-1285-46f6-a2dc-3b4fe9a350e1,Role 1,2019-01-14 17:31:33,173,0,2019-01-14 16:46:54
Case927,Request For Payment REJECTED by EMPLOYEE,res_c69c8e50-1285-46f6-a2dc-3b4fe9a350e1,Role 1,2019-01-14 17:47:26,174,0,2019-01-14 17:02:42
Case959,Request For Payment APPROVED by ADMINISTRATION,res_c69c8e50-1285-46f6-a2dc-3b4fe9a350e1,Role 1,2019-01-14 17:53:24,174,1,2019-01-14 17:09:00
Case934,Request For Payment FINAL_APPROVED by SUPERVISOR,res_c69c8e50-1285-46f6-a2dc-3b4fe9a350e1,Role 1,2019-01-14 18:06:27,174,1,2019-01-14 17:22:22
Case961,Request For Payment SAVED by EMPLOYEE,res_c69c8e50-1285-46f6-a2dc-3b4fe9a350e1,Role 1,2019-01-14 19:00:58,173,0,2019-01-14 18:31:44
Case936,Request For Payment REJECTED by EMPLOYEE,res_c69c8e50-1285-46f6-a2dc-3b4fe9a350e1,Role 1,2019-01-14 20:06:37,172,0,2019-01-14 19:22:22
Case945,Request For Payment REJECTED by MISSING,res_c69c8e50-1285-46f6-a2dc-3b4fe9a350e1,Role 1,2019-01-14 21:46:33,171,0,2019-01-14 21:01:53
Case912,Request For Payment REJECTED by MISSING,res_c69c8e50-1285-46f6-a2dc-3b4fe9a350e1,Role 1,2019-01-14 22:51:21,170,0,2019-01-14 22:09:24
Case937,Request For Payment FINAL_APPROVED by SUPERVISOR,res_c69c8e50-1285-46f6-a2dc-3b4fe9a350e1,Role 1,2019-01-14 22:54:44,170,1,2019-01-14 22:10:27
Case928,Request For Payment REJECTED by EMPLOYEE,res_c69c8e50-1285-46f6-a2dc-3b4fe9a350e1,Role 1,2019-01-14 23:35:48,170,0,2019-01-14 22:51:02
Case962,Request For Payment SAVED by EMPLOYEE,res_c69c8e50-1285-46f6-a2dc-3b4fe9a350e1,Role 1,2019-01-14 23:54:51,170,0,2019-01-14 23:25:39
Case963,Request For Payment SAVED by EMPLOYEE,res_c69c8e50-1285-46f6-a2dc-3b4fe9a350e1,Role 1,2019-01-15 00:33:26,169,0,2019-01-15 00:03:59
Case895,Request Payment,res_c69c8e50-1285-46f6-a2dc-3b4fe9a350e1,Role 2,2019-01-15 02:23:20,168,1,2019-01-15 01:40:18
Case940,Request For Payment REJECTED by EMPLOYEE,res_c69c8e50-1285-46f6-a2dc-3b4fe9a350e1,Role 1,2019-01-15 02:46:41,168,0,2019-01-15 02:02:45
Case964,Request For Payment SAVED by EMPLOYEE,res_c69c8e50-1285-46f6-a2dc-3b4fe9a350e1,Role 1,2019-01-15 02:52:18,169,0,2019-01-15 02:22:54
Case965,Request For Payment SAVED by EMPLOYEE,res_c69c8e50-1285-46f6-a2dc-3b4fe9a350e1,Role 1,2019-01-15 03:27:05,169,0,2019-01-15 02:57:39
Case917,Request For Payment SUBMITTED by EMPLOYEE,res_c69c8e50-1285-46f6-a2dc-3b4fe9a350e1,Role 1,2019-01-15 04:05:22,169,2,2019-01-15 03:24:09
Case914,Request For Payment SUBMITTED by EMPLOYEE,res_c69c8e50-1285-46f6-a2dc-3b4fe9a350e1,Role 1,2019-01-15 04:46:47,168,3,2019-01-15 04:04:58
Case917,Request For Payment REJECTED by PRE_APPROVER,res_c69c8e50-1285-46f6-a2dc-3b4fe9a350e1,Role 1,2019-01-15 04:48:54,168,0,2019-01-15 04:05:40
Case914,Request For Payment APPROVED by ADMINISTRATION,res_c69c8e50-1285-46f6-a2dc-3b4fe9a350e1,Role 1,2019-01-15 05:30:37,168,1,2019-01-15 04:47:05
Case966,Request For Payment SUBMITTED by EMPLOYEE,res_c69c8e50-1285-46f6-a2dc-3b4fe9a350e1,Role 1,2019-01-15 06:02:07,169,2,2019-01-15 05:32:42
Case966,Request For Payment APPROVED by ADMINISTRATION,res_f1d5d76e-73b3-4ad2-b5bc-b44969b003a7,Role 1,2019-01-15 06:46:59,169,1,2019-01-15 06:02:25
Case950,Request Payment,res_f1d5d76e-73b3-4ad2-b5bc-b44969b003a7,Role 2,2019-01-15 06:48:04,169,1,2019-01-15 06:03:18
Case967,Request For Payment SUBMITTED by EMPLOYEE,res_c69c8e50-1285-46f6-a2dc-3b4fe9a350e1,Role 1,2019-01-15 07:28:36,170,2,2019-01-15 06:59:06
Case954,Request For Payment FINAL_APPROVED by SUPERVISOR,res_c69c8e50-1285-46f6-a2dc-3b4fe9a350e1,Role 1,2019-01-15 07:38:43,169,1,2019-01-15 06:54:37
Case967,Request For Payment FINAL_APPROVED by SUPERVISOR,res_c69c8e50-1285-46f6-a2dc-3b4fe9a350e1,Role 1,2019-01-15 08:13:29,170,2,2019-01-15 07:28:54
Case968,Request For Payment SAVED by EMPLOYEE,res_c69c8e50-1285-46f6-a2dc-3b4fe9a350e1,Role 1,2019-01-15 08:19:24,171,0,2019-01-15 07:50:01
Case969,Request For Payment SUBMITTED by EMPLOYEE,res_c69c8e50-1285-46f6-a2dc-3b4fe9a350e1,Role 1,2019-01-15 09:32:33,171,2,2019-01-15 09:03:06
Case914,Request For Payment FINAL_APPROVED by SUPERVISOR,res_c69c8e50-1285-46f6-a2dc-3b4fe9a350e1,Role 1,2019-01-15 10:09:18,171,1,2019-01-15 09:26:28
Case969,Request For Payment REJECTED by SUPERVISOR,res_c69c8e50-1285-46f6-a2dc-3b4fe9a350e1,Role 1,2019-01-15 10:17:15,171,0,2019-01-15 09:32:51
Case970,Request For Payment SUBMITTED by EMPLOYEE,res_c69c8e50-1285-46f6-a2dc-3b4fe9a350e1,Role 1,2019-01-15 10:38:57,172,2,2019-01-15 10:09:27
Case914,Request For Payment REJECTED by MISSING,res_c69c8e50-1285-46f6-a2dc-3b4fe9a350e1,Role 1,2019-01-15 10:50:58,172,0,2019-01-15 10:09:36
Case958,Request For Payment APPROVED by BUDGET OWNER,res_c69c8e50-1285-46f6-a2dc-3b4fe9a350e1,Role 1,2019-01-15 11:20:01,172,1,2019-01-15 10:35:50
Case970,Request For Payment FINAL_APPROVED by SUPERVISOR,res_c69c8e50-1285-46f6-a2dc-3b4fe9a350e1,Role 1,2019-01-15 11:23:49,172,1,2019-01-15 10:39:15
Case971,Request For Payment SAVED by EMPLOYEE,res_c69c8e50-1285-46f6-a2dc-3b4fe9a350e1,Role 1,2019-01-15 11:59:13,172,0,2019-01-15 11:29:51
Case917,Request For Payment REJECTED by EMPLOYEE,res_c69c8e50-1285-46f6-a2dc-3b4fe9a350e1,Role 1,2019-01-15 12:28:06,172,0,2019-01-15 11:45:20
Case972,Request For Payment SAVED by EMPLOYEE,res_c69c8e50-1285-46f6-a2dc-3b4fe9a350e1,Role 1,2019-01-15 12:49:54,172,0,2019-01-15 12:20:33
Case973,Request For Payment SAVED by EMPLOYEE,res_f1d5d76e-73b3-4ad2-b5bc-b44969b003a7,Role 1,2019-01-15 13:19:25,171,0,2019-01-15 12:50:04
Case959,Request For Payment REJECTED by SUPERVISOR,res_f1d5d76e-73b3-4ad2-b5bc-b44969b003a7,Role 1,2019-01-15 13:20:09,171,0,2019-01-15 12:35:47
Case886,Request Payment,res_f1d5d76e-73b3-4ad2-b5bc-b44969b003a7,Role 2,2019-01-15 13:48:40,171,1,2019-01-15 13:05:34
Case955,Request Payment,res_f1d5d76e-73b3-4ad2-b5bc-b44969b003a7,Role 2,2019-01-15 14:22:01,170,2,2019-01-15 13:37:28
Case974,Request For Payment SUBMITTED by EMPLOYEE,res_c69c8e50-1285-46f6-a2dc-3b4fe9a350e1,Role 1,2019-01-15 15:16:42,171,2,2019-01-15 14:47:13
Case974,Request For Payment REJECTED by PRE_APPROVER,res_c69c8e50-1285-46f6-a2dc-3b4fe9a350e1,Role 1,2019-01-15 16:01:18,171,0,2019-01-15 15:17:00
Case927,Request For Payment SUBMITTED by EMPLOYEE,res_c69c8e50-1285-46f6-a2dc-3b4fe9a350e1,Role 1,2019-01-15 19:31:55,171,2,2019-01-15 18:50:38
Case927,Request For Payment FINAL_APPROVED by SUPERVISOR,res_c69c8e50-1285-46f6-a2dc-3b4fe9a350e1,Role 1,2019-01-15 20:15:52,171,1,2019-01-15 19:32:13
Case927,Request For Payment REJECTED by MISSING,res_c69c8e50-1285-46f6-a2dc-3b4fe9a350e1,Role 1,2019-01-15 20:58:55,171,0,2019-01-15 20:16:10
Case975,Request For Payment SUBMITTED by EMPLOYEE,res_c69c8e50-1285-46f6-a2dc-3b4fe9a350e1,Role 1,2019-01-15 23:04:44,171,2,2019-01-15 22:35:14
Case934,Request For Payment REJECTED by MISSING,res_c69c8e50-1285-46f6-a2dc-3b4fe9a350e1,Role 1,2019-01-15 23:12:53,170,0,2019-01-15 22:32:35
Case975,Request For Payment REJECTED by SUPERVISOR,res_c69c8e50-1285-46f6-a2dc-3b4fe9a350e1,Role 1,2019-01-15 23:49:18,171,0,2019-01-15 23:05:02
Case976,Request For Payment SUBMITTED by EMPLOYEE,res_f1d5d76e-73b3-4ad2-b5bc-b44969b003a7,Role 1,2019-01-16 02:45:46,171,3,2019-01-16 02:16:51
Case940,Request For Payment SUBMITTED by EMPLOYEE,res_c69c8e50-1285-46f6-a2dc-3b4fe9a350e1,Role 1,2019-01-16 02:53:27,170,2,2019-01-16 02:11:39
Case923,Request Payment,res_c69c8e50-1285-46f6-a2dc-3b4fe9a350e1,Role 2,2019-01-16 03:05:01,171,1,2019-01-16 02:21:41
Case976,Request For Payment APPROVED by ADMINISTRATION,res_c69c8e50-1285-46f6-a2dc-3b4fe9a350e1,Role 1,2019-01-16 03:29:20,171,1,2019-01-16 02:46:04
Case977,Request For Payment SUBMITTED by EMPLOYEE,res_c69c8e50-1285-46f6-a2dc-3b4fe9a350e1,Role 1,2019-01-16 03:55:32,172,2,2019-01-16 03:26:36
Case905,Request For Payment FINAL_APPROVED by DIRECTOR,res_c69c8e50-1285-46f6-a2dc-3b4fe9a350e1,Role 1,2019-01-16 04:02:06,171,0,2019-01-16 03:19:02
Case977,Request For Payment REJECTED by SUPERVISOR,res_c69c8e50-1285-46f6-a2dc-3b4fe9a350e1,Role 1,2019-01-16 04:39:33,172,0,2019-01-16 03:55:50
Case940,Request For Payment REJECTED by ADMINISTRATION,res_c69c8e50-1285-46f6-a2dc-3b4fe9a350e1,Role 1,2019-01-16 05:14:49,172,0,2019-01-16 04:31:40
Case966,Request For Payment APPROVED by BUDGET OWNER,res_c69c8e50-1285-46f6-a2dc-3b4fe9a350e1,Role 1,2019-01-16 08:28:39,172,1,2019-01-16 07:44:29
Case978,Request For Payment SAVED by EMPLOYEE,res_c69c8e50-1285-46f6-a2dc-3b4fe9a350e1,Role 1,2019-01-16 08:44:14,173,0,2019-01-16 08:15:00
Case979,Request For Payment SAVED by EMPLOYEE,res_c69c8e50-1285-46f6-a2dc-3b4fe9a350e1,Role 1,2019-01-16 10:40:21,173,0,2019-01-16 10:11:07
Case940,Request For Payment REJECTED by EMPLOYEE,res_c69c8e50-1285-46f6-a2dc-3b4fe9a350e1,Role 1,2019-01-16 11:06:29,173,0,2019-01-16 10:23:43
Case980,Request For Payment SUBMITTED by EMPLOYEE,res_c69c8e50-1285-46f6-a2dc-3b4fe9a350e1,Role 1,2019-01-16 12:05:13,172,2,2019-01-16 11:36:23
Case981,Request For Payment SAVED by EMPLOYEE,res_c69c8e50-1285-46f6-a2dc-3b4fe9a350e1,Role 1,2019-01-16 12:26:44,173,0,2019-01-16 11:57:31
Case980,Request For Payment REJECTED by PRE_APPROVER,res_c69c8e50-1285-46f6-a2dc-3b4fe9a350e1,Role 1,2019-01-16 12:49:12,173,0,2019-01-16 12:05:31
Case969,Request For Payment REJECTED by EMPLOYEE,res_c69c8e50-1285-46f6-a2dc-3b4fe9a350e1,Role 1,2019-01-16 13:34:45,172,0,2019-01-16 12:50:34
Case982,Request For Payment SUBMITTED by EMPLOYEE,res_c69c8e50-1285-46f6-a2dc-3b4fe9a350e1,Role 1,2019-01-16 14:11:13,172,2,2019-01-16 13:42:41
Case937,Request Payment,res_c69c8e50-1285-46f6-a2dc-3b4fe9a350e1,Role 2,2019-01-16 14:19:44,171,1,2019-01-16 13:36:41
Case982,Request For Payment REJECTED by SUPERVISOR,res_c69c8e50-1285-46f6-a2dc-3b4fe9a350e1,Role 1,2019-01-16 14:55:17,172,0,2019-01-16 14:11:31
Case983,Request For Payment SAVED by EMPLOYEE,res_c69c8e50-1285-46f6-a2dc-3b4fe9a350e1,Role 1,2019-01-16 14:57:45,173,0,2019-01-16 14:28:33
Case959,Request For Payment REJECTED by EMPLOYEE,res_c69c8e50-1285-46f6-a2dc-3b4fe9a350e1,Role 1,2019-01-16 16:33:02,172,0,2019-01-16 15:52:31
Case984,Request For Payment SUBMITTED by EMPLOYEE,res_c69c8e50-1285-46f6-a2dc-3b4fe9a350e1,Role 1,2019-01-16 17:51:09,173,2,2019-01-16 17:22:13
Case954,Request For Payment REJECTED by MISSING,res_c69c8e50-1285-46f6-a2dc-3b4fe9a350e1,Role 1,2019-01-16 18:10:01,173,0,2019-01-16 17:29:45
Case958,Request For Payment FINAL_APPROVED by SUPERVISOR,res_c69c8e50-1285-46f6-a2dc-3b4fe9a350e1,Role 1,2019-01-16 18:23:25,173,1,2019-01-16 17:42:21
Case984,Request For Payment REJECTED by ADMINISTRATION,res_c69c8e50-1285-46f6-a2dc-3b4fe9a350e1,Role 1,2019-01-16 18:35:26,173,0,2019-01-16 17:51:27
Case985,Request For Payment SUBMITTED by EMPLOYEE,res_c69c8e50-1285-46f6-a2dc-3b4fe9a350e1,Role 1,2019-01-16 18:48:00,173,2,2019-01-16 18:18:55
Case985,Request For Payment APPROVED by PRE_APPROVER,res_c69c8e50-1285-46f6-a2dc-3b4fe9a350e1,Role 1,2019-01-16 19:32:16,173,0,2019-01-16 18:48:18
Case986,Request For Payment SAVED by EMPLOYEE,res_c69c8e50-1285-46f6-a2dc-3b4fe9a350e1,Role 1,2019-01-16 20:18:11,174,0,2019-01-16 19:49:00
Case974,Request For Payment REJECTED by EMPLOYEE,res_c69c8e50-1285-46f6-a2dc-3b4fe9a350e1,Role 1,2019-01-16 20:41:02,174,0,2019-01-16 19:56:51
Case958,Request For Payment REJECTED by MISSING,res_c69c8e50-1285-46f6-a2dc-3b4fe9a350e1,Role 1,2019-01-16 21:12:25,173,0,2019-01-16 20:29:34
Case987,Request For Payment SUBMITTED by EMPLOYEE,res_c69c8e50-1285-46f6-a2dc-3b4fe9a350e1,Role 1,2019-01-16 21:14:01,174,2,2019-01-16 20:44:56
Case987,Request For Payment REJECTED by PRE_APPROVER,res_c69c8e50-1285-46f6-a2dc-3b4fe9a350e1,Role 1,2019-01-16 21:58:02,173,0,2019-01-16 21:14:19
Case967,Request Payment,res_f1d5d76e-73b3-4ad2-b5bc-b44969b003a7,Role 2,2019-01-16 22:52:11,173,1,2019-01-16 22:08:03
Case959,Request For Payment SUBMITTED by EMPLOYEE,res_c69c8e50-1285-46f6-a2dc-3b4fe9a350e1,Role 1,2019-01-16 23:44:50,173,2,2019-01-16 23:01:41
Case988,Request For Payment SAVED by EMPLOYEE,res_c69c8e50-1285-46f6-a2dc-3b4fe9a350e1,Role 1,2019-01-17 00:03:01,174,0,2019-01-16 23:33:53
Case989,Request For Payment SUBMITTED by EMPLOYEE,res_c69c8e50-1285-46f6-a2dc-3b4fe9a350e1,Role 1,2019-01-17 00:45:41,174,2,2019-01-17 00:16:36
Case989,Request For Payment FINAL_APPROVED by SUPERVISOR,res_c69c8e50-1285-46f6-a2dc-3b4fe9a350e1,Role 1,2019-01-17 01:30:16,174,1,2019-01-17 00:45:59
Case990,Request For Payment SAVED by EMPLOYEE,res_c69c8e50-1285-46f6-a2dc-3b4fe9a350e1,Role 1,2019-01-17 02:03:15,175,0,2019-01-17 01:33:56
Case976,Request For Payment REJECTED by BUDGET OWNER,res_f1d5d76e-73b3-4ad2-b5bc-b44969b003a7,Role 1,2019-01-17 02:12:38,174,0,2019-01-17 01:28:18
Case991,Request For Payment SAVED by EMPLOYEE,res_f1d5d76e-73b3-4ad2-b5bc-b44969b003a7,Role 1,2019-01-17 02:30:21,176,1,2019-01-17 02:01:02
Case970,Request Payment,res_f1d5d76e-73b3-4ad2-b5bc-b44969b003a7,Role 2,2019-01-17 02:52:05,175,1,2019-01-17 02:07:02
Case992,Request For Payment SUBMITTED by EMPLOYEE,res_c69c8e50-1285-46f6-a2dc-3b4fe9a350e1,Role 1,2019-01-17 03:48:44,175,2,2019-01-17 03:19:34
Case975,Request For Payment REJECTED by EMPLOYEE,res_c69c8e50-1285-46f6-a2dc-3b4fe9a350e1,Role 1,2019-01-17 04:27:07,175,0,2019-01-17 03:42:50
Case977,Request For Payment REJECTED by EMPLOYEE,res_c69c8e50-1285-46f6-a2dc-3b4fe9a350e1,Role 1,2019-01-17 04:29:22,175,1,2019-01-17 03:45:32
Case992,Request For Payment REJECTED by ADMINISTRATION,res_c69c8e50-1285-46f6-a2dc-3b4fe9a350e1,Role 1,2019-01-17 04:35:45,175,0,2019-01-17 03:51:17
Case959,Request For Payment FINAL_APPROVED by SUPERVISOR,res_c69c8e50-1285-46f6-a2dc-3b4fe9a350e1,Role 1,2019-01-17 06:48:31,174,1,2019-01-17 06:05:44
Case959,Request For Payment REJECTED by MISSING,res_f1d5d76e-73b3-4ad2-b5bc-b44969b003a7,Role 1,2019-01-17 07:31:29,174,0,2019-01-17 06:48:49
Case895,Payment Handled,res_f1d5d76e-73b3-4ad2-b5bc-b44969b003a7,Role 2,2019-01-17 08:06:35,174,2,2019-01-17 07:22:56
Case950,Payment Handled,res_f1d5d76e-73b3-4ad2-b5bc-b44969b003a7,Role 2,2019-01-17 08:15:37,174,3,2019-01-17 07:31:01
Case993,Request For Payment SAVED by EMPLOYEE,res_c69c8e50-1285-46f6-a2dc-3b4fe9a350e1,Role 1,2019-01-17 08:56:33,172,0,2019-01-17 08:27:14
Case994,Request For Payment SAVED by EMPLOYEE,res_c69c8e50-1285-46f6-a2dc-3b4fe9a350e1,Role 1,2019-01-17 09:58:56,172,0,2019-01-17 09:29:38
Case995,Request For Payment SUBMITTED by EMPLOYEE,res_c69c8e50-1285-46f6-a2dc-3b4fe9a350e1,Role 1,2019-01-17 10:19:21,173,2,2019-01-17 09:50:01
Case995,Request For Payment APPROVED by ADMINISTRATION,res_c69c8e50-1285-46f6-a2dc-3b4fe9a350e1,Role 1,2019-01-17 11:04:03,172,1,2019-01-17 10:19:39
Case996,Request For Payment SAVED by EMPLOYEE,res_f1d5d76e-73b3-4ad2-b5bc-b44969b003a7,Role 1,2019-01-17 12:03:40,173,0,2019-01-17 11:34:22
Case853,Payment Handled,res_f1d5d76e-73b3-4ad2-b5bc-b44969b003a7,Role 2,2019-01-17 12:22:52,173,2,2019-01-17 11:38:29
Case980,Request For Payment REJECTED by EMPLOYEE,res_c69c8e50-1285-46f6-a2dc-3b4fe9a350e1,Role 1,2019-01-17 13:08:57,171,0,2019-01-17 12:24:58
Case997,Request For Payment SAVED by EMPLOYEE,res_c69c8e50-1285-46f6-a2dc-3b4fe9a350e1,Role 1,2019-01-17 14:01:41,171,0,2019-01-17 13:32:26
Case966,Request For Payment FINAL_APPROVED by SUPERVISOR,res_f1d5d76e-73b3-4ad2-b5bc-b44969b003a7,Role 1,2019-01-17 14:11:53,170,1,2019-01-17 13:31:13
Case982,Request For Payment REJECTED by EMPLOYEE,res_f1d5d76e-73b3-4ad2-b5bc-b44969b003a7,Role 1,2019-01-17 14:42:08,171,0,2019-01-17 13:58:16
Case955,Payment Handled,res_f1d5d76e-73b3-4ad2-b5bc-b44969b003a7,Role 2,2019-01-17 14:55:29,170,2,2019-01-17 14:11:18
Case998,Request For Payment SUBMITTED by EMPLOYEE,res_f1d5d76e-73b3-4ad2-b5bc-b44969b003a7,Role 1,2019-01-17 14:56:44,171,2,2019-01-17 14:27:37
Case919,Payment Handled,res_c69c8e50-1285-46f6-a2dc-3b4fe9a350e1,Role 2,2019-01-17 15:25:41,171,3,2019-01-17 14:40:27
Case999,Request For Payment SUBMITTED by EMPLOYEE,res_c69c8e50-1285-46f6-a2dc-3b4fe9a350e1,Role 1,2019-01-17 15:34:40,170,2,2019-01-17 15:05:33
Case998,Request For Payment APPROVED by ADMINISTRATION,res_c69c8e50-1285-46f6-a2dc-3b4fe9a350e1,Role 1,2019-01-17 15:41:11,169,1,2019-01-17 14:57:02
Case999,Request For Payment REJECTED by ADMINISTRATION,res_c69c8e50-1285-46f6-a2dc-3b4fe9a350e1,Role 1,2019-01-17 16:21:26,169,0,2019-01-17 15:36:59
Case1000,Request For Payment SUBMITTED by EMPLOYEE,res_c69c8e50-1285-46f6-a2dc-3b4fe9a350e1,Role 1,2019-01-17 17:02:36,170,2,2019-01-17 16:33:18
Case974,Request For Payment SUBMITTED by EMPLOYEE,res_c69c8e50-1285-46f6-a2dc-3b4fe9a350e1,Role 1,2019-01-17 17:22:40,170,3,2019-01-17 16:42:43
Case1000,Request For Payment APPROVED by PRE_APPROVER,res_c69c8e50-1285-46f6-a2dc-3b4fe9a350e1,Role 1,2019-01-17 17:52:02,170,0,2019-01-17 17:07:33
Case974,Request For Payment FINAL_APPROVED by SUPERVISOR,res_f1d5d76e-73b3-4ad2-b5bc-b44969b003a7,Role 1,2019-01-17 18:06:29,170,1,2019-01-17 17:22:58
Case984,Request For Payment REJECTED by EMPLOYEE,res_f1d5d76e-73b3-4ad2-b5bc-b44969b003a7,Role 1,2019-01-17 18:14:37,170,0,2019-01-17 17:30:40
Case886,Payment Handled,res_f1d5d76e-73b3-4ad2-b5bc-b44969b003a7,Role 2,2019-01-17 18:47:01,170,2,2019-01-17 18:03:33
Case923,Payment Handled,res_c69c8e50-1285-46f6-a2dc-3b4fe9a350e1,Role 2,2019-01-17 19:18:09,169,3,2019-01-17 18:34:02
Case985,Request For Payment FINAL_APPROVED by SUPERVISOR,res_c69c8e50-1285-46f6-a2dc-3b4fe9a350e1,Role 1,2019-01-17 20:00:51,168,1,2019-01-17 19:17:13
Case1001,Request For Payment SAVED by EMPLOYEE,res_c69c8e50-1285-46f6-a2dc-3b4fe9a350e1,Role 1,2019-01-17 21:00:53,168,0,2019-01-17 20:31:40
Case1002,Request For Payment SUBMITTED by EMPLOYEE,res_c69c8e50-1285-46f6-a2dc-3b4fe9a350e1,Role 1,2019-01-17 22:18:50,168,2,2019-01-17 21:49:30
Case987,Request For Payment REJECTED by EMPLOYEE,res_c69c8e50-1285-46f6-a2dc-3b4fe9a350e1,Role 1,2019-01-17 22:27:40,167,0,2019-01-17 21:43:41
Case1002,Request For Payment REJECTED by SUPERVISOR,res_c69c8e50-1285-46f6-a2dc-3b4fe9a350e1,Role 1,2019-01-17 23:24:40,168,0,2019-01-17 22:40:15
Case1003,Request For Payment SUBMITTED by EMPLOYEE,res_c69c8e50-1285-46f6-a2dc-3b4fe9a350e1,Role 1,2019-01-18 00:32:30,169,2,2019-01-18 00:03:12
Case1003,Request For Payment REJECTED by SUPERVISOR,res_c69c8e50-1285-46f6-a2dc-3b4fe9a350e1,Role 1,2019-01-18 01:17:42,169,0,2019-01-18 00:32:49
Case1004,Request For Payment SAVED by EMPLOYEE,res_c69c8e50-1285-46f6-a2dc-3b4fe9a350e1,Role 1,2019-01-18 02:17:58,170,0,2019-01-18 01:48:22
Case1005,Request For Payment SAVED by EMPLOYEE,res_c69c8e50-1285-46f6-a2dc-3b4fe9a350e1,Role 1,2019-01-18 03:15:09,170,0,2019-01-18 02:45:33
Case1006,Request For Payment SAVED by EMPLOYEE,res_f1d5d76e-73b3-4ad2-b5bc-b44969b003a7,Role 1,2019-01-18 04:44:47,170,0,2019-01-18 04:15:12
Case878,Request Payment,res_f1d5d76e-73b3-4ad2-b5bc-b44969b003a7,Role 2,2019-01-18 05:18:38,170,1,2019-01-18 04:35:41
Case1007,Request For Payment SAVED by EMPLOYEE,res_f1d5d76e-73b3-4ad2-b5bc-b44969b003a7,Role 1,2019-01-18 05:59:29,170,0,2019-01-18 05:29:54
Case937,Payment Handled,res_f1d5d76e-73b3-4ad2-b5bc-b44969b003a7,Role 2,2019-01-18 06:38:10,170,2,2019-01-18 05:54:51
Case1008,Request For Payment SAVED by EMPLOYEE,res_c69c8e50-1285-46f6-a2dc-3b4fe9a350e1,Role 1,2019-01-18 07:23:49,169,0,2019-01-18 06:54:14
Case1009,Request For Payment SAVED by EMPLOYEE,res_c69c8e50-1285-46f6-a2dc-3b4fe9a350e1,Role 1,2019-01-18 08:57:03,169,0,2019-01-18 08:27:28
Case1010,Request For Payment SUBMITTED by EMPLOYEE,res_c69c8e50-1285-46f6-a2dc-3b4fe9a350e1,Role 1,2019-01-18 09:55:50,169,2,2019-01-18 09:26:23
Case1010,Request For Payment FINAL_APPROVED by SUPERVISOR,res_c69c8e50-1285-46f6-a2dc-3b4fe9a350e1,Role 1,2019-01-18 10:41:03,169,1,2019-01-18 09:56:08
Case1011,Request For Payment SUBMITTED by EMPLOYEE,res_f1d5d76e-73b3-4ad2-b5bc-b44969b003a7,Role 1,2019-01-18 11:06:03,170,2,2019-01-18 10:36:30
Case905,Request Payment,res_c69c8e50-1285-46f6-a2dc-3b4fe9a350e1,Role 2,2019-01-18 11:37:54,170,1,2019-01-18 10:54:46
Case1011,Request For Payment REJECTED by SUPERVISOR,res_c69c8e50-1285-46f6-a2dc-3b4fe9a350e1,Role 1,2019-01-18 11:51:10,170,0,2019-01-18 11:06:21
Case1012,Request For Payment SAVED by EMPLOYEE,res_c69c8e50-1285-46f6-a2dc-3b4fe9a350e1,Role 1,2019-01-18 14:32:02,171,0,2019-01-18 14:02:28
Case967,Payment Handled,res_c69c8e50-1285-46f6-a2dc-3b4fe9a350e1,Role 2,2019-01-18 15:57:14,170,2,2019-01-18 15:14:51
Case1013,Request For Payment SAVED by EMPLOYEE,res_c69c8e50-1285-46f6-a2dc-3b4fe9a350e1,Role 1,2019-01-18 15:58:15,171,0,2019-01-18 15:28:43
Case1014,Request For Payment SAVED by EMPLOYEE,res_c69c8e50-1285-46f6-a2dc-3b4fe9a350e1,Role 1,2019-01-18 16:58:12,170,0,2019-01-18 16:28:39
Case1015,Request For Payment SAVED by EMPLOYEE,res_c69c8e50-1285-46f6-a2dc-3b4fe9a350e1,Role 1,2019-01-19 00:27:13,170,0,2019-01-18 23:57:41
Case1016,Request For Payment SAVED by EMPLOYEE,res_c69c8e50-1285-46f6-a2dc-3b4fe9a350e1,Role 1,2019-01-19 02:30:47,170,0,2019-01-19 02:01:18
Case975,Request For Payment SUBMITTED by EMPLOYEE,res_c69c8e50-1285-46f6-a2dc-3b4fe9a350e1,Role 1,2019-01-19 04:22:00,169,2,2019-01-19 03:40:58
Case976,Request For Payment REJECTED by EMPLOYEE,res_c69c8e50-1285-46f6-a2dc-3b4fe9a350e1,Role 1,2019-01-19 05:38:25,169,0,2019-01-19 04:56:32
Case1017,Request For Payment SAVED by EMPLOYEE,res_c69c8e50-1285-46f6-a2dc-3b4fe9a350e1,Role 1,2019-01-19 07:09:34,170,0,2019-01-19 06:40:05
Case1018,Request For Payment SAVED by EMPLOYEE,res_c69c8e50-1285-46f6-a2dc-3b4fe9a350e1,Role 1,2019-01-19 08:48:48,170,0,2019-01-19 08:19:19
Case1019,Request For Payment SUBMITTED by EMPLOYEE,res_c69c8e50-1285-46f6-a2dc-3b4fe9a350e1,Role 1,2019-01-19 09:36:51,170,2,2019-01-19 09:07:46
Case1019,Request For Payment REJECTED by SUPERVISOR,res_c69c8e50-1285-46f6-a2dc-3b4fe9a350e1,Role 1,2019-01-19 10:21:30,170,0,2019-01-19 09:37:09
Case1020,Request For Payment SUBMITTED by EMPLOYEE,res_c69c8e50-1285-46f6-a2dc-3b4fe9a350e1,Role 1,2019-01-19 10:35:34,171,2,2019-01-19 10:06:17
Case1020,Request For Payment APPROVED by ADMINISTRATION,res_c69c8e50-1285-46f6-a2dc-3b4fe9a350e1,Role 1,2019-01-19 11:19:51,171,1,2019-01-19 10:35:52
Case1021,Request For Payment SUBMITTED by EMPLOYEE,res_c69c8e50-1285-46f6-a2dc-3b4fe9a350e1,Role 1,2019-01-19 12:05:45,172,2,2019-01-19 11:36:38
Case1022,Request For Payment SAVED by EMPLOYEE,res_c69c8e50-1285-46f6-a2dc-3b4fe9a350e1,Role 1,2019-01-19 12:44:01,173,0,2019-01-19 12:14:33
Case1021,Request For Payment REJECTED by PRE_APPROVER,res_c69c8e50-1285-46f6-a2dc-3b4fe9a350e1,Role 1,2019-01-19 12:50:23,172,0,2019-01-19 12:06:03
Case995,Request For Payment REJECTED by BUDGET OWNER,res_c69c8e50-1285-46f6-a2dc-3b4fe9a350e1,Role 1,2019-01-19 13:23:19,173,0,2019-01-19 12:39:06
Case1023,Request For Payment SAVED by EMPLOYEE,res_c69c8e50-1285-46f6-a2dc-3b4fe9a350e1,Role 1,2019-01-19 14:02:21,173,0,2019-01-19 13:32:53
Case975,Request For Payment REJECTED by ADMINISTRATION,res_c69c8e50-1285-46f6-a2dc-3b4fe9a350e1,Role 1,2019-01-19 14:57:12,172,0,2019-01-19 14:13:55
Case1024,Request For Payment SAVED by EMPLOYEE,res_c69c8e50-1285-46f6-a2dc-3b4fe9a350e1,Role 1,2019-01-19 15:09:53,173,0,2019-01-19 14:40:25
Case992,Request For Payment REJECTED by EMPLOYEE,res_c69c8e50-1285-46f6-a2dc-3b4fe9a350e1,Role 1,2019-01-19 15:23:13,172,0,2019-01-19 14:39:27
Case998,Request For Payment REJECTED by SUPERVISOR,res_c69c8e50-1285-46f6-a2dc-3b4fe9a350e1,Role 1,2019-01-19 15:48:41,173,0,2019-01-19 15:04:48
Case1025,Request For Payment SAVED by EMPLOYEE,res_c69c8e50-1285-46f6-a2dc-3b4fe9a350e1,Role 1,2019-01-19 17:29:43,172,0,2019-01-19 17:00:16
Case976,Request For Payment SUBMITTED by EMPLOYEE,res_c69c8e50-1285-46f6-a2dc-3b4fe9a350e1,Role 1,2019-01-19 19:15:27,171,2,2019-01-19 18:32:16
Case1026,Request For Payment SAVED by EMPLOYEE,res_c69c8e50-1285-46f6-a2dc-3b4fe9a350e1,Role 1,2019-01-19 23:58:58,172,0,2019-01-19 23:29:32
Case1027,Request For Payment SUBMITTED by EMPLOYEE,res_c69c8e50-1285-46f6-a2dc-3b4fe9a350e1,Role 1,2019-01-20 01:36:25,172,2,2019-01-20 01:06:55
Case1000,Request For Payment FINAL_APPROVED by SUPERVISOR,res_c69c8e50-1285-46f6-a2dc-3b4fe9a350e1,Role 1,2019-01-20 01:49:31,171,1,2019-01-20 01:05:27
Case1027,Request For Payment APPROVED by PRE_APPROVER,res_c69c8e50-1285-46f6-a2dc-3b4fe9a350e1,Role 1,2019-01-20 02:21:23,172,0,2019-01-20 01:36:43
Case1028,Request For Payment SUBMITTED by EMPLOYEE,res_c69c8e50-1285-46f6-a2dc-3b4fe9a350e1,Role 1,2019-01-20 02:26:51,173,2,2019-01-20 01:57:20
Case1028,Request For Payment REJECTED by SUPERVISOR,res_c69c8e50-1285-46f6-a2dc-3b4fe9a350e1,Role 1,2019-01-20 03:11:42,173,0,2019-01-20 02:27:09
Case999,Request For Payment REJECTED by EMPLOYEE,res_c69c8e50-1285-46f6-a2dc-3b4fe9a350e1,Role 1,2019-01-20 03:14:57,173,0,2019-01-20 02:30:48
Case1029,Request For Payment SUBMITTED by EMPLOYEE,res_c69c8e50-1285-46f6-a2dc-3b4fe9a350e1,Role 1,2019-01-20 06:40:24,174,2,2019-01-20 06:10:59
Case987,Request For Payment SUBMITTED by EMPLOYEE,res_c69c8e50-1285-46f6-a2dc-3b4fe9a350e1,Role 1,2019-01-20 07:25:07,174,2,2019-01-20 06:44:27
Case1029,Request For Payment APPROVED by PRE_APPROVER,res_c69c8e50-1285-46f6-a2dc-3b4fe9a350e1,Role 1,2019-01-20 07:25:20,174,0,2019-01-20 06:40:42
Case976,Request For Payment REJECTED by SUPERVISOR,res_c69c8e50-1285-46f6-a2dc-3b4fe9a350e1,Role 1,2019-01-20 08:14:27,174,0,2019-01-20 07:32:00
Case975,Request For Payment REJECTED by EMPLOYEE,res_c69c8e50-1285-46f6-a2dc-3b4fe9a350e1,Role 1,2019-01-20 08:42:25,174,0,2019-01-20 07:59:40
Case1030,Request For Payment SAVED by EMPLOYEE,res_c69c8e50-1285-46f6-a2dc-3b4fe9a350e1,Role 1,2019-01-20 10:17:56,174,0,2019-01-20 09:48:25
Case987,Request For Payment FINAL_APPROVED by SUPERVISOR,res_c69c8e50-1285-46f6-a2dc-3b4fe9a350e1,Role 1,2019-01-20 10:31:28,174,1,2019-01-20 09:48:32
Case1002,Request For Payment REJECTED by EMPLOYEE,res_c69c8e50-1285-46f6-a2dc-3b4fe9a350e1,Role 1,2019-01-20 10:42:15,174,0,2019-01-20 09:58:02
Case1031,Request For Payment SUBMITTED by EMPLOYEE,res_c69c8e50-1285-46f6-a2dc-3b4fe9a350e1,Role 1,2019-01-20 11:12:44,174,2,2019-01-20 10:43:16
Case1032,Request For Payment SAVED by EMPLOYEE,res_c69c8e50-1285-46f6-a2dc-3b4fe9a350e1,Role 1,2019-01-20 11:56:20,175,0,2019-01-20 11:26:51
Case1031,Request For Payment REJECTED by SUPERVISOR,res_c69c8e50-1285-46f6-a2dc-3b4fe9a350e1,Role 1,2019-01-20 11:57:37,174,0,2019-01-20 11:13:02
Case1033,Request For Payment SUBMITTED by EMPLOYEE,res_c69c8e50-1285-46f6-a2dc-3b4fe9a350e1,Role 1,2019-01-20 12:26:24,175,2,2019-01-20 11:56:51
Case1033,Request For Payment FINAL_APPROVED by SUPERVISOR,res_f1d5d76e-73b3-4ad2-b5bc-b44969b003a7,Role 1,2019-01-20 13:11:23,175,1,2019-01-20 12:26:42
Case989,Request Payment,res_f1d5d76e-73b3-4ad2-b5bc-b44969b003a7,Role 2,2019-01-20 13:37:42,175,1,2019-01-20 12:53:01
Case1034,Request For Payment SUBMITTED by EMPLOYEE,res_c69c8e50-1285-46f6-a2dc-3b4fe9a350e1,Role 1,2019-01-20 14:41:06,176,2,2019-01-20 14:11:36
Case976,Request For Payment REJECTED by EMPLOYEE,res_c69c8e50-1285-46f6-a2dc-3b4fe9a350e1,Role 1,2019-01-20 15:08:18,176,0,2019-01-20 14:25:48
Case1034,Request For Payment FINAL_APPROVED by SUPERVISOR,res_c69c8e50-1285-46f6-a2dc-3b4fe9a350e1,Role 1,2019-01-20 15:26:05,176,1,2019-01-20 14:41:24
Case1035,Request For Payment SUBMITTED by EMPLOYEE,res_c69c8e50-1285-46f6-a2dc-3b4fe9a350e1,Role 1,2019-01-20 16:10:08,177,2,2019-01-20 15:40:37
Case1035,Request For Payment REJECTED by ADMINISTRATION,res_c69c8e50-1285-46f6-a2dc-3b4fe9a350e1,Role 1,2019-01-20 16:55:06,177,0,2019-01-20 16:10:26
Case1036,Request For Payment SAVED by EMPLOYEE,res_c69c8e50-1285-46f6-a2dc-3b4fe9a350e1,Role 1,2019-01-20 17:01:41,178,0,2019-01-20 16:32:13
Case1037,Request For Payment SAVED by EMPLOYEE,res_c69c8e50-1285-46f6-a2dc-3b4fe9a350e1,Role 1,2019-01-20 17:23:59,179,1,2019-01-20 16:54:32
Case1038,Request For Payment SUBMITTED by EMPLOYEE,res_c69c8e50-1285-46f6-a2dc-3b4fe9a350e1,Role 1,2019-01-20 18:31:58,178,2,2019-01-20 18:02:27
Case1038,Request For Payment APPROVED by PRE_APPROVER,res_c69c8e50-1285-46f6-a2dc-3b4fe9a350e1,Role 1,2019-01-20 19:16:55,178,0,2019-01-20 18:32:16
Case985,Request For Payment REJECTED by MISSING,res_c69c8e50-1285-46f6-a2dc-3b4fe9a350e1,Role 1,2019-01-20 20:38:40,178,0,2019-01-20 19:58:19
Case976,Request For Payment SUBMITTED by EMPLOYEE,res_c69c8e50-1285-46f6-a2dc-3b4fe9a350e1,Role 1,2019-01-20 22:50:39,177,2,2019-01-20 22:09:12
Case974,Request Payment,res_f1d5d76e-73b3-4ad2-b5bc-b44969b003a7,Role 2,2019-01-21 00:56:14,177,1,2019-01-21 00:13:03
Case976,Request For Payment REJECTED by SUPERVISOR,res_c69c8e50-1285-46f6-a2dc-3b4fe9a350e1,Role 1,2019-01-21 02:23:28,177,0,2019-01-21 01:42:04
Case1039,Request For Payment SAVED by EMPLOYEE,res_c69c8e50-1285-46f6-a2dc-3b4fe9a350e1,Role 1,2019-01-21 03:34:05,178,0,2019-01-21 03:04:52
Case970,Payment Handled,res_c69c8e50-1285-46f6-a2dc-3b4fe9a350e1,Role 2,2019-01-21 03:40:49,177,2,2019-01-21 02:58:01
Case1003,Request For Payment REJECTED by EMPLOYEE,res_c69c8e50-1285-46f6-a2dc-3b4fe9a350e1,Role 1,2019-01-21 04:02:15,178,0,2019-01-21 03:17:19
Case966,Request Payment,res_f1d5d76e-73b3-4ad2-b5bc-b44969b003a7,Role 2,2019-01-21 05:09:28,175,1,2019-01-21 04:25:57
Case1027,Request For Payment FINAL_APPROVED by SUPERVISOR,res_c69c8e50-1285-46f6-a2dc-3b4fe9a350e1,Role 1,2019-01-21 06:26:02,175,1,2019-01-21 05:41:52
Case878,Payment Handled,res_c69c8e50-1285-46f6-a2dc-3b4fe9a350e1,Role 2,2019-01-21 06:31:08,175,2,2019-01-21 05:47:42
Case1028,Request For Payment REJECTED by EMPLOYEE,res_c69c8e50-1285-46f6-a2dc-3b4fe9a350e1,Role 1,2019-01-21 06:47:21,175,0,2019-01-21 06:03:15
Case1010,Request For Payment REJECTED by MISSING,res_c69c8e50-1285-46f6-a2dc-3b4fe9a350e1,Role 1,2019-01-21 08:01:15,174,0,2019-01-21 07:16:19
Case995,Request For Payment REJECTED by EMPLOYEE,res_c69c8e50-1285-46f6-a2dc-3b4fe9a350e1,Role 1,2019-01-21 09:36:54,173,0,2019-01-21 08:56:56
Case1040,Request For Payment SAVED by EMPLOYEE,res_c69c8e50-1285-46f6-a2dc-3b4fe9a350e1,Role 1,2019-01-21 09:56:17,174,0,2019-01-21 09:26:59
Case976,Request For Payment REJECTED by EMPLOYEE,res_c69c8e50-1285-46f6-a2dc-3b4fe9a350e1,Role 1,2019-01-21 10:54:00,172,0,2019-01-21 10:11:32
Case1041,Request For Payment SUBMITTED by EMPLOYEE,res_c69c8e50-1285-46f6-a2dc-3b4fe9a350e1,Role 1,2019-01-21 11:49:56,172,2,2019-01-21 11:20:59
Case999,Request For Payment SUBMITTED by EMPLOYEE,res_c69c8e50-1285-46f6-a2dc-3b4fe9a350e1,Role 1,2019-01-21 12:34:25,172,2,2019-01-21 11:54:03
Case1041,Request For Payment APPROVED by PRE_APPROVER,res_c69c8e50-1285-46f6-a2dc-3b4fe9a350e1,Role 1,2019-01-21 12:34:29,172,0,2019-01-21 11:50:14
Case1042,Request For Payment SUBMITTED by EMPLOYEE,res_c69c8e50-1285-46f6-a2dc-3b4fe9a350e1,Role 1,2019-01-21 12:40:55,173,3,2019-01-21 12:11:37
Case1029,Request For Payment FINAL_APPROVED by SUPERVISOR,res_c69c8e50-1285-46f6-a2dc-3b4fe9a350e1,Role 1,2019-01-21 13:11:31,173,1,2019-01-21 12:27:06
Case999,Request For Payment APPROVED by ADMINISTRATION,res_c69c8e50-1285-46f6-a2dc-3b4fe9a350e1,Role 1,2019-01-21 13:17:45,173,1,2019-01-21 12:34:43
Case1042,Request For Payment FINAL_APPROVED by SUPERVISOR,res_c69c8e50-1285-46f6-a2dc-3b4fe9a350e1,Role 1,2019-01-21 13:25:38,173,2,2019-01-21 12:41:13
Case1011,Request For Payment REJECTED by EMPLOYEE,res_c69c8e50-1285-46f6-a2dc-3b4fe9a350e1,Role 1,2019-01-21 13:53:57,173,0,2019-01-21 13:09:12
Case1002,Request For Payment SUBMITTED by EMPLOYEE,res_c69c8e50-1285-46f6-a2dc-3b4fe9a350e1,Role 1,2019-01-21 14:13:14,173,2,2019-01-21 13:33:14
Case1043,Request For Payment SAVED by EMPLOYEE,res_c69c8e50-1285-46f6-a2dc-3b4fe9a350e1,Role 1,2019-01-21 14:36:03,174,0,2019-01-21 14:06:47
Case1002,Request For Payment APPROVED by PRE_APPROVER,res_c69c8e50-1285-46f6-a2dc-3b4fe9a350e1,Role 1,2019-01-21 14:56:24,174,0,2019-01-21 14:13:32
Case1033,Request For Payment REJECTED by MISSING,res_c69c8e50-1285-46f6-a2dc-3b4fe9a350e1,Role 1,2019-01-21 15:31:14,173,0,2019-01-21 14:46:35
Case1031,Request For Payment REJECTED by EMPLOYEE,res_c69c8e50-1285-46f6-a2dc-3b4fe9a350e1,Role 1,2019-01-21 15:32:53,173,0,2019-01-21 14:48:24
Case999,Request For Payment REJECTED by SUPERVISOR,res_c69c8e50-1285-46f6-a2dc-3b4fe9a350e1,Role 1,2019-01-21 15:33:24,173,0,2019-01-21 14:50:58
Case905,Payment Handled,res_c69c8e50-1285-46f6-a2dc-3b4fe9a350e1,Role 2,2019-01-21 15:43:33,173,2,2019-01-21 14:59:47
Case1044,Request For Payment SAVED by EMPLOYEE,res_c69c8e50-1285-46f6-a2dc-3b4fe9a350e1,Role 1,2019-01-21 15:54:15,174,0,2019-01-21 15:25:05
Case1019,Request For Payment REJECTED by EMPLOYEE,res_c69c8e50-1285-46f6-a2dc-3b4fe9a350e1,Role 1,2019-01-21 16:31:18,171,0,2019-01-21 15:46:56
Case1045,Request For Payment SUBMITTED by EMPLOYEE,res_c69c8e50-1285-46f6-a2dc-3b4fe9a350e1,Role 1,2019-01-21 16:47:30,171,2,2019-01-21 16:18:11
Case1046,Request For Payment SAVED by EMPLOYEE,res_c69c8e50-1285-46f6-a2dc-3b4fe9a350e1,Role 1,2019-01-21 17:24:09,171,0,2019-01-21 16:54:54
Case1045,Request For Payment REJECTED by PRE_APPROVER,res_c69c8e50-1285-46f6-a2dc-3b4fe9a350e1,Role 1,2019-01-21 17:31:36,170,0,2019-01-21 16:47:48
Case1021,Request For Payment REJECTED by EMPLOYEE,res_c69c8e50-1285-46f6-a2dc-3b4fe9a350e1,Role 1,2019-01-21 18:12:17,170,0,2019-01-21 17:27:56
Case1047,Request For Payment SUBMITTED by EMPLOYEE,res_c69c8e50-1285-46f6-a2dc-3b4fe9a350e1,Role 1,2019-01-21 18:32:06,171,2,2019-01-21 18:02:46
Case998,Request For Payment REJECTED by EMPLOYEE,res_c69c8e50-1285-46f6-a2dc-3b4fe9a350e1,Role 1,2019-01-21 18:54:53,171,0,2019-01-21 18:14:35
Case1047,Request For Payment FINAL_APPROVED by SUPERVISOR,res_c69c8e50-1285-46f6-a2dc-3b4fe9a350e1,Role 1,2019-01-21 19:16:49,171,1,2019-01-21 18:32:24
Case1048,Request For Payment SUBMITTED by EMPLOYEE,res_c69c8e50-1285-46f6-a2dc-3b4fe9a350e1,Role 1,2019-01-21 19:59:21,172,2,2019-01-21 19:30:10
Case1035,Request For Payment REJECTED by EMPLOYEE,res_c69c8e50-1285-46f6-a2dc-3b4fe9a350e1,Role 1,2019-01-21 20:19:44,172,0,2019-01-21 19:35:16
Case1048,Request For Payment FINAL_APPROVED by SUPERVISOR,res_c69c8e50-1285-46f6-a2dc-3b4fe9a350e1,Role 1,2019-01-21 20:44:05,172,1,2019-01-21 19:59:39
Case998,Request For Payment SUBMITTED by EMPLOYEE,res_c69c8e50-1285-46f6-a2dc-3b4fe9a350e1,Role 1,2019-01-21 21:54:21,171,2,2019-01-21 21:11:20
Case1049,Request For Payment SAVED by EMPLOYEE,res_c69c8e50-1285-46f6-a2dc-3b4fe9a350e1,Role 1,2019-01-21 22:04:43,172,0,2019-01-21 21:35:30
Case1020,Request For Payment FINAL_APPROVED by SUPERVISOR,res_c69c8e50-1285-46f6-a2dc-3b4fe9a350e1,Role 1,2019-01-21 22:38:27,172,1,2019-01-21 21:54:15
Case1002,Request For Payment FINAL_APPROVED by SUPERVISOR,res_c69c8e50-1285-46f6-a2dc-3b4fe9a350e1,Role 1,2019-01-21 23:06:40,171,2,2019-01-21 22:23:55
Case1050,Request For Payment SAVED by EMPLOYEE,res_c69c8e50-1285-46f6-a2dc-3b4fe9a350e1,Role 1,2019-01-21 23:56:28,172,0,2019-01-21 23:27:16
Case1051,Request For Payment SUBMITTED by EMPLOYEE,res_c69c8e50-1285-46f6-a2dc-3b4fe9a350e1,Role 1,2019-01-22 00:54:43,172,2,2019-01-22 00:25:15
Case1038,Request For Payment FINAL_APPROVED by SUPERVISOR,res_c69c8e50-1285-46f6-a2dc-3b4fe9a350e1,Role 1,2019-01-22 01:01:59,171,1,2019-01-22 00:17:39
Case1051,Request For Payment FINAL_APPROVED by SUPERVISOR,res_c69c8e50-1285-46f6-a2dc-3b4fe9a350e1,Role 1,2019-01-22 01:39:36,172,2,2019-01-22 00:55:01
Case998,Request For Payment APPROVED by PRE_APPROVER,res_c69c8e50-1285-46f6-a2dc-3b4fe9a350e1,Role 1,2019-01-22 02:17:43,172,0,2019-01-22 01:35:00
Case999,Request For Payment REJECTED by EMPLOYEE,res_c69c8e50-1285-46f6-a2dc-3b4fe9a350e1,Role 1,2019-01-22 02:26:30,172,0,2019-01-22 01:44:03
Case1002,Request For Payment REJECTED by MISSING,res_c69c8e50-1285-46f6-a2dc-3b4fe9a350e1,Role 1,2019-01-22 05:43:39,172,0,2019-01-22 05:01:24
Case1052,Request For Payment SUBMITTED by EMPLOYEE,res_c69c8e50-1285-46f6-a2dc-3b4fe9a350e1,Role 1,2019-01-22 07:13:10,172,3,2019-01-22 06:43:40
Case1041,Request For Payment FINAL_APPROVED by SUPERVISOR,res_c69c8e50-1285-46f6-a2dc-3b4fe9a350e1,Role 1,2019-01-22 07:13:20,171,1,2019-01-22 06:29:01
Case1028,Request For Payment SUBMITTED by EMPLOYEE,res_c69c8e50-1285-46f6-a2dc-3b4fe9a350e1,Role 1,2019-01-22 07:18:47,171,2,2019-01-22 06:37:42
Case1052,Request For Payment REJECTED by SUPERVISOR,res_f1d5d76e-73b3-4ad2-b5bc-b44969b003a7,Role 1,2019-01-22 07:57:47,172,0,2019-01-22 07:13:28
Case1028,Request For Payment APPROVED by PRE_APPROVER,res_f1d5d76e-73b3-4ad2-b5bc-b44969b003a7,Role 1,2019-01-22 08:02:18,172,0,2019-01-22 07:19:05
Case987,Request Payment,res_c69c8e50-1285-46f6-a2dc-3b4fe9a350e1,Role 2,2019-01-22 08:36:25,172,1,2019-01-22 07:53:18
Case1042,Request For Payment REJECTED by MISSING,res_c69c8e50-1285-46f6-a2dc-3b4fe9a350e1,Role 1,2019-01-22 08:58:02,172,0,2019-01-22 08:13:44
Case1053,Request For Payment SUBMITTED by EMPLOYEE,res_c69c8e50-1285-46f6-a2dc-3b4fe9a350e1,Role 1,2019-01-22 09:05:23,173,2,2019-01-22 08:36:03
Case998,Request For Payment FINAL_APPROVED by SUPERVISOR,res_c69c8e50-1285-46f6-a2dc-3b4fe9a350e1,Role 1,2019-01-22 09:39:19,173,1,2019-01-22 08:57:10
Case1053,Request For Payment APPROVED by PRE_APPROVER,res_c69c8e50-1285-46f6-a2dc-3b4fe9a350e1,Role 1,2019-01-22 09:50:13,172,0,2019-01-22 09:05:41
Case1054,Request For Payment SUBMITTED by EMPLOYEE,res_c69c8e50-1285-46f6-a2dc-3b4fe9a350e1,Role 1,2019-01-22 09:51:01,173,2,2019-01-22 09:21:31
Case1021,Request For Payment SUBMITTED by EMPLOYEE,res_c69c8e50-1285-46f6-a2dc-3b4fe9a350e1,Role 1,2019-01-22 10:11:47,173,3,2019-01-22 09:30:49
Case1054,Request For Payment FINAL_APPROVED by SUPERVISOR,res_c69c8e50-1285-46f6-a2dc-3b4fe9a350e1,Role 1,2019-01-22 10:35:53,173,1,2019-01-22 09:51:19
Case1055,Request For Payment SUBMITTED by EMPLOYEE,res_c69c8e50-1285-46f6-a2dc-3b4fe9a350e1,Role 1,2019-01-22 10:37:56,174,3,2019-01-22 10:08:26
Case1021,Request For Payment REJECTED by PRE_APPROVER,res_c69c8e50-1285-46f6-a2dc-3b4fe9a350e1,Role 1,2019-01-22 10:55:02,174,0,2019-01-22 10:12:05
Case1055,Request For Payment APPROVED by ADMINISTRATION,res_c69c8e50-1285-46f6-a2dc-3b4fe9a350e1,Role 1,2019-01-22 11:22:48,174,1,2019-01-22 10:38:14
Case1045,Request For Payment REJECTED by EMPLOYEE,res_c69c8e50-1285-46f6-a2dc-3b4fe9a350e1,Role 1,2019-01-22 11:55:03,174,0,2019-01-22 11:10:49
Case999,Request For Payment SUBMITTED by EMPLOYEE,res_c69c8e50-1285-46f6-a2dc-3b4fe9a350e1,Role 1,2019-01-22 11:58:06,174,2,2019-01-22 11:16:10
Case1056,Request For Payment SAVED by EMPLOYEE,res_c69c8e50-1285-46f6-a2dc-3b4fe9a350e1,Role 1,2019-01-22 12:09:31,175,0,2019-01-22 11:40:10
Case1057,Request For Payment SUBMITTED by EMPLOYEE,res_c69c8e50-1285-46f6-a2dc-3b4fe9a350e1,Role 1,2019-01-22 12:53:47,174,2,2019-01-22 12:24:19
Case1058,Request For Payment SAVED by EMPLOYEE,res_c69c8e50-1285-46f6-a2dc-3b4fe9a350e1,Role 1,2019-01-22 13:33:03,175,0,2019-01-22 13:03:42
Case1057,Request For Payment FINAL_APPROVED by SUPERVISOR,res_c69c8e50-1285-46f6-a2dc-3b4fe9a350e1,Role 1,2019-01-22 13:38:39,174,1,2019-01-22 12:54:05
Case1027,Request Payment,res_f1d5d76e-73b3-4ad2-b5bc-b44969b003a7,Role 2,2019-01-22 14:38:12,174,1,2019-01-22 13:55:28
Case1059,Request For Payment SAVED by EMPLOYEE,res_c69c8e50-1285-46f6-a2dc-3b4fe9a350e1,Role 1,2019-01-22 14:49:59,175,0,2019-01-22 14:20:38
Case1047,Request For Payment REJECTED by MISSING,res_c69c8e50-1285-46f6-a2dc-3b4fe9a350e1,Role 1,2019-01-22 15:09:23,175,0,2019-01-22 14:25:10
Case1000,Request Payment,res_c69c8e50-1285-46f6-a2dc-3b4fe9a350e1,Role 2,2019-01-22 15:11:03,175,2,2019-01-22 14:28:39
Case1028,Request For Payment FINAL_APPROVED by SUPERVISOR,res_c69c8e50-1285-46f6-a2dc-3b4fe9a350e1,Role 1,2019-01-22 15:32:19,175,1,2019-01-22 14:49:27
Case1011,Request For Payment SUBMITTED by EMPLOYEE,res_c69c8e50-1285-46f6-a2dc-3b4fe9a350e1,Role 1,2019-01-22 16:00:04,173,2,2019-01-22 15:18:44
Case1048,Request For Payment REJECTED by MISSING,res_c69c8e50-1285-46f6-a2dc-3b4fe9a350e1,Role 1,2019-01-22 16:37:06,173,0,2019-01-22 15:52:43
Case1011,Request For Payment FINAL_APPROVED by SUPERVISOR,res_c69c8e50-1285-46f6-a2dc-3b4fe9a350e1,Role 1,2019-01-22 16:43:47,173,1,2019-01-22 16:00:22
Case999,Request For Payment FINAL_APPROVED by SUPERVISOR,res_c69c8e50-1285-46f6-a2dc-3b4fe9a350e1,Role 1,2019-01-22 17:42:34,172,1,2019-01-22 17:00:22
Case1028,Request For Payment REJECTED by MISSING,res_c69c8e50-1285-46f6-a2dc-3b4fe9a350e1,Role 1,2019-01-22 17:56:51,172,0,2019-01-22 17:15:43
Case1021,Request For Payment REJECTED by EMPLOYEE,res_c69c8e50-1285-46f6-a2dc-3b4fe9a350e1,Role 1,2019-01-22 18:25:17,172,0,2019-01-22 17:42:43
Case1060,Request For Payment SUBMITTED by EMPLOYEE,res_c69c8e50-1285-46f6-a2dc-3b4fe9a350e1,Role 1,2019-01-22 19:00:13,172,2,2019-01-22 18:30:44
Case1060,Request For Payment APPROVED by PRE_APPROVER,res_f1d5d76e-73b3-4ad2-b5bc-b44969b003a7,Role 1,2019-01-22 19:45:02,172,0,2019-01-22 19:00:31
Case1034,Request Payment,res_f1d5d76e-73b3-4ad2-b5bc-b44969b003a7,Role 2,2019-01-22 20:11:17,172,1,2019-01-22 19:26:04
Case1061,Request For Payment SUBMITTED by EMPLOYEE,res_c69c8e50-1285-46f6-a2dc-3b4fe9a350e1,Role 1,2019-01-22 21:15:31,173,2,2019-01-22 20:46:01
Case1061,Request For Payment FINAL_APPROVED by SUPERVISOR,res_c69c8e50-1285-46f6-a2dc-3b4fe9a350e1,Role 1,2019-01-22 22:00:22,173,1,2019-01-22 21:15:49
Case1062,Request For Payment SAVED by EMPLOYEE,res_c69c8e50-1285-46f6-a2dc-3b4fe9a350e1,Role 1,2019-01-22 22:10:16,174,0,2019-01-22 21:40:58
Case1029,Request Payment,res_f1d5d76e-73b3-4ad2-b5bc-b44969b003a7,Role 2,2019-01-22 23:21:09,173,1,2019-01-22 22:38:12
Case1063,Request For Payment SUBMITTED by EMPLOYEE,res_c69c8e50-1285-46f6-a2dc-3b4fe9a350e1,Role 1,2019-01-23 00:36:27,174,2,2019-01-23 00:07:51
Case1063,Request For Payment APPROVED by PRE_APPROVER,res_c69c8e50-1285-46f6-a2dc-3b4fe9a350e1,Role 1,2019-01-23 01:20:15,174,0,2019-01-23 00:36:45
Case1021,Request For Payment SUBMITTED by EMPLOYEE,res_c69c8e50-1285-46f6-a2dc-3b4fe9a350e1,Role 1,2019-01-23 01:29:15,174,2,2019-01-23 00:47:04
Case1064,Request For Payment SUBMITTED by EMPLOYEE,res_c69c8e50-1285-46f6-a2dc-3b4fe9a350e1,Role 1,2019-01-23 02:17:50,175,2,2019-01-23 01:49:15
Case1051,Request For Payment REJECTED by MISSING,res_c69c8e50-1285-46f6-a2dc-3b4fe9a350e1,Role 1,2019-01-23 02:53:27,175,0,2019-01-23 02:09:03
Case1064,Request For Payment REJECTED by SUPERVISOR,res_c69c8e50-1285-46f6-a2dc-3b4fe9a350e1,Role 1,2019-01-23 03:01:52,175,0,2019-01-23 02:18:08
Case1065,Request For Payment SUBMITTED by EMPLOYEE,res_c69c8e50-1285-46f6-a2dc-3b4fe9a350e1,Role 1,2019-01-23 04:01:51,175,2,2019-01-23 03:33:14
Case1066,Request For Payment SUBMITTED by EMPLOYEE,res_c69c8e50-1285-46f6-a2dc-3b4fe9a350e1,Role 1,2019-01-23 04:29:44,176,3,2019-01-23 04:00:47
Case1065,Request For Payment APPROVED by PRE_APPROVER,res_c69c8e50-1285-46f6-a2dc-3b4fe9a350e1,Role 1,2019-01-23 04:45:57,176,0,2019-01-23 04:02:09
Case1066,Request For Payment FINAL_APPROVED by SUPERVISOR,res_c69c8e50-1285-46f6-a2dc-3b4fe9a350e1,Role 1,2019-01-23 05:13:48,176,1,2019-01-23 04:30:02
Case1067,Request For Payment SAVED by EMPLOYEE,res_c69c8e50-1285-46f6-a2dc-3b4fe9a350e1,Role 1,2019-01-23 05:37:49,177,0,2019-01-23 05:08:34
Case1020,Request For Payment REJECTED by MISSING,res_c69c8e50-1285-46f6-a2dc-3b4fe9a350e1,Role 1,2019-01-23 06:27:56,176,0,2019-01-23 05:47:04
Case1021,Request For Payment REJECTED by SUPERVISOR,res_c69c8e50-1285-46f6-a2dc-3b4fe9a350e1,Role 1,2019-01-23 07:22:05,175,0,2019-01-23 06:40:01
Case1068,Request For Payment SAVED by EMPLOYEE,res_c69c8e50-1285-46f6-a2dc-3b4fe9a350e1,Role 1,2019-01-23 09:17:12,176,0,2019-01-23 08:47:58
Case1052,Request For Payment REJECTED by EMPLOYEE,res_c69c8e50-1285-46f6-a2dc-3b4fe9a350e1,Role 1,2019-01-23 09:19:14,175,0,2019-01-23 08:35:12
Case1069,Request For Payment SAVED by EMPLOYEE,res_c69c8e50-1285-46f6-a2dc-3b4fe9a350e1,Role 1,2019-01-23 10:00:56,175,0,2019-01-23 09:31:41
Case1070,Request For Payment SUBMITTED by EMPLOYEE,res_c69c8e50-1285-46f6-a2dc-3b4fe9a350e1,Role 1,2019-01-23 10:40:55,175,2,2019-01-23 10:12:07
Case1070,Request For Payment APPROVED by ADMINISTRATION,res_c69c8e50-1285-46f6-a2dc-3b4fe9a350e1,Role 1,2019-01-23 11:24:56,175,1,2019-01-23 10:41:13
Case1071,Request For Payment SAVED by EMPLOYEE,res_c69c8e50-1285-46f6-a2dc-3b4fe9a350e1,Role 1,2019-01-23 11:48:36,176,0,2019-01-23 11:19:23
Case1055,Request For Payment REJECTED by SUPERVISOR,res_c69c8e50-1285-46f6-a2dc-3b4fe9a350e1,Role 1,2019-01-23 12:50:14,175,0,2019-01-23 12:05:53
Case1053,Request For Payment FINAL_APPROVED by SUPERVISOR,res_c69c8e50-1285-46f6-a2dc-3b4fe9a350e1,Role 1,2019-01-23 13:01:28,175,1,2019-01-23 12:17:36
Case1072,Request For Payment SUBMITTED by EMPLOYEE,res_c69c8e50-1285-46f6-a2dc-3b4fe9a350e1,Role 1,2019-01-23 13:08:01,176,2,2019-01-23 12:38:59
Case1072,Request For Payment REJECTED by SUPERVISOR,res_c69c8e50-1285-46f6-a2dc-3b4fe9a350e1,Role 1,2019-01-23 13:52:08,176,0,2019-01-23 13:08:19
Case998,Request Payment,res_c69c8e50-1285-46f6-a2dc-3b4fe9a350e1,Role 2,2019-01-23 14:13:32,176,1,2019-01-23 13:30:34
Case1073,Request For Payment SUBMITTED by EMPLOYEE,res_c69c8e50-1285-46f6-a2dc-3b4fe9a350e1,Role 1,2019-01-23 14:17:46,177,2,2019-01-23 13:49:05
Case1074,Request For Payment SUBMITTED by EMPLOYEE,res_c69c8e50-1285-46f6-a2dc-3b4fe9a350e1,Role 1,2019-01-23 14:21:26,178,3,2019-01-23 13:52:45
Case1073,Request For Payment APPROVED by PRE_APPROVER,res_c69c8e50-1285-46f6-a2dc-3b4fe9a350e1,Role 1,2019-01-23 15:01:58,178,0,2019-01-23 14:18:04
Case1074,Request For Payment REJECTED by SUPERVISOR,res_c69c8e50-1285-46f6-a2dc-3b4fe9a350e1,Role 1,2019-01-23 15:05:35,178,0,2019-01-23 14:21:44
Case1057,Request For Payment REJECTED by MISSING,res_c69c8e50-1285-46f6-a2dc-3b4fe9a350e1,Role 1,2019-01-23 16:04:19,178,0,2019-01-23 15:19:55
Case1075,Request For Payment SUBMITTED by EMPLOYEE,res_c69c8e50-1285-46f6-a2dc-3b4fe9a350e1,Role 1,2019-01-23 16:17:03,179,2,2019-01-23 15:47:59
Case1021,Request For Payment REJECTED by EMPLOYEE,res_c69c8e50-1285-46f6-a2dc-3b4fe9a350e1,Role 1,2019-01-23 16:43:14,179,0,2019-01-23 16:00:36
Case1076,Request For Payment SUBMITTED by EMPLOYEE,res_c69c8e50-1285-46f6-a2dc-3b4fe9a350e1,Role 1,2019-01-23 16:48:27,179,2,2019-01-23 16:19:23
Case1038,Request For Payment REJECTED by MISSING,res_c69c8e50-1285-46f6-a2dc-3b4fe9a350e1,Role 1,2019-01-23 16:53:56,178,0,2019-01-23 16:13:12
Case1075,Request For Payment FINAL_APPROVED by SUPERVISOR,res_c69c8e50-1285-46f6-a2dc-3b4fe9a350e1,Role 1,2019-01-23 17:01:17,178,1,2019-01-23 16:17:21
Case1076,Request For Payment REJECTED by PRE_APPROVER,res_c69c8e50-1285-46f6-a2dc-3b4fe9a350e1,Role 1,2019-01-23 17:32:21,179,0,2019-01-23 16:48:45
Case1077,Request For Payment SUBMITTED by EMPLOYEE,res_c69c8e50-1285-46f6-a2dc-3b4fe9a350e1,Role 1,2019-01-23 18:15:53,179,2,2019-01-23 17:46:57
Case1077,Request For Payment REJECTED by SUPERVISOR,res_f1d5d76e-73b3-4ad2-b5bc-b44969b003a7,Role 1,2019-01-23 19:00:06,179,0,2019-01-23 18:16:11
Case1041,Request Payment,res_f1d5d76e-73b3-4ad2-b5bc-b44969b003a7,Role 2,2019-01-23 19:24:36,179,1,2019-01-23 18:41:50
Case999,Request Payment,res_f1d5d76e-73b3-4ad2-b5bc-b44969b003a7,Role 2,2019-01-23 20:04:55,179,2,2019-01-23 19:21:52
Case1011,Request Payment,res_f1d5d76e-73b3-4ad2-b5bc-b44969b003a7,Role 2,2019-01-23 20:33:47,179,2,2019-01-23 19:50:38
Case1078,Request For Payment SUBMITTED by EMPLOYEE,res_c69c8e50-1285-46f6-a2dc-3b4fe9a350e1,Role 1,2019-01-23 21:53:06,180,2,2019-01-23 21:24:07
Case1060,Request For Payment FINAL_APPROVED by SUPERVISOR,res_c69c8e50-1285-46f6-a2dc-3b4fe9a350e1,Role 1,2019-01-23 22:25:12,180,1,2019-01-23 21:41:08
Case1078,Request For Payment REJECTED by PRE_APPROVER,res_c69c8e50-1285-46f6-a2dc-3b4fe9a350e1,Role 1,2019-01-23 22:37:05,180,0,2019-01-23 21:53:24
Case1079,Request For Payment SUBMITTED by EMPLOYEE,res_c69c8e50-1285-46f6-a2dc-3b4fe9a350e1,Role 1,2019-01-23 23:26:33,181,2,2019-01-23 22:57:33
Case1079,Request For Payment REJECTED by SUPERVISOR,res_c69c8e50-1285-46f6-a2dc-3b4fe9a350e1,Role 1,2019-01-24 00:10:47,181,0,2019-01-23 23:26:51
Case1063,Request For Payment FINAL_APPROVED by SUPERVISOR,res_c69c8e50-1285-46f6-a2dc-3b4fe9a350e1,Role 1,2019-01-24 00:49:10,181,1,2019-01-24 00:05:21
Case1080,Request For Payment SUBMITTED by EMPLOYEE,res_c69c8e50-1285-46f6-a2dc-3b4fe9a350e1,Role 1,2019-01-24 01:03:02,182,2,2019-01-24 00:33:58
Case1054,Request Payment,res_c69c8e50-1285-46f6-a2dc-3b4fe9a350e1,Role 2,2019-01-24 01:08:28,181,1,2019-01-24 00:23:28
Case1080,Request For Payment APPROVED by PRE_APPROVER,res_c69c8e50-1285-46f6-a2dc-3b4fe9a350e1,Role 1,2019-01-24 01:47:35,182,0,2019-01-24 01:03:20
Case1021,Request For Payment SUBMITTED by EMPLOYEE,res_c69c8e50-1285-46f6-a2dc-3b4fe9a350e1,Role 1,2019-01-24 01:53:53,182,2,2019-01-24 01:11:18
Case1021,Request For Payment REJECTED by PRE_APPROVER,res_c69c8e50-1285-46f6-a2dc-3b4fe9a350e1,Role 1,2019-01-24 02:36:47,182,0,2019-01-24 01:54:11
Case1081,Request For Payment SUBMITTED by EMPLOYEE,res_c69c8e50-1285-46f6-a2dc-3b4fe9a350e1,Role 1,2019-01-24 02:42:12,183,2,2019-01-24 02:12:54
Case1082,Request For Payment SUBMITTED by EMPLOYEE,res_c69c8e50-1285-46f6-a2dc-3b4fe9a350e1,Role 1,2019-01-24 03:27:58,184,2,2019-01-24 02:58:49
Case1064,Request For Payment REJECTED by EMPLOYEE,res_c69c8e50-1285-46f6-a2dc-3b4fe9a350e1,Role 1,2019-01-24 03:43:07,184,0,2019-01-24 02:59:12
Case1081,Request For Payment REJECTED by SUPERVISOR,res_c69c8e50-1285-46f6-a2dc-3b4fe9a350e1,Role 1,2019-01-24 03:47:35,184,0,2019-01-24 03:03:11
Case1066,Request For Payment REJECTED by MISSING,res_c69c8e50-1285-46f6-a2dc-3b4fe9a350e1,Role 1,2019-01-24 04:09:18,184,0,2019-01-24 03:25:04
Case1082,Request For Payment FINAL_APPROVED by SUPERVISOR,res_c69c8e50-1285-46f6-a2dc-3b4fe9a350e1,Role 1,2019-01-24 04:12:41,184,1,2019-01-24 03:28:16
Case1083,Request For Payment SUBMITTED by EMPLOYEE,res_c69c8e50-1285-46f6-a2dc-3b4fe9a350e1,Role 1,2019-01-24 04:20:22,185,2,2019-01-24 03:51:03
Case1065,Request For Payment FINAL_APPROVED by SUPERVISOR,res_c69c8e50-1285-46f6-a2dc-3b4fe9a350e1,Role 1,2019-01-24 04:23:08,184,2,2019-01-24 03:39:19
Case1083,Request For Payment FINAL_APPROVED by SUPERVISOR,res_c69c8e50-1285-46f6-a2dc-3b4fe9a350e1,Role 1,2019-01-24 05:05:06,184,2,2019-01-24 04:20:40
Case1021,Request For Payment REJECTED by EMPLOYEE,res_f1d5d76e-73b3-4ad2-b5bc-b44969b003a7,Role 1,2019-01-24 05:33:33,184,0,2019-01-24 04:50:42
Case989,Payment Handled,res_f1d5d76e-73b3-4ad2-b5bc-b44969b003a7,Role 2,2019-01-24 06:09:39,184,2,2019-01-24 05:26:29
Case1084,Request For Payment SUBMITTED by EMPLOYEE,res_c69c8e50-1285-46f6-a2dc-3b4fe9a350e1,Role 1,2019-01-24 08:42:39,183,2,2019-01-24 08:13:25
Case1084,Request For Payment APPROVED by PRE_APPROVER,res_c69c8e50-1285-46f6-a2dc-3b4fe9a350e1,Role 1,2019-01-24 09:32:11,183,0,2019-01-24 08:47:45
Case1085,Request For Payment SUBMITTED by EMPLOYEE,res_c69c8e50-1285-46f6-a2dc-3b4fe9a350e1,Role 1,2019-01-24 09:53:58,184,2,2019-01-24 09:24:38
Case1070,Request For Payment APPROVED by BUDGET OWNER,res_c69c8e50-1285-46f6-a2dc-3b4fe9a350e1,Role 1,2019-01-24 10:04:42,183,1,2019-01-24 09:20:46
Case1085,Request For Payment FINAL_APPROVED by SUPERVISOR,res_c69c8e50-1285-46f6-a2dc-3b4fe9a350e1,Role 1,2019-01-24 10:38:43,184,1,2019-01-24 09:54:16
Case1086,Request For Payment SAVED by EMPLOYEE,res_f1d5d76e-73b3-4ad2-b5bc-b44969b003a7,Role 1,2019-01-24 11:02:12,185,0,2019-01-24 10:32:56
Case1087,Request For Payment SAVED by EMPLOYEE,res_f1d5d76e-73b3-4ad2-b5bc-b44969b003a7,Role 1,2019-01-24 11:22:19,186,1,2019-01-24 10:53:03
Case974,Payment Handled,res_c69c8e50-1285-46f6-a2dc-3b4fe9a350e1,Role 2,2019-01-24 11:37:07,186,2,2019-01-24 10:53:57
Case1072,Request For Payment REJECTED by EMPLOYEE,res_c69c8e50-1285-46f6-a2dc-3b4fe9a350e1,Role 1,2019-01-24 12:10:43,184,0,2019-01-24 11:27:04
Case1088,Request For Payment SAVED by EMPLOYEE,res_f1d5d76e-73b3-4ad2-b5bc-b44969b003a7,Role 1,2019-01-24 13:00:26,184,0,2019-01-24 12:31:09
Case987,Payment Handled,res_f1d5d76e-73b3-4ad2-b5bc-b44969b003a7,Role 2,2019-01-24 13:22:55,184,2,2019-01-24 12:39:29
Case1061,Request Payment,res_c69c8e50-1285-46f6-a2dc-3b4fe9a350e1,Role 2,2019-01-24 14:03:53,183,1,2019-01-24 13:18:35
Case1089,Request For Payment SUBMITTED by EMPLOYEE,res_c69c8e50-1285-46f6-a2dc-3b4fe9a350e1,Role 1,2019-01-24 14:26:16,183,2,2019-01-24 13:57:10
Case1073,Request For Payment FINAL_APPROVED by SUPERVISOR,res_c69c8e50-1285-46f6-a2dc-3b4fe9a350e1,Role 1,2019-01-24 14:38:20,182,1,2019-01-24 13:54:44
Case1089,Request For Payment REJECTED by ADMINISTRATION,res_c69c8e50-1285-46f6-a2dc-3b4fe9a350e1,Role 1,2019-01-24 15:13:35,183,0,2019-01-24 14:29:08
Case1074,Request For Payment REJECTED by EMPLOYEE,res_f1d5d76e-73b3-4ad2-b5bc-b44969b003a7,Role 1,2019-01-24 15:44:48,183,0,2019-01-24 15:00:57
Case1075,Request For Payment REJECTED by MISSING,res_c69c8e50-1285-46f6-a2dc-3b4fe9a350e1,Role 1,2019-01-24 15:57:05,183,0,2019-01-24 15:12:50
Case966,Payment Handled,res_c69c8e50-1285-46f6-a2dc-3b4fe9a350e1,Role 2,2019-01-24 16:03:59,183,2,2019-01-24 15:20:36
Case1090,Request For Payment SUBMITTED by EMPLOYEE,res_c69c8e50-1285-46f6-a2dc-3b4fe9a350e1,Role 1,2019-01-24 16:20:55,183,2,2019-01-24 15:51:49
Case1055,Request For Payment REJECTED by EMPLOYEE,res_c69c8e50-1285-46f6-a2dc-3b4fe9a350e1,Role 1,2019-01-24 16:35:01,183,0,2019-01-24 15:55:03
Case1090,Request For Payment APPROVED by ADMINISTRATION,res_c69c8e50-1285-46f6-a2dc-3b4fe9a350e1,Role 1,2019-01-24 17:05:36,181,1,2019-01-24 16:21:13
Case1091,Request For Payment SAVED by EMPLOYEE,res_c69c8e50-1285-46f6-a2dc-3b4fe9a350e1,Role 1,2019-01-24 17:44:24,182,0,2019-01-24 17:15:11
Case1076,Request For Payment REJECTED by EMPLOYEE,res_c69c8e50-1285-46f6-a2dc-3b4fe9a350e1,Role 1,2019-01-24 17:48:54,181,0,2019-01-24 17:05:00
Case1077,Request For Payment REJECTED by EMPLOYEE,res_c69c8e50-1285-46f6-a2dc-3b4fe9a350e1,Role 1,2019-01-24 18:06:04,182,1,2019-01-24 17:22:07
Case1000,Payment Handled,res_f1d5d76e-73b3-4ad2-b5bc-b44969b003a7,Role 2,2019-01-24 19:06:57,180,2,2019-01-24 18:23:29
Case1027,Payment Handled,res_c69c8e50-1285-46f6-a2dc-3b4fe9a350e1,Role 2,2019-01-24 19:50:26,180,3,2019-01-24 19:06:17
Case1053,Request For Payment REJECTED by MISSING,res_c69c8e50-1285-46f6-a2dc-3b4fe9a350e1,Role 1,2019-01-24 20:22:13,179,0,2019-01-24 19:42:40
Case1092,Request For Payment SAVED by EMPLOYEE,res_c69c8e50-1285-46f6-a2dc-3b4fe9a350e1,Role 1,2019-01-24 21:36:28,178,0,2019-01-24 21:07:15
Case1055,Request For Payment SUBMITTED by EMPLOYEE,res_c69c8e50-1285-46f6-a2dc-3b4fe9a350e1,Role 1,2019-01-24 22:11:52,178,2,2019-01-24 21:28:26
Case1034,Payment Handled,res_c69c8e50-1285-46f6-a2dc-3b4fe9a350e1,Role 2,2019-01-24 22:51:55,177,2,2019-01-24 22:07:37
Case1078,Request For Payment REJECTED by EMPLOYEE,res_c69c8e50-1285-46f6-a2dc-3b4fe9a350e1,Role 1,2019-01-24 22:52:31,177,0,2019-01-24 22:08:48
Case1055,Request For Payment REJECTED by PRE_APPROVER,res_c69c8e50-1285-46f6-a2dc-3b4fe9a350e1,Role 1,2019-01-24 22:54:51,177,0,2019-01-24 22:12:10
Case1060,Request Payment,res_f1d5d76e-73b3-4ad2-b5bc-b44969b003a7,Role 2,2019-01-25 01:00:34,176,1,2019-01-25 00:18:37
Case1029,Payment Handled,res_c69c8e50-1285-46f6-a2dc-3b4fe9a350e1,Role 2,2019-01-25 04:21:46,176,2,2019-01-25 03:38:11
Case1093,Request For Payment SAVED by EMPLOYEE,res_c69c8e50-1285-46f6-a2dc-3b4fe9a350e1,Role 1,2019-01-25 04:37:32,177,0,2019-01-25 04:07:59
Case1055,Request For Payment REJECTED by EMPLOYEE,res_c69c8e50-1285-46f6-a2dc-3b4fe9a350e1,Role 1,2019-01-25 04:41:45,176,0,2019-01-25 03:59:00
Case998,Payment Handled,res_f1d5d76e-73b3-4ad2-b5bc-b44969b003a7,Role 2,2019-01-25 06:50:18,174,2,2019-01-25 06:07:19
Case1094,Request For Payment SAVED by EMPLOYEE,res_c69c8e50-1285-46f6-a2dc-3b4fe9a350e1,Role 1,2019-01-25 07:30:21,174,0,2019-01-25 07:00:46
Case1095,Request For Payment SUBMITTED by EMPLOYEE,res_c69c8e50-1285-46f6-a2dc-3b4fe9a350e1,Role 1,2019-01-25 10:05:03,174,2,2019-01-25 09:35:36
Case1095,Request For Payment REJECTED by PRE_APPROVER,res_f1d5d76e-73b3-4ad2-b5bc-b44969b003a7,Role 1,2019-01-25 10:53:50,174,0,2019-01-25 10:09:02
Case1041,Payment Handled,res_c69c8e50-1285-46f6-a2dc-3b4fe9a350e1,Role 2,2019-01-25 11:07:42,174,2,2019-01-25 10:24:21
Case1096,Request For Payment SUBMITTED by EMPLOYEE,res_c69c8e50-1285-46f6-a2dc-3b4fe9a350e1,Role 1,2019-01-25 11:30:24,175,2,2019-01-25 11:01:04
Case1096,Request For Payment FINAL_APPROVED by SUPERVISOR,res_c69c8e50-1285-46f6-a2dc-3b4fe9a350e1,Role 1,2019-01-25 12:15:34,174,1,2019-01-25 11:30:42
Case1097,Request For Payment SAVED by EMPLOYEE,res_c69c8e50-1285-46f6-a2dc-3b4fe9a350e1,Role 1,2019-01-25 12:48:11,175,0,2019-01-25 12:18:37
Case1098,Request For Payment SAVED by EMPLOYEE,res_f1d5d76e-73b3-4ad2-b5bc-b44969b003a7,Role 1,2019-01-25 13:38:52,175,0,2019-01-25 13:09:18
Case999,Payment Handled,res_f1d5d76e-73b3-4ad2-b5bc-b44969b003a7,Role 2,2019-01-25 14:13:39,175,2,2019-01-25 13:30:38
Case1011,Payment Handled,res_f1d5d76e-73b3-4ad2-b5bc-b44969b003a7,Role 2,2019-01-25 14:44:49,174,3,2019-01-25 14:01:48
Case1099,Request For Payment SUBMITTED by EMPLOYEE,res_c69c8e50-1285-46f6-a2dc-3b4fe9a350e1,Role 1,2019-01-25 17:10:57,173,2,2019-01-25 16:41:27
Case1099,Request For Payment REJECTED by SUPERVISOR,res_c69c8e50-1285-46f6-a2dc-3b4fe9a350e1,Role 1,2019-01-25 17:56:11,173,0,2019-01-25 17:11:21
Case1100,Request For Payment SUBMITTED by EMPLOYEE,res_c69c8e50-1285-46f6-a2dc-3b4fe9a350e1,Role 1,2019-01-25 18:25:57,174,2,2019-01-25 17:56:26
Case1100,Request For Payment FINAL_APPROVED by SUPERVISOR,res_c69c8e50-1285-46f6-a2dc-3b4fe9a350e1,Role 1,2019-01-25 19:11:08,174,1,2019-01-25 18:26:15
Case1101,Request For Payment SUBMITTED by EMPLOYEE,res_c69c8e50-1285-46f6-a2dc-3b4fe9a350e1,Role 1,2019-01-25 20:47:56,175,2,2019-01-25 20:18:25
Case1101,Request For Payment REJECTED by PRE_APPROVER,res_c69c8e50-1285-46f6-a2dc-3b4fe9a350e1,Role 1,2019-01-25 21:36:43,175,0,2019-01-25 20:51:56
Case1102,Request For Payment SAVED by EMPLOYEE,res_c69c8e50-1285-46f6-a2dc-3b4fe9a350e1,Role 1,2019-01-25 22:05:46,176,0,2019-01-25 21:36:14
Case1103,Request For Payment SUBMITTED by EMPLOYEE,res_c69c8e50-1285-46f6-a2dc-3b4fe9a350e1,Role 1,2019-01-26 04:01:02,176,2,2019-01-26 03:32:05
Case1103,Request For Payment APPROVED by PRE_APPROVER,res_c69c8e50-1285-46f6-a2dc-3b4fe9a350e1,Role 1,2019-01-26 04:45:25,176,0,2019-01-26 04:01:20
Case1104,Request For Payment SAVED by EMPLOYEE,res_c69c8e50-1285-46f6-a2dc-3b4fe9a350e1,Role 1,2019-01-26 04:47:18,177,0,2019-01-26 04:17:48
Case1079,Request For Payment REJECTED by EMPLOYEE,res_c69c8e50-1285-46f6-a2dc-3b4fe9a350e1,Role 1,2019-01-26 06:34:27,176,0,2019-01-26 05:50:52
Case1080,Request For Payment FINAL_APPROVED by SUPERVISOR,res_c69c8e50-1285-46f6-a2dc-3b4fe9a350e1,Role 1,2019-01-26 09:13:16,176,1,2019-01-26 08:29:50
Case1085,Request For Payment REJECTED by MISSING,res_c69c8e50-1285-46f6-a2dc-3b4fe9a350e1,Role 1,2019-01-26 09:56:29,176,0,2019-01-26 09:12:28
Case1081,Request For Payment REJECTED by EMPLOYEE,res_c69c8e50-1285-46f6-a2dc-3b4fe9a350e1,Role 1,2019-01-26 10:00:15,176,0,2019-01-26 09:16:35
Case1105,Request For Payment SAVED by EMPLOYEE,res_c69c8e50-1285-46f6-a2dc-3b4fe9a350e1,Role 1,2019-01-26 10:17:24,177,0,2019-01-26 09:47:55
Case1106,Request For Payment SUBMITTED by EMPLOYEE,res_c69c8e50-1285-46f6-a2dc-3b4fe9a350e1,Role 1,2019-01-26 11:07:06,176,2,2019-01-26 10:37:59
Case1106,Request For Payment FINAL_APPROVED by SUPERVISOR,res_c69c8e50-1285-46f6-a2dc-3b4fe9a350e1,Role 1,2019-01-26 11:51:20,176,1,2019-01-26 11:07:24
Case1107,Request For Payment SAVED by EMPLOYEE,res_c69c8e50-1285-46f6-a2dc-3b4fe9a350e1,Role 1,2019-01-26 12:50:17,177,0,2019-01-26 12:20:49
Case1108,Request For Payment SAVED by EMPLOYEE,res_c69c8e50-1285-46f6-a2dc-3b4fe9a350e1,Role 1,2019-01-26 14:08:49,177,0,2019-01-26 13:39:21
Case1109,Request For Payment SAVED by EMPLOYEE,res_c69c8e50-1285-46f6-a2dc-3b4fe9a350e1,Role 1,2019-01-26 15:43:28,177,0,2019-01-26 15:14:00
Case1110,Request For Payment SAVED by EMPLOYEE,res_c69c8e50-1285-46f6-a2dc-3b4fe9a350e1,Role 1,2019-01-26 17:05:56,177,0,2019-01-26 16:36:29
Case1084,Request For Payment FINAL_APPROVED by SUPERVISOR,res_c69c8e50-1285-46f6-a2dc-3b4fe9a350e1,Role 1,2019-01-26 17:10:06,176,1,2019-01-26 16:26:29
Case1111,Request For Payment SAVED by EMPLOYEE,res_c69c8e50-1285-46f6-a2dc-3b4fe9a350e1,Role 1,2019-01-26 18:46:16,177,0,2019-01-26 18:16:49
Case1064,Request For Payment SUBMITTED by EMPLOYEE,res_c69c8e50-1285-46f6-a2dc-3b4fe9a350e1,Role 1,2019-01-26 20:13:33,176,2,2019-01-26 19:31:24
Case1089,Request For Payment REJECTED by EMPLOYEE,res_c69c8e50-1285-46f6-a2dc-3b4fe9a350e1,Role 1,2019-01-26 20:37:38,176,0,2019-01-26 19:54:00
Case1064,Request For Payment REJECTED by PRE_APPROVER,res_c69c8e50-1285-46f6-a2dc-3b4fe9a350e1,Role 1,2019-01-26 20:56:54,176,0,2019-01-26 20:13:51
Case1090,Request For Payment FINAL_APPROVED by SUPERVISOR,res_c69c8e50-1285-46f6-a2dc-3b4fe9a350e1,Role 1,2019-01-27 00:07:18,176,1,2019-01-26 23:23:44
Case1112,Request For Payment SUBMITTED by EMPLOYEE,res_c69c8e50-1285-46f6-a2dc-3b4fe9a350e1,Role 1,2019-01-27 02:10:18,177,2,2019-01-27 01:40:59
Case1112,Request For Payment REJECTED by ADMINISTRATION,res_c69c8e50-1285-46f6-a2dc-3b4fe9a350e1,Role 1,2019-01-27 02:55:13,177,0,2019-01-27 02:10:36
Case1065,Request For Payment REJECTED by MISSING,res_c69c8e50-1285-46f6-a2dc-3b4fe9a350e1,Role 1,2019-01-27 03:28:12,177,0,2019-01-27 02:47:39
Case1078,Request For Payment SUBMITTED by EMPLOYEE,res_c69c8e50-1285-46f6-a2dc-3b4fe9a350e1,Role 1,2019-01-27 03:45:49,177,2,2019-01-27 03:05:01
Case1078,Request For Payment REJECTED by ADMINISTRATION,res_c69c8e50-1285-46f6-a2dc-3b4fe9a350e1,Role 1,2019-01-27 04:34:31,176,0,2019-01-27 03:51:38
Case1113,Request For Payment SAVED by EMPLOYEE,res_c69c8e50-1285-46f6-a2dc-3b4fe9a350e1,Role 1,2019-01-27 09:13:30,177,0,2019-01-27 08:43:59
Case1072,Request For Payment SUBMITTED by EMPLOYEE,res_c69c8e50-1285-46f6-a2dc-3b4fe9a350e1,Role 1,2019-01-27 09:38:48,177,2,2019-01-27 08:57:57
Case1114,Request For Payment SUBMITTED by EMPLOYEE,res_c69c8e50-1285-46f6-a2dc-3b4fe9a350e1,Role 1,2019-01-27 10:05:30,177,3,2019-01-27 09:35:57
Case1078,Request For Payment REJECTED by EMPLOYEE,res_c69c8e50-1285-46f6-a2dc-3b4fe9a350e1,Role 1,2019-01-27 10:39:25,177,0,2019-01-27 09:56:52
Case1114,Request For Payment APPROVED by PRE_APPROVER,res_c69c8e50-1285-46f6-a2dc-3b4fe9a350e1,Role 1,2019-01-27 10:50:28,177,0,2019-01-27 10:05:48
Case1115,Request For Payment SAVED by EMPLOYEE,res_c69c8e50-1285-46f6-a2dc-3b4fe9a350e1,Role 1,2019-01-27 11:14:07,177,0,2019-01-27 10:44:38
Case1116,Request For Payment SUBMITTED by EMPLOYEE,res_c69c8e50-1285-46f6-a2dc-3b4fe9a350e1,Role 1,2019-01-27 11:20:01,178,2,2019-01-27 10:50:28
Case1116,Request For Payment REJECTED by SUPERVISOR,res_c69c8e50-1285-46f6-a2dc-3b4fe9a350e1,Role 1,2019-01-27 12:04:53,177,0,2019-01-27 11:20:19
Case1072,Request For Payment APPROVED by ADMINISTRATION,res_c69c8e50-1285-46f6-a2dc-3b4fe9a350e1,Role 1,2019-01-27 12:50:29,177,1,2019-01-27 12:07:29
Case1117,Request For Payment SUBMITTED by EMPLOYEE,res_c69c8e50-1285-46f6-a2dc-3b4fe9a350e1,Role 1,2019-01-27 13:05:49,178,2,2019-01-27 12:36:16
Case1118,Request For Payment SAVED by EMPLOYEE,res_c69c8e50-1285-46f6-a2dc-3b4fe9a350e1,Role 1,2019-01-27 13:40:51,179,0,2019-01-27 13:11:23
Case1073,Request For Payment REJECTED by MISSING,res_c69c8e50-1285-46f6-a2dc-3b4fe9a350e1,Role 1,2019-01-27 13:47:17,178,0,2019-01-27 13:06:57
Case1117,Request For Payment APPROVED by ADMINISTRATION,res_c69c8e50-1285-46f6-a2dc-3b4fe9a350e1,Role 1,2019-01-27 13:50:48,178,1,2019-01-27 13:06:07
Case1072,Request For Payment REJECTED by SUPERVISOR,res_c69c8e50-1285-46f6-a2dc-3b4fe9a350e1,Role 1,2019-01-27 14:14:28,179,0,2019-01-27 13:32:00
Case1064,Request For Payment REJECTED by EMPLOYEE,res_c69c8e50-1285-46f6-a2dc-3b4fe9a350e1,Role 1,2019-01-27 15:01:22,177,0,2019-01-27 14:18:38
Case1082,Request Payment,res_c69c8e50-1285-46f6-a2dc-3b4fe9a350e1,Role 2,2019-01-27 15:18:08,177,1,2019-01-27 14:33:33
Case1077,Request For Payment SUBMITTED by EMPLOYEE,res_c69c8e50-1285-46f6-a2dc-3b4fe9a350e1,Role 1,2019-01-27 15:23:04,177,2,2019-01-27 14:41:56
Case1077,Request For Payment APPROVED by PRE_APPROVER,res_f1d5d76e-73b3-4ad2-b5bc-b44969b003a7,Role 1,2019-01-27 16:06:10,177,0,2019-01-27 15:23:22
Case1083,Request Payment,res_f1d5d76e-73b3-4ad2-b5bc-b44969b003a7,Role 2,2019-01-27 16:10:09,177,1,2019-01-27 15:25:58
Case1119,Request For Payment SUBMITTED by EMPLOYEE,res_c69c8e50-1285-46f6-a2dc-3b4fe9a350e1,Role 1,2019-01-27 17:30:31,178,2,2019-01-27 17:01:00
Case1119,Request For Payment FINAL_APPROVED by SUPERVISOR,res_c69c8e50-1285-46f6-a2dc-3b4fe9a350e1,Role 1,2019-01-27 18:15:29,178,1,2019-01-27 17:30:49
Case1120,Request For Payment SAVED by EMPLOYEE,res_c69c8e50-1285-46f6-a2dc-3b4fe9a350e1,Role 1,2019-01-27 18:29:24,179,0,2019-01-27 17:59:57
Case1070,Request For Payment FINAL_APPROVED by SUPERVISOR,res_c69c8e50-1285-46f6-a2dc-3b4fe9a350e1,Role 1,2019-01-27 19:22:29,178,1,2019-01-27 18:41:07
Case1070,Request For Payment REJECTED by MISSING,res_c69c8e50-1285-46f6-a2dc-3b4fe9a350e1,Role 1,2019-01-27 20:05:38,178,0,2019-01-27 19:22:47
Case1121,Request For Payment SUBMITTED by EMPLOYEE,res_c69c8e50-1285-46f6-a2dc-3b4fe9a350e1,Role 1,2019-01-27 21:38:27,178,2,2019-01-27 21:09:02
Case1063,Request Payment,res_c69c8e50-1285-46f6-a2dc-3b4fe9a350e1,Role 2,2019-01-27 21:51:38,177,1,2019-01-27 21:08:34
Case1072,Request For Payment REJECTED by EMPLOYEE,res_c69c8e50-1285-46f6-a2dc-3b4fe9a350e1,Role 1,2019-01-27 22:05:49,178,0,2019-01-27 21:23:38
Case1121,Request For Payment REJECTED by ADMINISTRATION,res_c69c8e50-1285-46f6-a2dc-3b4fe9a350e1,Role 1,2019-01-27 22:23:23,178,0,2019-01-27 21:38:45
Case1077,Request For Payment FINAL_APPROVED by SUPERVISOR,res_c69c8e50-1285-46f6-a2dc-3b4fe9a350e1,Role 1,2019-01-28 00:30:50,178,1,2019-01-27 23:48:06
Case1064,Request For Payment SUBMITTED by EMPLOYEE,res_c69c8e50-1285-46f6-a2dc-3b4fe9a350e1,Role 1,2019-01-28 00:39:04,178,2,2019-01-27 23:56:51
Case1122,Request For Payment SUBMITTED by EMPLOYEE,res_c69c8e50-1285-46f6-a2dc-3b4fe9a350e1,Role 1,2019-01-28 00:58:36,179,3,2019-01-28 00:29:30
Case1122,Request For Payment REJECTED by SUPERVISOR,res_f1d5d76e-73b3-4ad2-b5bc-b44969b003a7,Role 1,2019-01-28 01:42:45,179,0,2019-01-28 00:58:54
Case1054,Payment Handled,res_f1d5d76e-73b3-4ad2-b5bc-b44969b003a7,Role 2,2019-01-28 01:46:13,179,2,2019-01-28 01:03:25
Case1123,Request For Payment SAVED by EMPLOYEE,res_c69c8e50-1285-46f6-a2dc-3b4fe9a350e1,Role 1,2019-01-28 02:47:38,179,0,2019-01-28 02:18:23
Case1077,Request For Payment REJECTED by MISSING,res_c69c8e50-1285-46f6-a2dc-3b4fe9a350e1,Role 1,2019-01-28 03:38:49,178,0,2019-01-28 02:56:46
Case1079,Request For Payment SUBMITTED by EMPLOYEE,res_c69c8e50-1285-46f6-a2dc-3b4fe9a350e1,Role 1,2019-01-28 04:37:20,177,2,2019-01-28 03:56:01
Case1064,Request For Payment REJECTED by ADMINISTRATION,res_c69c8e50-1285-46f6-a2dc-3b4fe9a350e1,Role 1,2019-01-28 04:41:50,177,0,2019-01-28 04:00:12
Case1079,Request For Payment APPROVED by PRE_APPROVER,res_c69c8e50-1285-46f6-a2dc-3b4fe9a350e1,Role 1,2019-01-28 05:20:42,177,0,2019-01-28 04:37:38
Case1112,Request For Payment REJECTED by EMPLOYEE,res_c69c8e50-1285-46f6-a2dc-3b4fe9a350e1,Role 1,2019-01-28 06:21:09,177,0,2019-01-28 05:36:41
Case1072,Request For Payment SUBMITTED by EMPLOYEE,res_f1d5d76e-73b3-4ad2-b5bc-b44969b003a7,Role 1,2019-01-28 06:32:08,177,2,2019-01-28 05:49:42
Case1081,Request For Payment SUBMITTED by EMPLOYEE,res_f1d5d76e-73b3-4ad2-b5bc-b44969b003a7,Role 1,2019-01-28 06:52:21,177,3,2019-01-28 06:12:05
Case1060,Payment Handled,res_c69c8e50-1285-46f6-a2dc-3b4fe9a350e1,Role 2,2019-01-28 07:08:02,176,2,2019-01-28 06:24:33
Case1081,Request For Payment REJECTED by PRE_APPROVER,res_c69c8e50-1285-46f6-a2dc-3b4fe9a350e1,Role 1,2019-01-28 07:35:33,176,0,2019-01-28 06:52:39
Case1124,Request For Payment SAVED by EMPLOYEE,res_c69c8e50-1285-46f6-a2dc-3b4fe9a350e1,Role 1,2019-01-28 07:40:16,176,0,2019-01-28 07:10:58
Case1125,Request For Payment SAVED by EMPLOYEE,res_c69c8e50-1285-46f6-a2dc-3b4fe9a350e1,Role 1,2019-01-28 09:04:44,176,0,2019-01-28 08:35:28
Case1095,Request For Payment REJECTED by EMPLOYEE,res_c69c8e50-1285-46f6-a2dc-3b4fe9a350e1,Role 1,2019-01-28 11:08:55,175,0,2019-01-28 10:24:06
Case1126,Request For Payment SAVED by EMPLOYEE,res_c69c8e50-1285-46f6-a2dc-3b4fe9a350e1,Role 1,2019-01-28 11:12:41,176,0,2019-01-28 10:43:24
Case1127,Request For Payment SAVED by EMPLOYEE,res_c69c8e50-1285-46f6-a2dc-3b4fe9a350e1,Role 1,2019-01-28 11:49:16,175,0,2019-01-28 11:20:00
Case1072,Request For Payment REJECTED by PRE_APPROVER,res_c69c8e50-1285-46f6-a2dc-3b4fe9a350e1,Role 1,2019-01-28 12:04:47,175,0,2019-01-28 11:22:37
Case1064,Request For Payment REJECTED by EMPLOYEE,res_c69c8e50-1285-46f6-a2dc-3b4fe9a350e1,Role 1,2019-01-28 12:38:11,174,0,2019-01-28 11:56:01
Case1128,Request For Payment SUBMITTED by EMPLOYEE,res_c69c8e50-1285-46f6-a2dc-3b4fe9a350e1,Role 1,2019-01-28 12:44:18,175,2,2019-01-28 12:15:00
Case1103,Request For Payment FINAL_APPROVED by SUPERVISOR,res_c69c8e50-1285-46f6-a2dc-3b4fe9a350e1,Role 1,2019-01-28 12:51:03,174,1,2019-01-28 12:06:43
Case1079,Request For Payment FINAL_APPROVED by SUPERVISOR,res_c69c8e50-1285-46f6-a2dc-3b4fe9a350e1,Role 1,2019-01-28 13:28:51,175,3,2019-01-28 12:45:58
Case1128,Request For Payment FINAL_APPROVED by SUPERVISOR,res_c69c8e50-1285-46f6-a2dc-3b4fe9a350e1,Role 1,2019-01-28 13:29:00,175,2,2019-01-28 12:44:36
Case1129,Request For Payment SAVED by EMPLOYEE,res_c69c8e50-1285-46f6-a2dc-3b4fe9a350e1,Role 1,2019-01-28 14:10:22,176,0,2019-01-28 13:41:11
Case1061,Payment Handled,res_c69c8e50-1285-46f6-a2dc-3b4fe9a350e1,Role 2,2019-01-28 14:19:21,175,2,2019-01-28 13:36:20
Case1130,Request For Payment SAVED by EMPLOYEE,res_c69c8e50-1285-46f6-a2dc-3b4fe9a350e1,Role 1,2019-01-28 14:19:33,177,1,2019-01-28 13:50:22
Case1114,Request For Payment FINAL_APPROVED by SUPERVISOR,res_c69c8e50-1285-46f6-a2dc-3b4fe9a350e1,Role 1,2019-01-28 14:53:06,177,1,2019-01-28 14:09:09
Case1131,Request For Payment SAVED by EMPLOYEE,res_c69c8e50-1285-46f6-a2dc-3b4fe9a350e1,Role 1,2019-01-28 15:42:35,175,0,2019-01-28 15:13:20
Case1132,Request For Payment SAVED by EMPLOYEE,res_f1d5d76e-73b3-4ad2-b5bc-b44969b003a7,Role 1,2019-01-28 16:26:59,175,0,2019-01-28 15:57:44
Case1117,Request For Payment REJECTED by BUDGET OWNER,res_f1d5d76e-73b3-4ad2-b5bc-b44969b003a7,Role 1,2019-01-28 16:31:22,174,0,2019-01-28 15:46:40
Case1096,Request Payment,res_c69c8e50-1285-46f6-a2dc-3b4fe9a350e1,Role 2,2019-01-28 16:50:37,175,1,2019-01-28 16:04:27
Case1106,Request For Payment REJECTED by MISSING,res_c69c8e50-1285-46f6-a2dc-3b4fe9a350e1,Role 1,2019-01-28 17:16:53,174,0,2019-01-28 16:32:21
Case1081,Request For Payment REJECTED by EMPLOYEE,res_c69c8e50-1285-46f6-a2dc-3b4fe9a350e1,Role 1,2019-01-28 17:36:15,174,0,2019-01-28 16:53:40
Case1116,Request For Payment REJECTED by EMPLOYEE,res_c69c8e50-1285-46f6-a2dc-3b4fe9a350e1,Role 1,2019-01-28 17:44:26,174,1,2019-01-28 17:00:02
Case1133,Request For Payment SAVED by EMPLOYEE,res_c69c8e50-1285-46f6-a2dc-3b4fe9a350e1,Role 1,2019-01-28 18:18:39,172,0,2019-01-28 17:49:25
Case1134,Request For Payment SAVED by EMPLOYEE,res_c69c8e50-1285-46f6-a2dc-3b4fe9a350e1,Role 1,2019-01-28 18:26:59,173,1,2019-01-28 17:57:44
Case1135,Request For Payment SUBMITTED by EMPLOYEE,res_c69c8e50-1285-46f6-a2dc-3b4fe9a350e1,Role 1,2019-01-28 19:56:38,172,2,2019-01-28 19:27:18
Case1122,Request For Payment REJECTED by EMPLOYEE,res_c69c8e50-1285-46f6-a2dc-3b4fe9a350e1,Role 1,2019-01-28 20:09:49,171,0,2019-01-28 19:25:30
Case1099,Request For Payment REJECTED by EMPLOYEE,res_c69c8e50-1285-46f6-a2dc-3b4fe9a350e1,Role 1,2019-01-28 20:38:08,172,1,2019-01-28 19:53:20
Case1135,Request For Payment REJECTED by ADMINISTRATION,res_c69c8e50-1285-46f6-a2dc-3b4fe9a350e1,Role 1,2019-01-28 20:41:12,172,0,2019-01-28 19:56:56
Case1084,Request For Payment REJECTED by MISSING,res_c69c8e50-1285-46f6-a2dc-3b4fe9a350e1,Role 1,2019-01-28 21:01:42,171,0,2019-01-28 20:22:11
Case1136,Request For Payment SUBMITTED by EMPLOYEE,res_c69c8e50-1285-46f6-a2dc-3b4fe9a350e1,Role 1,2019-01-28 21:11:35,171,2,2019-01-28 20:42:15
Case1119,Request For Payment REJECTED by MISSING,res_c69c8e50-1285-46f6-a2dc-3b4fe9a350e1,Role 1,2019-01-28 21:11:49,171,1,2019-01-28 20:27:10
Case1137,Request For Payment SAVED by EMPLOYEE,res_c69c8e50-1285-46f6-a2dc-3b4fe9a350e1,Role 1,2019-01-28 21:51:32,170,0,2019-01-28 21:22:19
Case1136,Request For Payment REJECTED by PRE_APPROVER,res_c69c8e50-1285-46f6-a2dc-3b4fe9a350e1,Role 1,2019-01-28 21:55:41,169,0,2019-01-28 21:11:53
Case1064,Request For Payment SUBMITTED by EMPLOYEE,res_c69c8e50-1285-46f6-a2dc-3b4fe9a350e1,Role 1,2019-01-28 22:46:38,169,2,2019-01-28 22:04:06
Case1101,Request For Payment REJECTED by EMPLOYEE,res_c69c8e50-1285-46f6-a2dc-3b4fe9a350e1,Role 1,2019-01-28 22:54:17,169,0,2019-01-28 22:09:34
Case1072,Request For Payment REJECTED by EMPLOYEE,res_f1d5d76e-73b3-4ad2-b5bc-b44969b003a7,Role 1,2019-01-28 23:26:31,169,1,2019-01-28 22:44:10
Case1100,Request Payment,res_f1d5d76e-73b3-4ad2-b5bc-b44969b003a7,Role 2,2019-01-28 23:46:13,168,1,2019-01-28 23:00:01
Case1089,Request For Payment SUBMITTED by EMPLOYEE,res_c69c8e50-1285-46f6-a2dc-3b4fe9a350e1,Role 1,2019-01-29 01:32:27,167,2,2019-01-29 00:51:21
Case1089,Request For Payment REJECTED by PRE_APPROVER,res_c69c8e50-1285-46f6-a2dc-3b4fe9a350e1,Role 1,2019-01-29 02:15:41,167,0,2019-01-29 01:32:45
Case1138,Request For Payment SUBMITTED by EMPLOYEE,res_c69c8e50-1285-46f6-a2dc-3b4fe9a350e1,Role 1,2019-01-29 02:36:17,168,2,2019-01-29 02:06:48
Case1138,Request For Payment FINAL_APPROVED by SUPERVISOR,res_c69c8e50-1285-46f6-a2dc-3b4fe9a350e1,Role 1,2019-01-29 03:21:08,168,1,2019-01-29 02:36:35
Case1139,Request For Payment SAVED by EMPLOYEE,res_c69c8e50-1285-46f6-a2dc-3b4fe9a350e1,Role 1,2019-01-29 03:32:04,169,0,2019-01-29 03:02:40
Case1121,Request For Payment REJECTED by EMPLOYEE,res_c69c8e50-1285-46f6-a2dc-3b4fe9a350e1,Role 1,2019-01-29 03:51:22,169,0,2019-01-29 03:07:03
Case1140,Request For Payment SAVED by EMPLOYEE,res_c69c8e50-1285-46f6-a2dc-3b4fe9a350e1,Role 1,2019-01-29 05:04:13,169,0,2019-01-29 04:34:48
Case1089,Request For Payment REJECTED by EMPLOYEE,res_c69c8e50-1285-46f6-a2dc-3b4fe9a350e1,Role 1,2019-01-29 06:11:38,168,0,2019-01-29 05:28:49
Case1141,Request For Payment SUBMITTED by EMPLOYEE,res_c69c8e50-1285-46f6-a2dc-3b4fe9a350e1,Role 1,2019-01-29 06:54:28,169,2,2019-01-29 06:24:58
Case1064,Request For Payment REJECTED by SUPERVISOR,res_c69c8e50-1285-46f6-a2dc-3b4fe9a350e1,Role 1,2019-01-29 06:55:01,168,0,2019-01-29 06:12:37
Case1141,Request For Payment REJECTED by PRE_APPROVER,res_c69c8e50-1285-46f6-a2dc-3b4fe9a350e1,Role 1,2019-01-29 07:38:55,169,0,2019-01-29 06:54:46
Case1142,Request For Payment SUBMITTED by EMPLOYEE,res_c69c8e50-1285-46f6-a2dc-3b4fe9a350e1,Role 1,2019-01-29 08:33:21,170,2,2019-01-29 08:03:55
Case1142,Request For Payment REJECTED by PRE_APPROVER,res_c69c8e50-1285-46f6-a2dc-3b4fe9a350e1,Role 1,2019-01-29 09:17:58,170,0,2019-01-29 08:33:39
Case1128,Request For Payment REJECTED by MISSING,res_c69c8e50-1285-46f6-a2dc-3b4fe9a350e1,Role 1,2019-01-29 09:22:27,170,0,2019-01-29 08:38:01
Case1079,Request Payment,res_c69c8e50-1285-46f6-a2dc-3b4fe9a350e1,Role 2,2019-01-29 09:36:19,170,1,2019-01-29 08:53:24
Case1143,Request For Payment SUBMITTED by EMPLOYEE,res_c69c8e50-1285-46f6-a2dc-3b4fe9a350e1,Role 1,2019-01-29 09:47:14,171,2,2019-01-29 09:17:54
Case1143,Request For Payment FINAL_APPROVED by SUPERVISOR,res_c69c8e50-1285-46f6-a2dc-3b4fe9a350e1,Role 1,2019-01-29 10:32:05,170,1,2019-01-29 09:47:32
Case1144,Request For Payment SUBMITTED by EMPLOYEE,res_c69c8e50-1285-46f6-a2dc-3b4fe9a350e1,Role 1,2019-01-29 10:56:52,171,2,2019-01-29 10:27:22
Case1145,Request For Payment SAVED by EMPLOYEE,res_c69c8e50-1285-46f6-a2dc-3b4fe9a350e1,Role 1,2019-01-29 11:26:46,172,0,2019-01-29 10:57:25
Case1144,Request For Payment FINAL_APPROVED by SUPERVISOR,res_c69c8e50-1285-46f6-a2dc-3b4fe9a350e1,Role 1,2019-01-29 11:41:43,171,1,2019-01-29 10:57:10
Case1089,Request For Payment SUBMITTED by EMPLOYEE,res_c69c8e50-1285-46f6-a2dc-3b4fe9a350e1,Role 1,2019-01-29 11:49:05,172,2,2019-01-29 11:07:29
Case1146,Request For Payment SAVED by EMPLOYEE,res_c69c8e50-1285-46f6-a2dc-3b4fe9a350e1,Role 1,2019-01-29 12:32:23,172,0,2019-01-29 12:03:01
Case1147,Request For Payment SUBMITTED by EMPLOYEE,res_c69c8e50-1285-46f6-a2dc-3b4fe9a350e1,Role 1,2019-01-29 14:12:44,172,2,2019-01-29 13:43:15
Case1147,Request For Payment REJECTED by SUPERVISOR,res_c69c8e50-1285-46f6-a2dc-3b4fe9a350e1,Role 1,2019-01-29 14:57:27,172,0,2019-01-29 14:13:02
Case1148,Request For Payment SUBMITTED by EMPLOYEE,res_c69c8e50-1285-46f6-a2dc-3b4fe9a350e1,Role 1,2019-01-29 15:06:15,173,2,2019-01-29 14:36:45
Case1149,Request For Payment SAVED by EMPLOYEE,res_c69c8e50-1285-46f6-a2dc-3b4fe9a350e1,Role 1,2019-01-29 15:41:08,174,0,2019-01-29 15:11:48
Case1148,Request For Payment APPROVED by PRE_APPROVER,res_c69c8e50-1285-46f6-a2dc-3b4fe9a350e1,Role 1,2019-01-29 15:51:02,173,0,2019-01-29 15:06:33
Case1135,Request For Payment REJECTED by EMPLOYEE,res_c69c8e50-1285-46f6-a2dc-3b4fe9a350e1,Role 1,2019-01-29 15:54:34,173,0,2019-01-29 15:10:23
Case1080,Request Payment,res_c69c8e50-1285-46f6-a2dc-3b4fe9a350e1,Role 2,2019-01-29 16:06:29,174,1,2019-01-29 15:23:49
Case1089,Request For Payment FINAL_APPROVED by SUPERVISOR,res_c69c8e50-1285-46f6-a2dc-3b4fe9a350e1,Role 1,2019-01-29 16:16:15,174,1,2019-01-29 15:33:58
Case1064,Request For Payment REJECTED by EMPLOYEE,res_c69c8e50-1285-46f6-a2dc-3b4fe9a350e1,Role 1,2019-01-29 16:31:28,173,1,2019-01-29 15:49:30
Case1136,Request For Payment REJECTED by EMPLOYEE,res_f1d5d76e-73b3-4ad2-b5bc-b44969b003a7,Role 1,2019-01-29 16:53:30,172,1,2019-01-29 16:09:17
Case1150,Request For Payment SUBMITTED by EMPLOYEE,res_f1d5d76e-73b3-4ad2-b5bc-b44969b003a7,Role 1,2019-01-29 17:11:51,173,2,2019-01-29 16:42:21
Case1090,Request Payment,res_c69c8e50-1285-46f6-a2dc-3b4fe9a350e1,Role 2,2019-01-29 17:26:39,173,1,2019-01-29 16:44:03
Case1150,Request For Payment REJECTED by PRE_APPROVER,res_c69c8e50-1285-46f6-a2dc-3b4fe9a350e1,Role 1,2019-01-29 17:56:19,172,0,2019-01-29 17:12:09
Case1117,Request For Payment REJECTED by EMPLOYEE,res_c69c8e50-1285-46f6-a2dc-3b4fe9a350e1,Role 1,2019-01-29 18:24:49,172,0,2019-01-29 17:44:09
Case1151,Request For Payment SUBMITTED by EMPLOYEE,res_c69c8e50-1285-46f6-a2dc-3b4fe9a350e1,Role 1,2019-01-29 18:46:27,173,2,2019-01-29 18:16:57
Case1151,Request For Payment REJECTED by PRE_APPROVER,res_c69c8e50-1285-46f6-a2dc-3b4fe9a350e1,Role 1,2019-01-29 19:30:58,172,0,2019-01-29 18:46:45
Case1152,Request For Payment SAVED by EMPLOYEE,res_c69c8e50-1285-46f6-a2dc-3b4fe9a350e1,Role 1,2019-01-29 22:16:55,173,0,2019-01-29 21:47:37
Case1064,Request For Payment SUBMITTED by EMPLOYEE,res_c69c8e50-1285-46f6-a2dc-3b4fe9a350e1,Role 1,2019-01-30 00:10:16,172,2,2019-01-29 23:28:13
Case1153,Request For Payment SAVED by EMPLOYEE,res_f1d5d76e-73b3-4ad2-b5bc-b44969b003a7,Role 1,2019-01-30 02:18:32,173,0,2019-01-30 01:49:16
Case1114,Request Payment,res_f1d5d76e-73b3-4ad2-b5bc-b44969b003a7,Role 2,2019-01-30 02:32:13,173,1,2019-01-30 01:49:17
Case1103,Request Payment,res_f1d5d76e-73b3-4ad2-b5bc-b44969b003a7,Role 2,2019-01-30 04:08:14,172,1,2019-01-30 03:25:07
Case1154,Request For Payment SUBMITTED by EMPLOYEE,res_c69c8e50-1285-46f6-a2dc-3b4fe9a350e1,Role 1,2019-01-30 05:31:57,173,2,2019-01-30 05:03:18
Case1064,Request For Payment REJECTED by SUPERVISOR,res_c69c8e50-1285-46f6-a2dc-3b4fe9a350e1,Role 1,2019-01-30 05:55:41,173,0,2019-01-30 05:13:35
Case1154,Request For Payment REJECTED by SUPERVISOR,res_c69c8e50-1285-46f6-a2dc-3b4fe9a350e1,Role 1,2019-01-30 06:16:03,173,1,2019-01-30 05:32:15
Case1155,Request For Payment SAVED by EMPLOYEE,res_c69c8e50-1285-46f6-a2dc-3b4fe9a350e1,Role 1,2019-01-30 09:49:18,174,0,2019-01-30 09:20:03
Case1142,Request For Payment REJECTED by EMPLOYEE,res_c69c8e50-1285-46f6-a2dc-3b4fe9a350e1,Role 1,2019-01-30 10:27:39,174,0,2019-01-30 09:43:28
Case1156,Request For Payment SUBMITTED by EMPLOYEE,res_c69c8e50-1285-46f6-a2dc-3b4fe9a350e1,Role 1,2019-01-30 11:30:40,174,2,2019-01-30 11:01:51
Case1143,Request For Payment REJECTED by MISSING,res_c69c8e50-1285-46f6-a2dc-3b4fe9a350e1,Role 1,2019-01-30 11:48:27,174,0,2019-01-30 11:04:03
Case1141,Request For Payment REJECTED by EMPLOYEE,res_c69c8e50-1285-46f6-a2dc-3b4fe9a350e1,Role 1,2019-01-30 11:54:28,174,0,2019-01-30 11:10:25
Case1156,Request For Payment REJECTED by SUPERVISOR,res_c69c8e50-1285-46f6-a2dc-3b4fe9a350e1,Role 1,2019-01-30 12:14:48,174,0,2019-01-30 11:30:58
Case1144,Request For Payment REJECTED by MISSING,res_c69c8e50-1285-46f6-a2dc-3b4fe9a350e1,Role 1,2019-01-30 12:58:05,173,0,2019-01-30 12:13:43
Case1157,Request For Payment SUBMITTED by EMPLOYEE,res_c69c8e50-1285-46f6-a2dc-3b4fe9a350e1,Role 1,2019-01-30 12:59:46,174,2,2019-01-30 12:30:44
Case1158,Request For Payment SUBMITTED by EMPLOYEE,res_c69c8e50-1285-46f6-a2dc-3b4fe9a350e1,Role 1,2019-01-30 13:42:15,174,2,2019-01-30 13:13:12
Case1157,Request For Payment APPROVED by ADMINISTRATION,res_c69c8e50-1285-46f6-a2dc-3b4fe9a350e1,Role 1,2019-01-30 13:43:52,173,1,2019-01-30 13:00:04
Case1158,Request For Payment APPROVED by ADMINISTRATION,res_c69c8e50-1285-46f6-a2dc-3b4fe9a350e1,Role 1,2019-01-30 14:26:28,174,2,2019-01-30 13:42:33
Case1159,Request For Payment SUBMITTED by EMPLOYEE,res_c69c8e50-1285-46f6-a2dc-3b4fe9a350e1,Role 1,2019-01-30 14:39:45,175,2,2019-01-30 14:10:42
Case1064,Request For Payment REJECTED by EMPLOYEE,res_c69c8e50-1285-46f6-a2dc-3b4fe9a350e1,Role 1,2019-01-30 15:14:40,175,0,2019-01-30 14:32:09
Case1159,Request For Payment REJECTED by SUPERVISOR,res_c69c8e50-1285-46f6-a2dc-3b4fe9a350e1,Role 1,2019-01-30 15:23:49,175,0,2019-01-30 14:40:03
Case1160,Request For Payment SAVED by EMPLOYEE,res_c69c8e50-1285-46f6-a2dc-3b4fe9a350e1,Role 1,2019-01-30 15:35:40,176,0,2019-01-30 15:06:28
Case1121,Request For Payment SUBMITTED by EMPLOYEE,res_c69c8e50-1285-46f6-a2dc-3b4fe9a350e1,Role 1,2019-01-30 16:19:08,175,2,2019-01-30 15:37:17
Case1148,Request For Payment FINAL_APPROVED by SUPERVISOR,res_c69c8e50-1285-46f6-a2dc-3b4fe9a350e1,Role 1,2019-01-30 17:08:57,175,1,2019-01-30 16:24:58
Case1147,Request For Payment REJECTED by EMPLOYEE,res_c69c8e50-1285-46f6-a2dc-3b4fe9a350e1,Role 1,2019-01-30 18:26:02,175,0,2019-01-30 17:41:49
Case1138,Request Payment,res_f1d5d76e-73b3-4ad2-b5bc-b44969b003a7,Role 2,2019-01-30 19:37:53,175,1,2019-01-30 18:53:44
Case1161,Request For Payment SUBMITTED by EMPLOYEE,res_f1d5d76e-73b3-4ad2-b5bc-b44969b003a7,Role 1,2019-01-30 19:42:48,176,2,2019-01-30 19:14:12
Case1121,Request For Payment FINAL_APPROVED by SUPERVISOR,res_c69c8e50-1285-46f6-a2dc-3b4fe9a350e1,Role 1,2019-01-30 20:07:03,176,1,2019-01-30 19:24:04
Case1089,Request Payment,res_c69c8e50-1285-46f6-a2dc-3b4fe9a350e1,Role 2,2019-01-30 20:08:04,176,2,2019-01-30 19:24:57
Case1161,Request For Payment REJECTED by ADMINISTRATION,res_c69c8e50-1285-46f6-a2dc-3b4fe9a350e1,Role 1,2019-01-30 20:26:42,176,0,2019-01-30 19:43:06
Case1150,Request For Payment REJECTED by EMPLOYEE,res_c69c8e50-1285-46f6-a2dc-3b4fe9a350e1,Role 1,2019-01-30 20:41:26,176,0,2019-01-30 19:57:44
Case1162,Request For Payment SAVED by EMPLOYEE,res_c69c8e50-1285-46f6-a2dc-3b4fe9a350e1,Role 1,2019-01-30 23:14:58,177,0,2019-01-30 22:45:48
Case1064,Request For Payment SUBMITTED by EMPLOYEE,res_c69c8e50-1285-46f6-a2dc-3b4fe9a350e1,Role 1,2019-01-31 00:05:49,176,2,2019-01-30 23:23:27
Case1151,Request For Payment REJECTED by EMPLOYEE,res_c69c8e50-1285-46f6-a2dc-3b4fe9a350e1,Role 1,2019-01-31 00:09:47,176,0,2019-01-30 23:25:40
Case1064,Request For Payment REJECTED by ADMINISTRATION,res_c69c8e50-1285-46f6-a2dc-3b4fe9a350e1,Role 1,2019-01-31 00:48:39,176,0,2019-01-31 00:06:07
Case1121,Request For Payment REJECTED by MISSING,res_c69c8e50-1285-46f6-a2dc-3b4fe9a350e1,Role 1,2019-01-31 01:25:13,175,0,2019-01-31 00:42:42
Case1064,Request For Payment REJECTED by EMPLOYEE,res_c69c8e50-1285-46f6-a2dc-3b4fe9a350e1,Role 1,2019-01-31 01:31:53,175,0,2019-01-31 00:48:57
Case1163,Request For Payment SAVED by EMPLOYEE,res_c69c8e50-1285-46f6-a2dc-3b4fe9a350e1,Role 1,2019-01-31 01:44:05,176,0,2019-01-31 01:14:45
Case1164,Request For Payment SUBMITTED by EMPLOYEE,res_c69c8e50-1285-46f6-a2dc-3b4fe9a350e1,Role 1,2019-01-31 04:16:09,174,2,2019-01-31 03:46:59
Case1164,Request For Payment REJECTED by SUPERVISOR,res_c69c8e50-1285-46f6-a2dc-3b4fe9a350e1,Role 1,2019-01-31 05:21:10,174,0,2019-01-31 04:36:45
Case1154,Request For Payment REJECTED by EMPLOYEE,res_c69c8e50-1285-46f6-a2dc-3b4fe9a350e1,Role 1,2019-01-31 06:57:56,174,0,2019-01-31 06:13:59
Case1142,Request For Payment SUBMITTED by EMPLOYEE,res_c69c8e50-1285-46f6-a2dc-3b4fe9a350e1,Role 1,2019-01-31 07:48:16,174,2,2019-01-31 07:08:08
Case1165,Request For Payment SUBMITTED by EMPLOYEE,res_c69c8e50-1285-46f6-a2dc-3b4fe9a350e1,Role 1,2019-01-31 07:51:55,175,4,2019-01-31 07:22:49
Case1082,Payment Handled,res_c69c8e50-1285-46f6-a2dc-3b4fe9a350e1,Role 2,2019-01-31 07:53:17,174,2,2019-01-31 07:10:17
Case1141,Request For Payment SUBMITTED by EMPLOYEE,res_c69c8e50-1285-46f6-a2dc-3b4fe9a350e1,Role 1,2019-01-31 07:59:48,174,3,2019-01-31 07:19:41
Case1166,Request For Payment SAVED by EMPLOYEE,res_f1d5d76e-73b3-4ad2-b5bc-b44969b003a7,Role 1,2019-01-31 08:36:46,175,0,2019-01-31 08:07:29
Case1141,Request For Payment REJECTED by ADMINISTRATION,res_f1d5d76e-73b3-4ad2-b5bc-b44969b003a7,Role 1,2019-01-31 08:43:39,174,0,2019-01-31 08:00:06
Case1165,Request For Payment REJECTED by SUPERVISOR,res_f1d5d76e-73b3-4ad2-b5bc-b44969b003a7,Role 1,2019-01-31 08:50:41,174,0,2019-01-31 08:06:14
Case1083,Payment Handled,res_f1d5d76e-73b3-4ad2-b5bc-b44969b003a7,Role 2,2019-01-31 09:01:35,175,2,2019-01-31 08:18:42
Case1167,Request For Payment SUBMITTED by EMPLOYEE,res_c69c8e50-1285-46f6-a2dc-3b4fe9a350e1,Role 1,2019-01-31 10:19:10,174,2,2019-01-31 09:49:50
Case1141,Request For Payment REJECTED by EMPLOYEE,res_c69c8e50-1285-46f6-a2dc-3b4fe9a350e1,Role 1,2019-01-31 10:21:51,173,0,2019-01-31 09:38:44
Case1168,Request For Payment SUBMITTED by EMPLOYEE,res_c69c8e50-1285-46f6-a2dc-3b4fe9a350e1,Role 1,2019-01-31 11:04:36,174,2,2019-01-31 10:35:16
Case1142,Request For Payment APPROVED by ADMINISTRATION,res_c69c8e50-1285-46f6-a2dc-3b4fe9a350e1,Role 1,2019-01-31 11:06:03,173,1,2019-01-31 10:22:28
Case1167,Request For Payment REJECTED by ADMINISTRATION,res_c69c8e50-1285-46f6-a2dc-3b4fe9a350e1,Role 1,2019-01-31 11:06:09,174,0,2019-01-31 10:21:41
Case1168,Request For Payment FINAL_APPROVED by SUPERVISOR,res_c69c8e50-1285-46f6-a2dc-3b4fe9a350e1,Role 1,2019-01-31 11:49:21,174,1,2019-01-31 11:04:54
Case1142,Request For Payment REJECTED by SUPERVISOR,res_c69c8e50-1285-46f6-a2dc-3b4fe9a350e1,Role 1,2019-01-31 11:49:22,174,0,2019-01-31 11:06:21
Case1156,Request For Payment REJECTED by EMPLOYEE,res_c69c8e50-1285-46f6-a2dc-3b4fe9a350e1,Role 1,2019-01-31 12:04:20,174,0,2019-01-31 11:20:24
Case1169,Request For Payment SAVED by EMPLOYEE,res_c69c8e50-1285-46f6-a2dc-3b4fe9a350e1,Role 1,2019-01-31 12:15:28,175,0,2019-01-31 11:46:12
Case1157,Request For Payment APPROVED by BUDGET OWNER,res_c69c8e50-1285-46f6-a2dc-3b4fe9a350e1,Role 1,2019-01-31 12:23:41,174,1,2019-01-31 11:39:52
Case1170,Request For Payment SUBMITTED by EMPLOYEE,res_c69c8e50-1285-46f6-a2dc-3b4fe9a350e1,Role 1,2019-01-31 12:39:32,176,2,2019-01-31 12:10:12
Case1158,Request For Payment FINAL_APPROVED by SUPERVISOR,res_c69c8e50-1285-46f6-a2dc-3b4fe9a350e1,Role 1,2019-01-31 13:20:20,175,1,2019-01-31 12:36:34
Case1170,Request For Payment FINAL_APPROVED by SUPERVISOR,res_c69c8e50-1285-46f6-a2dc-3b4fe9a350e1,Role 1,2019-01-31 13:24:17,175,2,2019-01-31 12:39:50
Case1171,Request For Payment SAVED by EMPLOYEE,res_c69c8e50-1285-46f6-a2dc-3b4fe9a350e1,Role 1,2019-01-31 14:31:58,176,0,2019-01-31 14:02:42
Case1079,Payment Handled,res_c69c8e50-1285-46f6-a2dc-3b4fe9a350e1,Role 2,2019-01-31 14:48:22,176,2,2019-01-31 14:05:01
Case1159,Request For Payment REJECTED by EMPLOYEE,res_c69c8e50-1285-46f6-a2dc-3b4fe9a350e1,Role 1,2019-01-31 15:11:57,176,0,2019-01-31 14:28:18
Case1063,Payment Handled,res_f1d5d76e-73b3-4ad2-b5bc-b44969b003a7,Role 2,2019-01-31 16:28:07,173,2,2019-01-31 15:44:32
Case1172,Request For Payment SAVED by EMPLOYEE,res_c69c8e50-1285-46f6-a2dc-3b4fe9a350e1,Role 1,2019-01-31 17:08:31,173,0,2019-01-31 16:39:17
Case1142,Request For Payment REJECTED by EMPLOYEE,res_c69c8e50-1285-46f6-a2dc-3b4fe9a350e1,Role 1,2019-01-31 17:11:17,172,0,2019-01-31 16:28:35
Case1173,Request For Payment SUBMITTED by EMPLOYEE,res_c69c8e50-1285-46f6-a2dc-3b4fe9a350e1,Role 1,2019-01-31 17:35:34,174,2,2019-01-31 17:06:14
Case1150,Request For Payment SUBMITTED by EMPLOYEE,res_c69c8e50-1285-46f6-a2dc-3b4fe9a350e1,Role 1,2019-01-31 18:15:19,172,3,2019-01-31 17:35:17
Case1173,Request For Payment APPROVED by PRE_APPROVER,res_c69c8e50-1285-46f6-a2dc-3b4fe9a350e1,Role 1,2019-01-31 18:25:05,172,0,2019-01-31 17:40:37
Case1150,Request For Payment REJECTED by ADMINISTRATION,res_c69c8e50-1285-46f6-a2dc-3b4fe9a350e1,Role 1,2019-01-31 18:59:00,172,0,2019-01-31 18:15:37
Case1147,Request For Payment SUBMITTED by EMPLOYEE,res_c69c8e50-1285-46f6-a2dc-3b4fe9a350e1,Role 1,2019-01-31 19:11:20,172,2,2019-01-31 18:31:14
Case1174,Request For Payment SUBMITTED by EMPLOYEE,res_c69c8e50-1285-46f6-a2dc-3b4fe9a350e1,Role 1,2019-01-31 19:11:55,173,3,2019-01-31 18:42:35
Case1150,Request For Payment REJECTED by EMPLOYEE,res_f1d5d76e-73b3-4ad2-b5bc-b44969b003a7,Role 1,2019-01-31 19:42:13,173,0,2019-01-31 18:59:18
Case1147,Request For Payment REJECTED by SUPERVISOR,res_f1d5d76e-73b3-4ad2-b5bc-b44969b003a7,Role 1,2019-01-31 19:55:03,173,0,2019-01-31 19:11:38
Case1175,Request For Payment SAVED by EMPLOYEE,res_f1d5d76e-73b3-4ad2-b5bc-b44969b003a7,Role 1,2019-01-31 19:56:13,174,0,2019-01-31 19:27:09
Case1174,Request For Payment FINAL_APPROVED by SUPERVISOR,res_f1d5d76e-73b3-4ad2-b5bc-b44969b003a7,Role 1,2019-01-31 19:56:41,173,1,2019-01-31 19:12:13
Case1096,Payment Handled,res_f1d5d76e-73b3-4ad2-b5bc-b44969b003a7,Role 2,2019-01-31 20:01:26,173,2,2019-01-31 19:16:04
Case1161,Request For Payment REJECTED by EMPLOYEE,res_f1d5d76e-73b3-4ad2-b5bc-b44969b003a7,Role 1,2019-01-31 20:01:53,173,1,2019-01-31 19:18:11
Case1148,Request Payment,res_f1d5d76e-73b3-4ad2-b5bc-b44969b003a7,Role 2,2019-01-31 20:13:56,174,1,2019-01-31 19:31:37
Case1114,Payment Handled,res_f1d5d76e-73b3-4ad2-b5bc-b44969b003a7,Role 2,2019-01-31 20:54:08,171,2,2019-01-31 20:10:25
Case1103,Payment Handled,res_f1d5d76e-73b3-4ad2-b5bc-b44969b003a7,Role 2,2019-01-31 21:11:20,171,3,2019-01-31 20:27:27
Case1176,Request For Payment SUBMITTED by EMPLOYEE,res_f1d5d76e-73b3-4ad2-b5bc-b44969b003a7,Role 1,2019-01-31 21:12:22,172,2,2019-01-31 20:43:17
Case1080,Payment Handled,res_c69c8e50-1285-46f6-a2dc-3b4fe9a350e1,Role 2,2019-01-31 21:16:00,171,4,2019-01-31 20:32:22
Case1090,Payment Handled,res_c69c8e50-1285-46f6-a2dc-3b4fe9a350e1,Role 2,2019-01-31 21:36:47,172,5,2019-01-31 20:53:16
Case1176,Request For Payment APPROVED by ADMINISTRATION,res_c69c8e50-1285-46f6-a2dc-3b4fe9a350e1,Role 1,2019-01-31 21:56:51,170,1,2019-01-31 21:12:40
Case1177,Request For Payment SUBMITTED by EMPLOYEE,res_c69c8e50-1285-46f6-a2dc-3b4fe9a350e1,Role 1,2019-01-31 21:59:19,170,2,2019-01-31 21:30:13
Case1178,Request For Payment SUBMITTED by EMPLOYEE,res_c69c8e50-1285-46f6-a2dc-3b4fe9a350e1,Role 1,2019-01-31 22:40:28,170,2,2019-01-31 22:11:09
Case1177,Request For Payment REJECTED by SUPERVISOR,res_c69c8e50-1285-46f6-a2dc-3b4fe9a350e1,Role 1,2019-01-31 23:04:06,170,0,2019-01-31 22:19:40
Case1178,Request For Payment FINAL_APPROVED by SUPERVISOR,res_c69c8e50-1285-46f6-a2dc-3b4fe9a350e1,Role 1,2019-01-31 23:25:14,170,1,2019-01-31 22:40:46
Case1147,Request For Payment REJECTED by EMPLOYEE,res_c69c8e50-1285-46f6-a2dc-3b4fe9a350e1,Role 1,2019-01-31 23:59:59,170,0,2019-01-31 23:16:59
Case1179,Request For Payment SUBMITTED by EMPLOYEE,res_c69c8e50-1285-46f6-a2dc-3b4fe9a350e1,Role 1,2019-02-01 00:36:18,171,2,2019-02-01 00:07:00
Case1179,Request For Payment FINAL_APPROVED by SUPERVISOR,res_c69c8e50-1285-46f6-a2dc-3b4fe9a350e1,Role 1,2019-02-01 01:21:32,171,1,2019-02-01 00:36:36
Case1100,Payment Handled,res_f1d5d76e-73b3-4ad2-b5bc-b44969b003a7,Role 2,2019-02-01 03:19:50,171,2,2019-02-01 02:34:32
Case1180,Request For Payment SUBMITTED by EMPLOYEE,res_c69c8e50-1285-46f6-a2dc-3b4fe9a350e1,Role 1,2019-02-01 03:56:57,171,2,2019-02-01 03:27:35
Case1180,Request For Payment REJECTED by SUPERVISOR,res_c69c8e50-1285-46f6-a2dc-3b4fe9a350e1,Role 1,2019-02-01 04:42:11,171,0,2019-02-01 03:57:19
Case1181,Request For Payment SUBMITTED by EMPLOYEE,res_c69c8e50-1285-46f6-a2dc-3b4fe9a350e1,Role 1,2019-02-01 09:06:48,172,2,2019-02-01 08:37:21
Case1181,Request For Payment FINAL_APPROVED by SUPERVISOR,res_c69c8e50-1285-46f6-a2dc-3b4fe9a350e1,Role 1,2019-02-01 09:52:01,172,1,2019-02-01 09:07:06
Case1138,Payment Handled,res_f1d5d76e-73b3-4ad2-b5bc-b44969b003a7,Role 2,2019-02-01 10:43:52,172,2,2019-02-01 10:01:17
Case1182,Request For Payment SUBMITTED by EMPLOYEE,res_c69c8e50-1285-46f6-a2dc-3b4fe9a350e1,Role 1,2019-02-01 11:16:08,172,2,2019-02-01 10:46:40
Case1183,Request For Payment SAVED by EMPLOYEE,res_c69c8e50-1285-46f6-a2dc-3b4fe9a350e1,Role 1,2019-02-01 11:50:22,173,0,2019-02-01 11:20:48
Case1182,Request For Payment FINAL_APPROVED by SUPERVISOR,res_c69c8e50-1285-46f6-a2dc-3b4fe9a350e1,Role 1,2019-02-01 12:01:21,172,1,2019-02-01 11:16:26
Case1184,Request For Payment SAVED by EMPLOYEE,res_c69c8e50-1285-46f6-a2dc-3b4fe9a350e1,Role 1,2019-02-01 14:10:13,173,0,2019-02-01 13:40:39
Case1185,Request For Payment SUBMITTED by EMPLOYEE,res_c69c8e50-1285-46f6-a2dc-3b4fe9a350e1,Role 1,2019-02-01 14:37:37,174,3,2019-02-01 14:08:04
Case1147,Request For Payment SUBMITTED by EMPLOYEE,res_c69c8e50-1285-46f6-a2dc-3b4fe9a350e1,Role 1,2019-02-01 14:42:20,173,2,2019-02-01 13:59:41
Case1185,Request For Payment APPROVED by PRE_APPROVER,res_f1d5d76e-73b3-4ad2-b5bc-b44969b003a7,Role 1,2019-02-01 15:22:49,173,0,2019-02-01 14:37:55
Case1089,Payment Handled,res_f1d5d76e-73b3-4ad2-b5bc-b44969b003a7,Role 2,2019-02-01 15:30:18,173,2,2019-02-01 14:47:14
Case1186,Request For Payment SAVED by EMPLOYEE,res_c69c8e50-1285-46f6-a2dc-3b4fe9a350e1,Role 1,2019-02-01 19:31:15,173,0,2019-02-01 19:01:42
Case1187,Request For Payment SAVED by EMPLOYEE,res_c69c8e50-1285-46f6-a2dc-3b4fe9a350e1,Role 1,2019-02-02 07:42:08,173,0,2019-02-02 07:12:39
Case1188,Request For Payment SUBMITTED by EMPLOYEE,res_c69c8e50-1285-46f6-a2dc-3b4fe9a350e1,Role 1,2019-02-02 09:57:48,173,2,2019-02-02 09:28:43
Case1189,Request For Payment SUBMITTED by EMPLOYEE,res_c69c8e50-1285-46f6-a2dc-3b4fe9a350e1,Role 1,2019-02-02 10:39:08,174,2,2019-02-02 10:09:51
Case1188,Request For Payment APPROVED by PRE_APPROVER,res_c69c8e50-1285-46f6-a2dc-3b4fe9a350e1,Role 1,2019-02-02 10:42:17,173,0,2019-02-02 09:58:06
Case1168,Request For Payment REJECTED by MISSING,res_c69c8e50-1285-46f6-a2dc-3b4fe9a350e1,Role 1,2019-02-02 11:09:57,174,0,2019-02-02 10:25:55
Case1189,Request For Payment APPROVED by ADMINISTRATION,res_c69c8e50-1285-46f6-a2dc-3b4fe9a350e1,Role 1,2019-02-02 11:23:33,174,1,2019-02-02 10:39:26
Case1190,Request For Payment SUBMITTED by EMPLOYEE,res_c69c8e50-1285-46f6-a2dc-3b4fe9a350e1,Role 1,2019-02-02 12:17:54,174,2,2019-02-02 11:48:46
Case1190,Request For Payment APPROVED by ADMINISTRATION,res_c69c8e50-1285-46f6-a2dc-3b4fe9a350e1,Role 1,2019-02-02 13:02:10,174,1,2019-02-02 12:18:12
Case1191,Request For Payment SUBMITTED by EMPLOYEE,res_c69c8e50-1285-46f6-a2dc-3b4fe9a350e1,Role 1,2019-02-02 13:03:58,175,2,2019-02-02 12:34:40
Case1147,Request For Payment APPROVED by PRE_APPROVER,res_c69c8e50-1285-46f6-a2dc-3b4fe9a350e1,Role 1,2019-02-02 13:13:26,174,0,2019-02-02 12:31:02
Case1191,Request For Payment APPROVED by PRE_APPROVER,res_c69c8e50-1285-46f6-a2dc-3b4fe9a350e1,Role 1,2019-02-02 13:48:34,175,1,2019-02-02 13:04:16
Case1192,Request For Payment SUBMITTED by EMPLOYEE,res_c69c8e50-1285-46f6-a2dc-3b4fe9a350e1,Role 1,2019-02-02 14:01:03,176,2,2019-02-02 13:31:45
Case1165,Request For Payment REJECTED by EMPLOYEE,res_c69c8e50-1285-46f6-a2dc-3b4fe9a350e1,Role 1,2019-02-02 14:08:06,175,0,2019-02-02 13:24:27
Case1192,Request For Payment FINAL_APPROVED by SUPERVISOR,res_c69c8e50-1285-46f6-a2dc-3b4fe9a350e1,Role 1,2019-02-02 14:45:29,176,1,2019-02-02 14:01:21
Case1193,Request For Payment SUBMITTED by EMPLOYEE,res_c69c8e50-1285-46f6-a2dc-3b4fe9a350e1,Role 1,2019-02-02 15:17:59,176,2,2019-02-02 14:48:49
Case1193,Request For Payment REJECTED by ADMINISTRATION,res_c69c8e50-1285-46f6-a2dc-3b4fe9a350e1,Role 1,2019-02-02 16:02:29,176,0,2019-02-02 15:18:17
Case1167,Request For Payment REJECTED by EMPLOYEE,res_c69c8e50-1285-46f6-a2dc-3b4fe9a350e1,Role 1,2019-02-02 16:38:41,176,0,2019-02-02 15:55:02
Case1164,Request For Payment REJECTED by EMPLOYEE,res_c69c8e50-1285-46f6-a2dc-3b4fe9a350e1,Role 1,2019-02-02 17:03:17,176,1,2019-02-02 16:19:28
Case1178,Request For Payment REJECTED by MISSING,res_c69c8e50-1285-46f6-a2dc-3b4fe9a350e1,Role 1,2019-02-02 22:48:31,174,0,2019-02-02 22:04:21
Case1194,Request For Payment SAVED by EMPLOYEE,res_c69c8e50-1285-46f6-a2dc-3b4fe9a350e1,Role 1,2019-02-03 00:27:32,174,0,2019-02-02 23:58:07
Case1173,Request For Payment FINAL_APPROVED by SUPERVISOR,res_c69c8e50-1285-46f6-a2dc-3b4fe9a350e1,Role 1,2019-02-03 02:20:02,173,1,2019-02-03 01:36:03
Case1154,Request For Payment SUBMITTED by EMPLOYEE,res_c69c8e50-1285-46f6-a2dc-3b4fe9a350e1,Role 1,2019-02-03 03:41:41,173,2,2019-02-03 03:00:35
Case1176,Request For Payment FINAL_APPROVED by SUPERVISOR,res_c69c8e50-1285-46f6-a2dc-3b4fe9a350e1,Role 1,2019-02-03 04:53:16,173,1,2019-02-03 04:09:11
Case1177,Request For Payment REJECTED by EMPLOYEE,res_c69c8e50-1285-46f6-a2dc-3b4fe9a350e1,Role 1,2019-02-03 05:30:37,173,0,2019-02-03 04:46:27
Case1156,Request For Payment SUBMITTED by EMPLOYEE,res_c69c8e50-1285-46f6-a2dc-3b4fe9a350e1,Role 1,2019-02-03 05:38:19,173,2,2019-02-03 04:57:24
Case1156,Request For Payment APPROVED by PRE_APPROVER,res_c69c8e50-1285-46f6-a2dc-3b4fe9a350e1,Role 1,2019-02-03 06:21:34,172,0,2019-02-03 05:38:37
Case1154,Request For Payment APPROVED by ADMINISTRATION,res_c69c8e50-1285-46f6-a2dc-3b4fe9a350e1,Role 1,2019-02-03 07:07:27,172,1,2019-02-03 06:24:22
Case1154,Request For Payment REJECTED by BUDGET OWNER,res_c69c8e50-1285-46f6-a2dc-3b4fe9a350e1,Role 1,2019-02-03 07:50:13,172,0,2019-02-03 07:07:45
Case1195,Request For Payment SUBMITTED by EMPLOYEE,res_c69c8e50-1285-46f6-a2dc-3b4fe9a350e1,Role 1,2019-02-03 07:56:00,173,2,2019-02-03 07:26:28
Case1196,Request For Payment SAVED by EMPLOYEE,res_c69c8e50-1285-46f6-a2dc-3b4fe9a350e1,Role 1,2019-02-03 08:32:52,174,0,2019-02-03 08:03:22
Case1195,Request For Payment FINAL_APPROVED by SUPERVISOR,res_c69c8e50-1285-46f6-a2dc-3b4fe9a350e1,Role 1,2019-02-03 08:40:59,173,1,2019-02-03 07:56:18
Case1197,Request For Payment SAVED by EMPLOYEE,res_c69c8e50-1285-46f6-a2dc-3b4fe9a350e1,Role 1,2019-02-03 10:05:11,174,0,2019-02-03 09:35:40
Case1147,Request For Payment FINAL_APPROVED by SUPERVISOR,res_c69c8e50-1285-46f6-a2dc-3b4fe9a350e1,Role 1,2019-02-03 11:08:20,173,1,2019-02-03 10:25:43
Case1147,Request For Payment REJECTED by MISSING,res_c69c8e50-1285-46f6-a2dc-3b4fe9a350e1,Role 1,2019-02-03 11:50:42,173,0,2019-02-03 11:08:38
Case1198,Request For Payment SUBMITTED by EMPLOYEE,res_c69c8e50-1285-46f6-a2dc-3b4fe9a350e1,Role 1,2019-02-03 13:05:47,173,2,2019-02-03 12:36:18
Case1199,Request For Payment SUBMITTED by EMPLOYEE,res_c69c8e50-1285-46f6-a2dc-3b4fe9a350e1,Role 1,2019-02-03 13:26:31,174,3,2019-02-03 12:56:58
Case1198,Request For Payment FINAL_APPROVED by SUPERVISOR,res_c69c8e50-1285-46f6-a2dc-3b4fe9a350e1,Role 1,2019-02-03 13:50:46,174,1,2019-02-03 13:06:05
Case1199,Request For Payment FINAL_APPROVED by SUPERVISOR,res_c69c8e50-1285-46f6-a2dc-3b4fe9a350e1,Role 1,2019-02-03 14:11:31,174,2,2019-02-03 13:26:49
Case1156,Request For Payment FINAL_APPROVED by SUPERVISOR,res_c69c8e50-1285-46f6-a2dc-3b4fe9a350e1,Role 1,2019-02-03 14:13:04,174,3,2019-02-03 13:30:23
Case1200,Request For Payment SAVED by EMPLOYEE,res_c69c8e50-1285-46f6-a2dc-3b4fe9a350e1,Role 1,2019-02-03 16:02:58,175,0,2019-02-03 15:33:30
Case1154,Request For Payment REJECTED by EMPLOYEE,res_c69c8e50-1285-46f6-a2dc-3b4fe9a350e1,Role 1,2019-02-03 16:12:36,174,0,2019-02-03 15:30:16
Case1201,Request For Payment SUBMITTED by EMPLOYEE,res_c69c8e50-1285-46f6-a2dc-3b4fe9a350e1,Role 1,2019-02-03 16:20:21,176,2,2019-02-03 15:50:48
Case1201,Request For Payment FINAL_APPROVED by SUPERVISOR,res_c69c8e50-1285-46f6-a2dc-3b4fe9a350e1,Role 1,2019-02-03 17:05:20,174,1,2019-02-03 16:20:39
Case1156,Request For Payment REJECTED by MISSING,res_c69c8e50-1285-46f6-a2dc-3b4fe9a350e1,Role 1,2019-02-03 17:16:37,174,0,2019-02-03 16:34:38
Case1158,Request For Payment REJECTED by MISSING,res_c69c8e50-1285-46f6-a2dc-3b4fe9a350e1,Role 1,2019-02-03 17:49:18,174,1,2019-02-03 17:08:59
Case1202,Request For Payment SAVED by EMPLOYEE,res_c69c8e50-1285-46f6-a2dc-3b4fe9a350e1,Role 1,2019-02-03 19:47:14,173,0,2019-02-03 19:17:47
Case1203,Request For Payment SUBMITTED by EMPLOYEE,res_c69c8e50-1285-46f6-a2dc-3b4fe9a350e1,Role 1,2019-02-03 21:11:33,173,2,2019-02-03 20:42:01
Case1157,Request For Payment FINAL_APPROVED by SUPERVISOR,res_c69c8e50-1285-46f6-a2dc-3b4fe9a350e1,Role 1,2019-02-03 21:47:51,173,1,2019-02-03 21:06:45
Case1203,Request For Payment REJECTED by PRE_APPROVER,res_c69c8e50-1285-46f6-a2dc-3b4fe9a350e1,Role 1,2019-02-03 21:56:19,173,0,2019-02-03 21:11:51
Case1204,Request For Payment SUBMITTED by EMPLOYEE,res_c69c8e50-1285-46f6-a2dc-3b4fe9a350e1,Role 1,2019-02-03 22:37:22,174,2,2019-02-03 22:07:50
Case1204,Request For Payment REJECTED by PRE_APPROVER,res_c69c8e50-1285-46f6-a2dc-3b4fe9a350e1,Role 1,2019-02-03 23:22:10,174,0,2019-02-03 22:37:40
Case1205,Request For Payment SUBMITTED by EMPLOYEE,res_c69c8e50-1285-46f6-a2dc-3b4fe9a350e1,Role 1,2019-02-04 00:47:46,175,2,2019-02-04 00:19:12
Case1205,Request For Payment REJECTED by PRE_APPROVER,res_f1d5d76e-73b3-4ad2-b5bc-b44969b003a7,Role 1,2019-02-04 01:31:47,175,0,2019-02-04 00:48:04
Case1161,Request For Payment SUBMITTED by EMPLOYEE,res_f1d5d76e-73b3-4ad2-b5bc-b44969b003a7,Role 1,2019-02-04 01:38:29,175,2,2019-02-04 00:56:18
Case1170,Request Payment,res_f1d5d76e-73b3-4ad2-b5bc-b44969b003a7,Role 2,2019-02-04 01:57:34,175,1,2019-02-04 01:14:09
Case1206,Request For Payment SAVED by EMPLOYEE,res_c69c8e50-1285-46f6-a2dc-3b4fe9a350e1,Role 1,2019-02-04 02:49:31,176,0,2019-02-04 02:20:16
Case1207,Request For Payment SAVED by EMPLOYEE,res_f1d5d76e-73b3-4ad2-b5bc-b44969b003a7,Role 1,2019-02-04 05:12:26,176,0,2019-02-04 04:43:10
Case1174,Request Payment,res_c69c8e50-1285-46f6-a2dc-3b4fe9a350e1,Role 2,2019-02-04 05:44:16,176,1,2019-02-04 05:00:49
Case1179,Request Payment,res_c69c8e50-1285-46f6-a2dc-3b4fe9a350e1,Role 2,2019-02-04 05:59:00,175,2,2019-02-04 05:13:01
Case1161,Request For Payment APPROVED by ADMINISTRATION,res_c69c8e50-1285-46f6-a2dc-3b4fe9a350e1,Role 1,2019-02-04 06:16:16,175,1,2019-02-04 05:33:19
Case1208,Request For Payment SUBMITTED by EMPLOYEE,res_c69c8e50-1285-46f6-a2dc-3b4fe9a350e1,Role 1,2019-02-04 06:28:55,176,2,2019-02-04 05:59:42
Case1208,Request For Payment REJECTED by SUPERVISOR,res_c69c8e50-1285-46f6-a2dc-3b4fe9a350e1,Role 1,2019-02-04 07:13:09,176,0,2019-02-04 06:29:13
Case1209,Request For Payment SUBMITTED by EMPLOYEE,res_c69c8e50-1285-46f6-a2dc-3b4fe9a350e1,Role 1,2019-02-04 07:24:58,177,2,2019-02-04 06:55:44
Case1180,Request For Payment REJECTED by EMPLOYEE,res_c69c8e50-1285-46f6-a2dc-3b4fe9a350e1,Role 1,2019-02-04 07:25:31,176,0,2019-02-04 06:40:34
Case1209,Request For Payment REJECTED by PRE_APPROVER,res_c69c8e50-1285-46f6-a2dc-3b4fe9a350e1,Role 1,2019-02-04 08:09:00,177,0,2019-02-04 07:25:16
Case1181,Request For Payment REJECTED by MISSING,res_c69c8e50-1285-46f6-a2dc-3b4fe9a350e1,Role 1,2019-02-04 08:17:13,177,0,2019-02-04 07:32:18
Case1210,Request For Payment SUBMITTED by EMPLOYEE,res_c69c8e50-1285-46f6-a2dc-3b4fe9a350e1,Role 1,2019-02-04 08:55:09,177,2,2019-02-04 08:26:20
Case1211,Request For Payment SAVED by EMPLOYEE,res_c69c8e50-1285-46f6-a2dc-3b4fe9a350e1,Role 1,2019-02-04 09:29:43,178,0,2019-02-04 09:00:25
Case1210,Request For Payment REJECTED by SUPERVISOR,res_c69c8e50-1285-46f6-a2dc-3b4fe9a350e1,Role 1,2019-02-04 09:39:30,177,0,2019-02-04 08:55:27
Case1182,Request For Payment REJECTED by MISSING,res_c69c8e50-1285-46f6-a2dc-3b4fe9a350e1,Role 1,2019-02-04 10:26:33,177,0,2019-02-04 09:41:38
Case1212,Request For Payment SUBMITTED by EMPLOYEE,res_c69c8e50-1285-46f6-a2dc-3b4fe9a350e1,Role 1,2019-02-04 10:28:02,178,2,2019-02-04 09:58:46
Case1212,Request For Payment FINAL_APPROVED by SUPERVISOR,res_c69c8e50-1285-46f6-a2dc-3b4fe9a350e1,Role 1,2019-02-04 11:12:37,177,1,2019-02-04 10:28:20
Case1213,Request For Payment SAVED by EMPLOYEE,res_c69c8e50-1285-46f6-a2dc-3b4fe9a350e1,Role 1,2019-02-04 12:07:01,178,0,2019-02-04 11:37:45
Case1214,Request For Payment SUBMITTED by EMPLOYEE,res_c69c8e50-1285-46f6-a2dc-3b4fe9a350e1,Role 1,2019-02-04 13:06:46,178,2,2019-02-04 12:37:45
Case1215,Request For Payment SUBMITTED by EMPLOYEE,res_c69c8e50-1285-46f6-a2dc-3b4fe9a350e1,Role 1,2019-02-04 13:20:38,179,3,2019-02-04 12:51:20
Case1214,Request For Payment FINAL_APPROVED by SUPERVISOR,res_c69c8e50-1285-46f6-a2dc-3b4fe9a350e1,Role 1,2019-02-04 13:51:28,179,1,2019-02-04 13:07:04
Case1189,Request For Payment APPROVED by SUPERVISOR,res_c69c8e50-1285-46f6-a2dc-3b4fe9a350e1,Role 1,2019-02-04 14:04:57,179,0,2019-02-04 13:20:13
Case1215,Request For Payment FINAL_APPROVED by SUPERVISOR,res_c69c8e50-1285-46f6-a2dc-3b4fe9a350e1,Role 1,2019-02-04 14:05:20,179,2,2019-02-04 13:20:56
Case1161,Request For Payment FINAL_APPROVED by SUPERVISOR,res_c69c8e50-1285-46f6-a2dc-3b4fe9a350e1,Role 1,2019-02-04 14:29:41,179,3,2019-02-04 13:46:58
Case1216,Request For Payment SAVED by EMPLOYEE,res_c69c8e50-1285-46f6-a2dc-3b4fe9a350e1,Role 1,2019-02-04 14:40:08,180,0,2019-02-04 14:10:52
Case1173,Request For Payment REJECTED by MISSING,res_c69c8e50-1285-46f6-a2dc-3b4fe9a350e1,Role 1,2019-02-04 14:53:27,180,0,2019-02-04 14:14:13
Case1185,Request For Payment FINAL_APPROVED by SUPERVISOR,res_c69c8e50-1285-46f6-a2dc-3b4fe9a350e1,Role 1,2019-02-04 15:28:14,179,1,2019-02-04 14:43:22
Case1217,Request For Payment SUBMITTED by EMPLOYEE,res_c69c8e50-1285-46f6-a2dc-3b4fe9a350e1,Role 1,2019-02-04 16:19:07,179,2,2019-02-04 15:50:00
Case1218,Request For Payment SUBMITTED by EMPLOYEE,res_c69c8e50-1285-46f6-a2dc-3b4fe9a350e1,Role 1,2019-02-04 16:31:16,180,3,2019-02-04 16:01:56
Case1217,Request For Payment FINAL_APPROVED by SUPERVISOR,res_c69c8e50-1285-46f6-a2dc-3b4fe9a350e1,Role 1,2019-02-04 17:03:50,180,1,2019-02-04 16:19:25
Case1218,Request For Payment APPROVED by PRE_APPROVER,res_c69c8e50-1285-46f6-a2dc-3b4fe9a350e1,Role 1,2019-02-04 17:15:47,180,0,2019-02-04 16:31:34
Case1198,Request For Payment REJECTED by MISSING,res_c69c8e50-1285-46f6-a2dc-3b4fe9a350e1,Role 1,2019-02-04 17:28:33,180,0,2019-02-04 16:43:51
Case1199,Request For Payment REJECTED by MISSING,res_c69c8e50-1285-46f6-a2dc-3b4fe9a350e1,Role 1,2019-02-04 17:49:15,180,1,2019-02-04 17:04:36
Case1188,Request For Payment FINAL_APPROVED by SUPERVISOR,res_c69c8e50-1285-46f6-a2dc-3b4fe9a350e1,Role 1,2019-02-04 18:50:16,178,1,2019-02-04 18:05:57
Case1176,Request For Payment REJECTED by MISSING,res_c69c8e50-1285-46f6-a2dc-3b4fe9a350e1,Role 1,2019-02-04 19:09:47,178,0,2019-02-04 18:30:04
Case1205,Request For Payment REJECTED by EMPLOYEE,res_c69c8e50-1285-46f6-a2dc-3b4fe9a350e1,Role 1,2019-02-04 19:22:22,178,0,2019-02-04 18:37:49
Case1219,Request For Payment SUBMITTED by EMPLOYEE,res_c69c8e50-1285-46f6-a2dc-3b4fe9a350e1,Role 1,2019-02-04 19:53:08,178,2,2019-02-04 19:23:57
Case1161,Request For Payment REJECTED by MISSING,res_c69c8e50-1285-46f6-a2dc-3b4fe9a350e1,Role 1,2019-02-04 20:13:56,178,0,2019-02-04 19:31:59
Case1220,Request For Payment SUBMITTED by EMPLOYEE,res_c69c8e50-1285-46f6-a2dc-3b4fe9a350e1,Role 1,2019-02-04 20:34:35,179,2,2019-02-04 20:05:15
Case1219,Request For Payment REJECTED by SUPERVISOR,res_c69c8e50-1285-46f6-a2dc-3b4fe9a350e1,Role 1,2019-02-04 20:37:27,178,0,2019-02-04 19:53:26
Case1220,Request For Payment APPROVED by PRE_APPROVER,res_c69c8e50-1285-46f6-a2dc-3b4fe9a350e1,Role 1,2019-02-04 21:19:06,178,0,2019-02-04 20:34:53
Case1190,Request For Payment FINAL_APPROVED by SUPERVISOR,res_c69c8e50-1285-46f6-a2dc-3b4fe9a350e1,Role 1,2019-02-04 21:41:37,178,1,2019-02-04 20:57:13
Case1221,Request For Payment SAVED by EMPLOYEE,res_c69c8e50-1285-46f6-a2dc-3b4fe9a350e1,Role 1,2019-02-04 21:45:08,179,0,2019-02-04 21:16:01
Case1148,Payment Handled,res_c69c8e50-1285-46f6-a2dc-3b4fe9a350e1,Role 2,2019-02-04 21:46:38,178,2,2019-02-04 21:03:13
Case1191,Request For Payment FINAL_APPROVED by SUPERVISOR,res_c69c8e50-1285-46f6-a2dc-3b4fe9a350e1,Role 1,2019-02-04 22:10:42,179,2,2019-02-04 21:26:51
Case1222,Request For Payment SAVED by EMPLOYEE,res_c69c8e50-1285-46f6-a2dc-3b4fe9a350e1,Role 1,2019-02-04 22:34:28,178,0,2019-02-04 22:05:16
Case1193,Request For Payment REJECTED by EMPLOYEE,res_c69c8e50-1285-46f6-a2dc-3b4fe9a350e1,Role 1,2019-02-04 22:40:34,177,0,2019-02-04 21:56:14
Case1223,Request For Payment SUBMITTED by EMPLOYEE,res_c69c8e50-1285-46f6-a2dc-3b4fe9a350e1,Role 1,2019-02-05 01:13:51,178,2,2019-02-05 00:44:30
Case1224,Request For Payment SUBMITTED by EMPLOYEE,res_c69c8e50-1285-46f6-a2dc-3b4fe9a350e1,Role 1,2019-02-05 01:20:43,179,3,2019-02-05 00:51:15
Case1208,Request For Payment REJECTED by EMPLOYEE,res_c69c8e50-1285-46f6-a2dc-3b4fe9a350e1,Role 1,2019-02-05 01:57:49,179,0,2019-02-05 01:13:34
Case1223,Request For Payment APPROVED by ADMINISTRATION,res_c69c8e50-1285-46f6-a2dc-3b4fe9a350e1,Role 1,2019-02-05 01:58:44,179,1,2019-02-05 01:14:09
Case1224,Request For Payment APPROVED by PRE_APPROVER,res_c69c8e50-1285-46f6-a2dc-3b4fe9a350e1,Role 1,2019-02-05 02:05:30,179,0,2019-02-05 01:21:01
Case1225,Request For Payment SAVED by EMPLOYEE,res_c69c8e50-1285-46f6-a2dc-3b4fe9a350e1,Role 1,2019-02-05 02:24:17,180,0,2019-02-05 01:54:52
Case1209,Request For Payment REJECTED by EMPLOYEE,res_c69c8e50-1285-46f6-a2dc-3b4fe9a350e1,Role 1,2019-02-05 02:42:08,179,0,2019-02-05 01:57:53
Case1203,Request For Payment REJECTED by EMPLOYEE,res_c69c8e50-1285-46f6-a2dc-3b4fe9a350e1,Role 1,2019-02-05 03:35:32,177,0,2019-02-05 02:51:07
Case1210,Request For Payment REJECTED by EMPLOYEE,res_c69c8e50-1285-46f6-a2dc-3b4fe9a350e1,Role 1,2019-02-05 04:48:41,177,0,2019-02-05 04:04:17
Case1226,Request For Payment SAVED by EMPLOYEE,res_c69c8e50-1285-46f6-a2dc-3b4fe9a350e1,Role 1,2019-02-05 05:07:20,178,0,2019-02-05 04:37:56
Case1204,Request For Payment REJECTED by EMPLOYEE,res_c69c8e50-1285-46f6-a2dc-3b4fe9a350e1,Role 1,2019-02-05 05:10:57,177,1,2019-02-05 04:26:32
Case1227,Request For Payment SUBMITTED by EMPLOYEE,res_c69c8e50-1285-46f6-a2dc-3b4fe9a350e1,Role 1,2019-02-05 05:32:29,179,2,2019-02-05 05:03:00
Case1227,Request For Payment REJECTED by SUPERVISOR,res_c69c8e50-1285-46f6-a2dc-3b4fe9a350e1,Role 1,2019-02-05 06:17:08,178,0,2019-02-05 05:32:47
Case1180,Request For Payment SUBMITTED by EMPLOYEE,res_c69c8e50-1285-46f6-a2dc-3b4fe9a350e1,Role 1,2019-02-05 09:10:35,178,2,2019-02-05 08:28:53
Case1228,Request For Payment SUBMITTED by EMPLOYEE,res_c69c8e50-1285-46f6-a2dc-3b4fe9a350e1,Role 1,2019-02-05 09:22:22,179,3,2019-02-05 08:52:52
Case1180,Request For Payment FINAL_APPROVED by SUPERVISOR,res_c69c8e50-1285-46f6-a2dc-3b4fe9a350e1,Role 1,2019-02-05 09:54:26,179,1,2019-02-05 09:10:53
Case1228,Request For Payment REJECTED by PRE_APPROVER,res_c69c8e50-1285-46f6-a2dc-3b4fe9a350e1,Role 1,2019-02-05 10:06:48,179,0,2019-02-05 09:22:40
Case1229,Request For Payment SUBMITTED by EMPLOYEE,res_c69c8e50-1285-46f6-a2dc-3b4fe9a350e1,Role 1,2019-02-05 11:08:45,180,2,2019-02-05 10:39:18
Case1230,Request For Payment SUBMITTED by EMPLOYEE,res_c69c8e50-1285-46f6-a2dc-3b4fe9a350e1,Role 1,2019-02-05 11:51:00,181,2,2019-02-05 11:21:30
Case1229,Request For Payment REJECTED by ADMINISTRATION,res_c69c8e50-1285-46f6-a2dc-3b4fe9a350e1,Role 1,2019-02-05 11:53:35,180,0,2019-02-05 11:09:03
Case1218,Request For Payment FINAL_APPROVED by SUPERVISOR,res_c69c8e50-1285-46f6-a2dc-3b4fe9a350e1,Role 1,2019-02-05 12:14:07,181,1,2019-02-05 11:30:02
Case1230,Request For Payment REJECTED by ADMINISTRATION,res_c69c8e50-1285-46f6-a2dc-3b4fe9a350e1,Role 1,2019-02-05 12:35:48,181,1,2019-02-05 11:51:18
Case1231,Request For Payment SUBMITTED by EMPLOYEE,res_c69c8e50-1285-46f6-a2dc-3b4fe9a350e1,Role 1,2019-02-05 12:55:03,182,2,2019-02-05 12:25:33
Case1205,Request For Payment SUBMITTED by EMPLOYEE,res_f1d5d76e-73b3-4ad2-b5bc-b44969b003a7,Role 1,2019-02-05 13:25:30,182,3,2019-02-05 12:44:39
Case1231,Request For Payment APPROVED by ADMINISTRATION,res_f1d5d76e-73b3-4ad2-b5bc-b44969b003a7,Role 1,2019-02-05 13:39:54,182,1,2019-02-05 12:55:21
Case1212,Request Payment,res_f1d5d76e-73b3-4ad2-b5bc-b44969b003a7,Role 2,2019-02-05 13:40:42,182,1,2019-02-05 12:56:04
Case1214,Request Payment,res_f1d5d76e-73b3-4ad2-b5bc-b44969b003a7,Role 2,2019-02-05 14:05:52,182,2,2019-02-05 13:21:09
Case1195,Request Payment,res_f1d5d76e-73b3-4ad2-b5bc-b44969b003a7,Role 2,2019-02-05 14:17:31,182,3,2019-02-05 13:32:49
Case1215,Request Payment,res_f1d5d76e-73b3-4ad2-b5bc-b44969b003a7,Role 2,2019-02-05 14:19:22,182,4,2019-02-05 13:35:01
Case1232,Request For Payment SAVED by EMPLOYEE,res_c69c8e50-1285-46f6-a2dc-3b4fe9a350e1,Role 1,2019-02-05 15:07:01,183,0,2019-02-05 14:37:40
Case1219,Request For Payment REJECTED by EMPLOYEE,res_c69c8e50-1285-46f6-a2dc-3b4fe9a350e1,Role 1,2019-02-05 15:33:01,183,0,2019-02-05 14:48:46
Case1220,Request For Payment FINAL_APPROVED by SUPERVISOR,res_c69c8e50-1285-46f6-a2dc-3b4fe9a350e1,Role 1,2019-02-05 15:41:49,183,1,2019-02-05 14:57:45
Case1217,Request Payment,res_c69c8e50-1285-46f6-a2dc-3b4fe9a350e1,Role 2,2019-02-05 17:17:22,181,1,2019-02-05 16:32:18
Case1192,Request Payment,res_c69c8e50-1285-46f6-a2dc-3b4fe9a350e1,Role 2,2019-02-05 17:26:04,181,2,2019-02-05 16:41:06
Case1233,Request For Payment SUBMITTED by EMPLOYEE,res_c69c8e50-1285-46f6-a2dc-3b4fe9a350e1,Role 1,2019-02-05 17:37:40,182,2,2019-02-05 17:08:21
Case1233,Request For Payment FINAL_APPROVED by SUPERVISOR,res_c69c8e50-1285-46f6-a2dc-3b4fe9a350e1,Role 1,2019-02-05 18:22:31,182,1,2019-02-05 17:37:58
Case1205,Request For Payment FINAL_APPROVED by SUPERVISOR,res_c69c8e50-1285-46f6-a2dc-3b4fe9a350e1,Role 1,2019-02-05 19:30:56,182,1,2019-02-05 18:47:59
Case1234,Request For Payment SUBMITTED by EMPLOYEE,res_c69c8e50-1285-46f6-a2dc-3b4fe9a350e1,Role 1,2019-02-05 20:17:04,183,2,2019-02-05 19:47:45
Case1201,Request Payment,res_c69c8e50-1285-46f6-a2dc-3b4fe9a350e1,Role 2,2019-02-05 20:17:49,182,1,2019-02-05 19:32:46
Case1234,Request For Payment APPROVED by PRE_APPROVER,res_f1d5d76e-73b3-4ad2-b5bc-b44969b003a7,Role 1,2019-02-05 21:01:49,183,0,2019-02-05 20:17:22
Case1157,Request Payment,res_f1d5d76e-73b3-4ad2-b5bc-b44969b003a7,Role 2,2019-02-05 21:17:49,183,1,2019-02-05 20:34:37
Case1235,Request For Payment SUBMITTED by EMPLOYEE,res_c69c8e50-1285-46f6-a2dc-3b4fe9a350e1,Role 1,2019-02-05 22:15:03,184,2,2019-02-05 21:45:33
Case1235,Request For Payment FINAL_APPROVED by SUPERVISOR,res_c69c8e50-1285-46f6-a2dc-3b4fe9a350e1,Role 1,2019-02-05 22:59:54,184,1,2019-02-05 22:15:21
Case1236,Request For Payment SAVED by EMPLOYEE,res_c69c8e50-1285-46f6-a2dc-3b4fe9a350e1,Role 1,2019-02-06 00:07:21,185,0,2019-02-05 23:38:04
Case1193,Request For Payment SUBMITTED by EMPLOYEE,res_c69c8e50-1285-46f6-a2dc-3b4fe9a350e1,Role 1,2019-02-06 01:21:14,184,2,2019-02-06 00:39:01
Case1237,Request For Payment SUBMITTED by EMPLOYEE,res_c69c8e50-1285-46f6-a2dc-3b4fe9a350e1,Role 1,2019-02-06 01:22:54,185,3,2019-02-06 00:54:01
Case1223,Request For Payment APPROVED by SUPERVISOR,res_c69c8e50-1285-46f6-a2dc-3b4fe9a350e1,Role 1,2019-02-06 02:06:13,185,0,2019-02-06 01:21:41
Case1237,Request For Payment REJECTED by SUPERVISOR,res_c69c8e50-1285-46f6-a2dc-3b4fe9a350e1,Role 1,2019-02-06 02:06:52,185,0,2019-02-06 01:23:12
Case1203,Request For Payment SUBMITTED by EMPLOYEE,res_c69c8e50-1285-46f6-a2dc-3b4fe9a350e1,Role 1,2019-02-06 04:02:04,185,2,2019-02-06 03:20:46
Case1210,Request For Payment SUBMITTED by EMPLOYEE,res_c69c8e50-1285-46f6-a2dc-3b4fe9a350e1,Role 1,2019-02-06 04:11:08,185,3,2019-02-06 03:29:53
Case1190,Request For Payment REJECTED by MISSING,res_c69c8e50-1285-46f6-a2dc-3b4fe9a350e1,Role 1,2019-02-06 04:25:02,185,0,2019-02-06 03:44:01
Case1224,Request For Payment FINAL_APPROVED by SUPERVISOR,res_c69c8e50-1285-46f6-a2dc-3b4fe9a350e1,Role 1,2019-02-06 05:12:59,184,1,2019-02-06 04:29:10
Case1204,Request For Payment SUBMITTED by EMPLOYEE,res_c69c8e50-1285-46f6-a2dc-3b4fe9a350e1,Role 1,2019-02-06 05:13:06,184,2,2019-02-06 04:31:52
Case1204,Request For Payment REJECTED by SUPERVISOR,res_c69c8e50-1285-46f6-a2dc-3b4fe9a350e1,Role 1,2019-02-06 05:56:27,184,0,2019-02-06 05:13:24
Case1193,Request For Payment APPROVED by ADMINISTRATION,res_c69c8e50-1285-46f6-a2dc-3b4fe9a350e1,Role 1,2019-02-06 06:01:13,184,1,2019-02-06 05:18:06
Case1203,Request For Payment REJECTED by ADMINISTRATION,res_c69c8e50-1285-46f6-a2dc-3b4fe9a350e1,Role 1,2019-02-06 06:31:46,184,0,2019-02-06 05:48:39
Case1210,Request For Payment REJECTED by SUPERVISOR,res_c69c8e50-1285-46f6-a2dc-3b4fe9a350e1,Role 1,2019-02-06 06:49:03,184,0,2019-02-06 06:06:07
Case1238,Request For Payment SUBMITTED by EMPLOYEE,res_c69c8e50-1285-46f6-a2dc-3b4fe9a350e1,Role 1,2019-02-06 07:36:39,185,2,2019-02-06 07:07:56
Case1238,Request For Payment REJECTED by SUPERVISOR,res_c69c8e50-1285-46f6-a2dc-3b4fe9a350e1,Role 1,2019-02-06 08:20:44,185,0,2019-02-06 07:36:57
Case1239,Request For Payment SUBMITTED by EMPLOYEE,res_c69c8e50-1285-46f6-a2dc-3b4fe9a350e1,Role 1,2019-02-06 09:01:24,186,2,2019-02-06 08:32:39
Case1239,Request For Payment REJECTED by SUPERVISOR,res_c69c8e50-1285-46f6-a2dc-3b4fe9a350e1,Role 1,2019-02-06 09:45:30,186,0,2019-02-06 09:01:42
Case1185,Request Payment,res_c69c8e50-1285-46f6-a2dc-3b4fe9a350e1,Role 2,2019-02-06 09:59:04,186,1,2019-02-06 09:16:03
Case1188,Request Payment,res_c69c8e50-1285-46f6-a2dc-3b4fe9a350e1,Role 2,2019-02-06 10:05:27,186,2,2019-02-06 09:22:17
Case1240,Request For Payment SAVED by EMPLOYEE,res_c69c8e50-1285-46f6-a2dc-3b4fe9a350e1,Role 1,2019-02-06 10:09:02,187,0,2019-02-06 09:40:00
Case1227,Request For Payment REJECTED by EMPLOYEE,res_c69c8e50-1285-46f6-a2dc-3b4fe9a350e1,Role 1,2019-02-06 11:10:22,186,0,2019-02-06 10:26:17
Case1193,Request For Payment APPROVED by BUDGET OWNER,res_c69c8e50-1285-46f6-a2dc-3b4fe9a350e1,Role 1,2019-02-06 11:38:49,186,1,2019-02-06 10:56:06
Case1241,Request For Payment SAVED by EMPLOYEE,res_c69c8e50-1285-46f6-a2dc-3b4fe9a350e1,Role 1,2019-02-06 11:39:45,187,0,2019-02-06 11:10:32
Case1180,Request Payment,res_f1d5d76e-73b3-4ad2-b5bc-b44969b003a7,Role 2,2019-02-06 13:08:10,186,1,2019-02-06 12:24:56
Case1203,Request For Payment REJECTED by EMPLOYEE,res_c69c8e50-1285-46f6-a2dc-3b4fe9a350e1,Role 1,2019-02-06 13:25:04,186,0,2019-02-06 12:42:10
Case1242,Request For Payment SAVED by EMPLOYEE,res_c69c8e50-1285-46f6-a2dc-3b4fe9a350e1,Role 1,2019-02-06 13:39:43,187,0,2019-02-06 13:10:43
Case1191,Request Payment,res_c69c8e50-1285-46f6-a2dc-3b4fe9a350e1,Role 2,2019-02-06 13:41:33,186,2,2019-02-06 12:58:30
Case1231,Request For Payment REJECTED by BUDGET OWNER,res_c69c8e50-1285-46f6-a2dc-3b4fe9a350e1,Role 1,2019-02-06 13:41:43,186,0,2019-02-06 12:57:29
Case1228,Request For Payment REJECTED by EMPLOYEE,res_c69c8e50-1285-46f6-a2dc-3b4fe9a350e1,Role 1,2019-02-06 14:13:14,186,0,2019-02-06 13:29:29
Case1229,Request For Payment REJECTED by EMPLOYEE,res_c69c8e50-1285-46f6-a2dc-3b4fe9a350e1,Role 1,2019-02-06 14:40:36,185,1,2019-02-06 13:56:26
Case1204,Request For Payment REJECTED by EMPLOYEE,res_c69c8e50-1285-46f6-a2dc-3b4fe9a350e1,Role 1,2019-02-06 14:43:51,185,2,2019-02-06 14:00:59
Case1230,Request For Payment REJECTED by EMPLOYEE,res_c69c8e50-1285-46f6-a2dc-3b4fe9a350e1,Role 1,2019-02-06 15:21:53,184,2,2019-02-06 14:37:51
Case1210,Request For Payment REJECTED by EMPLOYEE,res_c69c8e50-1285-46f6-a2dc-3b4fe9a350e1,Role 1,2019-02-06 16:16:13,182,0,2019-02-06 15:33:26
Case1243,Request For Payment SUBMITTED by EMPLOYEE,res_c69c8e50-1285-46f6-a2dc-3b4fe9a350e1,Role 1,2019-02-06 16:36:26,183,2,2019-02-06 16:07:23
Case1243,Request For Payment FINAL_APPROVED by SUPERVISOR,res_c69c8e50-1285-46f6-a2dc-3b4fe9a350e1,Role 1,2019-02-06 17:20:35,183,1,2019-02-06 16:36:44
Case1193,Request For Payment FINAL_APPROVED by SUPERVISOR,res_c69c8e50-1285-46f6-a2dc-3b4fe9a350e1,Role 1,2019-02-06 17:51:02,183,2,2019-02-06 17:08:24
Case1244,Request For Payment SAVED by EMPLOYEE,res_c69c8e50-1285-46f6-a2dc-3b4fe9a350e1,Role 1,2019-02-06 17:51:39,184,0,2019-02-06 17:22:28
Case1218,Request For Payment REJECTED by MISSING,res_c69c8e50-1285-46f6-a2dc-3b4fe9a350e1,Role 1,2019-02-06 18:48:59,183,0,2019-02-06 18:08:58
Case1245,Request For Payment SUBMITTED by EMPLOYEE,res_c69c8e50-1285-46f6-a2dc-3b4fe9a350e1,Role 1,2019-02-06 20:01:14,183,2,2019-02-06 19:32:16
Case1245,Request For Payment FINAL_APPROVED by SUPERVISOR,res_c69c8e50-1285-46f6-a2dc-3b4fe9a350e1,Role 1,2019-02-06 20:45:26,183,1,2019-02-06 20:01:32
Case1205,Request Payment,res_f1d5d76e-73b3-4ad2-b5bc-b44969b003a7,Role 2,2019-02-06 22:14:11,183,1,2019-02-06 21:31:00
Case1220,Request For Payment REJECTED by MISSING,res_c69c8e50-1285-46f6-a2dc-3b4fe9a350e1,Role 1,2019-02-06 23:03:41,183,0,2019-02-06 22:23:42
Case1234,Request For Payment FINAL_APPROVED by SUPERVISOR,res_c69c8e50-1285-46f6-a2dc-3b4fe9a350e1,Role 1,2019-02-06 23:07:59,183,1,2019-02-06 22:24:03
Case1246,Request For Payment SUBMITTED by EMPLOYEE,res_c69c8e50-1285-46f6-a2dc-3b4fe9a350e1,Role 1,2019-02-06 23:59:46,183,2,2019-02-06 23:30:46
Case1210,Request For Payment SUBMITTED by EMPLOYEE,res_c69c8e50-1285-46f6-a2dc-3b4fe9a350e1,Role 1,2019-02-07 00:34:39,183,3,2019-02-06 23:52:08
Case1246,Request For Payment FINAL_APPROVED by SUPERVISOR,res_c69c8e50-1285-46f6-a2dc-3b4fe9a350e1,Role 1,2019-02-07 00:44:23,183,1,2019-02-07 00:00:04
Case1210,Request For Payment APPROVED by PRE_APPROVER,res_c69c8e50-1285-46f6-a2dc-3b4fe9a350e1,Role 1,2019-02-07 01:17:32,183,0,2019-02-07 00:34:57
Case1235,Request For Payment REJECTED by MISSING,res_c69c8e50-1285-46f6-a2dc-3b4fe9a350e1,Role 1,2019-02-07 01:19:43,183,0,2019-02-07 00:35:20
Case1237,Request For Payment REJECTED by EMPLOYEE,res_c69c8e50-1285-46f6-a2dc-3b4fe9a350e1,Role 1,2019-02-07 02:42:34,182,0,2019-02-07 01:58:47
Case1189,Request For Payment FINAL_APPROVED by DIRECTOR,res_c69c8e50-1285-46f6-a2dc-3b4fe9a350e1,Role 1,2019-02-07 03:24:34,182,0,2019-02-07 02:41:00
Case1210,Request For Payment FINAL_APPROVED by SUPERVISOR,res_c69c8e50-1285-46f6-a2dc-3b4fe9a350e1,Role 1,2019-02-07 03:41:39,181,1,2019-02-07 02:58:39
Case1210,Request For Payment REJECTED by MISSING,res_c69c8e50-1285-46f6-a2dc-3b4fe9a350e1,Role 1,2019-02-07 04:24:35,181,0,2019-02-07 03:41:57
Case1224,Request Payment,res_c69c8e50-1285-46f6-a2dc-3b4fe9a350e1,Role 2,2019-02-07 07:37:44,180,1,2019-02-07 06:55:30
Case1239,Request For Payment REJECTED by EMPLOYEE,res_f1d5d76e-73b3-4ad2-b5bc-b44969b003a7,Role 1,2019-02-07 08:02:08,180,0,2019-02-07 07:18:27
Case1170,Payment Handled,res_f1d5d76e-73b3-4ad2-b5bc-b44969b003a7,Role 2,2019-02-07 08:33:56,180,2,2019-02-07 07:51:07
Case1238,Request For Payment REJECTED by EMPLOYEE,res_f1d5d76e-73b3-4ad2-b5bc-b44969b003a7,Role 1,2019-02-07 09:03:35,180,0,2019-02-07 08:19:53
Case1179,Payment Handled,res_f1d5d76e-73b3-4ad2-b5bc-b44969b003a7,Role 2,2019-02-07 09:11:48,180,3,2019-02-07 08:26:33
Case1174,Payment Handled,res_f1d5d76e-73b3-4ad2-b5bc-b44969b003a7,Role 2,2019-02-07 10:02:26,177,2,2019-02-07 09:19:35
Case1233,Request Payment,res_c69c8e50-1285-46f6-a2dc-3b4fe9a350e1,Role 2,2019-02-07 11:02:47,176,1,2019-02-07 10:17:15
Case1193,Request Payment,res_c69c8e50-1285-46f6-a2dc-3b4fe9a350e1,Role 2,2019-02-07 11:20:28,176,2,2019-02-07 10:37:13
Case1227,Request For Payment SUBMITTED by EMPLOYEE,res_c69c8e50-1285-46f6-a2dc-3b4fe9a350e1,Role 1,2019-02-07 11:33:53,176,2,2019-02-07 10:53:30
Case1227,Request For Payment REJECTED by SUPERVISOR,res_c69c8e50-1285-46f6-a2dc-3b4fe9a350e1,Role 1,2019-02-07 12:17:41,176,0,2019-02-07 11:34:11
Case1212,Payment Handled,res_c69c8e50-1285-46f6-a2dc-3b4fe9a350e1,Role 2,2019-02-07 14:20:14,176,2,2019-02-07 13:36:10
Case1231,Request For Payment REJECTED by EMPLOYEE,res_c69c8e50-1285-46f6-a2dc-3b4fe9a350e1,Role 1,2019-02-07 14:50:26,176,0,2019-02-07 14:10:31
Case1214,Payment Handled,res_f1d5d76e-73b3-4ad2-b5bc-b44969b003a7,Role 2,2019-02-07 15:10:23,175,2,2019-02-07 14:26:10
Case1223,Request For Payment FINAL_APPROVED by DIRECTOR,res_f1d5d76e-73b3-4ad2-b5bc-b44969b003a7,Role 1,2019-02-07 15:12:49,175,0,2019-02-07 14:29:44
Case1215,Payment Handled,res_f1d5d76e-73b3-4ad2-b5bc-b44969b003a7,Role 2,2019-02-07 15:38:32,174,3,2019-02-07 14:54:32
Case1195,Payment Handled,res_c69c8e50-1285-46f6-a2dc-3b4fe9a350e1,Role 2,2019-02-07 16:51:38,172,2,2019-02-07 16:07:07
Case1227,Request For Payment REJECTED by EMPLOYEE,res_c69c8e50-1285-46f6-a2dc-3b4fe9a350e1,Role 1,2019-02-07 17:19:48,172,0,2019-02-07 16:36:44
Case1217,Payment Handled,res_c69c8e50-1285-46f6-a2dc-3b4fe9a350e1,Role 2,2019-02-07 18:38:41,171,2,2019-02-07 17:54:32
Case1229,Request For Payment SUBMITTED by EMPLOYEE,res_c69c8e50-1285-46f6-a2dc-3b4fe9a350e1,Role 1,2019-02-07 18:53:40,171,2,2019-02-07 18:13:01
Case1229,Request For Payment REJECTED by ADMINISTRATION,res_c69c8e50-1285-46f6-a2dc-3b4fe9a350e1,Role 1,2019-02-07 19:37:27,170,0,2019-02-07 18:53:58
Case1192,Payment Handled,res_f1d5d76e-73b3-4ad2-b5bc-b44969b003a7,Role 2,2019-02-07 20:27:27,170,2,2019-02-07 19:42:43
Case1243,Request Payment,res_f1d5d76e-73b3-4ad2-b5bc-b44969b003a7,Role 2,2019-02-07 20:52:43,170,1,2019-02-07 20:07:56
Case1229,Request For Payment REJECTED by EMPLOYEE,res_c69c8e50-1285-46f6-a2dc-3b4fe9a350e1,Role 1,2019-02-07 21:45:47,169,0,2019-02-07 21:02:45
Case1201,Payment Handled,res_f1d5d76e-73b3-4ad2-b5bc-b44969b003a7,Role 2,2019-02-07 22:42:55,169,2,2019-02-07 21:58:36
Case1245,Request Payment,res_f1d5d76e-73b3-4ad2-b5bc-b44969b003a7,Role 2,2019-02-08 01:30:35,168,1,2019-02-08 00:46:15
Case1157,Payment Handled,res_f1d5d76e-73b3-4ad2-b5bc-b44969b003a7,Role 2,2019-02-08 01:33:45,168,2,2019-02-08 00:50:35
Case1185,Payment Handled,res_f1d5d76e-73b3-4ad2-b5bc-b44969b003a7,Role 2,2019-02-08 01:40:47,168,3,2019-02-08 00:57:27
Case1188,Payment Handled,res_f1d5d76e-73b3-4ad2-b5bc-b44969b003a7,Role 2,2019-02-08 02:10:36,168,4,2019-02-08 01:27:14
Case1234,Request Payment,res_f1d5d76e-73b3-4ad2-b5bc-b44969b003a7,Role 2,2019-02-08 02:24:37,166,1,2019-02-08 01:42:05
Case1180,Payment Handled,res_f1d5d76e-73b3-4ad2-b5bc-b44969b003a7,Role 2,2019-02-08 05:31:18,165,2,2019-02-08 04:48:21
Case1191,Payment Handled,res_f1d5d76e-73b3-4ad2-b5bc-b44969b003a7,Role 2,2019-02-08 05:51:16,165,3,2019-02-08 05:07:57
Case1227,Request For Payment SUBMITTED by EMPLOYEE,res_c69c8e50-1285-46f6-a2dc-3b4fe9a350e1,Role 1,2019-02-08 07:59:01,163,2,2019-02-08 07:16:17
Case1229,Request For Payment SUBMITTED by EMPLOYEE,res_c69c8e50-1285-46f6-a2dc-3b4fe9a350e1,Role 1,2019-02-08 10:55:28,163,2,2019-02-08 10:12:42
Case1205,Payment Handled,res_f1d5d76e-73b3-4ad2-b5bc-b44969b003a7,Role 2,2019-02-08 15:45:42,163,2,2019-02-08 15:02:44
Case1227,Request For Payment REJECTED by PRE_APPROVER,res_c69c8e50-1285-46f6-a2dc-3b4fe9a350e1,Role 1,2019-02-08 23:46:49,162,0,2019-02-08 23:05:01
Case1246,Request For Payment REJECTED by MISSING,res_c69c8e50-1285-46f6-a2dc-3b4fe9a350e1,Role 1,2019-02-08 23:47:28,162,0,2019-02-08 23:02:52
Case1229,Request For Payment REJECTED by ADMINISTRATION,res_c69c8e50-1285-46f6-a2dc-3b4fe9a350e1,Role 1,2019-02-09 15:14:58,161,0,2019-02-09 14:32:27
Case1239,Request For Payment SUBMITTED by EMPLOYEE,res_c69c8e50-1285-46f6-a2dc-3b4fe9a350e1,Role 1,2019-02-10 01:02:37,161,2,2019-02-10 00:21:24
Case1239,Request For Payment REJECTED by ADMINISTRATION,res_c69c8e50-1285-46f6-a2dc-3b4fe9a350e1,Role 1,2019-02-10 02:17:19,161,0,2019-02-10 01:34:20
Case1227,Request For Payment REJECTED by EMPLOYEE,res_c69c8e50-1285-46f6-a2dc-3b4fe9a350e1,Role 1,2019-02-10 03:11:15,161,0,2019-02-10 02:28:46
Case1239,Request For Payment REJECTED by EMPLOYEE,res_c69c8e50-1285-46f6-a2dc-3b4fe9a350e1,Role 1,2019-02-10 08:41:27,161,0,2019-02-10 07:58:47
Case1229,Request For Payment REJECTED by EMPLOYEE,res_c69c8e50-1285-46f6-a2dc-3b4fe9a350e1,Role 1,2019-02-10 11:10:19,161,0,2019-02-10 10:27:47
Case1227,Request For Payment SUBMITTED by EMPLOYEE,res_c69c8e50-1285-46f6-a2dc-3b4fe9a350e1,Role 1,2019-02-10 12:27:06,160,2,2019-02-10 11:44:48
Case1227,Request For Payment REJECTED by SUPERVISOR,res_c69c8e50-1285-46f6-a2dc-3b4fe9a350e1,Role 1,2019-02-10 13:09:12,160,0,2019-02-10 12:27:24
Case1239,Request For Payment SUBMITTED by EMPLOYEE,res_c69c8e50-1285-46f6-a2dc-3b4fe9a350e1,Role 1,2019-02-10 17:35:48,160,2,2019-02-10 16:53:26
Case1227,Request For Payment REJECTED by EMPLOYEE,res_c69c8e50-1285-46f6-a2dc-3b4fe9a350e1,Role 1,2019-02-10 20:54:55,160,0,2019-02-10 20:12:28
Case1239,Request For Payment REJECTED by ADMINISTRATION,res_c69c8e50-1285-46f6-a2dc-3b4fe9a350e1,Role 1,2019-02-10 22:20:15,159,0,2019-02-10 21:37:41
Case1189,Request Payment,res_c69c8e50-1285-46f6-a2dc-3b4fe9a350e1,Role 2,2019-02-11 04:52:02,159,1,2019-02-11 04:08:49
Case1239,Request For Payment REJECTED by EMPLOYEE,res_c69c8e50-1285-46f6-a2dc-3b4fe9a350e1,Role 1,2019-02-11 05:17:51,159,0,2019-02-11 04:35:17
Case1245,Payment Handled,res_f1d5d76e-73b3-4ad2-b5bc-b44969b003a7,Role 2,2019-02-11 08:13:01,158,2,2019-02-11 07:29:46
Case1224,Payment Handled,res_f1d5d76e-73b3-4ad2-b5bc-b44969b003a7,Role 2,2019-02-11 08:57:12,157,2,2019-02-11 08:13:43
Case1234,Payment Handled,res_f1d5d76e-73b3-4ad2-b5bc-b44969b003a7,Role 2,2019-02-11 08:57:50,157,3,2019-02-11 08:14:35
Case1233,Payment Handled,res_f1d5d76e-73b3-4ad2-b5bc-b44969b003a7,Role 2,2019-02-11 11:34:51,155,2,2019-02-11 10:51:50
Case1193,Payment Handled,res_f1d5d76e-73b3-4ad2-b5bc-b44969b003a7,Role 2,2019-02-11 12:37:55,154,2,2019-02-11 11:54:39
Case1223,Request Payment,res_f1d5d76e-73b3-4ad2-b5bc-b44969b003a7,Role 2,2019-02-11 17:29:13,153,1,2019-02-11 16:45:46
Case1243,Payment Handled,res_f1d5d76e-73b3-4ad2-b5bc-b44969b003a7,Role 2,2019-02-11 21:58:27,153,2,2019-02-11 21:14:53
Case1189,Payment Handled,res_f1d5d76e-73b3-4ad2-b5bc-b44969b003a7,Role 2,2019-02-14 14:04:49,152,2,2019-02-14 13:20:37
Case1223,Payment Handled,res_f1d5d76e-73b3-4ad2-b5bc-b44969b003a7,Role 2,2019-02-15 05:31:24,151,2,2019-02-15 04:47:53
