caseid,task,user,end_timestamp,start_timestamp
request for payment 176985,Request For Payment SUBMITTED by EMPLOYEE,STAFF MEMBER,2018-10-25 17:47:02+00:00,2018-10-25 16:50:02+00:00
request for payment 176985,Request For Payment APPROVED by ADMINISTRATION,STAFF MEMBER,2018-10-25 17:20:38+00:00,2018-10-25 16:50:38+00:00
request for payment 172318,Request For Payment SUBMITTED by EMPLOYEE,STAFF MEMBER,2018-10-25 20:32:57+00:00,2018-10-25 19:37:57+00:00
request for payment 172318,Request For Payment APPROVED by ADMINISTRATION,STAFF MEMBER,2018-10-25 20:26:16+00:00,2018-10-25 19:47:16+00:00
request for payment 176991,Request For Payment SUBMITTED by EMPLOYEE,STAFF MEMBER,2018-10-25 21:49:49+00:00,2018-10-25 20:59:49+00:00
request for payment 176991,Request For Payment APPROVED by ADMINISTRATION,STAFF MEMBER,2018-10-25 21:58:31+00:00,2018-10-25 21:00:31+00:00
request for payment 179592,Request For Payment SUBMITTED by EMPLOYEE,STAFF MEMBER,2018-10-26 08:04:02+00:00,2018-10-26 07:30:02+00:00
request for payment 179592,Request For Payment APPROVED by ADMINISTRATION,STAFF MEMBER,2018-10-26 08:21:35+00:00,2018-10-26 07:31:35+00:00
request for payment 179597,Request For Payment SUBMITTED by EMPLOYEE,STAFF MEMBER,2018-10-26 08:28:22+00:00,2018-10-26 07:32:22+00:00
request for payment 179597,Request For Payment APPROVED by ADMINISTRATION,STAFF MEMBER,2018-10-26 08:07:38+00:00,2018-10-26 07:34:38+00:00
request for payment 176991,Request For Payment APPROVED by BUDGET OWNER,STAFF MEMBER,2018-10-26 08:27:52+00:00,2018-10-26 07:50:52+00:00
request for payment 180433,Request For Payment SUBMITTED by EMPLOYEE,STAFF MEMBER,2018-10-26 08:51:07+00:00,2018-10-26 08:19:07+00:00
request for payment 180433,Request For Payment APPROVED by ADMINISTRATION,STAFF MEMBER,2018-10-26 08:55:31+00:00,2018-10-26 08:19:31+00:00
request for payment 172576,Request For Payment SUBMITTED by EMPLOYEE,STAFF MEMBER,2018-10-26 10:11:20+00:00,2018-10-26 09:26:20+00:00
request for payment 172576,Request For Payment APPROVED by ADMINISTRATION,STAFF MEMBER,2018-10-26 09:57:22+00:00,2018-10-26 09:26:22+00:00
request for payment 182297,Request For Payment SUBMITTED by EMPLOYEE,STAFF MEMBER,2018-10-26 10:16:39+00:00,2018-10-26 09:33:39+00:00
request for payment 182297,Request For Payment REJECTED by ADMINISTRATION,STAFF MEMBER,2018-10-26 10:20:47+00:00,2018-10-26 09:33:47+00:00
request for payment 179592,Request For Payment FINAL_APPROVED by SUPERVISOR,STAFF MEMBER,2018-10-26 10:34:40+00:00,2018-10-26 09:36:40+00:00
request for payment 172582,Request For Payment SUBMITTED by EMPLOYEE,STAFF MEMBER,2018-10-26 10:24:42+00:00,2018-10-26 09:45:42+00:00
request for payment 176997,Request For Payment SUBMITTED by EMPLOYEE,STAFF MEMBER,2018-10-26 10:35:32+00:00,2018-10-26 09:53:32+00:00
request for payment 176997,Request For Payment APPROVED by ADMINISTRATION,STAFF MEMBER,2018-10-26 10:36:04+00:00,2018-10-26 09:54:04+00:00
request for payment 172324,Request For Payment SUBMITTED by EMPLOYEE,STAFF MEMBER,2018-10-26 11:33:33+00:00,2018-10-26 10:48:33+00:00
request for payment 172324,Request For Payment APPROVED by ADMINISTRATION,STAFF MEMBER,2018-10-26 11:22:37+00:00,2018-10-26 10:48:37+00:00
request for payment 172330,Request For Payment SUBMITTED by EMPLOYEE,STAFF MEMBER,2018-10-26 11:48:39+00:00,2018-10-26 10:49:39+00:00
request for payment 172330,Request For Payment APPROVED by ADMINISTRATION,STAFF MEMBER,2018-10-26 11:26:43+00:00,2018-10-26 10:49:43+00:00
request for payment 172335,Request For Payment SUBMITTED by EMPLOYEE,STAFF MEMBER,2018-10-26 11:57:05+00:00,2018-10-26 11:07:05+00:00
request for payment 172335,Request For Payment APPROVED by ADMINISTRATION,STAFF MEMBER,2018-10-26 12:02:43+00:00,2018-10-26 11:07:43+00:00
request for payment 172341,Request For Payment SUBMITTED by EMPLOYEE,STAFF MEMBER,2018-10-26 11:59:33+00:00,2018-10-26 11:09:33+00:00
request for payment 172341,Request For Payment APPROVED by ADMINISTRATION,STAFF MEMBER,2018-10-26 11:53:19+00:00,2018-10-26 11:10:19+00:00
request for payment 172587,Request For Payment SUBMITTED by EMPLOYEE,STAFF MEMBER,2018-10-26 13:18:46+00:00,2018-10-26 12:44:46+00:00
request for payment 172587,Request For Payment APPROVED by ADMINISTRATION,STAFF MEMBER,2018-10-26 13:26:12+00:00,2018-10-26 12:45:12+00:00
request for payment 172346,Request For Payment SUBMITTED by EMPLOYEE,STAFF MEMBER,2018-10-26 14:05:00+00:00,2018-10-26 13:13:00+00:00
request for payment 172351,Request For Payment SUBMITTED by EMPLOYEE,STAFF MEMBER,2018-10-26 13:50:34+00:00,2018-10-26 13:14:34+00:00
request for payment 172351,Request For Payment APPROVED by ADMINISTRATION,STAFF MEMBER,2018-10-26 14:16:34+00:00,2018-10-26 13:16:34+00:00
request for payment 172346,Request For Payment APPROVED by ADMINISTRATION,STAFF MEMBER,2018-10-26 13:53:17+00:00,2018-10-26 13:18:17+00:00
request for payment 182305,Request For Payment SUBMITTED by EMPLOYEE,STAFF MEMBER,2018-10-26 14:52:41+00:00,2018-10-26 14:16:41+00:00
request for payment 182310,Request For Payment SUBMITTED by EMPLOYEE,STAFF MEMBER,2018-10-26 15:05:02+00:00,2018-10-26 14:18:02+00:00
request for payment 182310,Request For Payment APPROVED by ADMINISTRATION,STAFF MEMBER,2018-10-26 15:13:09+00:00,2018-10-26 14:18:09+00:00
request for payment 182316,Request For Payment SUBMITTED by EMPLOYEE,STAFF MEMBER,2018-10-26 15:25:04+00:00,2018-10-26 14:49:04+00:00
request for payment 182316,Request For Payment APPROVED by ADMINISTRATION,STAFF MEMBER,2018-10-26 15:45:20+00:00,2018-10-26 14:49:20+00:00
request for payment 177002,Request For Payment SUBMITTED by EMPLOYEE,STAFF MEMBER,2018-10-26 16:45:22+00:00,2018-10-26 15:56:22+00:00
request for payment 177002,Request For Payment APPROVED by ADMINISTRATION,STAFF MEMBER,2018-10-26 16:30:24+00:00,2018-10-26 15:56:24+00:00
request for payment 181729,Request For Payment SUBMITTED by EMPLOYEE,STAFF MEMBER,2018-10-26 17:21:32+00:00,2018-10-26 16:31:32+00:00
request for payment 181729,Request For Payment APPROVED by ADMINISTRATION,STAFF MEMBER,2018-10-26 17:10:35+00:00,2018-10-26 16:31:35+00:00
request for payment 183089,Request For Payment SUBMITTED by EMPLOYEE,STAFF MEMBER,2018-10-27 10:27:36+00:00,2018-10-27 09:45:36+00:00
request for payment 183089,Request For Payment APPROVED by ADMINISTRATION,STAFF MEMBER,2018-10-27 10:38:44+00:00,2018-10-27 09:45:44+00:00
request for payment 183094,Request For Payment SUBMITTED by EMPLOYEE,STAFF MEMBER,2018-10-27 11:03:30+00:00,2018-10-27 10:17:30+00:00
request for payment 183094,Request For Payment APPROVED by ADMINISTRATION,STAFF MEMBER,2018-10-27 10:54:59+00:00,2018-10-27 10:17:59+00:00
request for payment 183099,Request For Payment SUBMITTED by EMPLOYEE,STAFF MEMBER,2018-10-27 10:54:07+00:00,2018-10-27 10:19:07+00:00
request for payment 183099,Request For Payment APPROVED by ADMINISTRATION,STAFF MEMBER,2018-10-27 10:55:29+00:00,2018-10-27 10:19:29+00:00
request for payment 183104,Request For Payment SUBMITTED by EMPLOYEE,STAFF MEMBER,2018-10-27 11:25:32+00:00,2018-10-27 10:44:32+00:00
request for payment 183104,Request For Payment APPROVED by ADMINISTRATION,STAFF MEMBER,2018-10-27 11:15:18+00:00,2018-10-27 10:45:18+00:00
request for payment 183109,Request For Payment SUBMITTED by EMPLOYEE,STAFF MEMBER,2018-10-27 15:05:08+00:00,2018-10-27 14:20:08+00:00
request for payment 183109,Request For Payment APPROVED by ADMINISTRATION,STAFF MEMBER,2018-10-27 15:02:10+00:00,2018-10-27 14:20:10+00:00
request for payment 183114,Request For Payment SUBMITTED by EMPLOYEE,STAFF MEMBER,2018-10-27 16:24:34+00:00,2018-10-27 15:33:34+00:00
request for payment 183114,Request For Payment APPROVED by ADMINISTRATION,STAFF MEMBER,2018-10-27 16:18:16+00:00,2018-10-27 15:34:16+00:00
request for payment 182450,Request For Payment SUBMITTED by EMPLOYEE,STAFF MEMBER,2018-10-27 18:19:36+00:00,2018-10-27 17:21:36+00:00
request for payment 182450,Request For Payment APPROVED by ADMINISTRATION,STAFF MEMBER,2018-10-27 18:03:04+00:00,2018-10-27 17:22:04+00:00
request for payment 182456,Request For Payment SUBMITTED by EMPLOYEE,STAFF MEMBER,2018-10-27 18:24:08+00:00,2018-10-27 17:31:08+00:00
request for payment 182456,Request For Payment APPROVED by ADMINISTRATION,STAFF MEMBER,2018-10-27 18:12:15+00:00,2018-10-27 17:31:15+00:00
request for payment 180438,Request For Payment SUBMITTED by EMPLOYEE,STAFF MEMBER,2018-10-27 19:47:52+00:00,2018-10-27 19:13:52+00:00
request for payment 180438,Request For Payment APPROVED by ADMINISTRATION,STAFF MEMBER,2018-10-27 19:57:48+00:00,2018-10-27 19:15:48+00:00
request for payment 180443,Request For Payment SUBMITTED by EMPLOYEE,STAFF MEMBER,2018-10-28 15:12:13+00:00,2018-10-28 14:12:13+00:00
request for payment 180443,Request For Payment REJECTED by ADMINISTRATION,STAFF MEMBER,2018-10-28 14:43:45+00:00,2018-10-28 14:12:45+00:00
request for payment 177008,Request For Payment SUBMITTED by EMPLOYEE,STAFF MEMBER,2018-10-28 17:08:25+00:00,2018-10-28 16:22:25+00:00
request for payment 177008,Request For Payment APPROVED by ADMINISTRATION,STAFF MEMBER,2018-10-28 17:19:49+00:00,2018-10-28 16:23:49+00:00
request for payment 182462,Request For Payment SUBMITTED by EMPLOYEE,STAFF MEMBER,2018-10-28 23:04:43+00:00,2018-10-28 22:11:43+00:00
request for payment 182462,Request For Payment APPROVED by ADMINISTRATION,STAFF MEMBER,2018-10-28 22:59:03+00:00,2018-10-28 22:15:03+00:00
request for payment 173478,Request For Payment SUBMITTED by EMPLOYEE,STAFF MEMBER,2018-10-29 08:56:47+00:00,2018-10-29 08:09:47+00:00
request for payment 173478,Request For Payment APPROVED by ADMINISTRATION,STAFF MEMBER,2018-10-29 08:47:36+00:00,2018-10-29 08:10:36+00:00
request for payment 182321,Request For Payment SUBMITTED by EMPLOYEE,STAFF MEMBER,2018-10-29 09:24:34+00:00,2018-10-29 08:53:34+00:00
request for payment 182321,Request For Payment APPROVED by ADMINISTRATION,STAFF MEMBER,2018-10-29 09:40:56+00:00,2018-10-29 08:53:56+00:00
request for payment 176985,Request For Payment APPROVED by BUDGET OWNER,STAFF MEMBER,2018-10-29 10:01:05+00:00,2018-10-29 09:03:05+00:00
request for payment 177013,Request For Payment SUBMITTED by EMPLOYEE,STAFF MEMBER,2018-10-29 09:57:48+00:00,2018-10-29 09:13:48+00:00
request for payment 177013,Request For Payment APPROVED by ADMINISTRATION,STAFF MEMBER,2018-10-29 10:14:20+00:00,2018-10-29 09:14:20+00:00
request for payment 182467,Request For Payment SUBMITTED by EMPLOYEE,STAFF MEMBER,2018-10-29 10:01:39+00:00,2018-10-29 09:29:39+00:00
request for payment 182467,Request For Payment APPROVED by ADMINISTRATION,STAFF MEMBER,2018-10-29 10:14:44+00:00,2018-10-29 09:30:44+00:00
request for payment 175058,Request For Payment SUBMITTED by EMPLOYEE,STAFF MEMBER,2018-10-29 10:35:12+00:00,2018-10-29 09:40:12+00:00
request for payment 175058,Request For Payment REJECTED by ADMINISTRATION,STAFF MEMBER,2018-10-29 10:32:15+00:00,2018-10-29 09:40:15+00:00
request for payment 180433,Request For Payment FINAL_APPROVED by SUPERVISOR,STAFF MEMBER,2018-10-29 10:44:54+00:00,2018-10-29 10:14:54+00:00
request for payment 171675,Request For Payment SUBMITTED by EMPLOYEE,STAFF MEMBER,2018-10-29 11:30:38+00:00,2018-10-29 10:30:38+00:00
request for payment 171675,Request For Payment REJECTED by ADMINISTRATION,STAFF MEMBER,2018-10-29 11:05:40+00:00,2018-10-29 10:30:40+00:00
request for payment 182473,Request For Payment SUBMITTED by EMPLOYEE,STAFF MEMBER,2018-10-29 11:18:39+00:00,2018-10-29 10:43:39+00:00
request for payment 182473,Request For Payment APPROVED by ADMINISTRATION,STAFF MEMBER,2018-10-29 11:17:45+00:00,2018-10-29 10:43:45+00:00
request for payment 182478,Request For Payment SUBMITTED by EMPLOYEE,STAFF MEMBER,2018-10-29 11:45:24+00:00,2018-10-29 10:46:24+00:00
request for payment 182478,Request For Payment APPROVED by ADMINISTRATION,STAFF MEMBER,2018-10-29 11:43:29+00:00,2018-10-29 10:54:29+00:00
request for payment 177019,Request For Payment SUBMITTED by EMPLOYEE,STAFF MEMBER,2018-10-29 12:07:33+00:00,2018-10-29 11:09:33+00:00
request for payment 177019,Request For Payment APPROVED by ADMINISTRATION,STAFF MEMBER,2018-10-29 11:45:30+00:00,2018-10-29 11:10:30+00:00
request for payment 177024,Request For Payment SUBMITTED by EMPLOYEE,STAFF MEMBER,2018-10-29 12:29:05+00:00,2018-10-29 11:46:05+00:00
request for payment 177024,Request For Payment REJECTED by ADMINISTRATION,STAFF MEMBER,2018-10-29 12:41:29+00:00,2018-10-29 11:46:29+00:00
request for payment 177028,Request For Payment SUBMITTED by EMPLOYEE,STAFF MEMBER,2018-10-29 12:47:08+00:00,2018-10-29 11:56:08+00:00
request for payment 177028,Request For Payment APPROVED by ADMINISTRATION,STAFF MEMBER,2018-10-29 12:53:52+00:00,2018-10-29 11:56:52+00:00
request for payment 177034,Request For Payment SUBMITTED by EMPLOYEE,STAFF MEMBER,2018-10-29 12:41:06+00:00,2018-10-29 12:04:06+00:00
request for payment 177040,Request For Payment SUBMITTED by EMPLOYEE,STAFF MEMBER,2018-10-29 12:41:07+00:00,2018-10-29 12:06:07+00:00
request for payment 177040,Request For Payment APPROVED by ADMINISTRATION,STAFF MEMBER,2018-10-29 12:46:13+00:00,2018-10-29 12:06:13+00:00
request for payment 177034,Request For Payment APPROVED by ADMINISTRATION,STAFF MEMBER,2018-10-29 12:54:19+00:00,2018-10-29 12:07:19+00:00
request for payment 171675,Request For Payment REJECTED by EMPLOYEE,STAFF MEMBER,2018-10-29 13:11:37+00:00,2018-10-29 12:11:37+00:00
request for payment 172346,Request For Payment FINAL_APPROVED by SUPERVISOR,STAFF MEMBER,2018-10-29 13:18:27+00:00,2018-10-29 12:19:27+00:00
request for payment 171675,Request For Payment SUBMITTED by EMPLOYEE,STAFF MEMBER,2018-10-29 13:15:46+00:00,2018-10-29 12:19:46+00:00
request for payment 171675,Request For Payment APPROVED by ADMINISTRATION,STAFF MEMBER,2018-10-29 13:18:48+00:00,2018-10-29 12:19:48+00:00
request for payment 172351,Request For Payment FINAL_APPROVED by SUPERVISOR,STAFF MEMBER,2018-10-29 13:22:42+00:00,2018-10-29 12:22:42+00:00
request for payment 180450,Request For Payment SUBMITTED by EMPLOYEE,STAFF MEMBER,2018-10-29 13:24:33+00:00,2018-10-29 12:24:33+00:00
request for payment 180450,Request For Payment APPROVED by ADMINISTRATION,STAFF MEMBER,2018-10-29 13:01:44+00:00,2018-10-29 12:24:44+00:00
request for payment 180455,Request For Payment SUBMITTED by EMPLOYEE,STAFF MEMBER,2018-10-29 13:22:47+00:00,2018-10-29 12:24:47+00:00
request for payment 180455,Request For Payment APPROVED by ADMINISTRATION,STAFF MEMBER,2018-10-29 13:12:49+00:00,2018-10-29 12:25:49+00:00
request for payment 171675,Request For Payment FINAL_APPROVED by SUPERVISOR,STAFF MEMBER,2018-10-29 12:55:55+00:00,2018-10-29 12:25:55+00:00
request for payment 171683,Request For Payment SUBMITTED by EMPLOYEE,STAFF MEMBER,2018-10-29 13:14:00+00:00,2018-10-29 12:35:00+00:00
request for payment 171688,Request For Payment SUBMITTED by EMPLOYEE,STAFF MEMBER,2018-10-29 13:30:58+00:00,2018-10-29 12:37:58+00:00
request for payment 171688,Request For Payment REJECTED by ADMINISTRATION,STAFF MEMBER,2018-10-29 13:28:02+00:00,2018-10-29 12:38:02+00:00
request for payment 172049,Request For Payment SUBMITTED by EMPLOYEE,STAFF MEMBER,2018-10-29 13:15:32+00:00,2018-10-29 12:38:32+00:00
request for payment 172356,Request For Payment SUBMITTED by EMPLOYEE,STAFF MEMBER,2018-10-29 13:21:00+00:00,2018-10-29 12:39:00+00:00
request for payment 172356,Request For Payment APPROVED by ADMINISTRATION,STAFF MEMBER,2018-10-29 13:18:16+00:00,2018-10-29 12:39:16+00:00
request for payment 171683,Request For Payment APPROVED by ADMINISTRATION,STAFF MEMBER,2018-10-29 13:18:16+00:00,2018-10-29 12:40:16+00:00
request for payment 183119,Request For Payment SUBMITTED by EMPLOYEE,STAFF MEMBER,2018-10-29 13:35:37+00:00,2018-10-29 12:55:37+00:00
request for payment 183119,Request For Payment APPROVED by ADMINISTRATION,STAFF MEMBER,2018-10-29 13:37:21+00:00,2018-10-29 12:59:21+00:00
request for payment 183125,Request For Payment SUBMITTED by EMPLOYEE,STAFF MEMBER,2018-10-29 14:26:21+00:00,2018-10-29 13:26:21+00:00
request for payment 183125,Request For Payment APPROVED by ADMINISTRATION,STAFF MEMBER,2018-10-29 14:20:23+00:00,2018-10-29 13:26:23+00:00
request for payment 183130,Request For Payment SUBMITTED by EMPLOYEE,STAFF MEMBER,2018-10-29 14:37:26+00:00,2018-10-29 13:44:26+00:00
request for payment 183130,Request For Payment APPROVED by ADMINISTRATION,STAFF MEMBER,2018-10-29 14:17:33+00:00,2018-10-29 13:44:33+00:00
request for payment 180461,Request For Payment SUBMITTED by EMPLOYEE,STAFF MEMBER,2018-10-29 15:26:35+00:00,2018-10-29 14:30:35+00:00
request for payment 180461,Request For Payment APPROVED by ADMINISTRATION,STAFF MEMBER,2018-10-29 15:30:34+00:00,2018-10-29 14:33:34+00:00
request for payment 183119,Request For Payment APPROVED by SUPERVISOR,STAFF MEMBER,2018-10-29 15:42:15+00:00,2018-10-29 14:45:15+00:00
request for payment 183136,Request For Payment SUBMITTED by EMPLOYEE,STAFF MEMBER,2018-10-29 15:28:04+00:00,2018-10-29 14:53:04+00:00
request for payment 183136,Request For Payment APPROVED by ADMINISTRATION,STAFF MEMBER,2018-10-29 15:41:08+00:00,2018-10-29 14:53:08+00:00
request for payment 177045,Request For Payment SUBMITTED by EMPLOYEE,STAFF MEMBER,2018-10-29 15:30:48+00:00,2018-10-29 14:59:48+00:00
request for payment 174730,Request For Payment SUBMITTED by EMPLOYEE,STAFF MEMBER,2018-10-29 15:47:27+00:00,2018-10-29 15:03:27+00:00
request for payment 174730,Request For Payment APPROVED by ADMINISTRATION,STAFF MEMBER,2018-10-29 15:57:32+00:00,2018-10-29 15:03:32+00:00
request for payment 177045,Request For Payment APPROVED by ADMINISTRATION,STAFF MEMBER,2018-10-29 15:46:08+00:00,2018-10-29 15:06:08+00:00
request for payment 173687,Request For Payment SUBMITTED by EMPLOYEE,STAFF MEMBER,2018-10-29 15:39:45+00:00,2018-10-29 15:06:45+00:00
request for payment 173687,Request For Payment APPROVED by ADMINISTRATION,STAFF MEMBER,2018-10-29 15:42:50+00:00,2018-10-29 15:06:50+00:00
request for payment 171675,Request Payment,SYSTEM,2018-10-29 16:24:50+00:00,2018-10-29 15:44:50+00:00
request for payment 182483,Request For Payment SUBMITTED by EMPLOYEE,STAFF MEMBER,2018-10-29 17:19:01+00:00,2018-10-29 16:23:01+00:00
request for payment 182489,Request For Payment SUBMITTED by EMPLOYEE,STAFF MEMBER,2018-10-29 18:06:31+00:00,2018-10-29 17:06:31+00:00
request for payment 182489,Request For Payment APPROVED by ADMINISTRATION,STAFF MEMBER,2018-10-29 18:06:10+00:00,2018-10-29 17:07:10+00:00
request for payment 183142,Request For Payment SUBMITTED by EMPLOYEE,STAFF MEMBER,2018-10-29 18:48:11+00:00,2018-10-29 18:14:11+00:00
request for payment 183142,Request For Payment APPROVED by ADMINISTRATION,STAFF MEMBER,2018-10-29 18:44:14+00:00,2018-10-29 18:14:14+00:00
request for payment 183147,Request For Payment SUBMITTED by EMPLOYEE,STAFF MEMBER,2018-10-29 18:52:24+00:00,2018-10-29 18:19:24+00:00
request for payment 183147,Request For Payment APPROVED by ADMINISTRATION,STAFF MEMBER,2018-10-29 18:53:29+00:00,2018-10-29 18:19:29+00:00
request for payment 183153,Request For Payment SUBMITTED by EMPLOYEE,STAFF MEMBER,2018-10-29 19:42:58+00:00,2018-10-29 18:49:58+00:00
request for payment 183153,Request For Payment APPROVED by ADMINISTRATION,STAFF MEMBER,2018-10-29 19:50:07+00:00,2018-10-29 18:55:07+00:00
request for payment 179592,Request Payment,SYSTEM,2018-10-30 07:40:06+00:00,2018-10-30 06:44:06+00:00
request for payment 172324,Request For Payment APPROVED by BUDGET OWNER,STAFF MEMBER,2018-10-30 07:55:23+00:00,2018-10-30 07:10:23+00:00
request for payment 183147,Request For Payment APPROVED by BUDGET OWNER,STAFF MEMBER,2018-10-30 08:06:00+00:00,2018-10-30 07:11:00+00:00
request for payment 172587,Request For Payment FINAL_APPROVED by SUPERVISOR,STAFF MEMBER,2018-10-30 08:08:53+00:00,2018-10-30 07:11:53+00:00
request for payment 182489,Request For Payment FINAL_APPROVED by SUPERVISOR,STAFF MEMBER,2018-10-30 07:58:12+00:00,2018-10-30 07:12:12+00:00
request for payment 180450,Request For Payment FINAL_APPROVED by SUPERVISOR,STAFF MEMBER,2018-10-30 08:11:57+00:00,2018-10-30 07:16:57+00:00
request for payment 180467,Request For Payment SUBMITTED by EMPLOYEE,STAFF MEMBER,2018-10-30 07:59:20+00:00,2018-10-30 07:23:20+00:00
request for payment 182462,Request For Payment FINAL_APPROVED by SUPERVISOR,STAFF MEMBER,2018-10-30 08:07:50+00:00,2018-10-30 07:25:50+00:00
request for payment 180467,Request For Payment APPROVED by ADMINISTRATION,STAFF MEMBER,2018-10-30 08:03:01+00:00,2018-10-30 07:28:01+00:00
request for payment 183491,Request For Payment SUBMITTED by EMPLOYEE,STAFF MEMBER,2018-10-30 08:23:13+00:00,2018-10-30 07:29:13+00:00
request for payment 183491,Request For Payment APPROVED by ADMINISTRATION,STAFF MEMBER,2018-10-30 08:16:28+00:00,2018-10-30 07:29:28+00:00
request for payment 180433,Request Payment,SYSTEM,2018-10-30 08:18:08+00:00,2018-10-30 07:38:08+00:00
request for payment 182494,Request For Payment SUBMITTED by EMPLOYEE,STAFF MEMBER,2018-10-30 08:31:51+00:00,2018-10-30 07:40:51+00:00
request for payment 182494,Request For Payment APPROVED by ADMINISTRATION,STAFF MEMBER,2018-10-30 08:39:09+00:00,2018-10-30 07:41:09+00:00
request for payment 172318,Request For Payment APPROVED by BUDGET OWNER,STAFF MEMBER,2018-10-30 08:25:52+00:00,2018-10-30 07:44:52+00:00
request for payment 182494,Request For Payment APPROVED by BUDGET OWNER,STAFF MEMBER,2018-10-30 08:30:48+00:00,2018-10-30 07:46:48+00:00
request for payment 180455,Request For Payment APPROVED by BUDGET OWNER,STAFF MEMBER,2018-10-30 08:45:27+00:00,2018-10-30 08:09:27+00:00
request for payment 182310,Request For Payment APPROVED by BUDGET OWNER,STAFF MEMBER,2018-10-30 09:06:29+00:00,2018-10-30 08:10:29+00:00
request for payment 182467,Request For Payment APPROVED by BUDGET OWNER,STAFF MEMBER,2018-10-30 09:08:12+00:00,2018-10-30 08:17:12+00:00
request for payment 173478,Request For Payment FINAL_APPROVED by SUPERVISOR,STAFF MEMBER,2018-10-30 09:16:15+00:00,2018-10-30 08:23:15+00:00
request for payment 180438,Request For Payment FINAL_APPROVED by SUPERVISOR,STAFF MEMBER,2018-10-30 08:59:45+00:00,2018-10-30 08:25:45+00:00
request for payment 172054,Request For Payment SUBMITTED by EMPLOYEE,STAFF MEMBER,2018-10-30 09:27:22+00:00,2018-10-30 08:30:22+00:00
request for payment 172054,Request For Payment APPROVED by ADMINISTRATION,STAFF MEMBER,2018-10-30 09:19:21+00:00,2018-10-30 08:31:21+00:00
request for payment 183099,Request For Payment FINAL_APPROVED by SUPERVISOR,STAFF MEMBER,2018-10-30 09:32:29+00:00,2018-10-30 08:40:29+00:00
request for payment 183094,Request For Payment FINAL_APPROVED by SUPERVISOR,STAFF MEMBER,2018-10-30 09:24:42+00:00,2018-10-30 08:41:42+00:00
request for payment 172576,Request For Payment APPROVED by BUDGET OWNER,STAFF MEMBER,2018-10-30 09:30:44+00:00,2018-10-30 08:44:44+00:00
request for payment 172059,Request For Payment SUBMITTED by EMPLOYEE,STAFF MEMBER,2018-10-30 09:56:54+00:00,2018-10-30 09:20:54+00:00
request for payment 172059,Request For Payment APPROVED by ADMINISTRATION,STAFF MEMBER,2018-10-30 10:16:06+00:00,2018-10-30 09:24:06+00:00
request for payment 183119,Request For Payment FINAL_APPROVED by DIRECTOR,STAFF MEMBER,2018-10-30 10:17:54+00:00,2018-10-30 09:39:54+00:00
request for payment 174736,Request For Payment SUBMITTED by EMPLOYEE,STAFF MEMBER,2018-10-30 10:53:12+00:00,2018-10-30 10:01:12+00:00
request for payment 174736,Request For Payment APPROVED by ADMINISTRATION,STAFF MEMBER,2018-10-30 10:59:30+00:00,2018-10-30 10:01:30+00:00
request for payment 182500,Request For Payment SUBMITTED by EMPLOYEE,STAFF MEMBER,2018-10-30 11:02:07+00:00,2018-10-30 10:21:07+00:00
request for payment 182500,Request For Payment APPROVED by ADMINISTRATION,STAFF MEMBER,2018-10-30 10:57:05+00:00,2018-10-30 10:22:05+00:00
request for payment 182505,Request For Payment SUBMITTED by EMPLOYEE,STAFF MEMBER,2018-10-30 11:19:35+00:00,2018-10-30 10:37:35+00:00
request for payment 182505,Request For Payment REJECTED by ADMINISTRATION,STAFF MEMBER,2018-10-30 11:36:47+00:00,2018-10-30 10:37:47+00:00
request for payment 174769,Request For Payment SUBMITTED by EMPLOYEE,STAFF MEMBER,2018-10-30 11:34:36+00:00,2018-10-30 10:39:36+00:00
request for payment 174769,Request For Payment APPROVED by ADMINISTRATION,STAFF MEMBER,2018-10-30 11:35:38+00:00,2018-10-30 10:39:38+00:00
request for payment 183497,Request For Payment SUBMITTED by EMPLOYEE,STAFF MEMBER,2018-10-30 11:40:14+00:00,2018-10-30 10:44:14+00:00
request for payment 183497,Request For Payment APPROVED by ADMINISTRATION,STAFF MEMBER,2018-10-30 11:38:21+00:00,2018-10-30 10:44:21+00:00
request for payment 177028,Request For Payment APPROVED by BUDGET OWNER,STAFF MEMBER,2018-10-30 11:37:55+00:00,2018-10-30 10:49:55+00:00
request for payment 174774,Request For Payment SUBMITTED by EMPLOYEE,STAFF MEMBER,2018-10-30 11:43:19+00:00,2018-10-30 11:04:19+00:00
request for payment 174774,Request For Payment REJECTED by ADMINISTRATION,STAFF MEMBER,2018-10-30 11:41:55+00:00,2018-10-30 11:04:55+00:00
request for payment 172362,Request For Payment SUBMITTED by EMPLOYEE,STAFF MEMBER,2018-10-30 12:18:53+00:00,2018-10-30 11:36:53+00:00
request for payment 172362,Request For Payment APPROVED by ADMINISTRATION,STAFF MEMBER,2018-10-30 12:26:59+00:00,2018-10-30 11:36:59+00:00
request for payment 172367,Request For Payment SUBMITTED by EMPLOYEE,STAFF MEMBER,2018-10-30 12:58:45+00:00,2018-10-30 12:01:45+00:00
request for payment 172367,Request For Payment APPROVED by ADMINISTRATION,STAFF MEMBER,2018-10-30 12:56:52+00:00,2018-10-30 12:01:52+00:00
request for payment 172064,Request For Payment SUBMITTED by EMPLOYEE,STAFF MEMBER,2018-10-30 12:53:06+00:00,2018-10-30 12:21:06+00:00
request for payment 172064,Request For Payment APPROVED by ADMINISTRATION,STAFF MEMBER,2018-10-30 13:02:09+00:00,2018-10-30 12:21:09+00:00
request for payment 181734,Request For Payment SUBMITTED by EMPLOYEE,STAFF MEMBER,2018-10-30 13:42:13+00:00,2018-10-30 12:42:13+00:00
request for payment 181734,Request For Payment APPROVED by ADMINISTRATION,STAFF MEMBER,2018-10-30 13:18:27+00:00,2018-10-30 12:42:27+00:00
request for payment 172069,Request For Payment SUBMITTED by EMPLOYEE,STAFF MEMBER,2018-10-30 13:59:51+00:00,2018-10-30 13:01:51+00:00
request for payment 172069,Request For Payment APPROVED by ADMINISTRATION,STAFF MEMBER,2018-10-30 14:00:58+00:00,2018-10-30 13:01:58+00:00
request for payment 172668,Request For Payment SUBMITTED by EMPLOYEE,STAFF MEMBER,2018-10-30 14:24:30+00:00,2018-10-30 13:50:30+00:00
request for payment 172668,Request For Payment APPROVED by ADMINISTRATION,STAFF MEMBER,2018-10-30 14:42:49+00:00,2018-10-30 13:52:49+00:00
request for payment 182326,Request For Payment SUBMITTED by EMPLOYEE,STAFF MEMBER,2018-10-30 14:53:46+00:00,2018-10-30 13:54:46+00:00
request for payment 182326,Request For Payment APPROVED by ADMINISTRATION,STAFF MEMBER,2018-10-30 14:47:47+00:00,2018-10-30 13:54:47+00:00
request for payment 182331,Request For Payment SUBMITTED by EMPLOYEE,STAFF MEMBER,2018-10-30 14:38:44+00:00,2018-10-30 13:57:44+00:00
request for payment 182331,Request For Payment APPROVED by ADMINISTRATION,STAFF MEMBER,2018-10-30 14:48:53+00:00,2018-10-30 13:57:53+00:00
request for payment 172668,Request For Payment FINAL_APPROVED by SUPERVISOR,STAFF MEMBER,2018-10-30 14:47:25+00:00,2018-10-30 13:59:25+00:00
request for payment 176997,Request For Payment FINAL_APPROVED by SUPERVISOR,STAFF MEMBER,2018-10-30 15:06:50+00:00,2018-10-30 14:18:50+00:00
request for payment 177002,Request For Payment APPROVED by BUDGET OWNER,STAFF MEMBER,2018-10-30 15:17:55+00:00,2018-10-30 14:19:55+00:00
request for payment 177002,Request For Payment FINAL_APPROVED by SUPERVISOR,STAFF MEMBER,2018-10-30 15:19:51+00:00,2018-10-30 14:23:51+00:00
request for payment 173687,Request For Payment FINAL_APPROVED by SUPERVISOR,STAFF MEMBER,2018-10-30 15:17:05+00:00,2018-10-30 14:32:05+00:00
request for payment 182326,Request For Payment FINAL_APPROVED by SUPERVISOR,STAFF MEMBER,2018-10-30 15:35:40+00:00,2018-10-30 14:35:40+00:00
request for payment 174736,Request For Payment FINAL_APPROVED by SUPERVISOR,STAFF MEMBER,2018-10-30 15:18:41+00:00,2018-10-30 14:37:41+00:00
request for payment 172346,Request Payment,SYSTEM,2018-10-30 15:19:32+00:00,2018-10-30 14:38:32+00:00
request for payment 182505,Request For Payment REJECTED by EMPLOYEE,STAFF MEMBER,2018-10-30 15:16:52+00:00,2018-10-30 14:45:52+00:00
request for payment 174769,Request For Payment FINAL_APPROVED by SUPERVISOR,STAFF MEMBER,2018-10-30 15:47:30+00:00,2018-10-30 14:48:30+00:00
request for payment 174774,Request For Payment REJECTED by EMPLOYEE,STAFF MEMBER,2018-10-30 15:50:49+00:00,2018-10-30 14:51:49+00:00
request for payment 172351,Request Payment,SYSTEM,2018-10-30 15:26:42+00:00,2018-10-30 14:54:42+00:00
request for payment 182326,Request Payment,SYSTEM,2018-10-30 15:46:42+00:00,2018-10-30 14:58:42+00:00
request for payment 176997,Request Payment,SYSTEM,2018-10-30 15:47:55+00:00,2018-10-30 14:58:55+00:00
request for payment 182336,Request For Payment SUBMITTED by EMPLOYEE,STAFF MEMBER,2018-10-30 16:28:29+00:00,2018-10-30 15:52:29+00:00
request for payment 182336,Request For Payment REJECTED by ADMINISTRATION,STAFF MEMBER,2018-10-30 16:38:31+00:00,2018-10-30 15:53:31+00:00
request for payment 182344,Request For Payment SUBMITTED by EMPLOYEE,STAFF MEMBER,2018-10-30 16:29:46+00:00,2018-10-30 15:58:46+00:00
request for payment 182344,Request For Payment APPROVED by ADMINISTRATION,STAFF MEMBER,2018-10-30 16:47:52+00:00,2018-10-30 15:58:52+00:00
request for payment 172673,Request For Payment SUBMITTED by EMPLOYEE,STAFF MEMBER,2018-10-30 16:50:03+00:00,2018-10-30 16:20:03+00:00
request for payment 172673,Request For Payment APPROVED by ADMINISTRATION,STAFF MEMBER,2018-10-30 17:08:07+00:00,2018-10-30 16:20:07+00:00
request for payment 172049,Request For Payment REJECTED by ADMINISTRATION,STAFF MEMBER,2018-10-30 17:36:19+00:00,2018-10-30 17:01:19+00:00
request for payment 182509,Request For Payment SUBMITTED by EMPLOYEE,STAFF MEMBER,2018-10-30 17:47:56+00:00,2018-10-30 17:11:56+00:00
request for payment 182509,Request For Payment APPROVED by ADMINISTRATION,STAFF MEMBER,2018-10-30 18:02:58+00:00,2018-10-30 17:11:58+00:00
request for payment 183503,Request For Payment SUBMITTED by EMPLOYEE,STAFF MEMBER,2018-10-31 06:59:15+00:00,2018-10-31 06:10:15+00:00
request for payment 183503,Request For Payment APPROVED by ADMINISTRATION,STAFF MEMBER,2018-10-31 07:14:36+00:00,2018-10-31 06:14:36+00:00
request for payment 183153,Request For Payment APPROVED by BUDGET OWNER,STAFF MEMBER,2018-10-31 08:07:50+00:00,2018-10-31 07:14:50+00:00
request for payment 177008,Request For Payment FINAL_APPROVED by SUPERVISOR,STAFF MEMBER,2018-10-31 08:41:17+00:00,2018-10-31 07:47:17+00:00
request for payment 175066,Request For Payment SUBMITTED by EMPLOYEE,STAFF MEMBER,2018-10-31 08:30:36+00:00,2018-10-31 07:59:36+00:00
request for payment 175066,Request For Payment APPROVED by ADMINISTRATION,STAFF MEMBER,2018-10-31 08:49:52+00:00,2018-10-31 07:59:52+00:00
request for payment 175072,Request For Payment SUBMITTED by EMPLOYEE,STAFF MEMBER,2018-10-31 08:39:46+00:00,2018-10-31 08:03:46+00:00
request for payment 175072,Request For Payment APPROVED by ADMINISTRATION,STAFF MEMBER,2018-10-31 08:39:19+00:00,2018-10-31 08:04:19+00:00
request for payment 175077,Request For Payment SUBMITTED by EMPLOYEE,STAFF MEMBER,2018-10-31 09:09:18+00:00,2018-10-31 08:10:18+00:00
request for payment 175077,Request For Payment APPROVED by ADMINISTRATION,STAFF MEMBER,2018-10-31 09:02:56+00:00,2018-10-31 08:10:56+00:00
request for payment 183153,Request For Payment FINAL_APPROVED by SUPERVISOR,STAFF MEMBER,2018-10-31 09:12:03+00:00,2018-10-31 08:15:03+00:00
request for payment 172362,Request For Payment FINAL_APPROVED by SUPERVISOR,STAFF MEMBER,2018-10-31 08:49:47+00:00,2018-10-31 08:17:47+00:00
request for payment 182500,Request For Payment FINAL_APPROVED by SUPERVISOR,STAFF MEMBER,2018-10-31 08:55:18+00:00,2018-10-31 08:18:18+00:00
request for payment 182500,Request Payment,SYSTEM,2018-10-31 09:11:57+00:00,2018-10-31 08:21:57+00:00
request for payment 181739,Request For Payment SUBMITTED by EMPLOYEE,STAFF MEMBER,2018-10-31 09:16:23+00:00,2018-10-31 08:32:23+00:00
request for payment 181739,Request For Payment REJECTED by ADMINISTRATION,STAFF MEMBER,2018-10-31 09:26:37+00:00,2018-10-31 08:32:37+00:00
request for payment 182349,Request For Payment SUBMITTED by EMPLOYEE,STAFF MEMBER,2018-10-31 09:38:39+00:00,2018-10-31 08:47:39+00:00
request for payment 172075,Request For Payment SUBMITTED by EMPLOYEE,STAFF MEMBER,2018-10-31 09:31:02+00:00,2018-10-31 08:49:02+00:00
request for payment 172075,Request For Payment APPROVED by ADMINISTRATION,STAFF MEMBER,2018-10-31 09:22:07+00:00,2018-10-31 08:49:07+00:00
request for payment 182349,Request For Payment APPROVED by ADMINISTRATION,STAFF MEMBER,2018-10-31 09:28:10+00:00,2018-10-31 08:56:10+00:00
request for payment 172075,Request For Payment FINAL_APPROVED by SUPERVISOR,STAFF MEMBER,2018-10-31 09:35:28+00:00,2018-10-31 09:01:28+00:00
request for payment 172673,Request For Payment FINAL_APPROVED by SUPERVISOR,STAFF MEMBER,2018-10-31 09:52:45+00:00,2018-10-31 09:09:45+00:00
request for payment 172064,Request For Payment FINAL_APPROVED by SUPERVISOR,STAFF MEMBER,2018-10-31 10:11:15+00:00,2018-10-31 09:15:15+00:00
request for payment 177028,Request For Payment FINAL_APPROVED by SUPERVISOR,STAFF MEMBER,2018-10-31 09:49:16+00:00,2018-10-31 09:17:16+00:00
request for payment 172049,Request For Payment REJECTED by EMPLOYEE,STAFF MEMBER,2018-10-31 10:15:23+00:00,2018-10-31 09:20:23+00:00
request for payment 172341,Request For Payment FINAL_APPROVED by SUPERVISOR,STAFF MEMBER,2018-10-31 09:57:25+00:00,2018-10-31 09:23:25+00:00
request for payment 182354,Request For Payment SUBMITTED by EMPLOYEE,STAFF MEMBER,2018-10-31 09:54:52+00:00,2018-10-31 09:23:52+00:00
request for payment 182354,Request For Payment APPROVED by ADMINISTRATION,STAFF MEMBER,2018-10-31 09:57:01+00:00,2018-10-31 09:24:01+00:00
request for payment 182360,Request For Payment SUBMITTED by EMPLOYEE,STAFF MEMBER,2018-10-31 10:10:44+00:00,2018-10-31 09:26:44+00:00
request for payment 182360,Request For Payment APPROVED by ADMINISTRATION,STAFF MEMBER,2018-10-31 10:01:02+00:00,2018-10-31 09:27:02+00:00
request for payment 182365,Request For Payment SUBMITTED by EMPLOYEE,STAFF MEMBER,2018-10-31 10:20:38+00:00,2018-10-31 09:27:38+00:00
request for payment 182365,Request For Payment APPROVED by ADMINISTRATION,STAFF MEMBER,2018-10-31 10:27:02+00:00,2018-10-31 09:28:02+00:00
request for payment 183508,Request For Payment SUBMITTED by EMPLOYEE,STAFF MEMBER,2018-10-31 10:28:32+00:00,2018-10-31 09:29:32+00:00
request for payment 183508,Request For Payment APPROVED by ADMINISTRATION,STAFF MEMBER,2018-10-31 10:06:38+00:00,2018-10-31 09:29:38+00:00
request for payment 182331,Request For Payment FINAL_APPROVED by SUPERVISOR,STAFF MEMBER,2018-10-31 09:59:51+00:00,2018-10-31 09:29:51+00:00
request for payment 172367,Request For Payment APPROVED by BUDGET OWNER,STAFF MEMBER,2018-10-31 10:19:03+00:00,2018-10-31 09:31:03+00:00
request for payment 177024,Request For Payment REJECTED by EMPLOYEE,STAFF MEMBER,2018-10-31 10:13:14+00:00,2018-10-31 09:33:14+00:00
request for payment 183104,Request For Payment FINAL_APPROVED by SUPERVISOR,STAFF MEMBER,2018-10-31 10:22:34+00:00,2018-10-31 09:35:34+00:00
request for payment 183513,Request For Payment SUBMITTED by EMPLOYEE,STAFF MEMBER,2018-10-31 10:34:52+00:00,2018-10-31 09:41:52+00:00
request for payment 183513,Request For Payment APPROVED by ADMINISTRATION,STAFF MEMBER,2018-10-31 10:42:08+00:00,2018-10-31 09:49:08+00:00
request for payment 172668,Request Payment,SYSTEM,2018-10-31 10:30:43+00:00,2018-10-31 09:55:43+00:00
request for payment 182514,Request For Payment SUBMITTED by EMPLOYEE,STAFF MEMBER,2018-10-31 11:10:24+00:00,2018-10-31 10:22:24+00:00
request for payment 182514,Request For Payment APPROVED by ADMINISTRATION,STAFF MEMBER,2018-10-31 10:58:29+00:00,2018-10-31 10:22:29+00:00
request for payment 172080,Request For Payment SUBMITTED by EMPLOYEE,STAFF MEMBER,2018-10-31 11:18:17+00:00,2018-10-31 10:42:17+00:00
request for payment 172080,Request For Payment APPROVED by ADMINISTRATION,STAFF MEMBER,2018-10-31 11:30:24+00:00,2018-10-31 10:43:24+00:00
request for payment 172085,Request For Payment SUBMITTED by EMPLOYEE,STAFF MEMBER,2018-10-31 11:33:07+00:00,2018-10-31 10:49:07+00:00
request for payment 172085,Request For Payment REJECTED by ADMINISTRATION,STAFF MEMBER,2018-10-31 11:39:10+00:00,2018-10-31 10:49:10+00:00
request for payment 179597,Request For Payment APPROVED by BUDGET OWNER,STAFF MEMBER,2018-10-31 11:46:48+00:00,2018-10-31 10:51:48+00:00
request for payment 182297,Request For Payment REJECTED by EMPLOYEE,STAFF MEMBER,2018-10-31 11:45:46+00:00,2018-10-31 10:52:46+00:00
request for payment 181729,Request For Payment FINAL_APPROVED by SUPERVISOR,STAFF MEMBER,2018-10-31 11:42:08+00:00,2018-10-31 10:53:08+00:00
request for payment 183109,Request For Payment FINAL_APPROVED by SUPERVISOR,STAFF MEMBER,2018-10-31 11:40:18+00:00,2018-10-31 10:54:18+00:00
request for payment 183114,Request For Payment FINAL_APPROVED by SUPERVISOR,STAFF MEMBER,2018-10-31 11:30:19+00:00,2018-10-31 10:55:19+00:00
request for payment 182514,Request For Payment FINAL_APPROVED by SUPERVISOR,STAFF MEMBER,2018-10-31 11:40:17+00:00,2018-10-31 10:57:17+00:00
request for payment 183513,Request For Payment FINAL_APPROVED by SUPERVISOR,STAFF MEMBER,2018-10-31 11:33:38+00:00,2018-10-31 10:57:38+00:00
request for payment 183508,Request For Payment FINAL_APPROVED by SUPERVISOR,STAFF MEMBER,2018-10-31 11:34:08+00:00,2018-10-31 10:58:08+00:00
request for payment 172069,Request For Payment APPROVED by BUDGET OWNER,STAFF MEMBER,2018-10-31 11:56:20+00:00,2018-10-31 10:59:20+00:00
request for payment 172059,Request For Payment REJECTED by BUDGET OWNER,STAFF MEMBER,2018-10-31 11:52:39+00:00,2018-10-31 10:59:39+00:00
request for payment 183142,Request For Payment FINAL_APPROVED by SUPERVISOR,STAFF MEMBER,2018-10-31 11:55:15+00:00,2018-10-31 11:00:15+00:00
request for payment 177028,Request Payment,SYSTEM,2018-10-31 11:50:15+00:00,2018-10-31 11:00:15+00:00
request for payment 177045,Request For Payment APPROVED by BUDGET OWNER,STAFF MEMBER,2018-10-31 11:37:54+00:00,2018-10-31 11:00:54+00:00
request for payment 183125,Request For Payment FINAL_APPROVED by SUPERVISOR,STAFF MEMBER,2018-10-31 11:46:30+00:00,2018-10-31 11:01:30+00:00
request for payment 172356,Request For Payment APPROVED by BUDGET OWNER,STAFF MEMBER,2018-10-31 11:38:55+00:00,2018-10-31 11:01:55+00:00
request for payment 182478,Request For Payment FINAL_APPROVED by SUPERVISOR,STAFF MEMBER,2018-10-31 11:38:14+00:00,2018-10-31 11:02:14+00:00
request for payment 180443,Request For Payment REJECTED by EMPLOYEE,STAFF MEMBER,2018-10-31 11:43:06+00:00,2018-10-31 11:03:06+00:00
request for payment 182456,Request For Payment APPROVED by BUDGET OWNER,STAFF MEMBER,2018-10-31 11:50:56+00:00,2018-10-31 11:03:56+00:00
request for payment 182450,Request For Payment APPROVED by BUDGET OWNER,STAFF MEMBER,2018-10-31 11:49:19+00:00,2018-10-31 11:04:19+00:00
request for payment 183518,Request For Payment SUBMITTED by EMPLOYEE,STAFF MEMBER,2018-10-31 11:37:33+00:00,2018-10-31 11:04:33+00:00
request for payment 183518,Request For Payment APPROVED by ADMINISTRATION,STAFF MEMBER,2018-10-31 11:40:36+00:00,2018-10-31 11:06:36+00:00
request for payment 172678,Request For Payment SUBMITTED by EMPLOYEE,STAFF MEMBER,2018-10-31 11:41:38+00:00,2018-10-31 11:06:38+00:00
request for payment 172678,Request For Payment APPROVED by ADMINISTRATION,STAFF MEMBER,2018-10-31 11:40:01+00:00,2018-10-31 11:07:01+00:00
request for payment 182519,Request For Payment SUBMITTED by EMPLOYEE,STAFF MEMBER,2018-10-31 12:24:34+00:00,2018-10-31 11:29:34+00:00
request for payment 182519,Request For Payment APPROVED by ADMINISTRATION,STAFF MEMBER,2018-10-31 12:18:39+00:00,2018-10-31 11:31:39+00:00
request for payment 183114,Request Payment,SYSTEM,2018-10-31 12:36:04+00:00,2018-10-31 11:41:04+00:00
request for payment 176991,Request For Payment FINAL_APPROVED by SUPERVISOR,STAFF MEMBER,2018-10-31 12:36:28+00:00,2018-10-31 12:04:28+00:00
request for payment 172324,Request For Payment FINAL_APPROVED by SUPERVISOR,STAFF MEMBER,2018-10-31 13:04:28+00:00,2018-10-31 12:04:28+00:00
request for payment 183518,Request For Payment FINAL_APPROVED by SUPERVISOR,STAFF MEMBER,2018-10-31 13:18:50+00:00,2018-10-31 12:24:50+00:00
request for payment 183523,Request For Payment SUBMITTED by EMPLOYEE,STAFF MEMBER,2018-10-31 13:03:12+00:00,2018-10-31 12:29:12+00:00
request for payment 183523,Request For Payment REJECTED by ADMINISTRATION,STAFF MEMBER,2018-10-31 13:28:41+00:00,2018-10-31 12:29:41+00:00
request for payment 174736,Request Payment,SYSTEM,2018-10-31 13:45:08+00:00,2018-10-31 12:54:08+00:00
request for payment 183527,Request For Payment SUBMITTED by EMPLOYEE,STAFF MEMBER,2018-10-31 14:29:11+00:00,2018-10-31 13:32:11+00:00
request for payment 183527,Request For Payment APPROVED by ADMINISTRATION,STAFF MEMBER,2018-10-31 14:02:20+00:00,2018-10-31 13:32:20+00:00
request for payment 183527,Request For Payment APPROVED by BUDGET OWNER,STAFF MEMBER,2018-10-31 14:23:30+00:00,2018-10-31 13:35:30+00:00
request for payment 183533,Request For Payment SUBMITTED by EMPLOYEE,STAFF MEMBER,2018-10-31 14:13:59+00:00,2018-10-31 13:39:59+00:00
request for payment 183533,Request For Payment APPROVED by ADMINISTRATION,STAFF MEMBER,2018-10-31 14:29:06+00:00,2018-10-31 13:40:06+00:00
request for payment 182509,Request For Payment FINAL_APPROVED by SUPERVISOR,STAFF MEMBER,2018-10-31 14:37:18+00:00,2018-10-31 13:49:18+00:00
request for payment 183538,Request For Payment SUBMITTED by EMPLOYEE,STAFF MEMBER,2018-10-31 14:32:04+00:00,2018-10-31 14:02:04+00:00
request for payment 183538,Request For Payment APPROVED by ADMINISTRATION,STAFF MEMBER,2018-10-31 14:58:06+00:00,2018-10-31 14:02:06+00:00
request for payment 172093,Request For Payment SUBMITTED by EMPLOYEE,STAFF MEMBER,2018-10-31 15:46:30+00:00,2018-10-31 14:54:30+00:00
request for payment 172093,Request For Payment APPROVED by ADMINISTRATION,STAFF MEMBER,2018-10-31 15:54:19+00:00,2018-10-31 14:57:19+00:00
request for payment 182370,Request For Payment SUBMITTED by EMPLOYEE,STAFF MEMBER,2018-10-31 15:59:15+00:00,2018-10-31 15:06:15+00:00
request for payment 182370,Request For Payment APPROVED by ADMINISTRATION,STAFF MEMBER,2018-10-31 15:51:27+00:00,2018-10-31 15:09:27+00:00
request for payment 175066,Request For Payment APPROVED by BUDGET OWNER,STAFF MEMBER,2018-10-31 15:46:43+00:00,2018-10-31 15:12:43+00:00
request for payment 175072,Request For Payment FINAL_APPROVED by SUPERVISOR,STAFF MEMBER,2018-10-31 15:46:48+00:00,2018-10-31 15:13:48+00:00
request for payment 183523,Request For Payment REJECTED by EMPLOYEE,STAFF MEMBER,2018-10-31 15:55:01+00:00,2018-10-31 15:15:01+00:00
request for payment 182370,Request For Payment FINAL_APPROVED by SUPERVISOR,STAFF MEMBER,2018-10-31 16:34:11+00:00,2018-10-31 15:38:11+00:00
request for payment 182462,Request Payment,SYSTEM,2018-10-31 16:51:26+00:00,2018-10-31 15:53:26+00:00
request for payment 182375,Request For Payment SUBMITTED by EMPLOYEE,STAFF MEMBER,2018-10-31 16:57:15+00:00,2018-10-31 16:02:15+00:00
request for payment 182375,Request For Payment APPROVED by ADMINISTRATION,STAFF MEMBER,2018-10-31 16:57:01+00:00,2018-10-31 16:04:01+00:00
request for payment 182380,Request For Payment SUBMITTED by EMPLOYEE,STAFF MEMBER,2018-10-31 17:11:11+00:00,2018-10-31 16:16:11+00:00
request for payment 182380,Request For Payment APPROVED by ADMINISTRATION,STAFF MEMBER,2018-10-31 17:15:16+00:00,2018-10-31 16:16:16+00:00
request for payment 182812,Request For Payment SUBMITTED by EMPLOYEE,STAFF MEMBER,2018-10-31 18:53:03+00:00,2018-10-31 18:04:03+00:00
request for payment 182812,Request For Payment REJECTED by ADMINISTRATION,STAFF MEMBER,2018-10-31 18:45:13+00:00,2018-10-31 18:04:13+00:00
request for payment 172587,Request Payment,SYSTEM,2018-10-31 19:34:25+00:00,2018-10-31 18:48:25+00:00
request for payment 179597,Request For Payment FINAL_APPROVED by SUPERVISOR,STAFF MEMBER,2018-10-31 19:47:27+00:00,2018-10-31 19:07:27+00:00
request for payment 175066,Request For Payment FINAL_APPROVED by SUPERVISOR,STAFF MEMBER,2018-10-31 20:03:28+00:00,2018-10-31 19:10:28+00:00
request for payment 172683,Request For Payment SUBMITTED by EMPLOYEE,STAFF MEMBER,2018-10-31 19:42:10+00:00,2018-10-31 19:12:10+00:00
request for payment 172683,Request For Payment APPROVED by ADMINISTRATION,STAFF MEMBER,2018-10-31 20:06:20+00:00,2018-10-31 19:12:20+00:00
request for payment 172689,Request For Payment SUBMITTED by EMPLOYEE,STAFF MEMBER,2018-10-31 19:50:22+00:00,2018-10-31 19:16:22+00:00
request for payment 172689,Request For Payment APPROVED by ADMINISTRATION,STAFF MEMBER,2018-10-31 19:54:28+00:00,2018-10-31 19:16:28+00:00
request for payment 172069,Request For Payment FINAL_APPROVED by SUPERVISOR,STAFF MEMBER,2018-11-01 05:07:14+00:00,2018-11-01 04:35:14+00:00
request for payment 180455,Request For Payment FINAL_APPROVED by SUPERVISOR,STAFF MEMBER,2018-11-01 05:30:33+00:00,2018-11-01 04:50:33+00:00
request for payment 172367,Request For Payment FINAL_APPROVED by SUPERVISOR,STAFF MEMBER,2018-11-01 05:30:33+00:00,2018-11-01 04:50:33+00:00
request for payment 182331,Request Payment,SYSTEM,2018-11-01 05:22:35+00:00,2018-11-01 04:50:35+00:00
request for payment 177045,Request For Payment FINAL_APPROVED by SUPERVISOR,STAFF MEMBER,2018-11-01 06:15:57+00:00,2018-11-01 05:24:57+00:00
request for payment 172356,Request For Payment FINAL_APPROVED by SUPERVISOR,STAFF MEMBER,2018-11-01 06:24:57+00:00,2018-11-01 05:24:57+00:00
request for payment 182478,Request Payment,SYSTEM,2018-11-01 06:17:57+00:00,2018-11-01 05:24:57+00:00
request for payment 175066,Request Payment,SYSTEM,2018-11-01 06:57:03+00:00,2018-11-01 06:23:03+00:00
request for payment 180455,Request Payment,SYSTEM,2018-11-01 07:57:16+00:00,2018-11-01 07:10:16+00:00
request for payment 172695,Request For Payment SUBMITTED by EMPLOYEE,STAFF MEMBER,2018-11-01 08:01:16+00:00,2018-11-01 07:14:16+00:00
request for payment 172695,Request For Payment APPROVED by ADMINISTRATION,STAFF MEMBER,2018-11-01 07:54:35+00:00,2018-11-01 07:14:35+00:00
request for payment 176991,Request Payment,SYSTEM,2018-11-01 08:17:10+00:00,2018-11-01 07:17:10+00:00
request for payment 172098,Request For Payment SUBMITTED by EMPLOYEE,STAFF MEMBER,2018-11-01 08:16:50+00:00,2018-11-01 07:37:50+00:00
request for payment 172098,Request For Payment REJECTED by ADMINISTRATION,STAFF MEMBER,2018-11-01 08:31:56+00:00,2018-11-01 07:37:56+00:00
request for payment 183109,Request Payment,SYSTEM,2018-11-01 08:45:02+00:00,2018-11-01 07:53:02+00:00
request for payment 183142,Request Payment,SYSTEM,2018-11-01 08:44:04+00:00,2018-11-01 07:53:04+00:00
request for payment 182386,Request For Payment SUBMITTED by EMPLOYEE,STAFF MEMBER,2018-11-01 08:31:54+00:00,2018-11-01 07:57:54+00:00
request for payment 182386,Request For Payment APPROVED by ADMINISTRATION,STAFF MEMBER,2018-11-01 08:34:07+00:00,2018-11-01 07:58:07+00:00
request for payment 182380,Request For Payment APPROVED by BUDGET OWNER,STAFF MEMBER,2018-11-01 08:37:02+00:00,2018-11-01 08:01:02+00:00
request for payment 181739,Request For Payment REJECTED by EMPLOYEE,STAFF MEMBER,2018-11-01 08:55:54+00:00,2018-11-01 08:04:54+00:00
request for payment 183513,Request Payment,SYSTEM,2018-11-01 08:38:21+00:00,2018-11-01 08:07:21+00:00
request for payment 172085,Request For Payment REJECTED by EMPLOYEE,STAFF MEMBER,2018-11-01 09:07:32+00:00,2018-11-01 08:09:32+00:00
request for payment 172701,Request For Payment SUBMITTED by EMPLOYEE,STAFF MEMBER,2018-11-01 08:45:31+00:00,2018-11-01 08:13:31+00:00
request for payment 172701,Request For Payment REJECTED by ADMINISTRATION,STAFF MEMBER,2018-11-01 09:16:24+00:00,2018-11-01 08:18:24+00:00
request for payment 182456,Request For Payment FINAL_APPROVED by SUPERVISOR,STAFF MEMBER,2018-11-01 09:12:35+00:00,2018-11-01 08:22:35+00:00
request for payment 182450,Request For Payment FINAL_APPROVED by SUPERVISOR,STAFF MEMBER,2018-11-01 09:14:34+00:00,2018-11-01 08:30:34+00:00
request for payment 172080,Request For Payment FINAL_APPROVED by SUPERVISOR,STAFF MEMBER,2018-11-01 09:26:38+00:00,2018-11-01 08:56:38+00:00
request for payment 172709,Request For Payment SUBMITTED by EMPLOYEE,STAFF MEMBER,2018-11-01 09:58:34+00:00,2018-11-01 08:59:34+00:00
request for payment 172709,Request For Payment APPROVED by ADMINISTRATION,STAFF MEMBER,2018-11-01 09:30:39+00:00,2018-11-01 08:59:39+00:00
request for payment 172714,Request For Payment SUBMITTED by EMPLOYEE,STAFF MEMBER,2018-11-01 09:51:07+00:00,2018-11-01 09:02:07+00:00
request for payment 172714,Request For Payment APPROVED by ADMINISTRATION,STAFF MEMBER,2018-11-01 09:37:39+00:00,2018-11-01 09:02:39+00:00
request for payment 172356,Request Payment,SYSTEM,2018-11-01 09:33:49+00:00,2018-11-01 09:03:49+00:00
request for payment 172102,Request For Payment SUBMITTED by EMPLOYEE,STAFF MEMBER,2018-11-01 09:50:55+00:00,2018-11-01 09:05:55+00:00
request for payment 172102,Request For Payment APPROVED by ADMINISTRATION,STAFF MEMBER,2018-11-01 09:44:03+00:00,2018-11-01 09:06:03+00:00
request for payment 183508,Request Payment,SYSTEM,2018-11-01 10:06:07+00:00,2018-11-01 09:07:07+00:00
request for payment 172709,Request For Payment FINAL_APPROVED by SUPERVISOR,STAFF MEMBER,2018-11-01 10:06:20+00:00,2018-11-01 09:23:20+00:00
request for payment 183543,Request For Payment SUBMITTED by EMPLOYEE,STAFF MEMBER,2018-11-01 10:36:01+00:00,2018-11-01 09:47:01+00:00
request for payment 183543,Request For Payment APPROVED by ADMINISTRATION,STAFF MEMBER,2018-11-01 10:18:06+00:00,2018-11-01 09:47:06+00:00
request for payment 182392,Request For Payment SUBMITTED by EMPLOYEE,STAFF MEMBER,2018-11-01 11:04:13+00:00,2018-11-01 10:04:13+00:00
request for payment 182392,Request For Payment APPROVED by ADMINISTRATION,STAFF MEMBER,2018-11-01 10:37:13+00:00,2018-11-01 10:05:13+00:00
request for payment 183533,Request For Payment FINAL_APPROVED by SUPERVISOR,STAFF MEMBER,2018-11-01 10:59:15+00:00,2018-11-01 10:20:15+00:00
request for payment 175082,Request For Payment SUBMITTED by EMPLOYEE,STAFF MEMBER,2018-11-01 11:11:29+00:00,2018-11-01 10:23:29+00:00
request for payment 175082,Request For Payment APPROVED by ADMINISTRATION,STAFF MEMBER,2018-11-01 10:55:36+00:00,2018-11-01 10:25:36+00:00
request for payment 180443,Request For Payment SUBMITTED by EMPLOYEE,STAFF MEMBER,2018-11-01 11:00:54+00:00,2018-11-01 10:26:54+00:00
request for payment 182812,Request For Payment REJECTED by EMPLOYEE,STAFF MEMBER,2018-11-01 11:01:34+00:00,2018-11-01 10:27:34+00:00
request for payment 180443,Request For Payment REJECTED by ADMINISTRATION,STAFF MEMBER,2018-11-01 11:16:45+00:00,2018-11-01 10:27:45+00:00
request for payment 172324,Request Payment,SYSTEM,2018-11-01 11:57:57+00:00,2018-11-01 11:00:57+00:00
request for payment 172080,Request Payment,SYSTEM,2018-11-01 11:58:16+00:00,2018-11-01 11:07:16+00:00
request for payment 172341,Request Payment,SYSTEM,2018-11-01 12:00:21+00:00,2018-11-01 11:07:21+00:00
request for payment 182370,Request Payment,SYSTEM,2018-11-01 12:03:52+00:00,2018-11-01 11:08:52+00:00
request for payment 176985,Request For Payment FINAL_APPROVED by SUPERVISOR,STAFF MEMBER,2018-11-01 11:52:56+00:00,2018-11-01 11:21:56+00:00
request for payment 172678,Request For Payment FINAL_APPROVED by SUPERVISOR,STAFF MEMBER,2018-11-01 11:55:48+00:00,2018-11-01 11:23:48+00:00
request for payment 182820,Request For Payment SUBMITTED by EMPLOYEE,STAFF MEMBER,2018-11-01 12:27:04+00:00,2018-11-01 11:30:04+00:00
request for payment 179597,Request Payment,SYSTEM,2018-11-01 12:43:31+00:00,2018-11-01 11:46:31+00:00
request for payment 182349,Request For Payment FINAL_APPROVED by SUPERVISOR,STAFF MEMBER,2018-11-01 12:22:51+00:00,2018-11-01 11:49:51+00:00
request for payment 181734,Request For Payment FINAL_APPROVED by SUPERVISOR,STAFF MEMBER,2018-11-01 12:47:50+00:00,2018-11-01 11:50:50+00:00
request for payment 183491,Request For Payment APPROVED by BUDGET OWNER,STAFF MEMBER,2018-11-01 12:36:33+00:00,2018-11-01 11:51:33+00:00
request for payment 180467,Request For Payment APPROVED by BUDGET OWNER,STAFF MEMBER,2018-11-01 12:23:16+00:00,2018-11-01 11:52:16+00:00
request for payment 172318,Request For Payment FINAL_APPROVED by SUPERVISOR,STAFF MEMBER,2018-11-01 12:49:17+00:00,2018-11-01 11:59:17+00:00
request for payment 182820,Request For Payment APPROVED by ADMINISTRATION,STAFF MEMBER,2018-11-01 12:58:25+00:00,2018-11-01 12:19:25+00:00
request for payment 172059,Request For Payment REJECTED by EMPLOYEE,STAFF MEMBER,2018-11-01 13:13:10+00:00,2018-11-01 12:20:10+00:00
request for payment 183533,Request Payment,SYSTEM,2018-11-01 13:05:13+00:00,2018-11-01 12:23:13+00:00
request for payment 182489,Request Payment,SYSTEM,2018-11-01 13:06:38+00:00,2018-11-01 12:29:38+00:00
request for payment 172719,Request For Payment SUBMITTED by EMPLOYEE,STAFF MEMBER,2018-11-01 13:36:25+00:00,2018-11-01 12:38:25+00:00
request for payment 172719,Request For Payment APPROVED by ADMINISTRATION,STAFF MEMBER,2018-11-01 13:12:58+00:00,2018-11-01 12:39:58+00:00
request for payment 182825,Request For Payment SUBMITTED by EMPLOYEE,STAFF MEMBER,2018-11-01 13:50:00+00:00,2018-11-01 12:53:00+00:00
request for payment 182830,Request For Payment SUBMITTED by EMPLOYEE,STAFF MEMBER,2018-11-01 13:45:24+00:00,2018-11-01 12:55:24+00:00
request for payment 182825,Request For Payment APPROVED by ADMINISTRATION,STAFF MEMBER,2018-11-01 13:31:09+00:00,2018-11-01 12:56:09+00:00
request for payment 172107,Request For Payment SUBMITTED by EMPLOYEE,STAFF MEMBER,2018-11-01 13:52:26+00:00,2018-11-01 13:00:26+00:00
request for payment 172107,Request For Payment APPROVED by ADMINISTRATION,STAFF MEMBER,2018-11-01 13:58:40+00:00,2018-11-01 13:01:40+00:00
request for payment 182397,Request For Payment SUBMITTED by EMPLOYEE,STAFF MEMBER,2018-11-01 13:44:36+00:00,2018-11-01 13:13:36+00:00
request for payment 182402,Request For Payment SUBMITTED by EMPLOYEE,STAFF MEMBER,2018-11-01 14:14:31+00:00,2018-11-01 13:15:31+00:00
request for payment 182402,Request For Payment APPROVED by ADMINISTRATION,STAFF MEMBER,2018-11-01 14:13:35+00:00,2018-11-01 13:15:35+00:00
request for payment 172075,Request Payment,SYSTEM,2018-11-01 14:16:40+00:00,2018-11-01 13:17:40+00:00
request for payment 181739,Request For Payment SUBMITTED by EMPLOYEE,STAFF MEMBER,2018-11-01 14:01:12+00:00,2018-11-01 13:27:12+00:00
request for payment 181739,Request For Payment APPROVED by ADMINISTRATION,STAFF MEMBER,2018-11-01 13:58:15+00:00,2018-11-01 13:27:15+00:00
request for payment 182349,Request Payment,SYSTEM,2018-11-01 14:05:30+00:00,2018-11-01 13:32:30+00:00
request for payment 177040,Request For Payment FINAL_APPROVED by SUPERVISOR,STAFF MEMBER,2018-11-01 14:57:03+00:00,2018-11-01 14:07:03+00:00
request for payment 182835,Request For Payment SUBMITTED by EMPLOYEE,STAFF MEMBER,2018-11-01 15:10:15+00:00,2018-11-01 14:11:15+00:00
request for payment 182835,Request For Payment APPROVED by ADMINISTRATION,STAFF MEMBER,2018-11-01 15:05:17+00:00,2018-11-01 14:11:17+00:00
request for payment 171688,Request For Payment SUBMITTED by EMPLOYEE,STAFF MEMBER,2018-11-01 14:55:30+00:00,2018-11-01 14:11:30+00:00
request for payment 180443,Request For Payment REJECTED by EMPLOYEE,STAFF MEMBER,2018-11-01 14:45:21+00:00,2018-11-01 14:13:21+00:00
request for payment 172093,Request For Payment FINAL_APPROVED by SUPERVISOR,STAFF MEMBER,2018-11-01 14:55:35+00:00,2018-11-01 14:14:35+00:00
request for payment 172098,Request For Payment REJECTED by EMPLOYEE,STAFF MEMBER,2018-11-01 15:16:40+00:00,2018-11-01 14:17:40+00:00
request for payment 181739,Request For Payment APPROVED by BUDGET OWNER,STAFF MEMBER,2018-11-01 15:08:34+00:00,2018-11-01 14:35:34+00:00
request for payment 177051,Request For Payment SUBMITTED by EMPLOYEE,STAFF MEMBER,2018-11-01 16:06:50+00:00,2018-11-01 15:23:50+00:00
request for payment 177051,Request For Payment APPROVED by ADMINISTRATION,STAFF MEMBER,2018-11-01 16:21:53+00:00,2018-11-01 15:23:53+00:00
request for payment 183491,Request For Payment FINAL_APPROVED by SUPERVISOR,STAFF MEMBER,2018-11-01 16:22:39+00:00,2018-11-01 15:33:39+00:00
request for payment 180467,Request For Payment FINAL_APPROVED by SUPERVISOR,STAFF MEMBER,2018-11-01 16:32:05+00:00,2018-11-01 15:34:05+00:00
request for payment 172725,Request For Payment SUBMITTED by EMPLOYEE,STAFF MEMBER,2018-11-01 16:17:58+00:00,2018-11-01 15:36:58+00:00
request for payment 172725,Request For Payment APPROVED by ADMINISTRATION,STAFF MEMBER,2018-11-01 16:21:35+00:00,2018-11-01 15:37:35+00:00
request for payment 183119,Request Payment,SYSTEM,2018-11-01 16:35:20+00:00,2018-11-01 15:47:20+00:00
request for payment 183114,Payment Handled,SYSTEM,2018-11-01 17:06:17+00:00,2018-11-01 16:31:17+00:00
request for payment 171675,Payment Handled,SYSTEM,2018-11-01 17:06:17+00:00,2018-11-01 16:31:17+00:00
request for payment 172346,Payment Handled,SYSTEM,2018-11-01 17:10:17+00:00,2018-11-01 16:31:17+00:00
request for payment 177028,Payment Handled,SYSTEM,2018-11-01 17:10:17+00:00,2018-11-01 16:31:17+00:00
request for payment 174736,Payment Handled,SYSTEM,2018-11-01 17:17:17+00:00,2018-11-01 16:31:17+00:00
request for payment 172351,Payment Handled,SYSTEM,2018-11-01 17:17:17+00:00,2018-11-01 16:31:17+00:00
request for payment 180433,Payment Handled,SYSTEM,2018-11-01 17:11:17+00:00,2018-11-01 16:31:17+00:00
request for payment 182500,Payment Handled,SYSTEM,2018-11-01 17:18:17+00:00,2018-11-01 16:31:17+00:00
request for payment 182462,Payment Handled,SYSTEM,2018-11-01 17:22:17+00:00,2018-11-01 16:31:17+00:00
request for payment 176997,Payment Handled,SYSTEM,2018-11-01 17:23:17+00:00,2018-11-01 16:31:17+00:00
request for payment 182326,Payment Handled,SYSTEM,2018-11-01 17:24:17+00:00,2018-11-01 16:31:17+00:00
request for payment 172668,Payment Handled,SYSTEM,2018-11-01 17:25:17+00:00,2018-11-01 16:31:17+00:00
request for payment 179592,Payment Handled,SYSTEM,2018-11-01 17:29:17+00:00,2018-11-01 16:31:17+00:00
request for payment 182840,Request For Payment SUBMITTED by EMPLOYEE,STAFF MEMBER,2018-11-01 17:34:12+00:00,2018-11-01 16:53:12+00:00
request for payment 182840,Request For Payment APPROVED by ADMINISTRATION,STAFF MEMBER,2018-11-01 17:35:39+00:00,2018-11-01 16:54:39+00:00
request for payment 182846,Request For Payment SUBMITTED by EMPLOYEE,STAFF MEMBER,2018-11-01 19:16:47+00:00,2018-11-01 18:16:47+00:00
request for payment 182846,Request For Payment APPROVED by ADMINISTRATION,STAFF MEMBER,2018-11-01 18:53:54+00:00,2018-11-01 18:16:54+00:00
request for payment 182851,Request For Payment SUBMITTED by EMPLOYEE,STAFF MEMBER,2018-11-01 19:59:18+00:00,2018-11-01 19:26:18+00:00
request for payment 182851,Request For Payment APPROVED by ADMINISTRATION,STAFF MEMBER,2018-11-01 20:01:06+00:00,2018-11-01 19:27:06+00:00
request for payment 182857,Request For Payment SUBMITTED by EMPLOYEE,STAFF MEMBER,2018-11-01 20:10:07+00:00,2018-11-01 19:27:07+00:00
request for payment 182857,Request For Payment APPROVED by ADMINISTRATION,STAFF MEMBER,2018-11-01 20:03:43+00:00,2018-11-01 19:33:43+00:00
request for payment 182714,Request For Payment SUBMITTED by EMPLOYEE,STAFF MEMBER,2018-11-01 22:07:28+00:00,2018-11-01 21:36:28+00:00
request for payment 182714,Request For Payment REJECTED by ADMINISTRATION,STAFF MEMBER,2018-11-01 22:30:33+00:00,2018-11-01 21:36:33+00:00
request for payment 182297,Request For Payment SUBMITTED by EMPLOYEE,STAFF MEMBER,2018-11-01 23:30:40+00:00,2018-11-01 22:55:40+00:00
request for payment 182297,Request For Payment APPROVED by ADMINISTRATION,STAFF MEMBER,2018-11-01 23:46:49+00:00,2018-11-01 22:55:49+00:00
request for payment 175072,Request Payment,SYSTEM,2018-11-02 08:08:16+00:00,2018-11-02 07:11:16+00:00
request for payment 182718,Request For Payment SUBMITTED by EMPLOYEE,STAFF MEMBER,2018-11-02 08:20:12+00:00,2018-11-02 07:25:12+00:00
request for payment 182718,Request For Payment APPROVED by ADMINISTRATION,STAFF MEMBER,2018-11-02 08:26:06+00:00,2018-11-02 07:31:06+00:00
request for payment 182321,Request For Payment FINAL_APPROVED by SUPERVISOR,STAFF MEMBER,2018-11-02 08:34:41+00:00,2018-11-02 07:37:41+00:00
request for payment 172107,Request For Payment FINAL_APPROVED by SUPERVISOR,STAFF MEMBER,2018-11-02 08:19:19+00:00,2018-11-02 07:40:19+00:00
request for payment 182825,Request For Payment FINAL_APPROVED by SUPERVISOR,STAFF MEMBER,2018-11-02 08:38:29+00:00,2018-11-02 07:42:29+00:00
request for payment 183543,Request For Payment FINAL_APPROVED by SUPERVISOR,STAFF MEMBER,2018-11-02 08:31:33+00:00,2018-11-02 07:47:33+00:00
request for payment 172102,Request For Payment FINAL_APPROVED by SUPERVISOR,STAFF MEMBER,2018-11-02 08:20:00+00:00,2018-11-02 07:49:00+00:00
request for payment 182375,Request For Payment FINAL_APPROVED by SUPERVISOR,STAFF MEMBER,2018-11-02 08:43:09+00:00,2018-11-02 07:50:09+00:00
request for payment 183538,Request For Payment FINAL_APPROVED by SUPERVISOR,STAFF MEMBER,2018-11-02 08:46:58+00:00,2018-11-02 07:50:58+00:00
request for payment 182519,Request For Payment APPROVED by BUDGET OWNER,STAFF MEMBER,2018-11-02 08:43:00+00:00,2018-11-02 07:52:00+00:00
request for payment 182360,Request For Payment FINAL_APPROVED by SUPERVISOR,STAFF MEMBER,2018-11-02 08:51:32+00:00,2018-11-02 07:58:32+00:00
request for payment 176985,Request Payment,SYSTEM,2018-11-02 08:30:29+00:00,2018-11-02 07:59:29+00:00
request for payment 183503,Request For Payment FINAL_APPROVED by SUPERVISOR,STAFF MEMBER,2018-11-02 08:33:43+00:00,2018-11-02 08:00:43+00:00
request for payment 174730,Request For Payment APPROVED by BUDGET OWNER,STAFF MEMBER,2018-11-02 08:53:09+00:00,2018-11-02 08:07:09+00:00
request for payment 175077,Request For Payment FINAL_APPROVED by SUPERVISOR,STAFF MEMBER,2018-11-02 09:09:00+00:00,2018-11-02 08:09:00+00:00
request for payment 182386,Request For Payment APPROVED by BUDGET OWNER,STAFF MEMBER,2018-11-02 09:08:13+00:00,2018-11-02 08:11:13+00:00
request for payment 171683,Request For Payment FINAL_APPROVED by SUPERVISOR,STAFF MEMBER,2018-11-02 08:54:18+00:00,2018-11-02 08:11:18+00:00
request for payment 177019,Request For Payment FINAL_APPROVED by SUPERVISOR,STAFF MEMBER,2018-11-02 09:12:11+00:00,2018-11-02 08:12:11+00:00
request for payment 182473,Request For Payment FINAL_APPROVED by SUPERVISOR,STAFF MEMBER,2018-11-02 09:02:35+00:00,2018-11-02 08:14:35+00:00
request for payment 177013,Request For Payment APPROVED by BUDGET OWNER,STAFF MEMBER,2018-11-02 08:48:38+00:00,2018-11-02 08:15:38+00:00
request for payment 183089,Request For Payment FINAL_APPROVED by SUPERVISOR,STAFF MEMBER,2018-11-02 08:46:40+00:00,2018-11-02 08:16:40+00:00
request for payment 172330,Request For Payment FINAL_APPROVED by SUPERVISOR,STAFF MEMBER,2018-11-02 09:01:51+00:00,2018-11-02 08:18:51+00:00
request for payment 172701,Request For Payment REJECTED by EMPLOYEE,STAFF MEMBER,2018-11-02 09:20:27+00:00,2018-11-02 08:27:27+00:00
request for payment 183130,Request For Payment APPROVED by BUDGET OWNER,STAFF MEMBER,2018-11-02 09:03:50+00:00,2018-11-02 08:28:50+00:00
request for payment 182392,Request For Payment FINAL_APPROVED by SUPERVISOR,STAFF MEMBER,2018-11-02 09:12:25+00:00,2018-11-02 08:29:25+00:00
request for payment 175082,Request For Payment APPROVED by BUDGET OWNER,STAFF MEMBER,2018-11-02 09:17:32+00:00,2018-11-02 08:34:32+00:00
request for payment 182344,Request For Payment FINAL_APPROVED by SUPERVISOR,STAFF MEMBER,2018-11-02 09:33:02+00:00,2018-11-02 08:37:02+00:00
request for payment 177051,Request For Payment APPROVED by BUDGET OWNER,STAFF MEMBER,2018-11-02 09:33:01+00:00,2018-11-02 08:38:01+00:00
request for payment 182336,Request For Payment REJECTED by EMPLOYEE,STAFF MEMBER,2018-11-02 09:18:07+00:00,2018-11-02 08:40:07+00:00
request for payment 183136,Request For Payment APPROVED by BUDGET OWNER,STAFF MEMBER,2018-11-02 09:16:06+00:00,2018-11-02 08:41:06+00:00
request for payment 180461,Request For Payment APPROVED by BUDGET OWNER,STAFF MEMBER,2018-11-02 09:40:00+00:00,2018-11-02 08:43:00+00:00
request for payment 177040,Request Payment,SYSTEM,2018-11-02 09:25:03+00:00,2018-11-02 08:44:03+00:00
request for payment 177034,Request For Payment APPROVED by BUDGET OWNER,STAFF MEMBER,2018-11-02 09:32:23+00:00,2018-11-02 08:45:23+00:00
request for payment 182336,Request For Payment SUBMITTED by EMPLOYEE,STAFF MEMBER,2018-11-02 09:39:59+00:00,2018-11-02 08:49:59+00:00
request for payment 177373,Request For Payment SUBMITTED by EMPLOYEE,STAFF MEMBER,2018-11-02 09:20:06+00:00,2018-11-02 08:50:06+00:00
request for payment 177373,Request For Payment REJECTED by ADMINISTRATION,STAFF MEMBER,2018-11-02 09:45:27+00:00,2018-11-02 08:50:27+00:00
request for payment 182336,Request For Payment APPROVED by ADMINISTRATION,STAFF MEMBER,2018-11-02 09:48:52+00:00,2018-11-02 08:51:52+00:00
request for payment 172112,Request For Payment SUBMITTED by EMPLOYEE,STAFF MEMBER,2018-11-02 09:25:35+00:00,2018-11-02 08:52:35+00:00
request for payment 172112,Request For Payment APPROVED by ADMINISTRATION,STAFF MEMBER,2018-11-02 09:36:44+00:00,2018-11-02 08:52:44+00:00
request for payment 182494,Request For Payment FINAL_APPROVED by SUPERVISOR,STAFF MEMBER,2018-11-02 09:42:31+00:00,2018-11-02 08:56:31+00:00
request for payment 172119,Request For Payment SUBMITTED by EMPLOYEE,STAFF MEMBER,2018-11-02 09:31:10+00:00,2018-11-02 08:59:10+00:00
request for payment 172335,Request For Payment APPROVED by BUDGET OWNER,STAFF MEMBER,2018-11-02 09:46:07+00:00,2018-11-02 09:02:07+00:00
request for payment 182336,Request For Payment FINAL_APPROVED by SUPERVISOR,STAFF MEMBER,2018-11-02 09:56:26+00:00,2018-11-02 09:03:26+00:00
request for payment 175088,Request For Payment SUBMITTED by EMPLOYEE,STAFF MEMBER,2018-11-02 09:35:03+00:00,2018-11-02 09:04:03+00:00
request for payment 175088,Request For Payment REJECTED by ADMINISTRATION,STAFF MEMBER,2018-11-02 09:52:22+00:00,2018-11-02 09:05:22+00:00
request for payment 177381,Request For Payment SUBMITTED by EMPLOYEE,STAFF MEMBER,2018-11-02 10:02:57+00:00,2018-11-02 09:16:57+00:00
request for payment 177381,Request For Payment APPROVED by ADMINISTRATION,STAFF MEMBER,2018-11-02 09:51:07+00:00,2018-11-02 09:18:07+00:00
request for payment 182310,Request For Payment FINAL_APPROVED by SUPERVISOR,STAFF MEMBER,2018-11-02 09:55:23+00:00,2018-11-02 09:22:23+00:00
request for payment 177381,Request For Payment FINAL_APPROVED by SUPERVISOR,STAFF MEMBER,2018-11-02 10:24:14+00:00,2018-11-02 09:29:14+00:00
request for payment 172714,Request For Payment FINAL_APPROVED by SUPERVISOR,STAFF MEMBER,2018-11-02 10:16:11+00:00,2018-11-02 09:31:11+00:00
request for payment 172367,Request Payment,SYSTEM,2018-11-02 10:04:23+00:00,2018-11-02 09:31:23+00:00
request for payment 175092,Request For Payment SUBMITTED by EMPLOYEE,STAFF MEMBER,2018-11-02 10:13:06+00:00,2018-11-02 09:32:06+00:00
request for payment 175092,Request For Payment APPROVED by ADMINISTRATION,STAFF MEMBER,2018-11-02 10:16:14+00:00,2018-11-02 09:32:14+00:00
request for payment 182514,Request Payment,SYSTEM,2018-11-02 10:14:50+00:00,2018-11-02 09:32:50+00:00
request for payment 183548,Request For Payment SUBMITTED by EMPLOYEE,STAFF MEMBER,2018-11-02 10:33:13+00:00,2018-11-02 09:36:13+00:00
request for payment 172695,Request For Payment FINAL_APPROVED by SUPERVISOR,STAFF MEMBER,2018-11-02 10:23:33+00:00,2018-11-02 09:36:33+00:00
request for payment 183548,Request For Payment APPROVED by ADMINISTRATION,STAFF MEMBER,2018-11-02 10:29:42+00:00,2018-11-02 09:36:42+00:00
request for payment 182321,Request Payment,SYSTEM,2018-11-02 10:17:39+00:00,2018-11-02 09:42:39+00:00
request for payment 182473,Request Payment,SYSTEM,2018-11-02 10:43:08+00:00,2018-11-02 09:43:08+00:00
request for payment 172330,Request Payment,SYSTEM,2018-11-02 10:27:09+00:00,2018-11-02 09:43:09+00:00
request for payment 182840,Request For Payment APPROVED by BUDGET OWNER,STAFF MEMBER,2018-11-02 10:43:52+00:00,2018-11-02 10:04:52+00:00
request for payment 172689,Request For Payment APPROVED by BUDGET OWNER,STAFF MEMBER,2018-11-02 10:43:32+00:00,2018-11-02 10:07:32+00:00
request for payment 182851,Request For Payment APPROVED by BUDGET OWNER,STAFF MEMBER,2018-11-02 11:03:43+00:00,2018-11-02 10:07:43+00:00
request for payment 183554,Request For Payment SUBMITTED by EMPLOYEE,STAFF MEMBER,2018-11-02 10:51:54+00:00,2018-11-02 10:07:54+00:00
request for payment 183554,Request For Payment REJECTED by ADMINISTRATION,STAFF MEMBER,2018-11-02 10:39:57+00:00,2018-11-02 10:07:57+00:00
request for payment 182714,Request For Payment REJECTED by EMPLOYEE,STAFF MEMBER,2018-11-02 10:41:36+00:00,2018-11-02 10:08:36+00:00
request for payment 182354,Request For Payment FINAL_APPROVED by SUPERVISOR,STAFF MEMBER,2018-11-02 10:58:42+00:00,2018-11-02 10:09:42+00:00
request for payment 183497,Request For Payment APPROVED by BUDGET OWNER,STAFF MEMBER,2018-11-02 10:41:16+00:00,2018-11-02 10:10:16+00:00
request for payment 182365,Request For Payment FINAL_APPROVED by SUPERVISOR,STAFF MEMBER,2018-11-02 10:58:10+00:00,2018-11-02 10:12:10+00:00
request for payment 182316,Request For Payment FINAL_APPROVED by SUPERVISOR,STAFF MEMBER,2018-11-02 10:44:38+00:00,2018-11-02 10:12:38+00:00
request for payment 183125,Request Payment,SYSTEM,2018-11-02 11:23:10+00:00,2018-11-02 10:34:10+00:00
request for payment 181729,Request Payment,SYSTEM,2018-11-02 11:06:15+00:00,2018-11-02 10:34:15+00:00
request for payment 172701,Request For Payment SUBMITTED by EMPLOYEE,STAFF MEMBER,2018-11-02 11:30:13+00:00,2018-11-02 10:36:13+00:00
request for payment 172701,Request For Payment APPROVED by ADMINISTRATION,STAFF MEMBER,2018-11-02 11:10:16+00:00,2018-11-02 10:36:16+00:00
request for payment 171688,Request For Payment APPROVED by ADMINISTRATION,STAFF MEMBER,2018-11-02 11:44:15+00:00,2018-11-02 10:51:15+00:00
request for payment 171688,Request For Payment FINAL_APPROVED by SUPERVISOR,STAFF MEMBER,2018-11-02 11:46:34+00:00,2018-11-02 10:53:34+00:00
request for payment 183548,Request For Payment APPROVED by BUDGET OWNER,STAFF MEMBER,2018-11-02 11:28:03+00:00,2018-11-02 10:55:03+00:00
request for payment 182365,Request Payment,SYSTEM,2018-11-02 11:57:48+00:00,2018-11-02 11:03:48+00:00
request for payment 182354,Request Payment,SYSTEM,2018-11-02 11:56:49+00:00,2018-11-02 11:03:49+00:00
request for payment 172714,Request Payment,SYSTEM,2018-11-02 11:46:20+00:00,2018-11-02 11:09:20+00:00
request for payment 183538,Request Payment,SYSTEM,2018-11-02 12:12:04+00:00,2018-11-02 11:24:04+00:00
request for payment 183543,Request Payment,SYSTEM,2018-11-02 12:22:37+00:00,2018-11-02 11:29:37+00:00
request for payment 172054,Request For Payment FINAL_APPROVED by SUPERVISOR,STAFF MEMBER,2018-11-02 13:09:04+00:00,2018-11-02 12:25:04+00:00
request for payment 180438,Request Payment,SYSTEM,2018-11-02 13:52:50+00:00,2018-11-02 12:55:50+00:00
request for payment 183104,Request Payment,SYSTEM,2018-11-02 13:31:01+00:00,2018-11-02 12:56:01+00:00
request for payment 183099,Request Payment,SYSTEM,2018-11-02 13:43:03+00:00,2018-11-02 12:56:03+00:00
request for payment 183094,Request Payment,SYSTEM,2018-11-02 13:34:04+00:00,2018-11-02 12:56:04+00:00
request for payment 182310,Request Payment,SYSTEM,2018-11-02 13:49:11+00:00,2018-11-02 12:56:11+00:00
request for payment 173478,Request Payment,SYSTEM,2018-11-02 13:29:12+00:00,2018-11-02 12:56:12+00:00
request for payment 183558,Request For Payment SUBMITTED by EMPLOYEE,STAFF MEMBER,2018-11-02 14:01:53+00:00,2018-11-02 13:15:53+00:00
request for payment 183558,Request For Payment APPROVED by ADMINISTRATION,STAFF MEMBER,2018-11-02 13:48:36+00:00,2018-11-02 13:17:36+00:00
request for payment 172730,Request For Payment SUBMITTED by EMPLOYEE,STAFF MEMBER,2018-11-02 13:56:10+00:00,2018-11-02 13:19:10+00:00
request for payment 172730,Request For Payment APPROVED by ADMINISTRATION,STAFF MEMBER,2018-11-02 13:50:16+00:00,2018-11-02 13:19:16+00:00
request for payment 172735,Request For Payment SUBMITTED by EMPLOYEE,STAFF MEMBER,2018-11-02 14:04:10+00:00,2018-11-02 13:24:10+00:00
request for payment 172735,Request For Payment APPROVED by ADMINISTRATION,STAFF MEMBER,2018-11-02 13:56:37+00:00,2018-11-02 13:24:37+00:00
request for payment 177373,Request For Payment REJECTED by EMPLOYEE,STAFF MEMBER,2018-11-02 14:30:38+00:00,2018-11-02 13:31:38+00:00
request for payment 175088,Request For Payment REJECTED by EMPLOYEE,STAFF MEMBER,2018-11-02 14:05:24+00:00,2018-11-02 13:35:24+00:00
request for payment 183554,Request For Payment REJECTED by EMPLOYEE,STAFF MEMBER,2018-11-02 14:13:18+00:00,2018-11-02 13:37:18+00:00
request for payment 172740,Request For Payment SUBMITTED by EMPLOYEE,STAFF MEMBER,2018-11-02 14:18:08+00:00,2018-11-02 13:39:08+00:00
request for payment 172740,Request For Payment APPROVED by ADMINISTRATION,STAFF MEMBER,2018-11-02 14:24:22+00:00,2018-11-02 13:43:22+00:00
request for payment 172701,Request For Payment FINAL_APPROVED by SUPERVISOR,STAFF MEMBER,2018-11-02 14:18:12+00:00,2018-11-02 13:48:12+00:00
request for payment 182724,Request For Payment SUBMITTED by EMPLOYEE,STAFF MEMBER,2018-11-02 15:09:12+00:00,2018-11-02 14:24:12+00:00
request for payment 182724,Request For Payment APPROVED by ADMINISTRATION,STAFF MEMBER,2018-11-02 15:03:20+00:00,2018-11-02 14:24:20+00:00
request for payment 182729,Request For Payment SUBMITTED by EMPLOYEE,STAFF MEMBER,2018-11-02 15:01:30+00:00,2018-11-02 14:26:30+00:00
request for payment 182729,Request For Payment REJECTED by ADMINISTRATION,STAFF MEMBER,2018-11-02 14:59:35+00:00,2018-11-02 14:26:35+00:00
request for payment 182733,Request For Payment SUBMITTED by EMPLOYEE,STAFF MEMBER,2018-11-02 15:04:35+00:00,2018-11-02 14:28:35+00:00
request for payment 182733,Request For Payment APPROVED by ADMINISTRATION,STAFF MEMBER,2018-11-02 14:59:24+00:00,2018-11-02 14:29:24+00:00
request for payment 182316,Request Payment,SYSTEM,2018-11-02 15:39:00+00:00,2018-11-02 15:05:00+00:00
request for payment 177034,Request For Payment FINAL_APPROVED by SUPERVISOR,STAFF MEMBER,2018-11-02 15:39:16+00:00,2018-11-02 15:05:16+00:00
request for payment 177034,Request Payment,SYSTEM,2018-11-02 15:42:17+00:00,2018-11-02 15:05:17+00:00
request for payment 180461,Request For Payment FINAL_APPROVED by SUPERVISOR,STAFF MEMBER,2018-11-02 15:53:29+00:00,2018-11-02 15:05:29+00:00
request for payment 180461,Request Payment,SYSTEM,2018-11-02 15:49:30+00:00,2018-11-02 15:05:30+00:00
request for payment 182375,Request Payment,SYSTEM,2018-11-02 16:40:00+00:00,2018-11-02 15:50:00+00:00
request for payment 182862,Request For Payment SUBMITTED by EMPLOYEE,STAFF MEMBER,2018-11-02 16:29:09+00:00,2018-11-02 15:54:09+00:00
request for payment 182862,Request For Payment REJECTED by ADMINISTRATION,STAFF MEMBER,2018-11-02 16:36:51+00:00,2018-11-02 15:55:51+00:00
request for payment 182866,Request For Payment SUBMITTED by EMPLOYEE,STAFF MEMBER,2018-11-02 17:12:59+00:00,2018-11-02 16:15:59+00:00
request for payment 182866,Request For Payment APPROVED by ADMINISTRATION,STAFF MEMBER,2018-11-02 17:02:03+00:00,2018-11-02 16:16:03+00:00
request for payment 183563,Request For Payment SUBMITTED by EMPLOYEE,STAFF MEMBER,2018-11-02 17:40:04+00:00,2018-11-02 16:57:04+00:00
request for payment 183563,Request For Payment APPROVED by ADMINISTRATION,STAFF MEMBER,2018-11-02 17:50:05+00:00,2018-11-02 16:58:05+00:00
request for payment 183568,Request For Payment SUBMITTED by EMPLOYEE,STAFF MEMBER,2018-11-02 18:23:22+00:00,2018-11-02 17:38:22+00:00
request for payment 183568,Request For Payment APPROVED by ADMINISTRATION,STAFF MEMBER,2018-11-02 18:08:30+00:00,2018-11-02 17:38:30+00:00
request for payment 172678,Request Payment,SYSTEM,2018-11-02 20:11:39+00:00,2018-11-02 19:32:39+00:00
request for payment 182738,Request For Payment SUBMITTED by EMPLOYEE,STAFF MEMBER,2018-11-03 10:48:51+00:00,2018-11-03 10:18:51+00:00
request for payment 182738,Request For Payment APPROVED by ADMINISTRATION,STAFF MEMBER,2018-11-03 11:01:53+00:00,2018-11-03 10:21:53+00:00
request for payment 182744,Request For Payment SAVED by EMPLOYEE,STAFF MEMBER,2018-11-03 12:45:03+00:00,2018-11-03 11:51:03+00:00
request for payment 183573,Request For Payment SUBMITTED by EMPLOYEE,STAFF MEMBER,2018-11-03 14:10:55+00:00,2018-11-03 13:34:55+00:00
request for payment 183573,Request For Payment APPROVED by ADMINISTRATION,STAFF MEMBER,2018-11-03 14:23:58+00:00,2018-11-03 13:34:58+00:00
request for payment 183579,Request For Payment SUBMITTED by EMPLOYEE,STAFF MEMBER,2018-11-03 14:36:27+00:00,2018-11-03 13:37:27+00:00
request for payment 183890,Request For Payment SUBMITTED by EMPLOYEE,STAFF MEMBER,2018-11-03 16:51:43+00:00,2018-11-03 16:08:43+00:00
request for payment 183890,Request For Payment APPROVED by ADMINISTRATION,STAFF MEMBER,2018-11-03 17:10:33+00:00,2018-11-03 16:12:33+00:00
request for payment 183896,Request For Payment SUBMITTED by EMPLOYEE,STAFF MEMBER,2018-11-03 16:47:24+00:00,2018-11-03 16:15:24+00:00
request for payment 183896,Request For Payment APPROVED by ADMINISTRATION,STAFF MEMBER,2018-11-03 16:58:03+00:00,2018-11-03 16:17:03+00:00
request for payment 182871,Request For Payment SUBMITTED by EMPLOYEE,STAFF MEMBER,2018-11-03 21:06:50+00:00,2018-11-03 20:10:50+00:00
request for payment 182871,Request For Payment APPROVED by ADMINISTRATION,STAFF MEMBER,2018-11-03 20:45:18+00:00,2018-11-03 20:11:18+00:00
request for payment 183902,Request For Payment SUBMITTED by EMPLOYEE,STAFF MEMBER,2018-11-04 11:55:38+00:00,2018-11-04 11:25:38+00:00
request for payment 183902,Request For Payment APPROVED by ADMINISTRATION,STAFF MEMBER,2018-11-04 11:56:57+00:00,2018-11-04 11:25:57+00:00
request for payment 172576,Request For Payment FINAL_APPROVED by SUPERVISOR,STAFF MEMBER,2018-11-04 12:12:33+00:00,2018-11-04 11:36:33+00:00
request for payment 172745,Request For Payment SUBMITTED by EMPLOYEE,STAFF MEMBER,2018-11-04 14:27:26+00:00,2018-11-04 13:44:26+00:00
request for payment 172745,Request For Payment REJECTED by ADMINISTRATION,STAFF MEMBER,2018-11-04 14:33:54+00:00,2018-11-04 13:50:54+00:00
request for payment 172749,Request For Payment SUBMITTED by EMPLOYEE,STAFF MEMBER,2018-11-04 16:10:14+00:00,2018-11-04 15:31:14+00:00
request for payment 172749,Request For Payment APPROVED by ADMINISTRATION,STAFF MEMBER,2018-11-04 16:31:18+00:00,2018-11-04 15:31:18+00:00
request for payment 172754,Request For Payment SUBMITTED by EMPLOYEE,STAFF MEMBER,2018-11-04 16:50:36+00:00,2018-11-04 16:20:36+00:00
request for payment 172754,Request For Payment APPROVED by ADMINISTRATION,STAFF MEMBER,2018-11-04 17:14:53+00:00,2018-11-04 16:20:53+00:00
request for payment 177008,Request Payment,SYSTEM,2018-11-04 19:26:09+00:00,2018-11-04 18:29:09+00:00
request for payment 183153,Request Payment,SYSTEM,2018-11-04 19:00:10+00:00,2018-11-04 18:29:10+00:00
request for payment 177002,Request Payment,SYSTEM,2018-11-04 19:55:57+00:00,2018-11-04 19:05:57+00:00
request for payment 182494,Request Payment,SYSTEM,2018-11-04 23:02:44+00:00,2018-11-04 22:16:44+00:00
request for payment 173018,Request For Payment SUBMITTED by EMPLOYEE,STAFF MEMBER,2018-11-05 08:29:14+00:00,2018-11-05 07:45:14+00:00
request for payment 173018,Request For Payment APPROVED by ADMINISTRATION,STAFF MEMBER,2018-11-05 08:33:24+00:00,2018-11-05 07:45:24+00:00
request for payment 182305,Request For Payment APPROVED by ADMINISTRATION,STAFF MEMBER,2018-11-05 09:10:05+00:00,2018-11-05 08:15:05+00:00
request for payment 172701,Request Payment,SYSTEM,2018-11-05 08:56:52+00:00,2018-11-05 08:22:52+00:00
request for payment 177373,Request For Payment SUBMITTED by EMPLOYEE,STAFF MEMBER,2018-11-05 10:03:52+00:00,2018-11-05 09:10:52+00:00
request for payment 173018,Request For Payment FINAL_APPROVED by SUPERVISOR,STAFF MEMBER,2018-11-05 09:55:58+00:00,2018-11-05 09:10:58+00:00
request for payment 177373,Request For Payment APPROVED by ADMINISTRATION,STAFF MEMBER,2018-11-05 10:06:21+00:00,2018-11-05 09:11:21+00:00
request for payment 172749,Request For Payment FINAL_APPROVED by SUPERVISOR,STAFF MEMBER,2018-11-05 10:16:41+00:00,2018-11-05 09:36:41+00:00
request for payment 177386,Request For Payment SUBMITTED by EMPLOYEE,STAFF MEMBER,2018-11-05 10:15:24+00:00,2018-11-05 09:42:24+00:00
request for payment 177386,Request For Payment APPROVED by ADMINISTRATION,STAFF MEMBER,2018-11-05 10:41:39+00:00,2018-11-05 09:42:39+00:00
request for payment 183558,Request For Payment FINAL_APPROVED by SUPERVISOR,STAFF MEMBER,2018-11-05 10:26:06+00:00,2018-11-05 09:43:06+00:00
request for payment 173023,Request For Payment SUBMITTED by EMPLOYEE,STAFF MEMBER,2018-11-05 11:16:42+00:00,2018-11-05 10:23:42+00:00
request for payment 173023,Request For Payment APPROVED by ADMINISTRATION,STAFF MEMBER,2018-11-05 11:13:44+00:00,2018-11-05 10:23:44+00:00
request for payment 173028,Request For Payment SUBMITTED by EMPLOYEE,STAFF MEMBER,2018-11-05 11:14:08+00:00,2018-11-05 10:27:08+00:00
request for payment 182876,Request For Payment SUBMITTED by EMPLOYEE,STAFF MEMBER,2018-11-05 11:48:58+00:00,2018-11-05 10:52:58+00:00
request for payment 182876,Request For Payment APPROVED by ADMINISTRATION,STAFF MEMBER,2018-11-05 11:45:05+00:00,2018-11-05 10:53:05+00:00
request for payment 173018,Request Payment,SYSTEM,2018-11-05 11:46:07+00:00,2018-11-05 10:55:07+00:00
request for payment 183558,Request Payment,SYSTEM,2018-11-05 11:54:26+00:00,2018-11-05 11:10:26+00:00
request for payment 182812,Request For Payment SUBMITTED by EMPLOYEE,STAFF MEMBER,2018-11-05 12:10:41+00:00,2018-11-05 11:16:41+00:00
request for payment 182812,Request For Payment APPROVED by ADMINISTRATION,STAFF MEMBER,2018-11-05 12:08:45+00:00,2018-11-05 11:16:45+00:00
request for payment 171683,Request Payment,SYSTEM,2018-11-05 12:44:28+00:00,2018-11-05 12:11:28+00:00
request for payment 183089,Request Payment,SYSTEM,2018-11-05 13:10:28+00:00,2018-11-05 12:12:28+00:00
request for payment 174769,Request Payment,SYSTEM,2018-11-05 13:47:58+00:00,2018-11-05 12:53:58+00:00
request for payment 182881,Request For Payment SUBMITTED by EMPLOYEE,STAFF MEMBER,2018-11-05 14:01:17+00:00,2018-11-05 13:04:17+00:00
request for payment 182881,Request For Payment APPROVED by ADMINISTRATION,STAFF MEMBER,2018-11-05 13:56:43+00:00,2018-11-05 13:04:43+00:00
request for payment 182402,Request For Payment APPROVED by BUDGET OWNER,STAFF MEMBER,2018-11-05 13:58:47+00:00,2018-11-05 13:16:47+00:00
request for payment 182886,Request For Payment SUBMITTED by EMPLOYEE,STAFF MEMBER,2018-11-05 14:19:09+00:00,2018-11-05 13:31:09+00:00
request for payment 182886,Request For Payment APPROVED by ADMINISTRATION,STAFF MEMBER,2018-11-05 14:01:56+00:00,2018-11-05 13:31:56+00:00
request for payment 182891,Request For Payment SUBMITTED by EMPLOYEE,STAFF MEMBER,2018-11-05 14:24:19+00:00,2018-11-05 13:32:19+00:00
request for payment 182891,Request For Payment APPROVED by ADMINISTRATION,STAFF MEMBER,2018-11-05 14:04:53+00:00,2018-11-05 13:32:53+00:00
request for payment 173023,Request For Payment FINAL_APPROVED by SUPERVISOR,STAFF MEMBER,2018-11-05 14:31:35+00:00,2018-11-05 13:53:35+00:00
request for payment 183579,Request For Payment APPROVED by ADMINISTRATION,STAFF MEMBER,2018-11-05 14:54:53+00:00,2018-11-05 13:54:53+00:00
request for payment 177386,Request For Payment FINAL_APPROVED by SUPERVISOR,STAFF MEMBER,2018-11-05 15:31:17+00:00,2018-11-05 14:53:17+00:00
request for payment 172119,Request For Payment APPROVED by ADMINISTRATION,STAFF MEMBER,2018-11-05 15:40:36+00:00,2018-11-05 14:55:36+00:00
request for payment 173038,Request For Payment SUBMITTED by EMPLOYEE,STAFF MEMBER,2018-11-05 15:34:44+00:00,2018-11-05 15:03:44+00:00
request for payment 173038,Request For Payment REJECTED by ADMINISTRATION,STAFF MEMBER,2018-11-05 15:59:10+00:00,2018-11-05 15:21:10+00:00
request for payment 183907,Request For Payment SUBMITTED by EMPLOYEE,STAFF MEMBER,2018-11-05 16:31:31+00:00,2018-11-05 15:52:31+00:00
request for payment 173692,Request For Payment SUBMITTED by EMPLOYEE,STAFF MEMBER,2018-11-05 17:21:32+00:00,2018-11-05 16:22:32+00:00
request for payment 173692,Request For Payment APPROVED by ADMINISTRATION,STAFF MEMBER,2018-11-05 17:21:36+00:00,2018-11-05 16:22:36+00:00
request for payment 172335,Request For Payment FINAL_APPROVED by SUPERVISOR,STAFF MEMBER,2018-11-05 17:16:14+00:00,2018-11-05 16:23:14+00:00
request for payment 172689,Request For Payment FINAL_APPROVED by SUPERVISOR,STAFF MEMBER,2018-11-05 17:06:48+00:00,2018-11-05 16:23:48+00:00
request for payment 182392,Request Payment,SYSTEM,2018-11-05 17:11:33+00:00,2018-11-05 16:28:33+00:00
request for payment 172356,Payment Handled,SYSTEM,2018-11-05 17:19:19+00:00,2018-11-05 16:31:19+00:00
request for payment 182316,Payment Handled,SYSTEM,2018-11-05 17:07:19+00:00,2018-11-05 16:31:19+00:00
request for payment 182354,Payment Handled,SYSTEM,2018-11-05 17:02:19+00:00,2018-11-05 16:31:19+00:00
request for payment 182310,Payment Handled,SYSTEM,2018-11-05 17:05:19+00:00,2018-11-05 16:31:19+00:00
request for payment 181729,Payment Handled,SYSTEM,2018-11-05 17:02:19+00:00,2018-11-05 16:31:19+00:00
request for payment 182370,Payment Handled,SYSTEM,2018-11-05 17:03:19+00:00,2018-11-05 16:31:19+00:00
request for payment 183109,Payment Handled,SYSTEM,2018-11-05 17:03:19+00:00,2018-11-05 16:31:19+00:00
request for payment 183538,Payment Handled,SYSTEM,2018-11-05 17:07:19+00:00,2018-11-05 16:31:19+00:00
request for payment 183119,Payment Handled,SYSTEM,2018-11-05 17:26:19+00:00,2018-11-05 16:31:19+00:00
request for payment 182489,Payment Handled,SYSTEM,2018-11-05 17:05:19+00:00,2018-11-05 16:31:19+00:00
request for payment 175072,Payment Handled,SYSTEM,2018-11-05 17:22:19+00:00,2018-11-05 16:31:19+00:00
request for payment 176985,Payment Handled,SYSTEM,2018-11-05 17:05:19+00:00,2018-11-05 16:31:19+00:00
request for payment 175066,Payment Handled,SYSTEM,2018-11-05 17:04:19+00:00,2018-11-05 16:31:19+00:00
request for payment 180455,Payment Handled,SYSTEM,2018-11-05 17:31:19+00:00,2018-11-05 16:31:19+00:00
request for payment 177034,Payment Handled,SYSTEM,2018-11-05 17:29:19+00:00,2018-11-05 16:31:19+00:00
request for payment 172075,Payment Handled,SYSTEM,2018-11-05 17:06:19+00:00,2018-11-05 16:31:19+00:00
request for payment 180461,Payment Handled,SYSTEM,2018-11-05 17:01:19+00:00,2018-11-05 16:31:19+00:00
request for payment 172080,Payment Handled,SYSTEM,2018-11-05 17:06:19+00:00,2018-11-05 16:31:19+00:00
request for payment 172330,Payment Handled,SYSTEM,2018-11-05 17:29:19+00:00,2018-11-05 16:31:19+00:00
request for payment 172341,Payment Handled,SYSTEM,2018-11-05 17:01:19+00:00,2018-11-05 16:31:19+00:00
request for payment 183104,Payment Handled,SYSTEM,2018-11-05 17:25:19+00:00,2018-11-05 16:31:19+00:00
request for payment 183533,Payment Handled,SYSTEM,2018-11-05 17:05:19+00:00,2018-11-05 16:31:19+00:00
request for payment 182473,Payment Handled,SYSTEM,2018-11-05 17:19:19+00:00,2018-11-05 16:31:19+00:00
request for payment 182478,Payment Handled,SYSTEM,2018-11-05 17:14:19+00:00,2018-11-05 16:31:19+00:00
request for payment 183094,Payment Handled,SYSTEM,2018-11-05 17:16:19+00:00,2018-11-05 16:31:19+00:00
request for payment 176991,Payment Handled,SYSTEM,2018-11-05 17:08:19+00:00,2018-11-05 16:31:19+00:00
request for payment 180438,Payment Handled,SYSTEM,2018-11-05 17:19:19+00:00,2018-11-05 16:31:19+00:00
request for payment 183142,Payment Handled,SYSTEM,2018-11-05 17:25:19+00:00,2018-11-05 16:31:19+00:00
request for payment 183513,Payment Handled,SYSTEM,2018-11-05 17:10:19+00:00,2018-11-05 16:31:19+00:00
request for payment 182331,Payment Handled,SYSTEM,2018-11-05 17:10:19+00:00,2018-11-05 16:31:19+00:00
request for payment 172587,Payment Handled,SYSTEM,2018-11-05 17:24:19+00:00,2018-11-05 16:31:19+00:00
request for payment 182514,Payment Handled,SYSTEM,2018-11-05 17:11:19+00:00,2018-11-05 16:31:19+00:00
request for payment 179597,Payment Handled,SYSTEM,2018-11-05 17:11:19+00:00,2018-11-05 16:31:19+00:00
request for payment 177040,Payment Handled,SYSTEM,2018-11-05 17:23:19+00:00,2018-11-05 16:31:19+00:00
request for payment 182321,Payment Handled,SYSTEM,2018-11-05 17:23:19+00:00,2018-11-05 16:31:19+00:00
request for payment 183543,Payment Handled,SYSTEM,2018-11-05 17:24:19+00:00,2018-11-05 16:31:19+00:00
request for payment 182349,Payment Handled,SYSTEM,2018-11-05 17:13:19+00:00,2018-11-05 16:31:19+00:00
request for payment 172324,Payment Handled,SYSTEM,2018-11-05 17:23:19+00:00,2018-11-05 16:31:19+00:00
request for payment 183125,Payment Handled,SYSTEM,2018-11-05 17:23:19+00:00,2018-11-05 16:31:19+00:00
request for payment 172714,Payment Handled,SYSTEM,2018-11-05 17:18:19+00:00,2018-11-05 16:31:19+00:00
request for payment 173478,Payment Handled,SYSTEM,2018-11-05 17:13:19+00:00,2018-11-05 16:31:19+00:00
request for payment 172367,Payment Handled,SYSTEM,2018-11-05 17:15:19+00:00,2018-11-05 16:31:19+00:00
request for payment 183099,Payment Handled,SYSTEM,2018-11-05 17:15:19+00:00,2018-11-05 16:31:19+00:00
request for payment 182365,Payment Handled,SYSTEM,2018-11-05 17:15:19+00:00,2018-11-05 16:31:19+00:00
request for payment 183508,Payment Handled,SYSTEM,2018-11-05 17:20:19+00:00,2018-11-05 16:31:19+00:00
request for payment 182375,Payment Handled,SYSTEM,2018-11-05 17:01:19+00:00,2018-11-05 16:31:19+00:00
request for payment 173697,Request For Payment SUBMITTED by EMPLOYEE,STAFF MEMBER,2018-11-05 17:20:16+00:00,2018-11-05 16:34:16+00:00
request for payment 173697,Request For Payment APPROVED by ADMINISTRATION,STAFF MEMBER,2018-11-05 17:19:20+00:00,2018-11-05 16:34:20+00:00
request for payment 182896,Request For Payment SUBMITTED by EMPLOYEE,STAFF MEMBER,2018-11-05 17:28:30+00:00,2018-11-05 16:56:30+00:00
request for payment 182896,Request For Payment APPROVED by ADMINISTRATION,STAFF MEMBER,2018-11-05 17:32:41+00:00,2018-11-05 16:56:41+00:00
request for payment 181734,Request Payment,SYSTEM,2018-11-05 18:24:39+00:00,2018-11-05 17:31:39+00:00
request for payment 175104,Request For Payment SUBMITTED by EMPLOYEE,STAFF MEMBER,2018-11-05 19:17:16+00:00,2018-11-05 18:44:16+00:00
request for payment 175104,Request For Payment APPROVED by ADMINISTRATION,STAFF MEMBER,2018-11-05 19:46:47+00:00,2018-11-05 18:50:47+00:00
request for payment 182862,Request For Payment REJECTED by EMPLOYEE,STAFF MEMBER,2018-11-05 20:45:32+00:00,2018-11-05 19:58:32+00:00
request for payment 172069,Request Payment,SYSTEM,2018-11-05 22:29:39+00:00,2018-11-05 21:59:39+00:00
request for payment 182902,Request For Payment SUBMITTED by EMPLOYEE,STAFF MEMBER,2018-11-06 07:21:45+00:00,2018-11-06 06:34:45+00:00
request for payment 182902,Request For Payment APPROVED by ADMINISTRATION,STAFF MEMBER,2018-11-06 07:27:49+00:00,2018-11-06 06:34:49+00:00
request for payment 173046,Request For Payment SUBMITTED by EMPLOYEE,STAFF MEMBER,2018-11-06 08:49:50+00:00,2018-11-06 07:50:50+00:00
request for payment 173046,Request For Payment APPROVED by ADMINISTRATION,STAFF MEMBER,2018-11-06 08:32:53+00:00,2018-11-06 07:50:53+00:00
request for payment 173051,Request For Payment SUBMITTED by EMPLOYEE,STAFF MEMBER,2018-11-06 08:28:53+00:00,2018-11-06 07:52:53+00:00
request for payment 175109,Request For Payment SUBMITTED by EMPLOYEE,STAFF MEMBER,2018-11-06 09:22:59+00:00,2018-11-06 08:37:59+00:00
request for payment 183915,Request For Payment SUBMITTED by EMPLOYEE,STAFF MEMBER,2018-11-06 09:41:35+00:00,2018-11-06 08:45:35+00:00
request for payment 183915,Request For Payment APPROVED by ADMINISTRATION,STAFF MEMBER,2018-11-06 09:22:35+00:00,2018-11-06 08:47:35+00:00
request for payment 175114,Request For Payment SUBMITTED by EMPLOYEE,STAFF MEMBER,2018-11-06 09:24:35+00:00,2018-11-06 08:49:35+00:00
request for payment 175114,Request For Payment APPROVED by ADMINISTRATION,STAFF MEMBER,2018-11-06 09:25:38+00:00,2018-11-06 08:49:38+00:00
request for payment 182746,Request For Payment SUBMITTED by EMPLOYEE,STAFF MEMBER,2018-11-06 09:53:37+00:00,2018-11-06 09:02:37+00:00
request for payment 182746,Request For Payment APPROVED by ADMINISTRATION,STAFF MEMBER,2018-11-06 09:50:48+00:00,2018-11-06 09:02:48+00:00
request for payment 180467,Request Payment,SYSTEM,2018-11-06 09:39:59+00:00,2018-11-06 09:08:59+00:00
request for payment 183491,Request Payment,SYSTEM,2018-11-06 10:04:00+00:00,2018-11-06 09:09:00+00:00
request for payment 175109,Request For Payment APPROVED by ADMINISTRATION,STAFF MEMBER,2018-11-06 10:16:29+00:00,2018-11-06 09:28:29+00:00
request for payment 182907,Request For Payment SUBMITTED by EMPLOYEE,STAFF MEMBER,2018-11-06 10:56:51+00:00,2018-11-06 10:08:51+00:00
request for payment 182746,Request For Payment FINAL_APPROVED by SUPERVISOR,STAFF MEMBER,2018-11-06 11:12:43+00:00,2018-11-06 10:23:43+00:00
request for payment 183920,Request For Payment SUBMITTED by EMPLOYEE,STAFF MEMBER,2018-11-06 11:26:30+00:00,2018-11-06 10:31:30+00:00
request for payment 183920,Request For Payment APPROVED by ADMINISTRATION,STAFF MEMBER,2018-11-06 11:04:41+00:00,2018-11-06 10:34:41+00:00
request for payment 172730,Request For Payment FINAL_APPROVED by SUPERVISOR,STAFF MEMBER,2018-11-06 11:20:20+00:00,2018-11-06 10:36:20+00:00
request for payment 172119,Request For Payment FINAL_APPROVED by SUPERVISOR,STAFF MEMBER,2018-11-06 11:12:35+00:00,2018-11-06 10:37:35+00:00
request for payment 175077,Request Payment,SYSTEM,2018-11-06 11:22:13+00:00,2018-11-06 10:38:13+00:00
request for payment 175082,Request For Payment FINAL_APPROVED by SUPERVISOR,STAFF MEMBER,2018-11-06 11:15:28+00:00,2018-11-06 10:38:28+00:00
request for payment 175082,Request Payment,SYSTEM,2018-11-06 11:12:29+00:00,2018-11-06 10:38:29+00:00
request for payment 172735,Request For Payment FINAL_APPROVED by SUPERVISOR,STAFF MEMBER,2018-11-06 11:11:54+00:00,2018-11-06 10:40:54+00:00
request for payment 182907,Request For Payment APPROVED by ADMINISTRATION,STAFF MEMBER,2018-11-06 11:51:21+00:00,2018-11-06 10:52:21+00:00
request for payment 172124,Request For Payment SUBMITTED by EMPLOYEE,STAFF MEMBER,2018-11-06 11:59:38+00:00,2018-11-06 11:00:38+00:00
request for payment 172124,Request For Payment APPROVED by ADMINISTRATION,STAFF MEMBER,2018-11-06 11:39:35+00:00,2018-11-06 11:01:35+00:00
request for payment 182912,Request For Payment SUBMITTED by EMPLOYEE,STAFF MEMBER,2018-11-06 12:02:38+00:00,2018-11-06 11:02:38+00:00
request for payment 182912,Request For Payment APPROVED by ADMINISTRATION,STAFF MEMBER,2018-11-06 11:55:48+00:00,2018-11-06 11:04:48+00:00
request for payment 172093,Request Payment,SYSTEM,2018-11-06 12:23:44+00:00,2018-11-06 11:23:44+00:00
request for payment 182751,Request For Payment SUBMITTED by EMPLOYEE,STAFF MEMBER,2018-11-06 11:56:26+00:00,2018-11-06 11:25:26+00:00
request for payment 182751,Request For Payment APPROVED by ADMINISTRATION,STAFF MEMBER,2018-11-06 12:12:00+00:00,2018-11-06 11:26:00+00:00
request for payment 173703,Request For Payment SUBMITTED by EMPLOYEE,STAFF MEMBER,2018-11-06 12:45:58+00:00,2018-11-06 11:58:58+00:00
request for payment 173703,Request For Payment APPROVED by ADMINISTRATION,STAFF MEMBER,2018-11-06 12:56:35+00:00,2018-11-06 11:59:35+00:00
request for payment 182902,Request For Payment FINAL_APPROVED by SUPERVISOR,STAFF MEMBER,2018-11-06 13:23:38+00:00,2018-11-06 12:44:38+00:00
request for payment 173703,Request For Payment APPROVED by BUDGET OWNER,STAFF MEMBER,2018-11-06 13:22:29+00:00,2018-11-06 12:47:29+00:00
request for payment 182912,Request For Payment APPROVED by BUDGET OWNER,STAFF MEMBER,2018-11-06 13:25:28+00:00,2018-11-06 12:51:28+00:00
request for payment 172130,Request For Payment SUBMITTED by EMPLOYEE,STAFF MEMBER,2018-11-06 13:26:27+00:00,2018-11-06 12:55:27+00:00
request for payment 172130,Request For Payment APPROVED by ADMINISTRATION,STAFF MEMBER,2018-11-06 13:51:30+00:00,2018-11-06 12:55:30+00:00
request for payment 182756,Request For Payment SUBMITTED by EMPLOYEE,STAFF MEMBER,2018-11-06 14:36:23+00:00,2018-11-06 13:45:23+00:00
request for payment 182756,Request For Payment APPROVED by ADMINISTRATION,STAFF MEMBER,2018-11-06 14:15:30+00:00,2018-11-06 13:45:30+00:00
request for payment 182762,Request For Payment SUBMITTED by EMPLOYEE,STAFF MEMBER,2018-11-06 14:37:12+00:00,2018-11-06 13:59:12+00:00
request for payment 182762,Request For Payment REJECTED by ADMINISTRATION,STAFF MEMBER,2018-11-06 14:32:59+00:00,2018-11-06 13:59:59+00:00
request for payment 182766,Request For Payment SUBMITTED by EMPLOYEE,STAFF MEMBER,2018-11-06 15:23:33+00:00,2018-11-06 14:24:33+00:00
request for payment 182766,Request For Payment APPROVED by ADMINISTRATION,STAFF MEMBER,2018-11-06 15:22:43+00:00,2018-11-06 14:24:43+00:00
request for payment 175104,Request For Payment FINAL_APPROVED by SUPERVISOR,STAFF MEMBER,2018-11-06 15:09:53+00:00,2018-11-06 14:26:53+00:00
request for payment 175114,Request For Payment APPROVED by BUDGET OWNER,STAFF MEMBER,2018-11-06 15:22:33+00:00,2018-11-06 14:29:33+00:00
request for payment 182751,Request For Payment FINAL_APPROVED by SUPERVISOR,STAFF MEMBER,2018-11-06 15:26:17+00:00,2018-11-06 14:42:17+00:00
request for payment 173709,Request For Payment SUBMITTED by EMPLOYEE,STAFF MEMBER,2018-11-06 15:16:16+00:00,2018-11-06 14:44:16+00:00
request for payment 183915,Request For Payment FINAL_APPROVED by SUPERVISOR,STAFF MEMBER,2018-11-06 15:50:18+00:00,2018-11-06 14:56:18+00:00
request for payment 182756,Request For Payment APPROVED by BUDGET OWNER,STAFF MEMBER,2018-11-06 15:48:41+00:00,2018-11-06 14:58:41+00:00
request for payment 172085,Request For Payment SUBMITTED by EMPLOYEE,STAFF MEMBER,2018-11-06 18:18:49+00:00,2018-11-06 17:27:49+00:00
request for payment 173057,Request For Payment SUBMITTED by EMPLOYEE,STAFF MEMBER,2018-11-06 18:26:06+00:00,2018-11-06 17:32:06+00:00
request for payment 173057,Request For Payment APPROVED by ADMINISTRATION,STAFF MEMBER,2018-11-06 18:21:21+00:00,2018-11-06 17:32:21+00:00
request for payment 172085,Request For Payment APPROVED by ADMINISTRATION,STAFF MEMBER,2018-11-06 18:28:49+00:00,2018-11-06 17:33:49+00:00
request for payment 173062,Request For Payment SUBMITTED by EMPLOYEE,STAFF MEMBER,2018-11-06 20:19:29+00:00,2018-11-06 19:33:29+00:00
request for payment 183147,Request For Payment REJECTED by SUPERVISOR,STAFF MEMBER,2018-11-07 04:56:11+00:00,2018-11-07 04:15:11+00:00
request for payment 182467,Request For Payment FINAL_APPROVED by SUPERVISOR,STAFF MEMBER,2018-11-07 04:51:11+00:00,2018-11-07 04:15:11+00:00
request for payment 183527,Request For Payment FINAL_APPROVED by SUPERVISOR,STAFF MEMBER,2018-11-07 05:06:12+00:00,2018-11-07 04:15:12+00:00
request for payment 183294,Request For Payment SUBMITTED by EMPLOYEE,STAFF MEMBER,2018-11-07 07:56:57+00:00,2018-11-07 07:23:57+00:00
request for payment 183294,Request For Payment APPROVED by ADMINISTRATION,STAFF MEMBER,2018-11-07 07:56:27+00:00,2018-11-07 07:24:27+00:00
request for payment 172135,Request For Payment SUBMITTED by EMPLOYEE,STAFF MEMBER,2018-11-07 08:35:27+00:00,2018-11-07 07:39:27+00:00
request for payment 172135,Request For Payment APPROVED by ADMINISTRATION,STAFF MEMBER,2018-11-07 08:26:54+00:00,2018-11-07 07:39:54+00:00
request for payment 182450,Request Payment,SYSTEM,2018-11-07 08:23:34+00:00,2018-11-07 07:43:34+00:00
request for payment 182456,Request Payment,SYSTEM,2018-11-07 08:21:44+00:00,2018-11-07 07:43:44+00:00
request for payment 183518,Request Payment,SYSTEM,2018-11-07 08:38:57+00:00,2018-11-07 07:43:57+00:00
request for payment 172362,Request Payment,SYSTEM,2018-11-07 08:40:11+00:00,2018-11-07 07:44:11+00:00
request for payment 173687,Request Payment,SYSTEM,2018-11-07 08:36:21+00:00,2018-11-07 07:44:21+00:00
request for payment 172107,Request Payment,SYSTEM,2018-11-07 08:15:34+00:00,2018-11-07 07:44:34+00:00
request for payment 172140,Request For Payment SUBMITTED by EMPLOYEE,STAFF MEMBER,2018-11-07 08:57:37+00:00,2018-11-07 07:57:37+00:00
request for payment 172140,Request For Payment APPROVED by ADMINISTRATION,STAFF MEMBER,2018-11-07 08:40:51+00:00,2018-11-07 08:01:51+00:00
request for payment 173070,Request For Payment SUBMITTED by EMPLOYEE,STAFF MEMBER,2018-11-07 09:33:52+00:00,2018-11-07 08:37:52+00:00
request for payment 172146,Request For Payment SUBMITTED by EMPLOYEE,STAFF MEMBER,2018-11-07 09:40:39+00:00,2018-11-07 08:41:39+00:00
request for payment 172146,Request For Payment APPROVED by ADMINISTRATION,STAFF MEMBER,2018-11-07 09:24:50+00:00,2018-11-07 08:42:50+00:00
request for payment 173070,Request For Payment APPROVED by ADMINISTRATION,STAFF MEMBER,2018-11-07 09:41:38+00:00,2018-11-07 08:45:38+00:00
request for payment 173070,Request For Payment FINAL_APPROVED by SUPERVISOR,STAFF MEMBER,2018-11-07 09:54:47+00:00,2018-11-07 08:57:47+00:00
request for payment 175109,Request For Payment FINAL_APPROVED by SUPERVISOR,STAFF MEMBER,2018-11-07 09:36:59+00:00,2018-11-07 08:58:59+00:00
request for payment 182772,Request For Payment SUBMITTED by EMPLOYEE,STAFF MEMBER,2018-11-07 10:03:42+00:00,2018-11-07 09:16:42+00:00
request for payment 182772,Request For Payment APPROVED by ADMINISTRATION,STAFF MEMBER,2018-11-07 09:50:45+00:00,2018-11-07 09:16:45+00:00
request for payment 182812,Request For Payment FINAL_APPROVED by SUPERVISOR,STAFF MEMBER,2018-11-07 10:18:02+00:00,2018-11-07 09:30:02+00:00
request for payment 175120,Request For Payment SUBMITTED by EMPLOYEE,STAFF MEMBER,2018-11-07 10:32:32+00:00,2018-11-07 09:32:32+00:00
request for payment 175120,Request For Payment APPROVED by ADMINISTRATION,STAFF MEMBER,2018-11-07 10:30:50+00:00,2018-11-07 09:32:50+00:00
request for payment 183300,Request For Payment SUBMITTED by EMPLOYEE,STAFF MEMBER,2018-11-07 10:49:17+00:00,2018-11-07 10:03:17+00:00
request for payment 183300,Request For Payment APPROVED by ADMINISTRATION,STAFF MEMBER,2018-11-07 10:57:10+00:00,2018-11-07 10:04:10+00:00
request for payment 183306,Request For Payment SUBMITTED by EMPLOYEE,STAFF MEMBER,2018-11-07 10:54:11+00:00,2018-11-07 10:08:11+00:00
request for payment 183306,Request For Payment APPROVED by ADMINISTRATION,STAFF MEMBER,2018-11-07 10:49:22+00:00,2018-11-07 10:08:22+00:00
request for payment 182778,Request For Payment SUBMITTED by EMPLOYEE,STAFF MEMBER,2018-11-07 10:55:30+00:00,2018-11-07 10:20:30+00:00
request for payment 183130,Request For Payment FINAL_APPROVED by SUPERVISOR,STAFF MEMBER,2018-11-07 11:18:34+00:00,2018-11-07 10:20:34+00:00
request for payment 182778,Request For Payment APPROVED by ADMINISTRATION,STAFF MEMBER,2018-11-07 10:51:47+00:00,2018-11-07 10:20:47+00:00
request for payment 173046,Request For Payment FINAL_APPROVED by SUPERVISOR,STAFF MEMBER,2018-11-07 11:41:35+00:00,2018-11-07 10:41:35+00:00
request for payment 173075,Request For Payment SUBMITTED by EMPLOYEE,STAFF MEMBER,2018-11-07 12:10:12+00:00,2018-11-07 11:23:12+00:00
request for payment 173075,Request For Payment APPROVED by ADMINISTRATION,STAFF MEMBER,2018-11-07 11:54:22+00:00,2018-11-07 11:23:22+00:00
request for payment 173081,Request For Payment SUBMITTED by EMPLOYEE,STAFF MEMBER,2018-11-07 13:06:00+00:00,2018-11-07 12:21:00+00:00
request for payment 173081,Request For Payment REJECTED by ADMINISTRATION,STAFF MEMBER,2018-11-07 13:12:26+00:00,2018-11-07 12:21:26+00:00
request for payment 173703,Request For Payment FINAL_APPROVED by SUPERVISOR,STAFF MEMBER,2018-11-07 12:59:24+00:00,2018-11-07 12:26:24+00:00
request for payment 173703,Request Payment,SYSTEM,2018-11-07 12:58:24+00:00,2018-11-07 12:26:24+00:00
request for payment 183925,Request For Payment SUBMITTED by EMPLOYEE,STAFF MEMBER,2018-11-07 13:19:01+00:00,2018-11-07 12:37:01+00:00
request for payment 183925,Request For Payment APPROVED by ADMINISTRATION,STAFF MEMBER,2018-11-07 13:25:34+00:00,2018-11-07 12:37:34+00:00
request for payment 182297,Request For Payment FINAL_APPROVED by SUPERVISOR,STAFF MEMBER,2018-11-07 13:26:21+00:00,2018-11-07 12:53:21+00:00
request for payment 172683,Request For Payment APPROVED by BUDGET OWNER,STAFF MEMBER,2018-11-07 13:30:41+00:00,2018-11-07 12:57:41+00:00
request for payment 182820,Request For Payment FINAL_APPROVED by SUPERVISOR,STAFF MEMBER,2018-11-07 13:46:29+00:00,2018-11-07 13:00:29+00:00
request for payment 172719,Request For Payment APPROVED by BUDGET OWNER,STAFF MEMBER,2018-11-07 13:41:25+00:00,2018-11-07 13:01:25+00:00
request for payment 172725,Request For Payment FINAL_APPROVED by SUPERVISOR,STAFF MEMBER,2018-11-07 13:51:07+00:00,2018-11-07 13:03:07+00:00
request for payment 182846,Request For Payment FINAL_APPROVED by SUPERVISOR,STAFF MEMBER,2018-11-07 13:45:18+00:00,2018-11-07 13:07:18+00:00
request for payment 182718,Request For Payment APPROVED by BUDGET OWNER,STAFF MEMBER,2018-11-07 13:56:36+00:00,2018-11-07 13:10:36+00:00
request for payment 182724,Request For Payment FINAL_APPROVED by SUPERVISOR,STAFF MEMBER,2018-11-07 13:50:29+00:00,2018-11-07 13:14:29+00:00
request for payment 182729,Request For Payment REJECTED by EMPLOYEE,STAFF MEMBER,2018-11-07 14:08:34+00:00,2018-11-07 13:16:34+00:00
request for payment 173714,Request For Payment SUBMITTED by EMPLOYEE,STAFF MEMBER,2018-11-07 13:50:16+00:00,2018-11-07 13:18:16+00:00
request for payment 182733,Request For Payment FINAL_APPROVED by SUPERVISOR,STAFF MEMBER,2018-11-07 13:49:14+00:00,2018-11-07 13:19:14+00:00
request for payment 183568,Request For Payment FINAL_APPROVED by SUPERVISOR,STAFF MEMBER,2018-11-07 13:56:22+00:00,2018-11-07 13:20:22+00:00
request for payment 173714,Request For Payment APPROVED by ADMINISTRATION,STAFF MEMBER,2018-11-07 14:15:18+00:00,2018-11-07 13:21:18+00:00
request for payment 183890,Request For Payment APPROVED by BUDGET OWNER,STAFF MEMBER,2018-11-07 14:03:27+00:00,2018-11-07 13:21:27+00:00
request for payment 183896,Request For Payment APPROVED by BUDGET OWNER,STAFF MEMBER,2018-11-07 14:10:18+00:00,2018-11-07 13:22:18+00:00
request for payment 182871,Request For Payment FINAL_APPROVED by SUPERVISOR,STAFF MEMBER,2018-11-07 14:15:04+00:00,2018-11-07 13:23:04+00:00
request for payment 182876,Request For Payment FINAL_APPROVED by SUPERVISOR,STAFF MEMBER,2018-11-07 14:12:57+00:00,2018-11-07 13:24:57+00:00
request for payment 182881,Request For Payment FINAL_APPROVED by SUPERVISOR,STAFF MEMBER,2018-11-07 14:15:28+00:00,2018-11-07 13:25:28+00:00
request for payment 173719,Request For Payment SUBMITTED by EMPLOYEE,STAFF MEMBER,2018-11-07 14:25:24+00:00,2018-11-07 13:26:24+00:00
request for payment 173714,Request For Payment FINAL_APPROVED by SUPERVISOR,STAFF MEMBER,2018-11-07 14:17:15+00:00,2018-11-07 13:27:15+00:00
request for payment 173719,Request For Payment APPROVED by ADMINISTRATION,STAFF MEMBER,2018-11-07 14:04:16+00:00,2018-11-07 13:29:16+00:00
request for payment 182820,Request Payment,SYSTEM,2018-11-07 14:22:43+00:00,2018-11-07 13:32:43+00:00
request for payment 173709,Request For Payment APPROVED by ADMINISTRATION,STAFF MEMBER,2018-11-07 14:18:51+00:00,2018-11-07 13:41:51+00:00
request for payment 173724,Request For Payment SUBMITTED by EMPLOYEE,STAFF MEMBER,2018-11-07 14:58:36+00:00,2018-11-07 14:07:36+00:00
request for payment 173724,Request For Payment REJECTED by ADMINISTRATION,STAFF MEMBER,2018-11-07 15:04:49+00:00,2018-11-07 14:08:49+00:00
request for payment 172085,Request For Payment FINAL_APPROVED by SUPERVISOR,STAFF MEMBER,2018-11-07 15:03:02+00:00,2018-11-07 14:24:02+00:00
request for payment 182881,Request Payment,SYSTEM,2018-11-07 15:20:44+00:00,2018-11-07 14:28:44+00:00
request for payment 173038,Request For Payment REJECTED by EMPLOYEE,STAFF MEMBER,2018-11-07 15:18:24+00:00,2018-11-07 14:29:24+00:00
request for payment 173038,Request For Payment SUBMITTED by EMPLOYEE,STAFF MEMBER,2018-11-07 15:24:13+00:00,2018-11-07 14:35:13+00:00
request for payment 173038,Request For Payment APPROVED by ADMINISTRATION,STAFF MEMBER,2018-11-07 15:21:28+00:00,2018-11-07 14:35:28+00:00
request for payment 172151,Request For Payment SUBMITTED by EMPLOYEE,STAFF MEMBER,2018-11-07 15:16:42+00:00,2018-11-07 14:38:42+00:00
request for payment 172151,Request For Payment APPROVED by ADMINISTRATION,STAFF MEMBER,2018-11-07 15:33:48+00:00,2018-11-07 14:38:48+00:00
request for payment 177045,Request Payment,SYSTEM,2018-11-07 16:00:44+00:00,2018-11-07 15:02:44+00:00
request for payment 182305,Request For Payment FINAL_APPROVED by SUPERVISOR,STAFF MEMBER,2018-11-07 16:52:44+00:00,2018-11-07 15:56:44+00:00
request for payment 177373,Request For Payment FINAL_APPROVED by SUPERVISOR,STAFF MEMBER,2018-11-07 16:44:17+00:00,2018-11-07 16:01:17+00:00
request for payment 182886,Request For Payment FINAL_APPROVED by SUPERVISOR,STAFF MEMBER,2018-11-07 16:44:34+00:00,2018-11-07 16:04:34+00:00
request for payment 182891,Request For Payment FINAL_APPROVED by SUPERVISOR,STAFF MEMBER,2018-11-07 16:44:55+00:00,2018-11-07 16:04:55+00:00
request for payment 182907,Request For Payment FINAL_APPROVED by SUPERVISOR,STAFF MEMBER,2018-11-07 16:39:26+00:00,2018-11-07 16:06:26+00:00
request for payment 182762,Request For Payment REJECTED by EMPLOYEE,STAFF MEMBER,2018-11-07 17:05:50+00:00,2018-11-07 16:08:50+00:00
request for payment 173709,Request For Payment FINAL_APPROVED by SUPERVISOR,STAFF MEMBER,2018-11-07 16:52:35+00:00,2018-11-07 16:11:35+00:00
request for payment 175058,Request For Payment REJECTED by EMPLOYEE,STAFF MEMBER,2018-11-07 17:06:52+00:00,2018-11-07 16:13:52+00:00
request for payment 180450,Request Payment,SYSTEM,2018-11-07 17:16:56+00:00,2018-11-07 16:28:56+00:00
request for payment 173070,Request Payment,SYSTEM,2018-11-07 18:16:34+00:00,2018-11-07 17:44:34+00:00
request for payment 173033,Request For Payment SUBMITTED by EMPLOYEE,STAFF MEMBER,2018-11-07 18:37:03+00:00,2018-11-07 17:54:03+00:00
request for payment 173033,Request For Payment APPROVED by ADMINISTRATION,STAFF MEMBER,2018-11-07 18:41:25+00:00,2018-11-07 17:54:25+00:00
request for payment 183931,Request For Payment SUBMITTED by EMPLOYEE,STAFF MEMBER,2018-11-07 21:37:14+00:00,2018-11-07 20:53:14+00:00
request for payment 183931,Request For Payment APPROVED by ADMINISTRATION,STAFF MEMBER,2018-11-07 21:46:39+00:00,2018-11-07 20:53:39+00:00
request for payment 175058,Request For Payment SUBMITTED by EMPLOYEE,STAFF MEMBER,2018-11-07 21:45:32+00:00,2018-11-07 21:09:32+00:00
request for payment 175058,Request For Payment APPROVED by ADMINISTRATION,STAFF MEMBER,2018-11-07 22:09:14+00:00,2018-11-07 21:10:14+00:00
request for payment 183936,Request For Payment SUBMITTED by EMPLOYEE,STAFF MEMBER,2018-11-07 22:13:33+00:00,2018-11-07 21:13:33+00:00
request for payment 183936,Request For Payment APPROVED by ADMINISTRATION,STAFF MEMBER,2018-11-07 22:04:37+00:00,2018-11-07 21:13:37+00:00
request for payment 183941,Request For Payment SUBMITTED by EMPLOYEE,STAFF MEMBER,2018-11-07 22:07:31+00:00,2018-11-07 21:16:31+00:00
request for payment 183941,Request For Payment APPROVED by ADMINISTRATION,STAFF MEMBER,2018-11-07 22:06:35+00:00,2018-11-07 21:16:35+00:00
request for payment 173090,Request For Payment SUBMITTED by EMPLOYEE,STAFF MEMBER,2018-11-07 22:15:32+00:00,2018-11-07 21:27:32+00:00
request for payment 173090,Request For Payment APPROVED by ADMINISTRATION,STAFF MEMBER,2018-11-07 22:08:36+00:00,2018-11-07 21:27:36+00:00
request for payment 181739,Request For Payment FINAL_APPROVED by SUPERVISOR,STAFF MEMBER,2018-11-08 05:04:30+00:00,2018-11-08 04:15:30+00:00
request for payment 182380,Request For Payment FINAL_APPROVED by SUPERVISOR,STAFF MEMBER,2018-11-08 05:07:31+00:00,2018-11-08 04:15:31+00:00
request for payment 182380,Request Payment,SYSTEM,2018-11-08 05:36:24+00:00,2018-11-08 04:45:24+00:00
request for payment 183503,Request Payment,SYSTEM,2018-11-08 06:43:26+00:00,2018-11-08 06:09:26+00:00
request for payment 182825,Request Payment,SYSTEM,2018-11-08 07:07:28+00:00,2018-11-08 06:09:28+00:00
request for payment 177381,Request Payment,SYSTEM,2018-11-08 07:31:31+00:00,2018-11-08 06:38:31+00:00
request for payment 183136,Request For Payment FINAL_APPROVED by SUPERVISOR,STAFF MEMBER,2018-11-08 07:29:57+00:00,2018-11-08 06:45:57+00:00
request for payment 182336,Request Payment,SYSTEM,2018-11-08 07:31:58+00:00,2018-11-08 06:45:58+00:00
request for payment 182344,Request Payment,SYSTEM,2018-11-08 07:21:59+00:00,2018-11-08 06:45:59+00:00
request for payment 173051,Request For Payment APPROVED by ADMINISTRATION,STAFF MEMBER,2018-11-08 07:37:41+00:00,2018-11-08 06:52:41+00:00
request for payment 175109,Request Payment,SYSTEM,2018-11-08 07:33:27+00:00,2018-11-08 06:56:27+00:00
request for payment 172730,Request Payment,SYSTEM,2018-11-08 07:48:55+00:00,2018-11-08 06:56:55+00:00
request for payment 172719,Request For Payment FINAL_APPROVED by SUPERVISOR,STAFF MEMBER,2018-11-08 07:40:29+00:00,2018-11-08 07:00:29+00:00
request for payment 172683,Request For Payment FINAL_APPROVED by SUPERVISOR,STAFF MEMBER,2018-11-08 07:37:55+00:00,2018-11-08 07:00:55+00:00
request for payment 182846,Request Payment,SYSTEM,2018-11-08 07:46:33+00:00,2018-11-08 07:01:33+00:00
request for payment 172709,Request Payment,SYSTEM,2018-11-08 07:38:16+00:00,2018-11-08 07:05:16+00:00
request for payment 183130,Request Payment,SYSTEM,2018-11-08 08:05:51+00:00,2018-11-08 07:21:51+00:00
request for payment 182751,Request Payment,SYSTEM,2018-11-08 08:25:30+00:00,2018-11-08 07:29:30+00:00
request for payment 177373,Request Payment,SYSTEM,2018-11-08 08:29:32+00:00,2018-11-08 07:42:32+00:00
request for payment 182891,Request Payment,SYSTEM,2018-11-08 08:41:17+00:00,2018-11-08 07:46:17+00:00
request for payment 182886,Request Payment,SYSTEM,2018-11-08 08:24:04+00:00,2018-11-08 07:47:04+00:00
request for payment 177013,Request For Payment FINAL_APPROVED by SUPERVISOR,STAFF MEMBER,2018-11-08 08:38:14+00:00,2018-11-08 07:48:14+00:00
request for payment 172054,Request Payment,SYSTEM,2018-11-08 08:32:51+00:00,2018-11-08 07:51:51+00:00
request for payment 182386,Request For Payment FINAL_APPROVED by SUPERVISOR,STAFF MEMBER,2018-11-08 08:25:07+00:00,2018-11-08 07:55:07+00:00
request for payment 173057,Request For Payment FINAL_APPROVED by SUPERVISOR,STAFF MEMBER,2018-11-08 09:01:05+00:00,2018-11-08 08:13:05+00:00
request for payment 172130,Request For Payment FINAL_APPROVED by SUPERVISOR,STAFF MEMBER,2018-11-08 08:50:04+00:00,2018-11-08 08:15:04+00:00
request for payment 177391,Request For Payment SUBMITTED by EMPLOYEE,STAFF MEMBER,2018-11-08 08:56:59+00:00,2018-11-08 08:18:59+00:00
request for payment 177391,Request For Payment APPROVED by ADMINISTRATION,STAFF MEMBER,2018-11-08 09:17:02+00:00,2018-11-08 08:19:02+00:00
request for payment 177396,Request For Payment SUBMITTED by EMPLOYEE,STAFF MEMBER,2018-11-08 09:08:00+00:00,2018-11-08 08:20:00+00:00
request for payment 177396,Request For Payment APPROVED by ADMINISTRATION,STAFF MEMBER,2018-11-08 09:03:07+00:00,2018-11-08 08:20:07+00:00
request for payment 173051,Request For Payment APPROVED by BUDGET OWNER,STAFF MEMBER,2018-11-08 09:05:15+00:00,2018-11-08 08:26:15+00:00
request for payment 182783,Request For Payment SUBMITTED by EMPLOYEE,STAFF MEMBER,2018-11-08 08:59:55+00:00,2018-11-08 08:28:55+00:00
request for payment 182783,Request For Payment APPROVED by ADMINISTRATION,STAFF MEMBER,2018-11-08 09:14:49+00:00,2018-11-08 08:29:49+00:00
request for payment 182812,Request Payment,SYSTEM,2018-11-08 09:15:10+00:00,2018-11-08 08:30:10+00:00
request for payment 172156,Request For Payment SUBMITTED by EMPLOYEE,STAFF MEMBER,2018-11-08 09:14:29+00:00,2018-11-08 08:39:29+00:00
request for payment 172156,Request For Payment APPROVED by ADMINISTRATION,STAFF MEMBER,2018-11-08 09:24:44+00:00,2018-11-08 08:39:44+00:00
request for payment 183147,Request For Payment REJECTED by EMPLOYEE,STAFF MEMBER,2018-11-08 09:22:53+00:00,2018-11-08 08:40:53+00:00
request for payment 183312,Request For Payment SUBMITTED by EMPLOYEE,STAFF MEMBER,2018-11-08 09:42:04+00:00,2018-11-08 08:50:04+00:00
request for payment 183312,Request For Payment APPROVED by ADMINISTRATION,STAFF MEMBER,2018-11-08 09:37:21+00:00,2018-11-08 08:50:21+00:00
request for payment 182402,Request For Payment FINAL_APPROVED by SUPERVISOR,STAFF MEMBER,2018-11-08 09:50:46+00:00,2018-11-08 08:50:46+00:00
request for payment 182789,Request For Payment SUBMITTED by EMPLOYEE,STAFF MEMBER,2018-11-08 09:37:46+00:00,2018-11-08 08:55:46+00:00
request for payment 182789,Request For Payment APPROVED by ADMINISTRATION,STAFF MEMBER,2018-11-08 09:36:52+00:00,2018-11-08 08:55:52+00:00
request for payment 172085,Request Payment,SYSTEM,2018-11-08 09:52:25+00:00,2018-11-08 08:58:25+00:00
request for payment 182718,Request For Payment FINAL_APPROVED by SUPERVISOR,STAFF MEMBER,2018-11-08 09:36:10+00:00,2018-11-08 09:03:10+00:00
request for payment 172162,Request For Payment SUBMITTED by EMPLOYEE,STAFF MEMBER,2018-11-08 09:48:29+00:00,2018-11-08 09:04:29+00:00
request for payment 172162,Request For Payment APPROVED by ADMINISTRATION,STAFF MEMBER,2018-11-08 09:52:42+00:00,2018-11-08 09:04:42+00:00
request for payment 182902,Request Payment,SYSTEM,2018-11-08 09:49:32+00:00,2018-11-08 09:16:32+00:00
request for payment 177386,Request Payment,SYSTEM,2018-11-08 09:47:42+00:00,2018-11-08 09:16:42+00:00
request for payment 182794,Request For Payment SUBMITTED by EMPLOYEE,STAFF MEMBER,2018-11-08 10:45:42+00:00,2018-11-08 09:54:42+00:00
request for payment 182794,Request For Payment APPROVED by ADMINISTRATION,STAFF MEMBER,2018-11-08 10:45:51+00:00,2018-11-08 09:54:51+00:00
request for payment 182800,Request For Payment SUBMITTED by EMPLOYEE,STAFF MEMBER,2018-11-08 10:47:08+00:00,2018-11-08 09:57:08+00:00
request for payment 182800,Request For Payment APPROVED by ADMINISTRATION,STAFF MEMBER,2018-11-08 10:28:10+00:00,2018-11-08 09:57:10+00:00
request for payment 182402,Request Payment,SYSTEM,2018-11-08 10:43:00+00:00,2018-11-08 09:58:00+00:00
request for payment 182806,Request For Payment SUBMITTED by EMPLOYEE,STAFF MEMBER,2018-11-08 10:56:14+00:00,2018-11-08 10:04:14+00:00
request for payment 172689,Request Payment,SYSTEM,2018-11-08 11:04:41+00:00,2018-11-08 10:05:41+00:00
request for payment 172335,Request Payment,SYSTEM,2018-11-08 11:05:52+00:00,2018-11-08 10:05:52+00:00
request for payment 183159,Request For Payment SUBMITTED by EMPLOYEE,STAFF MEMBER,2018-11-08 10:58:52+00:00,2018-11-08 10:16:52+00:00
request for payment 183159,Request For Payment REJECTED by ADMINISTRATION,STAFF MEMBER,2018-11-08 11:05:59+00:00,2018-11-08 10:18:59+00:00
request for payment 183167,Request For Payment SUBMITTED by EMPLOYEE,STAFF MEMBER,2018-11-08 11:14:10+00:00,2018-11-08 10:31:10+00:00
request for payment 183167,Request For Payment APPROVED by ADMINISTRATION,STAFF MEMBER,2018-11-08 11:02:01+00:00,2018-11-08 10:32:01+00:00
request for payment 172102,Request Payment,SYSTEM,2018-11-08 11:10:32+00:00,2018-11-08 10:35:32+00:00
request for payment 183318,Request For Payment SUBMITTED by EMPLOYEE,STAFF MEMBER,2018-11-08 11:23:50+00:00,2018-11-08 10:44:50+00:00
request for payment 183318,Request For Payment APPROVED by ADMINISTRATION,STAFF MEMBER,2018-11-08 11:18:59+00:00,2018-11-08 10:44:59+00:00
request for payment 183323,Request For Payment SUBMITTED by EMPLOYEE,STAFF MEMBER,2018-11-08 11:19:15+00:00,2018-11-08 10:45:15+00:00
request for payment 183323,Request For Payment APPROVED by ADMINISTRATION,STAFF MEMBER,2018-11-08 11:32:20+00:00,2018-11-08 10:45:20+00:00
request for payment 182746,Request Payment,SYSTEM,2018-11-08 11:25:51+00:00,2018-11-08 10:46:51+00:00
request for payment 173095,Request For Payment SUBMITTED by EMPLOYEE,STAFF MEMBER,2018-11-08 11:38:57+00:00,2018-11-08 11:03:57+00:00
request for payment 173095,Request For Payment APPROVED by ADMINISTRATION,STAFF MEMBER,2018-11-08 12:03:00+00:00,2018-11-08 11:04:00+00:00
request for payment 172683,Request Payment,SYSTEM,2018-11-08 11:48:43+00:00,2018-11-08 11:04:43+00:00
request for payment 183172,Request For Payment SUBMITTED by EMPLOYEE,STAFF MEMBER,2018-11-08 11:43:13+00:00,2018-11-08 11:06:13+00:00
request for payment 183172,Request For Payment REJECTED by ADMINISTRATION,STAFF MEMBER,2018-11-08 12:02:50+00:00,2018-11-08 11:06:50+00:00
request for payment 183176,Request For Payment SUBMITTED by EMPLOYEE,STAFF MEMBER,2018-11-08 11:55:35+00:00,2018-11-08 11:12:35+00:00
request for payment 183176,Request For Payment APPROVED by ADMINISTRATION,STAFF MEMBER,2018-11-08 11:50:37+00:00,2018-11-08 11:12:37+00:00
request for payment 173709,Request Payment,SYSTEM,2018-11-08 12:39:21+00:00,2018-11-08 11:48:21+00:00
request for payment 173100,Request For Payment SUBMITTED by EMPLOYEE,STAFF MEMBER,2018-11-08 12:25:59+00:00,2018-11-08 11:55:59+00:00
request for payment 173100,Request For Payment APPROVED by ADMINISTRATION,STAFF MEMBER,2018-11-08 12:42:01+00:00,2018-11-08 11:56:01+00:00
request for payment 172318,Request Payment,SYSTEM,2018-11-08 12:34:19+00:00,2018-11-08 11:57:19+00:00
request for payment 172673,Request Payment,SYSTEM,2018-11-08 12:43:59+00:00,2018-11-08 11:58:59+00:00
request for payment 172064,Request Payment,SYSTEM,2018-11-08 12:58:11+00:00,2018-11-08 12:01:11+00:00
request for payment 172167,Request For Payment SUBMITTED by EMPLOYEE,STAFF MEMBER,2018-11-08 13:18:19+00:00,2018-11-08 12:23:19+00:00
request for payment 172167,Request For Payment APPROVED by ADMINISTRATION,STAFF MEMBER,2018-11-08 13:18:54+00:00,2018-11-08 12:24:54+00:00
request for payment 182718,Request Payment,SYSTEM,2018-11-08 13:12:57+00:00,2018-11-08 12:41:57+00:00
request for payment 172725,Request Payment,SYSTEM,2018-11-08 13:33:05+00:00,2018-11-08 12:42:05+00:00
request for payment 173046,Request Payment,SYSTEM,2018-11-08 13:28:50+00:00,2018-11-08 12:55:50+00:00
request for payment 182297,Request Payment,SYSTEM,2018-11-08 13:40:23+00:00,2018-11-08 13:01:23+00:00
request for payment 182871,Request Payment,SYSTEM,2018-11-08 14:01:03+00:00,2018-11-08 13:04:03+00:00
request for payment 171688,Request Payment,SYSTEM,2018-11-08 14:08:45+00:00,2018-11-08 13:10:45+00:00
request for payment 182896,Request For Payment APPROVED by BUDGET OWNER,STAFF MEMBER,2018-11-08 13:59:34+00:00,2018-11-08 13:15:34+00:00
request for payment 172754,Request For Payment APPROVED by BUDGET OWNER,STAFF MEMBER,2018-11-08 13:48:30+00:00,2018-11-08 13:16:30+00:00
request for payment 173719,Request For Payment FINAL_APPROVED by SUPERVISOR,STAFF MEMBER,2018-11-08 14:06:53+00:00,2018-11-08 13:20:53+00:00
request for payment 181748,Request For Payment SUBMITTED by EMPLOYEE,STAFF MEMBER,2018-11-08 14:03:45+00:00,2018-11-08 13:21:45+00:00
request for payment 181748,Request For Payment APPROVED by ADMINISTRATION,STAFF MEMBER,2018-11-08 14:08:50+00:00,2018-11-08 13:21:50+00:00
request for payment 183931,Request For Payment FINAL_APPROVED by SUPERVISOR,STAFF MEMBER,2018-11-08 14:18:55+00:00,2018-11-08 13:24:55+00:00
request for payment 182789,Request For Payment FINAL_APPROVED by SUPERVISOR,STAFF MEMBER,2018-11-08 13:58:54+00:00,2018-11-08 13:25:54+00:00
request for payment 183167,Request For Payment FINAL_APPROVED by SUPERVISOR,STAFF MEMBER,2018-11-08 14:04:28+00:00,2018-11-08 13:26:28+00:00
request for payment 172167,Request For Payment FINAL_APPROVED by SUPERVISOR,STAFF MEMBER,2018-11-08 14:05:26+00:00,2018-11-08 13:28:26+00:00
request for payment 183329,Request For Payment SUBMITTED by EMPLOYEE,STAFF MEMBER,2018-11-08 14:49:32+00:00,2018-11-08 14:00:32+00:00
request for payment 183329,Request For Payment APPROVED by ADMINISTRATION,STAFF MEMBER,2018-11-08 14:33:19+00:00,2018-11-08 14:02:19+00:00
request for payment 173105,Request For Payment SUBMITTED by EMPLOYEE,STAFF MEMBER,2018-11-08 14:41:46+00:00,2018-11-08 14:03:46+00:00
request for payment 183181,Request For Payment SUBMITTED by EMPLOYEE,STAFF MEMBER,2018-11-08 14:39:59+00:00,2018-11-08 14:05:59+00:00
request for payment 183186,Request For Payment SAVED by EMPLOYEE,STAFF MEMBER,2018-11-08 14:54:12+00:00,2018-11-08 14:06:12+00:00
request for payment 183181,Request For Payment APPROVED by ADMINISTRATION,STAFF MEMBER,2018-11-08 15:00:28+00:00,2018-11-08 14:06:28+00:00
request for payment 173105,Request For Payment REJECTED by ADMINISTRATION,STAFF MEMBER,2018-11-08 14:50:54+00:00,2018-11-08 14:08:54+00:00
request for payment 172754,Request For Payment FINAL_APPROVED by SUPERVISOR,STAFF MEMBER,2018-11-08 15:18:41+00:00,2018-11-08 14:23:41+00:00
request for payment 183334,Request For Payment SUBMITTED by EMPLOYEE,STAFF MEMBER,2018-11-08 15:00:38+00:00,2018-11-08 14:28:38+00:00
request for payment 183334,Request For Payment APPROVED by ADMINISTRATION,STAFF MEMBER,2018-11-08 15:11:40+00:00,2018-11-08 14:28:40+00:00
request for payment 183340,Request For Payment SUBMITTED by EMPLOYEE,STAFF MEMBER,2018-11-08 15:31:30+00:00,2018-11-08 14:59:30+00:00
request for payment 183340,Request For Payment APPROVED by ADMINISTRATION,STAFF MEMBER,2018-11-08 15:38:37+00:00,2018-11-08 14:59:37+00:00
request for payment 183346,Request For Payment SUBMITTED by EMPLOYEE,STAFF MEMBER,2018-11-08 15:58:14+00:00,2018-11-08 15:10:14+00:00
request for payment 183346,Request For Payment APPROVED by ADMINISTRATION,STAFF MEMBER,2018-11-08 16:08:17+00:00,2018-11-08 15:10:17+00:00
request for payment 182756,Request For Payment FINAL_APPROVED by SUPERVISOR,STAFF MEMBER,2018-11-08 16:11:42+00:00,2018-11-08 15:16:42+00:00
request for payment 183352,Request For Payment SUBMITTED by EMPLOYEE,STAFF MEMBER,2018-11-08 16:34:25+00:00,2018-11-08 15:43:25+00:00
request for payment 183352,Request For Payment REJECTED by ADMINISTRATION,STAFF MEMBER,2018-11-08 16:47:11+00:00,2018-11-08 15:53:11+00:00
request for payment 172461,Request For Payment SUBMITTED by EMPLOYEE,STAFF MEMBER,2018-11-08 16:56:51+00:00,2018-11-08 16:20:51+00:00
request for payment 172461,Request For Payment REJECTED by ADMINISTRATION,STAFF MEMBER,2018-11-08 17:21:02+00:00,2018-11-08 16:29:02+00:00
request for payment 172362,Payment Handled,SYSTEM,2018-11-08 17:19:15+00:00,2018-11-08 16:31:15+00:00
request for payment 172093,Payment Handled,SYSTEM,2018-11-08 17:12:15+00:00,2018-11-08 16:31:15+00:00
request for payment 183089,Payment Handled,SYSTEM,2018-11-08 17:03:15+00:00,2018-11-08 16:31:15+00:00
request for payment 180467,Payment Handled,SYSTEM,2018-11-08 17:09:15+00:00,2018-11-08 16:31:15+00:00
request for payment 183518,Payment Handled,SYSTEM,2018-11-08 17:10:15+00:00,2018-11-08 16:31:15+00:00
request for payment 175082,Payment Handled,SYSTEM,2018-11-08 17:05:15+00:00,2018-11-08 16:31:15+00:00
request for payment 172678,Payment Handled,SYSTEM,2018-11-08 17:01:15+00:00,2018-11-08 16:31:15+00:00
request for payment 175077,Payment Handled,SYSTEM,2018-11-08 17:14:15+00:00,2018-11-08 16:31:15+00:00
request for payment 182450,Payment Handled,SYSTEM,2018-11-08 17:09:15+00:00,2018-11-08 16:31:15+00:00
request for payment 183558,Payment Handled,SYSTEM,2018-11-08 17:04:15+00:00,2018-11-08 16:31:15+00:00
request for payment 172107,Payment Handled,SYSTEM,2018-11-08 17:08:15+00:00,2018-11-08 16:31:15+00:00
request for payment 182881,Payment Handled,SYSTEM,2018-11-08 17:09:15+00:00,2018-11-08 16:31:15+00:00
request for payment 177002,Payment Handled,SYSTEM,2018-11-08 17:01:15+00:00,2018-11-08 16:31:15+00:00
request for payment 183491,Payment Handled,SYSTEM,2018-11-08 17:31:15+00:00,2018-11-08 16:31:15+00:00
request for payment 173018,Payment Handled,SYSTEM,2018-11-08 17:15:15+00:00,2018-11-08 16:31:15+00:00
request for payment 180450,Payment Handled,SYSTEM,2018-11-08 17:28:15+00:00,2018-11-08 16:31:15+00:00
request for payment 171683,Payment Handled,SYSTEM,2018-11-08 17:16:15+00:00,2018-11-08 16:31:15+00:00
request for payment 172701,Payment Handled,SYSTEM,2018-11-08 17:16:15+00:00,2018-11-08 16:31:15+00:00
request for payment 182456,Payment Handled,SYSTEM,2018-11-08 17:16:15+00:00,2018-11-08 16:31:15+00:00
request for payment 182494,Payment Handled,SYSTEM,2018-11-08 17:17:15+00:00,2018-11-08 16:31:15+00:00
request for payment 183153,Payment Handled,SYSTEM,2018-11-08 17:18:15+00:00,2018-11-08 16:31:15+00:00
request for payment 173703,Payment Handled,SYSTEM,2018-11-08 17:14:15+00:00,2018-11-08 16:31:15+00:00
request for payment 173687,Payment Handled,SYSTEM,2018-11-08 17:29:15+00:00,2018-11-08 16:31:15+00:00
request for payment 182820,Payment Handled,SYSTEM,2018-11-08 17:31:15+00:00,2018-11-08 16:31:15+00:00
request for payment 177045,Payment Handled,SYSTEM,2018-11-08 17:20:15+00:00,2018-11-08 16:31:15+00:00
request for payment 177008,Payment Handled,SYSTEM,2018-11-08 17:22:15+00:00,2018-11-08 16:31:15+00:00
request for payment 172069,Payment Handled,SYSTEM,2018-11-08 17:25:15+00:00,2018-11-08 16:31:15+00:00
request for payment 174769,Payment Handled,SYSTEM,2018-11-08 17:26:15+00:00,2018-11-08 16:31:15+00:00
request for payment 181734,Payment Handled,SYSTEM,2018-11-08 17:19:15+00:00,2018-11-08 16:31:15+00:00
request for payment 181753,Request For Payment SUBMITTED by EMPLOYEE,STAFF MEMBER,2018-11-08 17:14:36+00:00,2018-11-08 16:41:36+00:00
request for payment 173732,Request For Payment SUBMITTED by EMPLOYEE,STAFF MEMBER,2018-11-08 18:38:08+00:00,2018-11-08 17:40:08+00:00
request for payment 183167,Request Payment,SYSTEM,2018-11-08 20:19:06+00:00,2018-11-08 19:35:06+00:00
request for payment 173719,Request Payment,SYSTEM,2018-11-08 20:33:11+00:00,2018-11-08 19:35:11+00:00
request for payment 173714,Request Payment,SYSTEM,2018-11-08 20:26:12+00:00,2018-11-08 19:35:12+00:00
request for payment 183946,Request For Payment SUBMITTED by EMPLOYEE,STAFF MEMBER,2018-11-08 22:07:09+00:00,2018-11-08 21:08:09+00:00
request for payment 183946,Request For Payment APPROVED by ADMINISTRATION,STAFF MEMBER,2018-11-08 21:49:23+00:00,2018-11-08 21:11:23+00:00
request for payment 183953,Request For Payment SUBMITTED by EMPLOYEE,STAFF MEMBER,2018-11-08 22:42:04+00:00,2018-11-08 22:00:04+00:00
request for payment 183953,Request For Payment REJECTED by ADMINISTRATION,STAFF MEMBER,2018-11-08 22:41:17+00:00,2018-11-08 22:01:17+00:00
request for payment 183961,Request For Payment SUBMITTED by EMPLOYEE,STAFF MEMBER,2018-11-08 22:57:19+00:00,2018-11-08 22:16:19+00:00
request for payment 183961,Request For Payment REJECTED by ADMINISTRATION,STAFF MEMBER,2018-11-08 23:15:44+00:00,2018-11-08 22:16:44+00:00
request for payment 182519,Request For Payment FINAL_APPROVED by SUPERVISOR,STAFF MEMBER,2018-11-09 04:57:19+00:00,2018-11-09 04:15:19+00:00
request for payment 182840,Request For Payment FINAL_APPROVED by SUPERVISOR,STAFF MEMBER,2018-11-09 04:58:19+00:00,2018-11-09 04:15:19+00:00
request for payment 182851,Request For Payment FINAL_APPROVED by SUPERVISOR,STAFF MEMBER,2018-11-09 05:10:19+00:00,2018-11-09 04:15:19+00:00
request for payment 174730,Request For Payment FINAL_APPROVED by SUPERVISOR,STAFF MEMBER,2018-11-09 05:14:19+00:00,2018-11-09 04:15:19+00:00
request for payment 177051,Request For Payment FINAL_APPROVED by SUPERVISOR,STAFF MEMBER,2018-11-09 04:54:20+00:00,2018-11-09 04:15:20+00:00
request for payment 183548,Request For Payment FINAL_APPROVED by SUPERVISOR,STAFF MEMBER,2018-11-09 04:55:20+00:00,2018-11-09 04:15:20+00:00
request for payment 183497,Request For Payment FINAL_APPROVED by SUPERVISOR,STAFF MEMBER,2018-11-09 04:51:20+00:00,2018-11-09 04:15:20+00:00
request for payment 172754,Request Payment,SYSTEM,2018-11-09 07:36:10+00:00,2018-11-09 07:03:10+00:00
request for payment 172465,Request For Payment SUBMITTED by EMPLOYEE,STAFF MEMBER,2018-11-09 08:25:49+00:00,2018-11-09 07:52:49+00:00
request for payment 172465,Request For Payment APPROVED by ADMINISTRATION,STAFF MEMBER,2018-11-09 08:42:04+00:00,2018-11-09 07:53:04+00:00
request for payment 183568,Request Payment,SYSTEM,2018-11-09 08:49:51+00:00,2018-11-09 08:16:51+00:00
request for payment 182733,Request Payment,SYSTEM,2018-11-09 09:10:00+00:00,2018-11-09 08:22:00+00:00
request for payment 175058,Request For Payment FINAL_APPROVED by SUPERVISOR,STAFF MEMBER,2018-11-09 09:11:02+00:00,2018-11-09 08:23:02+00:00
request for payment 173724,Request For Payment REJECTED by EMPLOYEE,STAFF MEMBER,2018-11-09 09:13:24+00:00,2018-11-09 08:25:24+00:00
request for payment 183936,Request For Payment FINAL_APPROVED by SUPERVISOR,STAFF MEMBER,2018-11-09 09:26:20+00:00,2018-11-09 08:27:20+00:00
request for payment 183941,Request For Payment FINAL_APPROVED by SUPERVISOR,STAFF MEMBER,2018-11-09 09:01:39+00:00,2018-11-09 08:30:39+00:00
request for payment 173090,Request For Payment FINAL_APPROVED by SUPERVISOR,STAFF MEMBER,2018-11-09 09:17:20+00:00,2018-11-09 08:40:20+00:00
request for payment 177391,Request For Payment FINAL_APPROVED by SUPERVISOR,STAFF MEMBER,2018-11-09 09:36:12+00:00,2018-11-09 08:41:12+00:00
request for payment 182724,Request Payment,SYSTEM,2018-11-09 09:37:10+00:00,2018-11-09 08:42:10+00:00
request for payment 183181,Request For Payment FINAL_APPROVED by SUPERVISOR,STAFF MEMBER,2018-11-09 09:30:01+00:00,2018-11-09 08:44:01+00:00
request for payment 173105,Request For Payment REJECTED by EMPLOYEE,STAFF MEMBER,2018-11-09 10:53:50+00:00,2018-11-09 10:08:50+00:00
request for payment 175098,Request For Payment SUBMITTED by EMPLOYEE,STAFF MEMBER,2018-11-09 11:00:36+00:00,2018-11-09 10:10:36+00:00
request for payment 175098,Request For Payment APPROVED by ADMINISTRATION,STAFF MEMBER,2018-11-09 10:41:46+00:00,2018-11-09 10:10:46+00:00
request for payment 183176,Request For Payment FINAL_APPROVED by SUPERVISOR,STAFF MEMBER,2018-11-09 10:59:47+00:00,2018-11-09 10:12:47+00:00
request for payment 173095,Request For Payment FINAL_APPROVED by SUPERVISOR,STAFF MEMBER,2018-11-09 10:54:45+00:00,2018-11-09 10:13:45+00:00
request for payment 183159,Request For Payment SUBMITTED by EMPLOYEE,STAFF MEMBER,2018-11-09 10:52:46+00:00,2018-11-09 10:15:46+00:00
request for payment 183159,Request For Payment REJECTED by EMPLOYEE,STAFF MEMBER,2018-11-09 11:10:48+00:00,2018-11-09 10:17:48+00:00
request for payment 175125,Request For Payment SUBMITTED by EMPLOYEE,STAFF MEMBER,2018-11-09 10:56:39+00:00,2018-11-09 10:18:39+00:00
request for payment 175125,Request For Payment APPROVED by ADMINISTRATION,STAFF MEMBER,2018-11-09 10:54:57+00:00,2018-11-09 10:24:57+00:00
request for payment 182907,Request Payment,SYSTEM,2018-11-09 11:22:20+00:00,2018-11-09 10:33:20+00:00
request for payment 173109,Request For Payment SUBMITTED by EMPLOYEE,STAFF MEMBER,2018-11-09 11:50:38+00:00,2018-11-09 11:08:38+00:00
request for payment 173109,Request For Payment APPROVED by ADMINISTRATION,STAFF MEMBER,2018-11-09 12:07:00+00:00,2018-11-09 11:10:00+00:00
request for payment 183563,Request For Payment FINAL_APPROVED by SUPERVISOR,STAFF MEMBER,2018-11-09 12:40:18+00:00,2018-11-09 11:57:18+00:00
request for payment 183361,Request For Payment SUBMITTED by EMPLOYEE,STAFF MEMBER,2018-11-09 12:42:44+00:00,2018-11-09 11:57:44+00:00
request for payment 183361,Request For Payment APPROVED by ADMINISTRATION,STAFF MEMBER,2018-11-09 12:55:51+00:00,2018-11-09 11:57:51+00:00
request for payment 172140,Request For Payment APPROVED by BUDGET OWNER,STAFF MEMBER,2018-11-09 13:02:22+00:00,2018-11-09 12:03:22+00:00
request for payment 183188,Request For Payment SUBMITTED by EMPLOYEE,STAFF MEMBER,2018-11-09 12:52:10+00:00,2018-11-09 12:20:10+00:00
request for payment 183188,Request For Payment REJECTED by ADMINISTRATION,STAFF MEMBER,2018-11-09 13:14:44+00:00,2018-11-09 12:20:44+00:00
request for payment 183197,Request For Payment SUBMITTED by EMPLOYEE,STAFF MEMBER,2018-11-09 13:20:09+00:00,2018-11-09 12:26:09+00:00
request for payment 183197,Request For Payment APPROVED by ADMINISTRATION,STAFF MEMBER,2018-11-09 13:13:19+00:00,2018-11-09 12:26:19+00:00
request for payment 183563,Request Payment,SYSTEM,2018-11-09 13:46:22+00:00,2018-11-09 12:57:22+00:00
request for payment 172140,Request For Payment FINAL_APPROVED by SUPERVISOR,STAFF MEMBER,2018-11-09 13:48:45+00:00,2018-11-09 12:57:45+00:00
request for payment 183366,Request For Payment SUBMITTED by EMPLOYEE,STAFF MEMBER,2018-11-09 14:00:08+00:00,2018-11-09 13:00:08+00:00
request for payment 183366,Request For Payment REJECTED by ADMINISTRATION,STAFF MEMBER,2018-11-09 13:59:37+00:00,2018-11-09 13:00:37+00:00
request for payment 172470,Request For Payment SUBMITTED by EMPLOYEE,STAFF MEMBER,2018-11-09 13:52:24+00:00,2018-11-09 13:05:24+00:00
request for payment 172470,Request For Payment APPROVED by ADMINISTRATION,STAFF MEMBER,2018-11-09 13:39:30+00:00,2018-11-09 13:05:30+00:00
request for payment 177401,Request For Payment SUBMITTED by EMPLOYEE,STAFF MEMBER,2018-11-09 14:00:46+00:00,2018-11-09 13:16:46+00:00
request for payment 177401,Request For Payment APPROVED by ADMINISTRATION,STAFF MEMBER,2018-11-09 13:55:17+00:00,2018-11-09 13:17:17+00:00
request for payment 183159,Request For Payment SUBMITTED by EMPLOYEE,STAFF MEMBER,2018-11-09 14:19:09+00:00,2018-11-09 13:41:09+00:00
request for payment 183159,Request For Payment REJECTED by ADMINISTRATION,STAFF MEMBER,2018-11-09 14:40:27+00:00,2018-11-09 13:41:27+00:00
request for payment 183941,Request Payment,SYSTEM,2018-11-09 14:27:42+00:00,2018-11-09 13:49:42+00:00
request for payment 173090,Request Payment,SYSTEM,2018-11-09 14:41:43+00:00,2018-11-09 13:49:43+00:00
request for payment 183936,Request Payment,SYSTEM,2018-11-09 14:46:45+00:00,2018-11-09 13:49:45+00:00
request for payment 175058,Request Payment,SYSTEM,2018-11-09 14:39:45+00:00,2018-11-09 13:49:45+00:00
request for payment 177391,Request Payment,SYSTEM,2018-11-09 14:21:46+00:00,2018-11-09 13:49:46+00:00
request for payment 173100,Request For Payment FINAL_APPROVED by SUPERVISOR,STAFF MEMBER,2018-11-09 15:04:36+00:00,2018-11-09 14:04:36+00:00
request for payment 172465,Request For Payment FINAL_APPROVED by SUPERVISOR,STAFF MEMBER,2018-11-09 14:38:08+00:00,2018-11-09 14:05:08+00:00
request for payment 173033,Request For Payment FINAL_APPROVED by SUPERVISOR,STAFF MEMBER,2018-11-09 15:03:53+00:00,2018-11-09 14:05:53+00:00
request for payment 183374,Request For Payment SUBMITTED by EMPLOYEE,STAFF MEMBER,2018-11-09 15:02:15+00:00,2018-11-09 14:07:15+00:00
request for payment 183374,Request For Payment APPROVED by ADMINISTRATION,STAFF MEMBER,2018-11-09 14:44:18+00:00,2018-11-09 14:07:18+00:00
request for payment 183318,Request For Payment FINAL_APPROVED by SUPERVISOR,STAFF MEMBER,2018-11-09 14:40:30+00:00,2018-11-09 14:08:30+00:00
request for payment 177401,Request For Payment APPROVED by BUDGET OWNER,STAFF MEMBER,2018-11-09 15:03:06+00:00,2018-11-09 14:20:06+00:00
request for payment 183306,Request For Payment APPROVED by BUDGET OWNER,STAFF MEMBER,2018-11-09 15:05:41+00:00,2018-11-09 14:21:41+00:00
request for payment 173081,Request For Payment REJECTED by EMPLOYEE,STAFF MEMBER,2018-11-09 15:04:12+00:00,2018-11-09 14:32:12+00:00
request for payment 183300,Request For Payment APPROVED by BUDGET OWNER,STAFF MEMBER,2018-11-09 15:49:45+00:00,2018-11-09 14:50:45+00:00
request for payment 182778,Request For Payment FINAL_APPROVED by SUPERVISOR,STAFF MEMBER,2018-11-09 15:47:45+00:00,2018-11-09 14:52:45+00:00
request for payment 173109,Request For Payment APPROVED by BUDGET OWNER,STAFF MEMBER,2018-11-09 15:26:21+00:00,2018-11-09 14:54:21+00:00
request for payment 183172,Request For Payment REJECTED by EMPLOYEE,STAFF MEMBER,2018-11-09 15:46:06+00:00,2018-11-09 14:56:06+00:00
request for payment 183340,Request For Payment APPROVED by BUDGET OWNER,STAFF MEMBER,2018-11-09 15:33:46+00:00,2018-11-09 15:01:46+00:00
request for payment 183953,Request For Payment REJECTED by EMPLOYEE,STAFF MEMBER,2018-11-09 15:58:56+00:00,2018-11-09 15:04:56+00:00
request for payment 183197,Request For Payment APPROVED by BUDGET OWNER,STAFF MEMBER,2018-11-09 15:58:37+00:00,2018-11-09 15:08:37+00:00
request for payment 183318,Request Payment,SYSTEM,2018-11-09 15:58:06+00:00,2018-11-09 15:14:06+00:00
request for payment 175130,Request For Payment SUBMITTED by EMPLOYEE,STAFF MEMBER,2018-11-09 16:23:07+00:00,2018-11-09 15:24:07+00:00
request for payment 175130,Request For Payment APPROVED by ADMINISTRATION,STAFF MEMBER,2018-11-09 16:06:12+00:00,2018-11-09 15:24:12+00:00
request for payment 183197,Request For Payment FINAL_APPROVED by SUPERVISOR,STAFF MEMBER,2018-11-09 16:03:08+00:00,2018-11-09 15:32:08+00:00
request for payment 183306,Request For Payment FINAL_APPROVED by SUPERVISOR,STAFF MEMBER,2018-11-09 16:42:25+00:00,2018-11-09 15:43:25+00:00
request for payment 183197,Request Payment,SYSTEM,2018-11-09 16:43:18+00:00,2018-11-09 15:56:18+00:00
request for payment 172135,Request For Payment FINAL_APPROVED by SUPERVISOR,STAFF MEMBER,2018-11-09 17:57:32+00:00,2018-11-09 17:11:32+00:00
request for payment 183953,Request For Payment SUBMITTED by EMPLOYEE,STAFF MEMBER,2018-11-09 18:53:58+00:00,2018-11-09 17:57:58+00:00
request for payment 183953,Request For Payment APPROVED by ADMINISTRATION,STAFF MEMBER,2018-11-09 18:50:01+00:00,2018-11-09 17:58:01+00:00
request for payment 183340,Request For Payment FINAL_APPROVED by SUPERVISOR,STAFF MEMBER,2018-11-09 22:04:02+00:00,2018-11-09 21:28:02+00:00
request for payment 183380,Request For Payment SUBMITTED by EMPLOYEE,STAFF MEMBER,2018-11-10 14:24:02+00:00,2018-11-10 13:37:02+00:00
request for payment 183380,Request For Payment APPROVED by ADMINISTRATION,STAFF MEMBER,2018-11-10 14:20:11+00:00,2018-11-10 13:37:11+00:00
request for payment 183386,Request For Payment SUBMITTED by EMPLOYEE,STAFF MEMBER,2018-11-10 14:48:42+00:00,2018-11-10 13:53:42+00:00
request for payment 183386,Request For Payment APPROVED by ADMINISTRATION,STAFF MEMBER,2018-11-10 14:52:45+00:00,2018-11-10 13:53:45+00:00
request for payment 183692,Request For Payment SUBMITTED by EMPLOYEE,STAFF MEMBER,2018-11-10 18:01:06+00:00,2018-11-10 17:09:06+00:00
request for payment 183692,Request For Payment APPROVED by ADMINISTRATION,STAFF MEMBER,2018-11-10 18:05:19+00:00,2018-11-10 17:16:19+00:00
request for payment 183306,Request Payment,SYSTEM,2018-11-11 09:08:50+00:00,2018-11-11 08:38:50+00:00
request for payment 172130,Request Payment,SYSTEM,2018-11-11 17:07:30+00:00,2018-11-11 16:16:30+00:00
request for payment 173062,Request For Payment REJECTED by ADMINISTRATION,STAFF MEMBER,2018-11-11 21:05:55+00:00,2018-11-11 20:07:55+00:00
request for payment 183203,Request For Payment SUBMITTED by EMPLOYEE,STAFF MEMBER,2018-11-11 21:11:41+00:00,2018-11-11 20:12:41+00:00
request for payment 183203,Request For Payment REJECTED by ADMINISTRATION,STAFF MEMBER,2018-11-11 21:02:19+00:00,2018-11-11 20:16:19+00:00
request for payment 182305,Request Payment,SYSTEM,2018-11-11 21:29:02+00:00,2018-11-11 20:54:02+00:00
request for payment 183207,Request For Payment SUBMITTED by EMPLOYEE,STAFF MEMBER,2018-11-11 22:03:47+00:00,2018-11-11 21:15:47+00:00
request for payment 183207,Request For Payment APPROVED by ADMINISTRATION,STAFF MEMBER,2018-11-11 21:54:53+00:00,2018-11-11 21:15:53+00:00
request for payment 183218,Request For Payment SUBMITTED by EMPLOYEE,STAFF MEMBER,2018-11-11 22:14:46+00:00,2018-11-11 21:19:46+00:00
request for payment 183218,Request For Payment APPROVED by ADMINISTRATION,STAFF MEMBER,2018-11-11 22:10:50+00:00,2018-11-11 21:19:50+00:00
request for payment 183229,Request For Payment SUBMITTED by EMPLOYEE,STAFF MEMBER,2018-11-11 21:51:33+00:00,2018-11-11 21:20:33+00:00
request for payment 183229,Request For Payment APPROVED by ADMINISTRATION,STAFF MEMBER,2018-11-11 22:17:34+00:00,2018-11-11 21:20:34+00:00
request for payment 183234,Request For Payment SUBMITTED by EMPLOYEE,STAFF MEMBER,2018-11-11 22:05:00+00:00,2018-11-11 21:24:00+00:00
request for payment 183234,Request For Payment APPROVED by ADMINISTRATION,STAFF MEMBER,2018-11-11 22:01:02+00:00,2018-11-11 21:24:02+00:00
request for payment 183239,Request For Payment SUBMITTED by EMPLOYEE,STAFF MEMBER,2018-11-11 22:25:10+00:00,2018-11-11 21:27:10+00:00
request for payment 183239,Request For Payment APPROVED by ADMINISTRATION,STAFF MEMBER,2018-11-11 22:19:15+00:00,2018-11-11 21:27:15+00:00
request for payment 183250,Request For Payment SUBMITTED by EMPLOYEE,STAFF MEMBER,2018-11-11 21:58:53+00:00,2018-11-11 21:27:53+00:00
request for payment 183250,Request For Payment APPROVED by ADMINISTRATION,STAFF MEMBER,2018-11-11 22:09:53+00:00,2018-11-11 21:32:53+00:00
request for payment 183255,Request For Payment SUBMITTED by EMPLOYEE,STAFF MEMBER,2018-11-11 22:36:24+00:00,2018-11-11 21:42:24+00:00
request for payment 183255,Request For Payment APPROVED by ADMINISTRATION,STAFF MEMBER,2018-11-11 22:36:27+00:00,2018-11-11 21:42:27+00:00
request for payment 173057,Request Payment,SYSTEM,2018-11-12 07:25:15+00:00,2018-11-12 06:39:15+00:00
request for payment 183548,Request Payment,SYSTEM,2018-11-12 07:31:27+00:00,2018-11-12 06:39:27+00:00
request for payment 173115,Request For Payment SUBMITTED by EMPLOYEE,STAFF MEMBER,2018-11-12 07:59:48+00:00,2018-11-12 07:09:48+00:00
request for payment 173115,Request For Payment APPROVED by ADMINISTRATION,STAFF MEMBER,2018-11-12 07:44:49+00:00,2018-11-12 07:10:49+00:00
request for payment 182519,Request Payment,SYSTEM,2018-11-12 09:09:18+00:00,2018-11-12 08:19:18+00:00
request for payment 183970,Request For Payment SUBMITTED by EMPLOYEE,STAFF MEMBER,2018-11-12 09:38:06+00:00,2018-11-12 09:00:06+00:00
request for payment 183970,Request For Payment APPROVED by ADMINISTRATION,STAFF MEMBER,2018-11-12 09:40:08+00:00,2018-11-12 09:00:08+00:00
request for payment 183266,Request For Payment SUBMITTED by EMPLOYEE,STAFF MEMBER,2018-11-12 09:54:26+00:00,2018-11-12 09:12:26+00:00
request for payment 183266,Request For Payment APPROVED by ADMINISTRATION,STAFF MEMBER,2018-11-12 09:57:31+00:00,2018-11-12 09:12:31+00:00
request for payment 183702,Request For Payment SUBMITTED by EMPLOYEE,STAFF MEMBER,2018-11-12 10:50:54+00:00,2018-11-12 10:01:54+00:00
request for payment 183340,Request Payment,SYSTEM,2018-11-12 10:59:40+00:00,2018-11-12 10:03:40+00:00
request for payment 183702,Request For Payment APPROVED by ADMINISTRATION,STAFF MEMBER,2018-11-12 10:55:40+00:00,2018-11-12 10:05:40+00:00
request for payment 183203,Request For Payment REJECTED by EMPLOYEE,STAFF MEMBER,2018-11-12 10:49:04+00:00,2018-11-12 10:07:04+00:00
request for payment 183708,Request For Payment SUBMITTED by EMPLOYEE,STAFF MEMBER,2018-11-12 10:41:36+00:00,2018-11-12 10:07:36+00:00
request for payment 183708,Request For Payment APPROVED by ADMINISTRATION,STAFF MEMBER,2018-11-12 10:57:55+00:00,2018-11-12 10:18:55+00:00
request for payment 173038,Request For Payment FINAL_APPROVED by SUPERVISOR,STAFF MEMBER,2018-11-12 11:04:26+00:00,2018-11-12 10:33:26+00:00
request for payment 173120,Request For Payment SUBMITTED by EMPLOYEE,STAFF MEMBER,2018-11-12 11:15:49+00:00,2018-11-12 10:44:49+00:00
request for payment 182509,Request Payment,SYSTEM,2018-11-12 11:29:56+00:00,2018-11-12 10:44:56+00:00
request for payment 172749,Request Payment,SYSTEM,2018-11-12 11:35:05+00:00,2018-11-12 10:45:05+00:00
request for payment 173062,Request For Payment REJECTED by EMPLOYEE,STAFF MEMBER,2018-11-12 11:40:13+00:00,2018-11-12 10:46:13+00:00
request for payment 177407,Request For Payment SUBMITTED by EMPLOYEE,STAFF MEMBER,2018-11-12 11:45:56+00:00,2018-11-12 10:48:56+00:00
request for payment 177407,Request For Payment APPROVED by ADMINISTRATION,STAFF MEMBER,2018-11-12 11:27:06+00:00,2018-11-12 10:49:06+00:00
request for payment 175130,Request For Payment APPROVED by BUDGET OWNER,STAFF MEMBER,2018-11-12 11:48:55+00:00,2018-11-12 10:58:55+00:00
request for payment 177413,Request For Payment SUBMITTED by EMPLOYEE,STAFF MEMBER,2018-11-12 11:50:46+00:00,2018-11-12 11:03:46+00:00
request for payment 173038,Request Payment,SYSTEM,2018-11-12 12:00:27+00:00,2018-11-12 11:05:27+00:00
request for payment 183334,Request For Payment APPROVED by BUDGET OWNER,STAFF MEMBER,2018-11-12 11:40:09+00:00,2018-11-12 11:10:09+00:00
request for payment 183361,Request For Payment FINAL_APPROVED by SUPERVISOR,STAFF MEMBER,2018-11-12 12:10:11+00:00,2018-11-12 11:11:11+00:00
request for payment 177413,Request For Payment APPROVED by ADMINISTRATION,STAFF MEMBER,2018-11-12 12:30:50+00:00,2018-11-12 11:41:50+00:00
request for payment 174730,Request Payment,SYSTEM,2018-11-12 12:39:24+00:00,2018-11-12 11:54:24+00:00
request for payment 173120,Request For Payment APPROVED by ADMINISTRATION,STAFF MEMBER,2018-11-12 12:35:17+00:00,2018-11-12 11:56:17+00:00
request for payment 172475,Request For Payment SUBMITTED by EMPLOYEE,STAFF MEMBER,2018-11-12 12:46:39+00:00,2018-11-12 12:03:39+00:00
request for payment 172475,Request For Payment APPROVED by ADMINISTRATION,STAFF MEMBER,2018-11-12 12:34:41+00:00,2018-11-12 12:03:41+00:00
request for payment 172480,Request For Payment SUBMITTED by EMPLOYEE,STAFF MEMBER,2018-11-12 12:44:04+00:00,2018-11-12 12:06:04+00:00
request for payment 172480,Request For Payment APPROVED by ADMINISTRATION,STAFF MEMBER,2018-11-12 12:41:06+00:00,2018-11-12 12:06:06+00:00
request for payment 181748,Request For Payment FINAL_APPROVED by SUPERVISOR,STAFF MEMBER,2018-11-12 13:29:35+00:00,2018-11-12 12:37:35+00:00
request for payment 183714,Request For Payment SUBMITTED by EMPLOYEE,STAFF MEMBER,2018-11-12 13:37:38+00:00,2018-11-12 12:38:38+00:00
request for payment 183714,Request For Payment APPROVED by ADMINISTRATION,STAFF MEMBER,2018-11-12 13:17:57+00:00,2018-11-12 12:38:57+00:00
request for payment 183720,Request For Payment SUBMITTED by EMPLOYEE,STAFF MEMBER,2018-11-12 13:27:34+00:00,2018-11-12 12:42:34+00:00
request for payment 183720,Request For Payment APPROVED by ADMINISTRATION,STAFF MEMBER,2018-11-12 13:36:45+00:00,2018-11-12 12:42:45+00:00
request for payment 183953,Request For Payment FINAL_APPROVED by SUPERVISOR,STAFF MEMBER,2018-11-12 13:20:14+00:00,2018-11-12 12:50:14+00:00
request for payment 183380,Request For Payment APPROVED by BUDGET OWNER,STAFF MEMBER,2018-11-12 13:39:49+00:00,2018-11-12 12:50:49+00:00
request for payment 183725,Request For Payment SUBMITTED by EMPLOYEE,STAFF MEMBER,2018-11-12 13:50:06+00:00,2018-11-12 12:52:06+00:00
request for payment 183725,Request For Payment APPROVED by ADMINISTRATION,STAFF MEMBER,2018-11-12 13:22:09+00:00,2018-11-12 12:52:09+00:00
request for payment 177396,Request For Payment FINAL_APPROVED by SUPERVISOR,STAFF MEMBER,2018-11-12 13:30:06+00:00,2018-11-12 12:57:06+00:00
request for payment 183970,Request For Payment FINAL_APPROVED by SUPERVISOR,STAFF MEMBER,2018-11-12 13:38:17+00:00,2018-11-12 12:57:17+00:00
request for payment 175120,Request For Payment FINAL_APPROVED by SUPERVISOR,STAFF MEMBER,2018-11-12 13:57:43+00:00,2018-11-12 12:59:43+00:00
request for payment 183294,Request For Payment APPROVED by BUDGET OWNER,STAFF MEMBER,2018-11-12 13:48:27+00:00,2018-11-12 13:04:27+00:00
request for payment 183361,Request Payment,SYSTEM,2018-11-12 14:29:07+00:00,2018-11-12 13:30:07+00:00
request for payment 183931,Request Payment,SYSTEM,2018-11-12 14:12:40+00:00,2018-11-12 13:30:40+00:00
request for payment 173697,Request For Payment FINAL_APPROVED by SUPERVISOR,STAFF MEMBER,2018-11-12 14:26:45+00:00,2018-11-12 13:36:45+00:00
request for payment 182866,Request For Payment FINAL_APPROVED by SUPERVISOR,STAFF MEMBER,2018-11-12 14:38:27+00:00,2018-11-12 13:47:27+00:00
request for payment 172740,Request For Payment FINAL_APPROVED by SUPERVISOR,STAFF MEMBER,2018-11-12 14:34:28+00:00,2018-11-12 13:48:28+00:00
request for payment 173483,Request For Payment SUBMITTED by EMPLOYEE,STAFF MEMBER,2018-11-12 14:52:13+00:00,2018-11-12 13:52:13+00:00
request for payment 173483,Request For Payment APPROVED by ADMINISTRATION,STAFF MEMBER,2018-11-12 14:34:39+00:00,2018-11-12 13:55:39+00:00
request for payment 183271,Request For Payment SUBMITTED by EMPLOYEE,STAFF MEMBER,2018-11-12 14:54:12+00:00,2018-11-12 14:17:12+00:00
request for payment 183271,Request For Payment REJECTED by ADMINISTRATION,STAFF MEMBER,2018-11-12 14:55:17+00:00,2018-11-12 14:19:17+00:00
request for payment 172576,Request Payment,SYSTEM,2018-11-12 15:13:51+00:00,2018-11-12 14:23:51+00:00
request for payment 182467,Request Payment,SYSTEM,2018-11-12 15:00:12+00:00,2018-11-12 14:24:12+00:00
request for payment 182789,Request Payment,SYSTEM,2018-11-12 15:20:28+00:00,2018-11-12 14:26:28+00:00
request for payment 172719,Request Payment,SYSTEM,2018-11-12 15:05:50+00:00,2018-11-12 14:27:50+00:00
request for payment 183275,Request For Payment SUBMITTED by EMPLOYEE,STAFF MEMBER,2018-11-12 15:47:37+00:00,2018-11-12 15:01:37+00:00
request for payment 183275,Request For Payment APPROVED by ADMINISTRATION,STAFF MEMBER,2018-11-12 15:57:11+00:00,2018-11-12 15:02:11+00:00
request for payment 182806,Request For Payment APPROVED by ADMINISTRATION,STAFF MEMBER,2018-11-12 16:01:30+00:00,2018-11-12 15:11:30+00:00
request for payment 183975,Request For Payment SUBMITTED by EMPLOYEE,STAFF MEMBER,2018-11-12 15:48:18+00:00,2018-11-12 15:14:18+00:00
request for payment 183975,Request For Payment APPROVED by ADMINISTRATION,STAFF MEMBER,2018-11-12 15:52:07+00:00,2018-11-12 15:15:07+00:00
request for payment 182806,Request For Payment APPROVED by BUDGET OWNER,STAFF MEMBER,2018-11-12 16:32:31+00:00,2018-11-12 15:53:31+00:00
request for payment 173488,Request For Payment SUBMITTED by EMPLOYEE,STAFF MEMBER,2018-11-12 16:50:56+00:00,2018-11-12 15:55:56+00:00
request for payment 173488,Request For Payment APPROVED by ADMINISTRATION,STAFF MEMBER,2018-11-12 16:31:07+00:00,2018-11-12 15:57:07+00:00
request for payment 173500,Request For Payment SUBMITTED by EMPLOYEE,STAFF MEMBER,2018-11-12 16:51:09+00:00,2018-11-12 16:08:09+00:00
request for payment 173506,Request For Payment SUBMITTED by EMPLOYEE,STAFF MEMBER,2018-11-12 16:51:14+00:00,2018-11-12 16:09:14+00:00
request for payment 173506,Request For Payment APPROVED by ADMINISTRATION,STAFF MEMBER,2018-11-12 16:59:18+00:00,2018-11-12 16:09:18+00:00
request for payment 173500,Request For Payment APPROVED by ADMINISTRATION,STAFF MEMBER,2018-11-12 16:49:26+00:00,2018-11-12 16:09:26+00:00
request for payment 177418,Request For Payment SUBMITTED by EMPLOYEE,STAFF MEMBER,2018-11-12 17:03:04+00:00,2018-11-12 16:26:04+00:00
request for payment 177418,Request For Payment REJECTED by ADMINISTRATION,STAFF MEMBER,2018-11-12 17:25:10+00:00,2018-11-12 16:26:10+00:00
request for payment 177386,Payment Handled,SYSTEM,2018-11-12 17:00:47+00:00,2018-11-12 16:30:47+00:00
request for payment 182344,Payment Handled,SYSTEM,2018-11-12 17:29:47+00:00,2018-11-12 16:30:47+00:00
request for payment 182751,Payment Handled,SYSTEM,2018-11-12 17:28:47+00:00,2018-11-12 16:30:47+00:00
request for payment 172754,Payment Handled,SYSTEM,2018-11-12 17:01:47+00:00,2018-11-12 16:30:47+00:00
request for payment 183941,Payment Handled,SYSTEM,2018-11-12 17:01:47+00:00,2018-11-12 16:30:47+00:00
request for payment 182392,Payment Handled,SYSTEM,2018-11-12 17:27:47+00:00,2018-11-12 16:30:47+00:00
request for payment 182812,Payment Handled,SYSTEM,2018-11-12 17:26:47+00:00,2018-11-12 16:30:47+00:00
request for payment 172673,Payment Handled,SYSTEM,2018-11-12 17:02:47+00:00,2018-11-12 16:30:47+00:00
request for payment 173714,Payment Handled,SYSTEM,2018-11-12 17:02:47+00:00,2018-11-12 16:30:47+00:00
request for payment 182846,Payment Handled,SYSTEM,2018-11-12 17:26:47+00:00,2018-11-12 16:30:47+00:00
request for payment 172730,Payment Handled,SYSTEM,2018-11-12 17:07:47+00:00,2018-11-12 16:30:47+00:00
request for payment 177391,Payment Handled,SYSTEM,2018-11-12 17:25:47+00:00,2018-11-12 16:30:47+00:00
request for payment 182825,Payment Handled,SYSTEM,2018-11-12 17:21:47+00:00,2018-11-12 16:30:47+00:00
request for payment 172725,Payment Handled,SYSTEM,2018-11-12 17:24:47+00:00,2018-11-12 16:30:47+00:00
request for payment 173046,Payment Handled,SYSTEM,2018-11-12 17:04:47+00:00,2018-11-12 16:30:47+00:00
request for payment 173709,Payment Handled,SYSTEM,2018-11-12 17:22:47+00:00,2018-11-12 16:30:47+00:00
request for payment 182891,Payment Handled,SYSTEM,2018-11-12 17:05:47+00:00,2018-11-12 16:30:47+00:00
request for payment 172064,Payment Handled,SYSTEM,2018-11-12 17:05:47+00:00,2018-11-12 16:30:47+00:00
request for payment 183318,Payment Handled,SYSTEM,2018-11-12 17:00:47+00:00,2018-11-12 16:30:47+00:00
request for payment 172054,Payment Handled,SYSTEM,2018-11-12 17:21:47+00:00,2018-11-12 16:30:47+00:00
request for payment 182336,Payment Handled,SYSTEM,2018-11-12 17:06:47+00:00,2018-11-12 16:30:47+00:00
request for payment 173719,Payment Handled,SYSTEM,2018-11-12 17:15:47+00:00,2018-11-12 16:30:47+00:00
request for payment 182886,Payment Handled,SYSTEM,2018-11-12 17:21:47+00:00,2018-11-12 16:30:47+00:00
request for payment 172683,Payment Handled,SYSTEM,2018-11-12 17:03:47+00:00,2018-11-12 16:30:47+00:00
request for payment 182871,Payment Handled,SYSTEM,2018-11-12 17:15:47+00:00,2018-11-12 16:30:47+00:00
request for payment 173090,Payment Handled,SYSTEM,2018-11-12 17:03:47+00:00,2018-11-12 16:30:47+00:00
request for payment 177381,Payment Handled,SYSTEM,2018-11-12 17:21:47+00:00,2018-11-12 16:30:47+00:00
request for payment 182907,Payment Handled,SYSTEM,2018-11-12 17:14:47+00:00,2018-11-12 16:30:47+00:00
request for payment 175109,Payment Handled,SYSTEM,2018-11-12 17:07:47+00:00,2018-11-12 16:30:47+00:00
request for payment 172689,Payment Handled,SYSTEM,2018-11-12 17:11:47+00:00,2018-11-12 16:30:47+00:00
request for payment 182402,Payment Handled,SYSTEM,2018-11-12 17:18:47+00:00,2018-11-12 16:30:47+00:00
request for payment 172318,Payment Handled,SYSTEM,2018-11-12 17:18:47+00:00,2018-11-12 16:30:47+00:00
request for payment 182297,Payment Handled,SYSTEM,2018-11-12 17:09:47+00:00,2018-11-12 16:30:47+00:00
request for payment 172085,Payment Handled,SYSTEM,2018-11-12 17:16:47+00:00,2018-11-12 16:30:47+00:00
request for payment 182380,Payment Handled,SYSTEM,2018-11-12 17:18:47+00:00,2018-11-12 16:30:47+00:00
request for payment 183563,Payment Handled,SYSTEM,2018-11-12 17:08:47+00:00,2018-11-12 16:30:47+00:00
request for payment 182746,Payment Handled,SYSTEM,2018-11-12 17:18:47+00:00,2018-11-12 16:30:47+00:00
request for payment 183130,Payment Handled,SYSTEM,2018-11-12 17:19:47+00:00,2018-11-12 16:30:47+00:00
request for payment 172102,Payment Handled,SYSTEM,2018-11-12 17:19:47+00:00,2018-11-12 16:30:47+00:00
request for payment 172335,Payment Handled,SYSTEM,2018-11-12 17:09:47+00:00,2018-11-12 16:30:47+00:00
request for payment 182718,Payment Handled,SYSTEM,2018-11-12 17:06:47+00:00,2018-11-12 16:30:47+00:00
request for payment 172709,Payment Handled,SYSTEM,2018-11-12 17:11:47+00:00,2018-11-12 16:30:47+00:00
request for payment 183568,Payment Handled,SYSTEM,2018-11-12 17:17:47+00:00,2018-11-12 16:30:47+00:00
request for payment 177373,Payment Handled,SYSTEM,2018-11-12 17:07:47+00:00,2018-11-12 16:30:47+00:00
request for payment 183503,Payment Handled,SYSTEM,2018-11-12 17:12:47+00:00,2018-11-12 16:30:47+00:00
request for payment 173070,Payment Handled,SYSTEM,2018-11-12 17:17:47+00:00,2018-11-12 16:30:47+00:00
request for payment 183197,Payment Handled,SYSTEM,2018-11-12 17:17:47+00:00,2018-11-12 16:30:47+00:00
request for payment 182733,Payment Handled,SYSTEM,2018-11-12 17:13:47+00:00,2018-11-12 16:30:47+00:00
request for payment 182902,Payment Handled,SYSTEM,2018-11-12 17:13:47+00:00,2018-11-12 16:30:47+00:00
request for payment 183167,Payment Handled,SYSTEM,2018-11-12 17:16:47+00:00,2018-11-12 16:30:47+00:00
request for payment 183936,Payment Handled,SYSTEM,2018-11-12 17:15:47+00:00,2018-11-12 16:30:47+00:00
request for payment 171688,Payment Handled,SYSTEM,2018-11-12 17:15:47+00:00,2018-11-12 16:30:47+00:00
request for payment 175058,Payment Handled,SYSTEM,2018-11-12 17:18:47+00:00,2018-11-12 16:30:47+00:00
request for payment 182724,Payment Handled,SYSTEM,2018-11-12 17:12:47+00:00,2018-11-12 16:30:47+00:00
request for payment 183280,Request For Payment SUBMITTED by EMPLOYEE,STAFF MEMBER,2018-11-12 17:16:46+00:00,2018-11-12 16:46:46+00:00
request for payment 183280,Request For Payment APPROVED by ADMINISTRATION,STAFF MEMBER,2018-11-12 17:39:08+00:00,2018-11-12 16:47:08+00:00
request for payment 181759,Request For Payment SUBMITTED by EMPLOYEE,STAFF MEMBER,2018-11-12 19:40:02+00:00,2018-11-12 19:05:02+00:00
request for payment 181759,Request For Payment APPROVED by ADMINISTRATION,STAFF MEMBER,2018-11-12 20:02:23+00:00,2018-11-12 19:05:23+00:00
request for payment 183266,Request For Payment FINAL_APPROVED by SUPERVISOR,STAFF MEMBER,2018-11-12 20:59:45+00:00,2018-11-12 20:29:45+00:00
request for payment 175104,Request Payment,SYSTEM,2018-11-12 21:34:13+00:00,2018-11-12 20:52:13+00:00
request for payment 182912,Request For Payment FINAL_APPROVED by SUPERVISOR,STAFF MEMBER,2018-11-13 04:45:19+00:00,2018-11-13 04:15:19+00:00
request for payment 175114,Request For Payment FINAL_APPROVED by SUPERVISOR,STAFF MEMBER,2018-11-13 05:07:19+00:00,2018-11-13 04:15:19+00:00
request for payment 172167,Request Payment,SYSTEM,2018-11-13 06:21:23+00:00,2018-11-13 05:43:23+00:00
request for payment 183176,Request Payment,SYSTEM,2018-11-13 07:01:14+00:00,2018-11-13 06:14:14+00:00
request for payment 173095,Request Payment,SYSTEM,2018-11-13 07:02:15+00:00,2018-11-13 06:14:15+00:00
request for payment 177013,Request Payment,SYSTEM,2018-11-13 06:59:17+00:00,2018-11-13 06:14:17+00:00
request for payment 173100,Request Payment,SYSTEM,2018-11-13 07:15:53+00:00,2018-11-13 06:27:53+00:00
request for payment 183527,Request Payment,SYSTEM,2018-11-13 07:50:23+00:00,2018-11-13 07:10:23+00:00
request for payment 172695,Request Payment,SYSTEM,2018-11-13 07:51:25+00:00,2018-11-13 07:10:25+00:00
request for payment 173697,Request Payment,SYSTEM,2018-11-13 07:58:39+00:00,2018-11-13 07:21:39+00:00
request for payment 172135,Request Payment,SYSTEM,2018-11-13 08:12:59+00:00,2018-11-13 07:22:59+00:00
request for payment 181748,Request Payment,SYSTEM,2018-11-13 08:12:17+00:00,2018-11-13 07:26:17+00:00
request for payment 177051,Request Payment,SYSTEM,2018-11-13 08:23:38+00:00,2018-11-13 07:34:38+00:00
request for payment 183386,Request For Payment APPROVED by BUDGET OWNER,STAFF MEMBER,2018-11-13 08:25:06+00:00,2018-11-13 07:48:06+00:00
request for payment 173109,Request For Payment FINAL_APPROVED by SUPERVISOR,STAFF MEMBER,2018-11-13 08:33:42+00:00,2018-11-13 07:48:42+00:00
request for payment 182806,Request For Payment FINAL_APPROVED by SUPERVISOR,STAFF MEMBER,2018-11-13 08:49:20+00:00,2018-11-13 07:53:20+00:00
request for payment 183953,Request Payment,SYSTEM,2018-11-13 08:56:11+00:00,2018-11-13 07:57:11+00:00
request for payment 173500,Request For Payment APPROVED by BUDGET OWNER,STAFF MEMBER,2018-11-13 08:53:22+00:00,2018-11-13 08:01:22+00:00
request for payment 183275,Request For Payment FINAL_APPROVED by SUPERVISOR,STAFF MEMBER,2018-11-13 08:51:14+00:00,2018-11-13 08:02:14+00:00
request for payment 175092,Request For Payment APPROVED by BUDGET OWNER,STAFF MEMBER,2018-11-13 08:36:38+00:00,2018-11-13 08:03:38+00:00
request for payment 183181,Request Payment,SYSTEM,2018-11-13 08:48:29+00:00,2018-11-13 08:04:29+00:00
request for payment 172112,Request For Payment APPROVED by BUDGET OWNER,STAFF MEMBER,2018-11-13 08:48:43+00:00,2018-11-13 08:06:43+00:00
request for payment 182857,Request For Payment FINAL_APPROVED by SUPERVISOR,STAFF MEMBER,2018-11-13 08:40:42+00:00,2018-11-13 08:07:42+00:00
request for payment 172470,Request For Payment FINAL_APPROVED by SUPERVISOR,STAFF MEMBER,2018-11-13 08:43:21+00:00,2018-11-13 08:10:21+00:00
request for payment 173075,Request For Payment FINAL_APPROVED by SUPERVISOR,STAFF MEMBER,2018-11-13 08:54:16+00:00,2018-11-13 08:11:16+00:00
request for payment 182766,Request For Payment APPROVED by BUDGET OWNER,STAFF MEMBER,2018-11-13 09:13:26+00:00,2018-11-13 08:14:26+00:00
request for payment 182738,Request For Payment APPROVED by BUDGET OWNER,STAFF MEMBER,2018-11-13 08:58:13+00:00,2018-11-13 08:22:13+00:00
request for payment 183730,Request For Payment SUBMITTED by EMPLOYEE,STAFF MEMBER,2018-11-13 09:04:01+00:00,2018-11-13 08:25:01+00:00
request for payment 183730,Request For Payment APPROVED by ADMINISTRATION,STAFF MEMBER,2018-11-13 09:00:03+00:00,2018-11-13 08:25:03+00:00
request for payment 183266,Request Payment,SYSTEM,2018-11-13 08:57:27+00:00,2018-11-13 08:26:27+00:00
request for payment 183250,Request For Payment FINAL_APPROVED by SUPERVISOR,STAFF MEMBER,2018-11-13 09:27:20+00:00,2018-11-13 08:31:20+00:00
request for payment 183234,Request For Payment FINAL_APPROVED by SUPERVISOR,STAFF MEMBER,2018-11-13 09:25:13+00:00,2018-11-13 08:33:13+00:00
request for payment 183234,Request Payment,SYSTEM,2018-11-13 09:33:14+00:00,2018-11-13 08:34:14+00:00
request for payment 183250,Request Payment,SYSTEM,2018-11-13 09:23:40+00:00,2018-11-13 08:34:40+00:00
request for payment 183334,Request For Payment FINAL_APPROVED by SUPERVISOR,STAFF MEMBER,2018-11-13 09:25:37+00:00,2018-11-13 08:36:37+00:00
request for payment 175130,Request For Payment FINAL_APPROVED by SUPERVISOR,STAFF MEMBER,2018-11-13 09:18:37+00:00,2018-11-13 08:36:37+00:00
request for payment 173738,Request For Payment SUBMITTED by EMPLOYEE,STAFF MEMBER,2018-11-13 09:19:44+00:00,2018-11-13 08:36:44+00:00
request for payment 173738,Request For Payment APPROVED by ADMINISTRATION,STAFF MEMBER,2018-11-13 09:36:47+00:00,2018-11-13 08:36:47+00:00
request for payment 183229,Request For Payment FINAL_APPROVED by SUPERVISOR,STAFF MEMBER,2018-11-13 09:28:01+00:00,2018-11-13 08:37:01+00:00
request for payment 183285,Request For Payment SUBMITTED by EMPLOYEE,STAFF MEMBER,2018-11-13 09:28:51+00:00,2018-11-13 08:43:51+00:00
request for payment 183285,Request For Payment REJECTED by ADMINISTRATION,STAFF MEMBER,2018-11-13 09:22:54+00:00,2018-11-13 08:43:54+00:00
request for payment 175098,Request For Payment APPROVED by BUDGET OWNER,STAFF MEMBER,2018-11-13 09:48:34+00:00,2018-11-13 08:51:34+00:00
request for payment 173051,Request For Payment FINAL_APPROVED by SUPERVISOR,STAFF MEMBER,2018-11-13 09:56:07+00:00,2018-11-13 08:56:07+00:00
request for payment 183346,Request For Payment APPROVED by BUDGET OWNER,STAFF MEMBER,2018-11-13 09:50:34+00:00,2018-11-13 08:56:34+00:00
request for payment 177396,Request Payment,SYSTEM,2018-11-13 09:42:02+00:00,2018-11-13 09:01:02+00:00
request for payment 182800,Request For Payment APPROVED by BUDGET OWNER,STAFF MEMBER,2018-11-13 10:00:11+00:00,2018-11-13 09:02:11+00:00
request for payment 182794,Request For Payment APPROVED by BUDGET OWNER,STAFF MEMBER,2018-11-13 09:55:17+00:00,2018-11-13 09:05:17+00:00
request for payment 177019,Request Payment,SYSTEM,2018-11-13 09:40:45+00:00,2018-11-13 09:07:45+00:00
request for payment 182360,Request Payment,SYSTEM,2018-11-13 09:47:49+00:00,2018-11-13 09:07:49+00:00
request for payment 172146,Request For Payment FINAL_APPROVED by SUPERVISOR,STAFF MEMBER,2018-11-13 10:08:33+00:00,2018-11-13 09:10:33+00:00
request for payment 183920,Request For Payment FINAL_APPROVED by SUPERVISOR,STAFF MEMBER,2018-11-13 09:43:51+00:00,2018-11-13 09:11:51+00:00
request for payment 183497,Request Payment,SYSTEM,2018-11-13 09:41:55+00:00,2018-11-13 09:11:55+00:00
request for payment 183915,Request Payment,SYSTEM,2018-11-13 09:53:46+00:00,2018-11-13 09:13:46+00:00
request for payment 173692,Request For Payment FINAL_APPROVED by SUPERVISOR,STAFF MEMBER,2018-11-13 09:56:57+00:00,2018-11-13 09:14:57+00:00
request for payment 183902,Request For Payment FINAL_APPROVED by SUPERVISOR,STAFF MEMBER,2018-11-13 09:49:20+00:00,2018-11-13 09:18:20+00:00
request for payment 183579,Request For Payment APPROVED by BUDGET OWNER,STAFF MEMBER,2018-11-13 10:03:42+00:00,2018-11-13 09:19:42+00:00
request for payment 183573,Request For Payment APPROVED by BUDGET OWNER,STAFF MEMBER,2018-11-13 10:05:51+00:00,2018-11-13 09:23:51+00:00
request for payment 182835,Request For Payment FINAL_APPROVED by SUPERVISOR,STAFF MEMBER,2018-11-13 10:15:28+00:00,2018-11-13 09:25:28+00:00
request for payment 182766,Request For Payment FINAL_APPROVED by SUPERVISOR,STAFF MEMBER,2018-11-13 10:22:15+00:00,2018-11-13 09:35:15+00:00
request for payment 183736,Request For Payment SUBMITTED by EMPLOYEE,STAFF MEMBER,2018-11-13 10:13:49+00:00,2018-11-13 09:43:49+00:00
request for payment 183736,Request For Payment REJECTED by ADMINISTRATION,STAFF MEMBER,2018-11-13 10:16:52+00:00,2018-11-13 09:43:52+00:00
request for payment 182840,Request Payment,SYSTEM,2018-11-13 10:53:52+00:00,2018-11-13 09:57:52+00:00
request for payment 172470,Request Payment,SYSTEM,2018-11-13 10:36:47+00:00,2018-11-13 09:58:47+00:00
request for payment 183920,Request Payment,SYSTEM,2018-11-13 10:50:47+00:00,2018-11-13 09:58:47+00:00
request for payment 183334,Request Payment,SYSTEM,2018-11-13 10:54:48+00:00,2018-11-13 09:58:48+00:00
request for payment 175136,Request For Payment SUBMITTED by EMPLOYEE,STAFF MEMBER,2018-11-13 10:37:27+00:00,2018-11-13 10:02:27+00:00
request for payment 175136,Request For Payment APPROVED by ADMINISTRATION,STAFF MEMBER,2018-11-13 10:40:30+00:00,2018-11-13 10:02:30+00:00
request for payment 184297,Request For Payment SUBMITTED by EMPLOYEE,STAFF MEMBER,2018-11-13 11:02:27+00:00,2018-11-13 10:03:27+00:00
request for payment 184297,Request For Payment APPROVED by ADMINISTRATION,STAFF MEMBER,2018-11-13 11:01:49+00:00,2018-11-13 10:04:49+00:00
request for payment 173109,Request Payment,SYSTEM,2018-11-13 11:05:38+00:00,2018-11-13 10:11:38+00:00
request for payment 175142,Request For Payment SUBMITTED by EMPLOYEE,STAFF MEMBER,2018-11-13 11:02:29+00:00,2018-11-13 10:24:29+00:00
request for payment 175142,Request For Payment APPROVED by ADMINISTRATION,STAFF MEMBER,2018-11-13 11:11:53+00:00,2018-11-13 10:24:53+00:00
request for payment 182851,Request Payment,SYSTEM,2018-11-13 11:04:53+00:00,2018-11-13 10:26:53+00:00
request for payment 172465,Request Payment,SYSTEM,2018-11-13 11:20:19+00:00,2018-11-13 10:37:19+00:00
request for payment 175147,Request For Payment SUBMITTED by EMPLOYEE,STAFF MEMBER,2018-11-13 11:21:55+00:00,2018-11-13 10:39:55+00:00
request for payment 175147,Request For Payment APPROVED by ADMINISTRATION,STAFF MEMBER,2018-11-13 11:11:04+00:00,2018-11-13 10:40:04+00:00
request for payment 173500,Request For Payment FINAL_APPROVED by SUPERVISOR,STAFF MEMBER,2018-11-13 11:38:46+00:00,2018-11-13 10:59:46+00:00
request for payment 183285,Request For Payment REJECTED by EMPLOYEE,STAFF MEMBER,2018-11-13 11:56:43+00:00,2018-11-13 11:14:43+00:00
request for payment 172480,Request For Payment FINAL_APPROVED by SUPERVISOR,STAFF MEMBER,2018-11-13 11:49:33+00:00,2018-11-13 11:19:33+00:00
request for payment 172475,Request For Payment FINAL_APPROVED by SUPERVISOR,STAFF MEMBER,2018-11-13 12:00:23+00:00,2018-11-13 11:20:23+00:00
request for payment 177413,Request For Payment FINAL_APPROVED by SUPERVISOR,STAFF MEMBER,2018-11-13 12:09:10+00:00,2018-11-13 11:26:10+00:00
request for payment 173692,Request Payment,SYSTEM,2018-11-13 12:34:19+00:00,2018-11-13 11:39:19+00:00
request for payment 183285,Request For Payment SUBMITTED by EMPLOYEE,STAFF MEMBER,2018-11-13 12:48:59+00:00,2018-11-13 12:14:59+00:00
request for payment 183285,Request For Payment APPROVED by ADMINISTRATION,STAFF MEMBER,2018-11-13 13:09:04+00:00,2018-11-13 12:15:04+00:00
request for payment 183708,Request For Payment APPROVED by BUDGET OWNER,STAFF MEMBER,2018-11-13 13:05:13+00:00,2018-11-13 12:19:13+00:00
request for payment 183285,Request For Payment APPROVED by BUDGET OWNER,STAFF MEMBER,2018-11-13 13:00:03+00:00,2018-11-13 12:20:03+00:00
request for payment 183702,Request For Payment APPROVED by BUDGET OWNER,STAFF MEMBER,2018-11-13 13:12:40+00:00,2018-11-13 12:22:40+00:00
request for payment 173115,Request For Payment FINAL_APPROVED by SUPERVISOR,STAFF MEMBER,2018-11-13 12:56:33+00:00,2018-11-13 12:23:33+00:00
request for payment 183692,Request For Payment FINAL_APPROVED by SUPERVISOR,STAFF MEMBER,2018-11-13 13:11:50+00:00,2018-11-13 12:24:50+00:00
request for payment 172162,Request For Payment FINAL_APPROVED by SUPERVISOR,STAFF MEMBER,2018-11-13 13:21:58+00:00,2018-11-13 12:26:58+00:00
request for payment 172156,Request For Payment APPROVED by BUDGET OWNER,STAFF MEMBER,2018-11-13 13:06:57+00:00,2018-11-13 12:27:57+00:00
request for payment 182783,Request For Payment APPROVED by BUDGET OWNER,STAFF MEMBER,2018-11-13 13:35:18+00:00,2018-11-13 12:37:18+00:00
request for payment 173738,Request For Payment APPROVED by BUDGET OWNER,STAFF MEMBER,2018-11-13 13:36:40+00:00,2018-11-13 12:38:40+00:00
request for payment 177407,Request For Payment APPROVED by BUDGET OWNER,STAFF MEMBER,2018-11-13 13:35:35+00:00,2018-11-13 12:40:35+00:00
request for payment 183312,Request For Payment APPROVED by BUDGET OWNER,STAFF MEMBER,2018-11-13 13:31:55+00:00,2018-11-13 12:44:55+00:00
request for payment 183925,Request For Payment APPROVED by BUDGET OWNER,STAFF MEMBER,2018-11-13 13:18:29+00:00,2018-11-13 12:46:29+00:00
request for payment 172151,Request For Payment FINAL_APPROVED by SUPERVISOR,STAFF MEMBER,2018-11-13 13:26:13+00:00,2018-11-13 12:51:13+00:00
request for payment 183255,Request For Payment APPROVED by BUDGET OWNER,STAFF MEMBER,2018-11-13 14:26:49+00:00,2018-11-13 13:39:49+00:00
request for payment 173494,Request For Payment SUBMITTED by EMPLOYEE,STAFF MEMBER,2018-11-13 14:10:26+00:00,2018-11-13 13:40:26+00:00
request for payment 183239,Request For Payment APPROVED by BUDGET OWNER,STAFF MEMBER,2018-11-13 14:11:31+00:00,2018-11-13 13:40:31+00:00
request for payment 173494,Request For Payment APPROVED by ADMINISTRATION,STAFF MEMBER,2018-11-13 14:13:34+00:00,2018-11-13 13:40:34+00:00
request for payment 183218,Request For Payment APPROVED by BUDGET OWNER,STAFF MEMBER,2018-11-13 14:12:25+00:00,2018-11-13 13:41:25+00:00
request for payment 183207,Request For Payment APPROVED by BUDGET OWNER,STAFF MEMBER,2018-11-13 14:34:52+00:00,2018-11-13 13:42:52+00:00
request for payment 183188,Request For Payment REJECTED by EMPLOYEE,STAFF MEMBER,2018-11-13 14:33:28+00:00,2018-11-13 13:47:28+00:00
request for payment 183159,Request For Payment REJECTED by EMPLOYEE,STAFF MEMBER,2018-11-13 14:46:30+00:00,2018-11-13 13:57:30+00:00
request for payment 184302,Request For Payment SAVED by EMPLOYEE,STAFF MEMBER,2018-11-13 15:04:06+00:00,2018-11-13 14:19:06+00:00
request for payment 184304,Request For Payment SUBMITTED by EMPLOYEE,STAFF MEMBER,2018-11-13 15:11:06+00:00,2018-11-13 14:19:06+00:00
request for payment 184304,Request For Payment REJECTED by ADMINISTRATION,STAFF MEMBER,2018-11-13 15:04:32+00:00,2018-11-13 14:19:32+00:00
request for payment 183380,Request For Payment FINAL_APPROVED by SUPERVISOR,STAFF MEMBER,2018-11-13 16:00:53+00:00,2018-11-13 15:09:53+00:00
request for payment 175147,Request For Payment APPROVED by BUDGET OWNER,STAFF MEMBER,2018-11-13 15:43:36+00:00,2018-11-13 15:13:36+00:00
request for payment 183714,Request For Payment APPROVED by BUDGET OWNER,STAFF MEMBER,2018-11-13 15:54:15+00:00,2018-11-13 15:14:15+00:00
request for payment 172156,Request For Payment FINAL_APPROVED by SUPERVISOR,STAFF MEMBER,2018-11-13 16:22:08+00:00,2018-11-13 15:31:08+00:00
request for payment 175147,Request For Payment FINAL_APPROVED by SUPERVISOR,STAFF MEMBER,2018-11-13 16:47:25+00:00,2018-11-13 15:53:25+00:00
request for payment 183380,Request Payment,SYSTEM,2018-11-13 16:44:50+00:00,2018-11-13 15:57:50+00:00
request for payment 183692,Request Payment,SYSTEM,2018-11-13 17:05:04+00:00,2018-11-13 16:21:04+00:00
request for payment 172162,Request Payment,SYSTEM,2018-11-13 17:18:45+00:00,2018-11-13 16:21:45+00:00
request for payment 184308,Request For Payment SUBMITTED by EMPLOYEE,STAFF MEMBER,2018-11-13 18:45:49+00:00,2018-11-13 18:11:49+00:00
request for payment 184308,Request For Payment REJECTED by ADMINISTRATION,STAFF MEMBER,2018-11-13 18:47:55+00:00,2018-11-13 18:11:55+00:00
request for payment 183714,Request For Payment FINAL_APPROVED by SUPERVISOR,STAFF MEMBER,2018-11-13 19:02:00+00:00,2018-11-13 18:19:00+00:00
request for payment 175153,Request For Payment SUBMITTED by EMPLOYEE,STAFF MEMBER,2018-11-13 22:15:47+00:00,2018-11-13 21:15:47+00:00
request for payment 175153,Request For Payment APPROVED by ADMINISTRATION,STAFF MEMBER,2018-11-13 21:56:56+00:00,2018-11-13 21:15:56+00:00
request for payment 183896,Request For Payment FINAL_APPROVED by SUPERVISOR,STAFF MEMBER,2018-11-14 04:47:23+00:00,2018-11-14 04:15:23+00:00
request for payment 183890,Request For Payment FINAL_APPROVED by SUPERVISOR,STAFF MEMBER,2018-11-14 04:58:23+00:00,2018-11-14 04:15:23+00:00
request for payment 182778,Request Payment,SYSTEM,2018-11-14 07:33:08+00:00,2018-11-14 07:03:08+00:00
request for payment 183300,Request For Payment FINAL_APPROVED by SUPERVISOR,STAFF MEMBER,2018-11-14 07:40:54+00:00,2018-11-14 07:03:54+00:00
request for payment 184308,Request For Payment REJECTED by EMPLOYEE,STAFF MEMBER,2018-11-14 09:47:29+00:00,2018-11-14 08:50:29+00:00
request for payment 172735,Request Payment,SYSTEM,2018-11-14 09:53:25+00:00,2018-11-14 08:57:25+00:00
request for payment 172745,Request For Payment REJECTED by EMPLOYEE,STAFF MEMBER,2018-11-14 09:41:16+00:00,2018-11-14 09:08:16+00:00
request for payment 183697,Request For Payment SUBMITTED by EMPLOYEE,STAFF MEMBER,2018-11-14 10:16:29+00:00,2018-11-14 09:18:29+00:00
request for payment 183697,Request For Payment APPROVED by ADMINISTRATION,STAFF MEMBER,2018-11-14 09:49:19+00:00,2018-11-14 09:19:19+00:00
request for payment 175147,Request Payment,SYSTEM,2018-11-14 10:18:50+00:00,2018-11-14 09:20:50+00:00
request for payment 182835,Request Payment,SYSTEM,2018-11-14 10:11:36+00:00,2018-11-14 09:27:36+00:00
request for payment 175153,Request For Payment FINAL_APPROVED by SUPERVISOR,STAFF MEMBER,2018-11-14 10:21:55+00:00,2018-11-14 09:37:55+00:00
request for payment 175120,Request Payment,SYSTEM,2018-11-14 10:21:25+00:00,2018-11-14 09:40:25+00:00
request for payment 184317,Request For Payment SUBMITTED by EMPLOYEE,STAFF MEMBER,2018-11-14 10:25:00+00:00,2018-11-14 09:41:00+00:00
request for payment 184317,Request For Payment APPROVED by ADMINISTRATION,STAFF MEMBER,2018-11-14 10:16:51+00:00,2018-11-14 09:42:51+00:00
request for payment 183740,Request For Payment SUBMITTED by EMPLOYEE,STAFF MEMBER,2018-11-14 10:40:14+00:00,2018-11-14 09:43:14+00:00
request for payment 183740,Request For Payment APPROVED by ADMINISTRATION,STAFF MEMBER,2018-11-14 10:18:28+00:00,2018-11-14 09:43:28+00:00
request for payment 172485,Request For Payment SUBMITTED by EMPLOYEE,STAFF MEMBER,2018-11-14 10:24:09+00:00,2018-11-14 09:50:09+00:00
request for payment 172485,Request For Payment APPROVED by ADMINISTRATION,STAFF MEMBER,2018-11-14 10:43:52+00:00,2018-11-14 09:50:52+00:00
request for payment 183329,Request For Payment FINAL_APPROVED by SUPERVISOR,STAFF MEMBER,2018-11-14 11:07:18+00:00,2018-11-14 10:09:18+00:00
request for payment 183352,Request For Payment REJECTED by EMPLOYEE,STAFF MEMBER,2018-11-14 11:05:14+00:00,2018-11-14 10:16:14+00:00
request for payment 172461,Request For Payment REJECTED by EMPLOYEE,STAFF MEMBER,2018-11-14 11:00:06+00:00,2018-11-14 10:17:06+00:00
request for payment 183229,Request Payment,SYSTEM,2018-11-14 11:15:10+00:00,2018-11-14 10:21:10+00:00
request for payment 172485,Request For Payment APPROVED by BUDGET OWNER,STAFF MEMBER,2018-11-14 10:56:06+00:00,2018-11-14 10:23:06+00:00
request for payment 175125,Request For Payment FINAL_APPROVED by SUPERVISOR,STAFF MEMBER,2018-11-14 11:19:08+00:00,2018-11-14 10:24:08+00:00
request for payment 183374,Request For Payment APPROVED by BUDGET OWNER,STAFF MEMBER,2018-11-14 11:37:17+00:00,2018-11-14 10:41:17+00:00
request for payment 183925,Request For Payment FINAL_APPROVED by SUPERVISOR,STAFF MEMBER,2018-11-14 11:21:46+00:00,2018-11-14 10:42:46+00:00
request for payment 183925,Request Payment,SYSTEM,2018-11-14 11:31:47+00:00,2018-11-14 10:42:47+00:00
request for payment 173738,Request For Payment FINAL_APPROVED by SUPERVISOR,STAFF MEMBER,2018-11-14 11:28:16+00:00,2018-11-14 10:43:16+00:00
request for payment 173738,Request Payment,SYSTEM,2018-11-14 11:35:17+00:00,2018-11-14 10:43:17+00:00
request for payment 183720,Request For Payment FINAL_APPROVED by SUPERVISOR,STAFF MEMBER,2018-11-14 11:31:55+00:00,2018-11-14 10:47:55+00:00
request for payment 183725,Request For Payment FINAL_APPROVED by SUPERVISOR,STAFF MEMBER,2018-11-14 11:37:32+00:00,2018-11-14 10:49:32+00:00
request for payment 183275,Request Payment,SYSTEM,2018-11-14 11:23:27+00:00,2018-11-14 10:53:27+00:00
request for payment 183746,Request For Payment SUBMITTED by EMPLOYEE,STAFF MEMBER,2018-11-14 11:30:23+00:00,2018-11-14 10:54:23+00:00
request for payment 173120,Request For Payment APPROVED by BUDGET OWNER,STAFF MEMBER,2018-11-14 11:53:54+00:00,2018-11-14 10:54:54+00:00
request for payment 183746,Request For Payment REJECTED by ADMINISTRATION,STAFF MEMBER,2018-11-14 11:41:20+00:00,2018-11-14 10:55:20+00:00
request for payment 183754,Request For Payment SUBMITTED by EMPLOYEE,STAFF MEMBER,2018-11-14 11:36:38+00:00,2018-11-14 10:56:38+00:00
request for payment 183754,Request For Payment APPROVED by ADMINISTRATION,STAFF MEMBER,2018-11-14 11:33:42+00:00,2018-11-14 10:56:42+00:00
request for payment 173483,Request For Payment FINAL_APPROVED by SUPERVISOR,STAFF MEMBER,2018-11-14 11:55:26+00:00,2018-11-14 11:01:26+00:00
request for payment 183761,Request For Payment SUBMITTED by EMPLOYEE,STAFF MEMBER,2018-11-14 12:11:03+00:00,2018-11-14 11:18:03+00:00
request for payment 183329,Request Payment,SYSTEM,2018-11-14 12:27:58+00:00,2018-11-14 11:44:58+00:00
request for payment 182756,Request Payment,SYSTEM,2018-11-14 12:38:03+00:00,2018-11-14 11:47:03+00:00
request for payment 182386,Request Payment,SYSTEM,2018-11-14 12:29:15+00:00,2018-11-14 11:51:15+00:00
request for payment 183352,Request For Payment SUBMITTED by EMPLOYEE,STAFF MEMBER,2018-11-14 12:57:11+00:00,2018-11-14 12:07:11+00:00
request for payment 183352,Request For Payment APPROVED by ADMINISTRATION,STAFF MEMBER,2018-11-14 13:04:27+00:00,2018-11-14 12:08:27+00:00
request for payment 184323,Request For Payment SUBMITTED by EMPLOYEE,STAFF MEMBER,2018-11-14 12:53:30+00:00,2018-11-14 12:09:30+00:00
request for payment 184323,Request For Payment REJECTED by ADMINISTRATION,STAFF MEMBER,2018-11-14 12:56:32+00:00,2018-11-14 12:09:32+00:00
request for payment 183761,Request For Payment APPROVED by ADMINISTRATION,STAFF MEMBER,2018-11-14 12:56:19+00:00,2018-11-14 12:14:19+00:00
request for payment 183352,Request For Payment FINAL_APPROVED by SUPERVISOR,STAFF MEMBER,2018-11-14 13:16:57+00:00,2018-11-14 12:41:57+00:00
request for payment 175130,Request Payment,SYSTEM,2018-11-14 13:49:57+00:00,2018-11-14 12:49:57+00:00
request for payment 181739,Request Payment,SYSTEM,2018-11-14 13:44:19+00:00,2018-11-14 12:50:19+00:00
request for payment 177418,Request For Payment REJECTED by EMPLOYEE,STAFF MEMBER,2018-11-14 13:26:54+00:00,2018-11-14 12:55:54+00:00
request for payment 183975,Request For Payment REJECTED by SUPERVISOR,STAFF MEMBER,2018-11-14 14:10:05+00:00,2018-11-14 13:13:05+00:00
request for payment 184297,Request For Payment FINAL_APPROVED by SUPERVISOR,STAFF MEMBER,2018-11-14 14:01:52+00:00,2018-11-14 13:15:52+00:00
request for payment 183961,Request For Payment REJECTED by EMPLOYEE,STAFF MEMBER,2018-11-14 14:36:46+00:00,2018-11-14 13:36:46+00:00
request for payment 183280,Request For Payment FINAL_APPROVED by SUPERVISOR,STAFF MEMBER,2018-11-14 14:37:19+00:00,2018-11-14 13:38:19+00:00
request for payment 181759,Request For Payment APPROVED by BUDGET OWNER,STAFF MEMBER,2018-11-14 14:15:56+00:00,2018-11-14 13:40:56+00:00
request for payment 183730,Request For Payment APPROVED by BUDGET OWNER,STAFF MEMBER,2018-11-14 14:41:52+00:00,2018-11-14 13:41:52+00:00
request for payment 175142,Request For Payment FINAL_APPROVED by SUPERVISOR,STAFF MEMBER,2018-11-14 14:37:40+00:00,2018-11-14 13:42:40+00:00
request for payment 173494,Request For Payment APPROVED by BUDGET OWNER,STAFF MEMBER,2018-11-14 14:28:56+00:00,2018-11-14 13:43:56+00:00
request for payment 183323,Request For Payment APPROVED by BUDGET OWNER,STAFF MEMBER,2018-11-14 14:32:21+00:00,2018-11-14 13:52:21+00:00
request for payment 173744,Request For Payment SUBMITTED by EMPLOYEE,STAFF MEMBER,2018-11-14 14:43:57+00:00,2018-11-14 13:57:57+00:00
request for payment 183946,Request For Payment APPROVED by BUDGET OWNER,STAFF MEMBER,2018-11-14 14:38:13+00:00,2018-11-14 13:58:13+00:00
request for payment 173744,Request For Payment APPROVED by ADMINISTRATION,STAFF MEMBER,2018-11-14 14:33:45+00:00,2018-11-14 13:58:45+00:00
request for payment 175153,Request Payment,SYSTEM,2018-11-14 15:02:58+00:00,2018-11-14 14:03:58+00:00
request for payment 172119,Request Payment,SYSTEM,2018-11-14 15:15:22+00:00,2018-11-14 14:32:22+00:00
request for payment 183767,Request For Payment SUBMITTED by EMPLOYEE,STAFF MEMBER,2018-11-14 16:21:14+00:00,2018-11-14 15:34:14+00:00
request for payment 183767,Request For Payment APPROVED by ADMINISTRATION,STAFF MEMBER,2018-11-14 16:26:20+00:00,2018-11-14 15:34:20+00:00
request for payment 183772,Request For Payment SUBMITTED by EMPLOYEE,STAFF MEMBER,2018-11-14 16:21:18+00:00,2018-11-14 15:41:18+00:00
request for payment 183772,Request For Payment APPROVED by ADMINISTRATION,STAFF MEMBER,2018-11-14 16:40:06+00:00,2018-11-14 15:42:06+00:00
request for payment 184308,Request For Payment SUBMITTED by EMPLOYEE,STAFF MEMBER,2018-11-14 17:01:56+00:00,2018-11-14 16:29:56+00:00
request for payment 184308,Request For Payment APPROVED by ADMINISTRATION,STAFF MEMBER,2018-11-14 17:05:11+00:00,2018-11-14 16:30:11+00:00
request for payment 173512,Request For Payment SUBMITTED by EMPLOYEE,STAFF MEMBER,2018-11-14 18:04:04+00:00,2018-11-14 17:10:04+00:00
request for payment 173512,Request For Payment APPROVED by ADMINISTRATION,STAFF MEMBER,2018-11-14 18:10:32+00:00,2018-11-14 17:10:32+00:00
request for payment 183136,Request Payment,SYSTEM,2018-11-14 18:52:10+00:00,2018-11-14 18:20:10+00:00
request for payment 183285,Request For Payment FINAL_APPROVED by SUPERVISOR,STAFF MEMBER,2018-11-14 20:06:26+00:00,2018-11-14 19:17:26+00:00
request for payment 184332,Request For Payment SUBMITTED by EMPLOYEE,STAFF MEMBER,2018-11-14 22:09:51+00:00,2018-11-14 21:18:51+00:00
request for payment 184332,Request For Payment APPROVED by ADMINISTRATION,STAFF MEMBER,2018-11-14 22:19:04+00:00,2018-11-14 21:19:04+00:00
request for payment 182896,Request For Payment FINAL_APPROVED by SUPERVISOR,STAFF MEMBER,2018-11-15 05:03:25+00:00,2018-11-15 04:15:25+00:00
request for payment 173115,Request Payment,SYSTEM,2018-11-15 06:40:40+00:00,2018-11-15 05:54:40+00:00
request for payment 173751,Request For Payment SUBMITTED by EMPLOYEE,STAFF MEMBER,2018-11-15 07:00:05+00:00,2018-11-15 06:10:05+00:00
request for payment 173751,Request For Payment REJECTED by ADMINISTRATION,STAFF MEMBER,2018-11-15 06:52:13+00:00,2018-11-15 06:11:13+00:00
request for payment 183777,Request For Payment SUBMITTED by EMPLOYEE,STAFF MEMBER,2018-11-15 07:21:53+00:00,2018-11-15 06:45:53+00:00
request for payment 183777,Request For Payment APPROVED by ADMINISTRATION,STAFF MEMBER,2018-11-15 07:43:02+00:00,2018-11-15 06:46:02+00:00
request for payment 173051,Request Payment,SYSTEM,2018-11-15 07:17:17+00:00,2018-11-15 06:46:17+00:00
request for payment 183573,Request For Payment FINAL_APPROVED by SUPERVISOR,STAFF MEMBER,2018-11-15 07:23:20+00:00,2018-11-15 06:48:20+00:00
request for payment 183579,Request For Payment FINAL_APPROVED by SUPERVISOR,STAFF MEMBER,2018-11-15 07:47:20+00:00,2018-11-15 06:48:20+00:00
request for payment 177407,Request For Payment FINAL_APPROVED by SUPERVISOR,STAFF MEMBER,2018-11-15 07:48:41+00:00,2018-11-15 06:50:41+00:00
request for payment 183702,Request For Payment FINAL_APPROVED by SUPERVISOR,STAFF MEMBER,2018-11-15 07:39:09+00:00,2018-11-15 06:51:09+00:00
request for payment 183300,Request Payment,SYSTEM,2018-11-15 07:41:37+00:00,2018-11-15 06:53:37+00:00
request for payment 183346,Request For Payment FINAL_APPROVED by SUPERVISOR,STAFF MEMBER,2018-11-15 07:50:22+00:00,2018-11-15 06:57:22+00:00
request for payment 183323,Request For Payment FINAL_APPROVED by SUPERVISOR,STAFF MEMBER,2018-11-15 07:41:16+00:00,2018-11-15 07:08:16+00:00
request for payment 173075,Request Payment,SYSTEM,2018-11-15 07:54:43+00:00,2018-11-15 07:09:43+00:00
request for payment 182738,Request For Payment FINAL_APPROVED by SUPERVISOR,STAFF MEMBER,2018-11-15 08:00:44+00:00,2018-11-15 07:09:44+00:00
request for payment 183730,Request For Payment FINAL_APPROVED by SUPERVISOR,STAFF MEMBER,2018-11-15 08:03:48+00:00,2018-11-15 07:09:48+00:00
request for payment 183708,Request For Payment FINAL_APPROVED by SUPERVISOR,STAFF MEMBER,2018-11-15 08:05:44+00:00,2018-11-15 07:17:44+00:00
request for payment 177413,Request Payment,SYSTEM,2018-11-15 08:05:37+00:00,2018-11-15 07:22:37+00:00
request for payment 175114,Request Payment,SYSTEM,2018-11-15 08:25:12+00:00,2018-11-15 07:25:12+00:00
request for payment 183323,Request Payment,SYSTEM,2018-11-15 08:13:52+00:00,2018-11-15 07:31:52+00:00
request for payment 183346,Request Payment,SYSTEM,2018-11-15 08:27:45+00:00,2018-11-15 07:50:45+00:00
request for payment 172485,Request For Payment FINAL_APPROVED by SUPERVISOR,STAFF MEMBER,2018-11-15 08:55:45+00:00,2018-11-15 07:56:45+00:00
request for payment 183902,Request Payment,SYSTEM,2018-11-15 08:35:30+00:00,2018-11-15 07:57:30+00:00
request for payment 172151,Request Payment,SYSTEM,2018-11-15 08:47:31+00:00,2018-11-15 07:58:31+00:00
request for payment 183285,Request Payment,SYSTEM,2018-11-15 08:32:07+00:00,2018-11-15 08:00:07+00:00
request for payment 173483,Request Payment,SYSTEM,2018-11-15 08:47:57+00:00,2018-11-15 08:07:57+00:00
request for payment 182794,Request For Payment FINAL_APPROVED by SUPERVISOR,STAFF MEMBER,2018-11-15 08:50:56+00:00,2018-11-15 08:08:56+00:00
request for payment 184337,Request For Payment SUBMITTED by EMPLOYEE,STAFF MEMBER,2018-11-15 08:58:06+00:00,2018-11-15 08:24:06+00:00
request for payment 184337,Request For Payment APPROVED by ADMINISTRATION,STAFF MEMBER,2018-11-15 09:29:04+00:00,2018-11-15 08:29:04+00:00
request for payment 183740,Request For Payment APPROVED by BUDGET OWNER,STAFF MEMBER,2018-11-15 09:20:32+00:00,2018-11-15 08:30:32+00:00
request for payment 184317,Request For Payment APPROVED by BUDGET OWNER,STAFF MEMBER,2018-11-15 09:24:45+00:00,2018-11-15 08:32:45+00:00
request for payment 173517,Request For Payment SUBMITTED by EMPLOYEE,STAFF MEMBER,2018-11-15 09:24:57+00:00,2018-11-15 08:32:57+00:00
request for payment 175142,Request Payment,SYSTEM,2018-11-15 09:19:17+00:00,2018-11-15 08:33:17+00:00
request for payment 173517,Request For Payment APPROVED by ADMINISTRATION,STAFF MEMBER,2018-11-15 09:17:29+00:00,2018-11-15 08:33:29+00:00
request for payment 184308,Request For Payment FINAL_APPROVED by SUPERVISOR,STAFF MEMBER,2018-11-15 09:21:39+00:00,2018-11-15 08:33:39+00:00
request for payment 183352,Request Payment,SYSTEM,2018-11-15 09:31:32+00:00,2018-11-15 08:35:32+00:00
request for payment 172156,Request Payment,SYSTEM,2018-11-15 09:37:51+00:00,2018-11-15 08:39:51+00:00
request for payment 173751,Request For Payment REJECTED by EMPLOYEE,STAFF MEMBER,2018-11-15 09:22:19+00:00,2018-11-15 08:43:19+00:00
request for payment 183754,Request For Payment APPROVED by BUDGET OWNER,STAFF MEMBER,2018-11-15 09:29:17+00:00,2018-11-15 08:46:17+00:00
request for payment 173751,Request For Payment SUBMITTED by EMPLOYEE,STAFF MEMBER,2018-11-15 09:43:50+00:00,2018-11-15 08:53:50+00:00
request for payment 173751,Request For Payment APPROVED by ADMINISTRATION,STAFF MEMBER,2018-11-15 09:37:52+00:00,2018-11-15 08:53:52+00:00
request for payment 172475,Request Payment,SYSTEM,2018-11-15 09:54:55+00:00,2018-11-15 08:59:55+00:00
request for payment 172480,Request Payment,SYSTEM,2018-11-15 09:55:55+00:00,2018-11-15 08:59:55+00:00
request for payment 183975,Request For Payment REJECTED by EMPLOYEE,STAFF MEMBER,2018-11-15 10:04:07+00:00,2018-11-15 09:09:07+00:00
request for payment 183782,Request For Payment SUBMITTED by EMPLOYEE,STAFF MEMBER,2018-11-15 10:09:45+00:00,2018-11-15 09:15:45+00:00
request for payment 183782,Request For Payment APPROVED by ADMINISTRATION,STAFF MEMBER,2018-11-15 10:12:48+00:00,2018-11-15 09:19:48+00:00
request for payment 183312,Request For Payment FINAL_APPROVED by SUPERVISOR,STAFF MEMBER,2018-11-15 09:57:40+00:00,2018-11-15 09:20:40+00:00
request for payment 183312,Request Payment,SYSTEM,2018-11-15 10:00:41+00:00,2018-11-15 09:20:41+00:00
request for payment 184297,Request Payment,SYSTEM,2018-11-15 10:33:57+00:00,2018-11-15 09:37:57+00:00
request for payment 172491,Request For Payment SUBMITTED by EMPLOYEE,STAFF MEMBER,2018-11-15 10:44:53+00:00,2018-11-15 09:44:53+00:00
request for payment 172491,Request For Payment APPROVED by ADMINISTRATION,STAFF MEMBER,2018-11-15 10:35:53+00:00,2018-11-15 09:46:53+00:00
request for payment 183975,Request For Payment SUBMITTED by EMPLOYEE,STAFF MEMBER,2018-11-15 10:39:19+00:00,2018-11-15 09:58:19+00:00
request for payment 183975,Request For Payment APPROVED by ADMINISTRATION,STAFF MEMBER,2018-11-15 10:36:33+00:00,2018-11-15 09:58:33+00:00
request for payment 172112,Request For Payment FINAL_APPROVED by SUPERVISOR,STAFF MEMBER,2018-11-15 11:06:47+00:00,2018-11-15 10:28:47+00:00
request for payment 183280,Request Payment,SYSTEM,2018-11-15 11:20:16+00:00,2018-11-15 10:29:16+00:00
request for payment 175098,Request For Payment FINAL_APPROVED by SUPERVISOR,STAFF MEMBER,2018-11-15 11:09:33+00:00,2018-11-15 10:33:33+00:00
request for payment 173523,Request For Payment SUBMITTED by EMPLOYEE,STAFF MEMBER,2018-11-15 11:17:42+00:00,2018-11-15 10:33:42+00:00
request for payment 173523,Request For Payment REJECTED by ADMINISTRATION,STAFF MEMBER,2018-11-15 11:31:50+00:00,2018-11-15 10:33:50+00:00
request for payment 173531,Request For Payment SUBMITTED by EMPLOYEE,STAFF MEMBER,2018-11-15 11:17:08+00:00,2018-11-15 10:38:08+00:00
request for payment 173531,Request For Payment APPROVED by ADMINISTRATION,STAFF MEMBER,2018-11-15 11:28:10+00:00,2018-11-15 10:38:10+00:00
request for payment 183720,Request Payment,SYSTEM,2018-11-15 11:20:39+00:00,2018-11-15 10:40:39+00:00
request for payment 183896,Request Payment,SYSTEM,2018-11-15 11:37:04+00:00,2018-11-15 10:51:04+00:00
request for payment 183890,Request Payment,SYSTEM,2018-11-15 11:47:05+00:00,2018-11-15 10:51:05+00:00
request for payment 183730,Request Payment,SYSTEM,2018-11-15 11:46:38+00:00,2018-11-15 10:51:38+00:00
request for payment 173537,Request For Payment SUBMITTED by EMPLOYEE,STAFF MEMBER,2018-11-15 12:02:18+00:00,2018-11-15 11:17:18+00:00
request for payment 173537,Request For Payment APPROVED by ADMINISTRATION,STAFF MEMBER,2018-11-15 11:52:26+00:00,2018-11-15 11:17:26+00:00
request for payment 184342,Request For Payment SUBMITTED by EMPLOYEE,STAFF MEMBER,2018-11-15 13:05:20+00:00,2018-11-15 12:09:20+00:00
request for payment 184342,Request For Payment APPROVED by ADMINISTRATION,STAFF MEMBER,2018-11-15 12:58:01+00:00,2018-11-15 12:11:01+00:00
request for payment 184347,Request For Payment SUBMITTED by EMPLOYEE,STAFF MEMBER,2018-11-15 13:02:22+00:00,2018-11-15 12:27:22+00:00
request for payment 184347,Request For Payment REJECTED by ADMINISTRATION,STAFF MEMBER,2018-11-15 13:23:38+00:00,2018-11-15 12:27:38+00:00
request for payment 183975,Request For Payment APPROVED by BUDGET OWNER,STAFF MEMBER,2018-11-15 13:24:15+00:00,2018-11-15 12:29:15+00:00
request for payment 183767,Request For Payment FINAL_APPROVED by SUPERVISOR,STAFF MEMBER,2018-11-15 13:25:19+00:00,2018-11-15 12:31:19+00:00
request for payment 175158,Request For Payment SUBMITTED by EMPLOYEE,STAFF MEMBER,2018-11-15 13:37:12+00:00,2018-11-15 12:39:12+00:00
request for payment 175158,Request For Payment APPROVED by ADMINISTRATION,STAFF MEMBER,2018-11-15 13:24:22+00:00,2018-11-15 12:39:22+00:00
request for payment 184351,Request For Payment SUBMITTED by EMPLOYEE,STAFF MEMBER,2018-11-15 13:39:47+00:00,2018-11-15 12:49:47+00:00
request for payment 184351,Request For Payment APPROVED by ADMINISTRATION,STAFF MEMBER,2018-11-15 13:36:53+00:00,2018-11-15 12:49:53+00:00
request for payment 173512,Request For Payment FINAL_APPROVED by SUPERVISOR,STAFF MEMBER,2018-11-15 13:35:37+00:00,2018-11-15 12:57:37+00:00
request for payment 172124,Request For Payment APPROVED by BUDGET OWNER,STAFF MEMBER,2018-11-15 13:33:29+00:00,2018-11-15 12:58:29+00:00
request for payment 182772,Request For Payment APPROVED by BUDGET OWNER,STAFF MEMBER,2018-11-15 13:35:04+00:00,2018-11-15 13:00:04+00:00
request for payment 183736,Request For Payment REJECTED by EMPLOYEE,STAFF MEMBER,2018-11-15 13:43:34+00:00,2018-11-15 13:11:34+00:00
request for payment 172497,Request For Payment SUBMITTED by EMPLOYEE,STAFF MEMBER,2018-11-15 13:53:00+00:00,2018-11-15 13:21:00+00:00
request for payment 172497,Request For Payment APPROVED by ADMINISTRATION,STAFF MEMBER,2018-11-15 14:10:03+00:00,2018-11-15 13:21:03+00:00
request for payment 173542,Request For Payment SUBMITTED by EMPLOYEE,STAFF MEMBER,2018-11-15 14:49:54+00:00,2018-11-15 13:53:54+00:00
request for payment 173542,Request For Payment APPROVED by ADMINISTRATION,STAFF MEMBER,2018-11-15 14:24:57+00:00,2018-11-15 13:53:57+00:00
request for payment 173488,Request For Payment APPROVED by BUDGET OWNER,STAFF MEMBER,2018-11-15 14:53:54+00:00,2018-11-15 13:56:54+00:00
request for payment 175136,Request For Payment APPROVED by BUDGET OWNER,STAFF MEMBER,2018-11-15 14:49:51+00:00,2018-11-15 13:57:51+00:00
request for payment 184356,Request For Payment SUBMITTED by EMPLOYEE,STAFF MEMBER,2018-11-15 14:49:07+00:00,2018-11-15 13:59:07+00:00
request for payment 184304,Request For Payment REJECTED by EMPLOYEE,STAFF MEMBER,2018-11-15 14:46:11+00:00,2018-11-15 13:59:11+00:00
request for payment 183697,Request For Payment FINAL_APPROVED by SUPERVISOR,STAFF MEMBER,2018-11-15 14:59:23+00:00,2018-11-15 14:00:23+00:00
request for payment 173744,Request For Payment APPROVED by BUDGET OWNER,STAFF MEMBER,2018-11-15 14:40:53+00:00,2018-11-15 14:01:53+00:00
request for payment 184356,Request For Payment APPROVED by ADMINISTRATION,STAFF MEMBER,2018-11-15 14:37:56+00:00,2018-11-15 14:01:56+00:00
request for payment 184337,Request For Payment FINAL_APPROVED by SUPERVISOR,STAFF MEMBER,2018-11-15 14:39:41+00:00,2018-11-15 14:03:41+00:00
request for payment 173547,Request For Payment SUBMITTED by EMPLOYEE,STAFF MEMBER,2018-11-15 14:58:52+00:00,2018-11-15 14:03:52+00:00
request for payment 173547,Request For Payment APPROVED by ADMINISTRATION,STAFF MEMBER,2018-11-15 14:40:58+00:00,2018-11-15 14:03:58+00:00
request for payment 173517,Request For Payment APPROVED by BUDGET OWNER,STAFF MEMBER,2018-11-15 14:43:26+00:00,2018-11-15 14:04:26+00:00
request for payment 184342,Request For Payment FINAL_APPROVED by SUPERVISOR,STAFF MEMBER,2018-11-15 14:52:22+00:00,2018-11-15 14:05:22+00:00
request for payment 183761,Request For Payment APPROVED by BUDGET OWNER,STAFF MEMBER,2018-11-15 15:03:43+00:00,2018-11-15 14:06:43+00:00
request for payment 183782,Request For Payment FINAL_APPROVED by SUPERVISOR,STAFF MEMBER,2018-11-15 15:00:41+00:00,2018-11-15 14:07:41+00:00
request for payment 182866,Request Payment,SYSTEM,2018-11-15 14:49:45+00:00,2018-11-15 14:08:45+00:00
request for payment 173554,Request For Payment SUBMITTED by EMPLOYEE,STAFF MEMBER,2018-11-15 15:04:51+00:00,2018-11-15 14:08:51+00:00
request for payment 173554,Request For Payment APPROVED by ADMINISTRATION,STAFF MEMBER,2018-11-15 14:43:27+00:00,2018-11-15 14:09:27+00:00
request for payment 173531,Request For Payment APPROVED by BUDGET OWNER,STAFF MEMBER,2018-11-15 14:59:52+00:00,2018-11-15 14:09:52+00:00
request for payment 184347,Request For Payment REJECTED by EMPLOYEE,STAFF MEMBER,2018-11-15 14:46:13+00:00,2018-11-15 14:14:13+00:00
request for payment 172497,Request For Payment APPROVED by BUDGET OWNER,STAFF MEMBER,2018-11-15 15:13:45+00:00,2018-11-15 14:18:45+00:00
request for payment 182876,Request Payment,SYSTEM,2018-11-15 15:21:11+00:00,2018-11-15 14:27:11+00:00
request for payment 181765,Request For Payment SUBMITTED by EMPLOYEE,STAFF MEMBER,2018-11-15 15:45:09+00:00,2018-11-15 15:08:09+00:00
request for payment 181765,Request For Payment APPROVED by ADMINISTRATION,STAFF MEMBER,2018-11-15 15:48:53+00:00,2018-11-15 15:08:53+00:00
request for payment 182738,Request Payment,SYSTEM,2018-11-15 16:27:19+00:00,2018-11-15 15:32:19+00:00
request for payment 173523,Request For Payment REJECTED by EMPLOYEE,STAFF MEMBER,2018-11-15 16:33:18+00:00,2018-11-15 15:39:18+00:00
request for payment 173028,Request For Payment APPROVED by ADMINISTRATION,STAFF MEMBER,2018-11-15 16:45:16+00:00,2018-11-15 15:51:16+00:00
request for payment 175453,Request For Payment SUBMITTED by EMPLOYEE,STAFF MEMBER,2018-11-15 16:35:51+00:00,2018-11-15 16:05:51+00:00
request for payment 175453,Request For Payment APPROVED by ADMINISTRATION,STAFF MEMBER,2018-11-15 16:36:56+00:00,2018-11-15 16:05:56+00:00
request for payment 175459,Request For Payment SUBMITTED by EMPLOYEE,STAFF MEMBER,2018-11-15 17:04:58+00:00,2018-11-15 16:12:58+00:00
request for payment 175459,Request For Payment APPROVED by ADMINISTRATION,STAFF MEMBER,2018-11-15 17:08:01+00:00,2018-11-15 16:13:01+00:00
request for payment 182789,Payment Handled,SYSTEM,2018-11-15 17:30:20+00:00,2018-11-15 16:31:20+00:00
request for payment 183181,Payment Handled,SYSTEM,2018-11-15 17:20:20+00:00,2018-11-15 16:31:20+00:00
request for payment 173692,Payment Handled,SYSTEM,2018-11-15 17:20:20+00:00,2018-11-15 16:31:20+00:00
request for payment 173057,Payment Handled,SYSTEM,2018-11-15 17:20:20+00:00,2018-11-15 16:31:20+00:00
request for payment 183380,Payment Handled,SYSTEM,2018-11-15 17:20:20+00:00,2018-11-15 16:31:20+00:00
request for payment 183915,Payment Handled,SYSTEM,2018-11-15 17:14:20+00:00,2018-11-15 16:31:20+00:00
request for payment 182305,Payment Handled,SYSTEM,2018-11-15 17:23:20+00:00,2018-11-15 16:31:20+00:00
request for payment 183497,Payment Handled,SYSTEM,2018-11-15 17:09:20+00:00,2018-11-15 16:31:20+00:00
request for payment 183953,Payment Handled,SYSTEM,2018-11-15 17:06:20+00:00,2018-11-15 16:31:20+00:00
request for payment 183925,Payment Handled,SYSTEM,2018-11-15 17:13:20+00:00,2018-11-15 16:31:20+00:00
request for payment 182840,Payment Handled,SYSTEM,2018-11-15 17:06:20+00:00,2018-11-15 16:31:20+00:00
request for payment 173109,Payment Handled,SYSTEM,2018-11-15 17:24:20+00:00,2018-11-15 16:31:20+00:00
request for payment 182778,Payment Handled,SYSTEM,2018-11-15 17:09:20+00:00,2018-11-15 16:31:20+00:00
request for payment 175130,Payment Handled,SYSTEM,2018-11-15 17:09:20+00:00,2018-11-15 16:31:20+00:00
request for payment 183176,Payment Handled,SYSTEM,2018-11-15 17:05:20+00:00,2018-11-15 16:31:20+00:00
request for payment 172470,Payment Handled,SYSTEM,2018-11-15 17:03:20+00:00,2018-11-15 16:31:20+00:00
request for payment 183329,Payment Handled,SYSTEM,2018-11-15 17:05:20+00:00,2018-11-15 16:31:20+00:00
request for payment 183548,Payment Handled,SYSTEM,2018-11-15 17:02:20+00:00,2018-11-15 16:31:20+00:00
request for payment 183234,Payment Handled,SYSTEM,2018-11-15 17:13:20+00:00,2018-11-15 16:31:20+00:00
request for payment 177051,Payment Handled,SYSTEM,2018-11-15 17:03:20+00:00,2018-11-15 16:31:20+00:00
request for payment 183334,Payment Handled,SYSTEM,2018-11-15 17:03:20+00:00,2018-11-15 16:31:20+00:00
request for payment 182835,Payment Handled,SYSTEM,2018-11-15 17:12:20+00:00,2018-11-15 16:31:20+00:00
request for payment 172695,Payment Handled,SYSTEM,2018-11-15 17:13:20+00:00,2018-11-15 16:31:20+00:00
request for payment 183527,Payment Handled,SYSTEM,2018-11-15 17:05:20+00:00,2018-11-15 16:31:20+00:00
request for payment 182509,Payment Handled,SYSTEM,2018-11-15 17:03:20+00:00,2018-11-15 16:31:20+00:00
request for payment 183266,Payment Handled,SYSTEM,2018-11-15 17:01:20+00:00,2018-11-15 16:31:20+00:00
request for payment 177013,Payment Handled,SYSTEM,2018-11-15 17:06:20+00:00,2018-11-15 16:31:20+00:00
request for payment 183692,Payment Handled,SYSTEM,2018-11-15 17:10:20+00:00,2018-11-15 16:31:20+00:00
request for payment 172465,Payment Handled,SYSTEM,2018-11-15 17:11:20+00:00,2018-11-15 16:31:20+00:00
request for payment 181748,Payment Handled,SYSTEM,2018-11-15 17:08:20+00:00,2018-11-15 16:31:20+00:00
request for payment 183340,Payment Handled,SYSTEM,2018-11-15 17:04:20+00:00,2018-11-15 16:31:20+00:00
request for payment 183920,Payment Handled,SYSTEM,2018-11-15 17:27:20+00:00,2018-11-15 16:31:20+00:00
request for payment 175153,Payment Handled,SYSTEM,2018-11-15 17:26:20+00:00,2018-11-15 16:31:20+00:00
request for payment 183931,Payment Handled,SYSTEM,2018-11-15 17:19:20+00:00,2018-11-15 16:31:20+00:00
request for payment 173697,Payment Handled,SYSTEM,2018-11-15 17:21:20+00:00,2018-11-15 16:31:20+00:00
request for payment 173100,Payment Handled,SYSTEM,2018-11-15 17:31:20+00:00,2018-11-15 16:31:20+00:00
request for payment 173038,Payment Handled,SYSTEM,2018-11-15 17:19:20+00:00,2018-11-15 16:31:20+00:00
request for payment 172749,Payment Handled,SYSTEM,2018-11-15 17:19:20+00:00,2018-11-15 16:31:20+00:00
request for payment 172135,Payment Handled,SYSTEM,2018-11-15 17:19:20+00:00,2018-11-15 16:31:20+00:00
request for payment 172167,Payment Handled,SYSTEM,2018-11-15 17:18:20+00:00,2018-11-15 16:31:20+00:00
request for payment 182519,Payment Handled,SYSTEM,2018-11-15 17:17:20+00:00,2018-11-15 16:31:20+00:00
request for payment 183306,Payment Handled,SYSTEM,2018-11-15 17:18:20+00:00,2018-11-15 16:31:20+00:00
request for payment 175147,Payment Handled,SYSTEM,2018-11-15 17:18:20+00:00,2018-11-15 16:31:20+00:00
request for payment 172119,Payment Handled,SYSTEM,2018-11-15 17:17:20+00:00,2018-11-15 16:31:20+00:00
request for payment 172162,Payment Handled,SYSTEM,2018-11-15 17:26:20+00:00,2018-11-15 16:31:20+00:00
request for payment 175120,Payment Handled,SYSTEM,2018-11-15 17:17:20+00:00,2018-11-15 16:31:20+00:00
request for payment 183229,Payment Handled,SYSTEM,2018-11-15 17:16:20+00:00,2018-11-15 16:31:20+00:00
request for payment 182851,Payment Handled,SYSTEM,2018-11-15 17:15:20+00:00,2018-11-15 16:31:20+00:00
request for payment 182467,Payment Handled,SYSTEM,2018-11-15 17:15:20+00:00,2018-11-15 16:31:20+00:00
request for payment 177396,Payment Handled,SYSTEM,2018-11-15 17:14:20+00:00,2018-11-15 16:31:20+00:00
request for payment 172719,Payment Handled,SYSTEM,2018-11-15 17:31:20+00:00,2018-11-15 16:31:20+00:00
request for payment 182386,Payment Handled,SYSTEM,2018-11-15 17:31:20+00:00,2018-11-15 16:31:20+00:00
request for payment 172576,Payment Handled,SYSTEM,2018-11-15 17:21:20+00:00,2018-11-15 16:31:20+00:00
request for payment 182756,Payment Handled,SYSTEM,2018-11-15 17:21:20+00:00,2018-11-15 16:31:20+00:00
request for payment 183250,Payment Handled,SYSTEM,2018-11-15 17:18:20+00:00,2018-11-15 16:31:20+00:00
request for payment 177019,Payment Handled,SYSTEM,2018-11-15 17:24:20+00:00,2018-11-15 16:31:20+00:00
request for payment 181739,Payment Handled,SYSTEM,2018-11-15 17:24:20+00:00,2018-11-15 16:31:20+00:00
request for payment 182360,Payment Handled,SYSTEM,2018-11-15 17:22:20+00:00,2018-11-15 16:31:20+00:00
request for payment 173095,Payment Handled,SYSTEM,2018-11-15 17:25:20+00:00,2018-11-15 16:31:20+00:00
request for payment 173738,Payment Handled,SYSTEM,2018-11-15 17:22:20+00:00,2018-11-15 16:31:20+00:00
request for payment 183361,Payment Handled,SYSTEM,2018-11-15 17:24:20+00:00,2018-11-15 16:31:20+00:00
request for payment 172130,Payment Handled,SYSTEM,2018-11-15 17:22:20+00:00,2018-11-15 16:31:20+00:00
request for payment 174730,Payment Handled,SYSTEM,2018-11-15 17:24:20+00:00,2018-11-15 16:31:20+00:00
request for payment 183275,Payment Handled,SYSTEM,2018-11-15 17:14:20+00:00,2018-11-15 16:31:20+00:00
request for payment 175104,Payment Handled,SYSTEM,2018-11-15 17:20:20+00:00,2018-11-15 16:31:20+00:00
request for payment 172735,Payment Handled,SYSTEM,2018-11-15 17:28:20+00:00,2018-11-15 16:31:20+00:00
request for payment 173542,Request For Payment FINAL_APPROVED by SUPERVISOR,STAFF MEMBER,2018-11-15 19:36:43+00:00,2018-11-15 18:58:43+00:00
request for payment 177401,Request For Payment FINAL_APPROVED by SUPERVISOR,STAFF MEMBER,2018-11-16 05:01:55+00:00,2018-11-16 04:15:55+00:00
request for payment 175136,Request For Payment FINAL_APPROVED by SUPERVISOR,STAFF MEMBER,2018-11-16 05:22:52+00:00,2018-11-16 04:49:52+00:00
request for payment 173523,Request For Payment SUBMITTED by EMPLOYEE,STAFF MEMBER,2018-11-16 07:55:37+00:00,2018-11-16 07:13:37+00:00
request for payment 173523,Request For Payment APPROVED by ADMINISTRATION,STAFF MEMBER,2018-11-16 08:07:42+00:00,2018-11-16 07:13:42+00:00
request for payment 173028,Request For Payment FINAL_APPROVED by SUPERVISOR,STAFF MEMBER,2018-11-16 08:44:23+00:00,2018-11-16 07:44:23+00:00
request for payment 183787,Request For Payment SUBMITTED by EMPLOYEE,STAFF MEMBER,2018-11-16 09:04:19+00:00,2018-11-16 08:18:19+00:00
request for payment 183787,Request For Payment APPROVED by ADMINISTRATION,STAFF MEMBER,2018-11-16 08:51:46+00:00,2018-11-16 08:19:46+00:00
request for payment 173542,Request Payment,SYSTEM,2018-11-16 09:03:12+00:00,2018-11-16 08:23:12+00:00
request for payment 173028,Request Payment,SYSTEM,2018-11-16 09:21:42+00:00,2018-11-16 08:34:42+00:00
request for payment 177401,Request Payment,SYSTEM,2018-11-16 09:35:43+00:00,2018-11-16 08:38:43+00:00
request for payment 173033,Request Payment,SYSTEM,2018-11-16 09:29:20+00:00,2018-11-16 08:43:20+00:00
request for payment 183697,Request Payment,SYSTEM,2018-11-16 09:46:52+00:00,2018-11-16 08:51:52+00:00
request for payment 184342,Request Payment,SYSTEM,2018-11-16 09:35:20+00:00,2018-11-16 08:53:20+00:00
request for payment 175136,Request Payment,SYSTEM,2018-11-16 09:46:37+00:00,2018-11-16 09:14:37+00:00
request for payment 184361,Request For Payment SUBMITTED by EMPLOYEE,STAFF MEMBER,2018-11-16 10:05:51+00:00,2018-11-16 09:21:51+00:00
request for payment 184361,Request For Payment REJECTED by ADMINISTRATION,STAFF MEMBER,2018-11-16 10:06:56+00:00,2018-11-16 09:21:56+00:00
request for payment 184365,Request For Payment SUBMITTED by EMPLOYEE,STAFF MEMBER,2018-11-16 10:04:11+00:00,2018-11-16 09:25:11+00:00
request for payment 184365,Request For Payment APPROVED by ADMINISTRATION,STAFF MEMBER,2018-11-16 10:11:13+00:00,2018-11-16 09:25:13+00:00
request for payment 184371,Request For Payment SUBMITTED by EMPLOYEE,STAFF MEMBER,2018-11-16 10:23:52+00:00,2018-11-16 09:42:52+00:00
request for payment 184376,Request For Payment SUBMITTED by EMPLOYEE,STAFF MEMBER,2018-11-16 10:42:26+00:00,2018-11-16 09:43:26+00:00
request for payment 184376,Request For Payment APPROVED by ADMINISTRATION,STAFF MEMBER,2018-11-16 10:34:47+00:00,2018-11-16 09:43:47+00:00
request for payment 184383,Request For Payment SUBMITTED by EMPLOYEE,STAFF MEMBER,2018-11-16 10:29:46+00:00,2018-11-16 09:46:46+00:00
request for payment 184383,Request For Payment APPROVED by ADMINISTRATION,STAFF MEMBER,2018-11-16 10:18:20+00:00,2018-11-16 09:47:20+00:00
request for payment 184371,Request For Payment APPROVED by ADMINISTRATION,STAFF MEMBER,2018-11-16 10:22:21+00:00,2018-11-16 09:47:21+00:00
request for payment 184389,Request For Payment SUBMITTED by EMPLOYEE,STAFF MEMBER,2018-11-16 11:15:57+00:00,2018-11-16 10:28:57+00:00
request for payment 184389,Request For Payment APPROVED by ADMINISTRATION,STAFF MEMBER,2018-11-16 11:27:07+00:00,2018-11-16 10:29:07+00:00
request for payment 184394,Request For Payment SUBMITTED by EMPLOYEE,STAFF MEMBER,2018-11-16 11:39:06+00:00,2018-11-16 10:54:06+00:00
request for payment 184394,Request For Payment APPROVED by ADMINISTRATION,STAFF MEMBER,2018-11-16 11:43:26+00:00,2018-11-16 10:54:26+00:00
request for payment 181765,Request For Payment APPROVED by BUDGET OWNER,STAFF MEMBER,2018-11-16 11:56:29+00:00,2018-11-16 10:59:29+00:00
request for payment 182096,Request For Payment SUBMITTED by EMPLOYEE,STAFF MEMBER,2018-11-16 12:11:19+00:00,2018-11-16 11:19:19+00:00
request for payment 182096,Request For Payment APPROVED by ADMINISTRATION,STAFF MEMBER,2018-11-16 12:15:17+00:00,2018-11-16 11:20:17+00:00
request for payment 182102,Request For Payment SUBMITTED by EMPLOYEE,STAFF MEMBER,2018-11-16 12:16:53+00:00,2018-11-16 11:25:53+00:00
request for payment 182102,Request For Payment REJECTED by ADMINISTRATION,STAFF MEMBER,2018-11-16 12:16:00+00:00,2018-11-16 11:26:00+00:00
request for payment 183754,Request For Payment FINAL_APPROVED by SUPERVISOR,STAFF MEMBER,2018-11-16 12:36:57+00:00,2018-11-16 11:55:57+00:00
request for payment 184308,Request Payment,SYSTEM,2018-11-16 12:53:47+00:00,2018-11-16 12:04:47+00:00
request for payment 182766,Request Payment,SYSTEM,2018-11-16 13:20:53+00:00,2018-11-16 12:20:53+00:00
request for payment 175098,Request Payment,SYSTEM,2018-11-16 13:12:58+00:00,2018-11-16 12:20:58+00:00
request for payment 183754,Request Payment,SYSTEM,2018-11-16 13:13:00+00:00,2018-11-16 12:21:00+00:00
request for payment 172146,Request Payment,SYSTEM,2018-11-16 12:59:01+00:00,2018-11-16 12:21:01+00:00
request for payment 173559,Request For Payment SUBMITTED by EMPLOYEE,STAFF MEMBER,2018-11-16 13:34:59+00:00,2018-11-16 12:35:59+00:00
request for payment 173559,Request For Payment REJECTED by ADMINISTRATION,STAFF MEMBER,2018-11-16 13:31:09+00:00,2018-11-16 12:36:09+00:00
request for payment 183767,Request Payment,SYSTEM,2018-11-16 13:40:57+00:00,2018-11-16 13:03:57+00:00
request for payment 175464,Request For Payment SUBMITTED by EMPLOYEE,STAFF MEMBER,2018-11-16 14:56:13+00:00,2018-11-16 14:05:13+00:00
request for payment 175464,Request For Payment APPROVED by ADMINISTRATION,STAFF MEMBER,2018-11-16 14:47:23+00:00,2018-11-16 14:07:23+00:00
request for payment 175469,Request For Payment SUBMITTED by EMPLOYEE,STAFF MEMBER,2018-11-16 14:42:44+00:00,2018-11-16 14:09:44+00:00
request for payment 175469,Request For Payment APPROVED by ADMINISTRATION,STAFF MEMBER,2018-11-16 14:44:21+00:00,2018-11-16 14:10:21+00:00
request for payment 184337,Request Payment,SYSTEM,2018-11-16 14:49:39+00:00,2018-11-16 14:15:39+00:00
request for payment 183585,Request For Payment SUBMITTED by EMPLOYEE,STAFF MEMBER,2018-11-16 15:03:32+00:00,2018-11-16 14:17:32+00:00
request for payment 183585,Request For Payment REJECTED by ADMINISTRATION,STAFF MEMBER,2018-11-16 15:04:57+00:00,2018-11-16 14:18:57+00:00
request for payment 183593,Request For Payment SUBMITTED by EMPLOYEE,STAFF MEMBER,2018-11-16 15:19:14+00:00,2018-11-16 14:24:14+00:00
request for payment 183593,Request For Payment APPROVED by ADMINISTRATION,STAFF MEMBER,2018-11-16 15:15:03+00:00,2018-11-16 14:26:03+00:00
request for payment 184399,Request For Payment SUBMITTED by EMPLOYEE,STAFF MEMBER,2018-11-16 15:32:32+00:00,2018-11-16 14:44:32+00:00
request for payment 184399,Request For Payment APPROVED by ADMINISTRATION,STAFF MEMBER,2018-11-16 15:31:21+00:00,2018-11-16 14:45:21+00:00
request for payment 183598,Request For Payment SUBMITTED by EMPLOYEE,STAFF MEMBER,2018-11-16 16:20:11+00:00,2018-11-16 15:22:11+00:00
request for payment 183598,Request For Payment APPROVED by ADMINISTRATION,STAFF MEMBER,2018-11-16 16:20:49+00:00,2018-11-16 15:22:49+00:00
request for payment 173523,Request For Payment FINAL_APPROVED by SUPERVISOR,STAFF MEMBER,2018-11-16 18:35:07+00:00,2018-11-16 17:59:07+00:00
request for payment 183593,Request For Payment FINAL_APPROVED by SUPERVISOR,STAFF MEMBER,2018-11-16 18:48:00+00:00,2018-11-16 18:00:00+00:00
request for payment 183714,Request Payment,SYSTEM,2018-11-16 19:14:50+00:00,2018-11-16 18:17:50+00:00
request for payment 183792,Request For Payment SUBMITTED by EMPLOYEE,STAFF MEMBER,2018-11-16 21:59:57+00:00,2018-11-16 21:20:57+00:00
request for payment 183792,Request For Payment APPROVED by ADMINISTRATION,STAFF MEMBER,2018-11-16 22:01:27+00:00,2018-11-16 21:21:27+00:00
request for payment 173523,Request Payment,SYSTEM,2018-11-16 22:34:37+00:00,2018-11-16 21:57:37+00:00
request for payment 173081,Request For Payment SUBMITTED by EMPLOYEE,STAFF MEMBER,2018-11-17 00:22:40+00:00,2018-11-16 23:26:40+00:00
request for payment 173081,Request For Payment APPROVED by ADMINISTRATION,STAFF MEMBER,2018-11-17 00:22:47+00:00,2018-11-16 23:26:47+00:00
request for payment 172503,Request For Payment SUBMITTED by EMPLOYEE,STAFF MEMBER,2018-11-17 00:57:18+00:00,2018-11-17 00:01:18+00:00
request for payment 172503,Request For Payment APPROVED by ADMINISTRATION,STAFF MEMBER,2018-11-17 01:02:06+00:00,2018-11-17 00:17:06+00:00
request for payment 182106,Request For Payment SUBMITTED by EMPLOYEE,STAFF MEMBER,2018-11-17 12:37:33+00:00,2018-11-17 11:53:33+00:00
request for payment 182106,Request For Payment APPROVED by ADMINISTRATION,STAFF MEMBER,2018-11-17 12:44:59+00:00,2018-11-17 11:53:59+00:00
request for payment 182111,Request For Payment SUBMITTED by EMPLOYEE,STAFF MEMBER,2018-11-17 14:40:17+00:00,2018-11-17 14:03:17+00:00
request for payment 182111,Request For Payment REJECTED by ADMINISTRATION,STAFF MEMBER,2018-11-17 14:34:26+00:00,2018-11-17 14:03:26+00:00
request for payment 173500,Request Payment,SYSTEM,2018-11-17 15:50:10+00:00,2018-11-17 15:19:10+00:00
request for payment 184084,Request For Payment SUBMITTED by EMPLOYEE,STAFF MEMBER,2018-11-17 18:17:03+00:00,2018-11-17 17:45:03+00:00
request for payment 184084,Request For Payment APPROVED by ADMINISTRATION,STAFF MEMBER,2018-11-17 18:43:10+00:00,2018-11-17 17:46:10+00:00
request for payment 183188,Request For Payment SUBMITTED by EMPLOYEE,STAFF MEMBER,2018-11-18 12:40:57+00:00,2018-11-18 12:06:57+00:00
request for payment 183188,Request For Payment APPROVED by ADMINISTRATION,STAFF MEMBER,2018-11-18 12:59:02+00:00,2018-11-18 12:07:02+00:00
request for payment 183579,Request Payment,SYSTEM,2018-11-18 12:56:30+00:00,2018-11-18 12:18:30+00:00
request for payment 183573,Request Payment,SYSTEM,2018-11-18 13:14:37+00:00,2018-11-18 12:18:37+00:00
request for payment 173909,Request For Payment SUBMITTED by EMPLOYEE,STAFF MEMBER,2018-11-18 17:09:34+00:00,2018-11-18 16:16:34+00:00
request for payment 173909,Request For Payment APPROVED by ADMINISTRATION,STAFF MEMBER,2018-11-18 17:16:39+00:00,2018-11-18 16:16:39+00:00
request for payment 173914,Request For Payment SUBMITTED by EMPLOYEE,STAFF MEMBER,2018-11-18 17:32:02+00:00,2018-11-18 16:57:02+00:00
request for payment 173914,Request For Payment APPROVED by ADMINISTRATION,STAFF MEMBER,2018-11-18 17:36:07+00:00,2018-11-18 16:58:07+00:00
request for payment 173919,Request For Payment SUBMITTED by EMPLOYEE,STAFF MEMBER,2018-11-18 18:35:47+00:00,2018-11-18 17:39:47+00:00
request for payment 173919,Request For Payment APPROVED by ADMINISTRATION,STAFF MEMBER,2018-11-18 18:32:30+00:00,2018-11-18 17:45:30+00:00
request for payment 184089,Request For Payment SUBMITTED by EMPLOYEE,STAFF MEMBER,2018-11-18 19:40:04+00:00,2018-11-18 18:56:04+00:00
request for payment 184089,Request For Payment APPROVED by ADMINISTRATION,STAFF MEMBER,2018-11-18 19:31:06+00:00,2018-11-18 18:56:06+00:00
request for payment 173924,Request For Payment SUBMITTED by EMPLOYEE,STAFF MEMBER,2018-11-18 21:51:50+00:00,2018-11-18 20:56:50+00:00
request for payment 173924,Request For Payment APPROVED by ADMINISTRATION,STAFF MEMBER,2018-11-18 21:32:10+00:00,2018-11-18 20:59:10+00:00
request for payment 183294,Request For Payment FINAL_APPROVED by SUPERVISOR,STAFF MEMBER,2018-11-19 05:15:27+00:00,2018-11-19 04:15:27+00:00
request for payment 174935,Request For Payment SUBMITTED by EMPLOYEE,STAFF MEMBER,2018-11-19 08:55:36+00:00,2018-11-19 08:04:36+00:00
request for payment 174935,Request For Payment APPROVED by ADMINISTRATION,STAFF MEMBER,2018-11-19 08:52:34+00:00,2018-11-19 08:05:34+00:00
request for payment 183725,Request Payment,SYSTEM,2018-11-19 09:05:35+00:00,2018-11-19 08:21:35+00:00
request for payment 173930,Request For Payment SUBMITTED by EMPLOYEE,STAFF MEMBER,2018-11-19 09:33:10+00:00,2018-11-19 08:34:10+00:00
request for payment 173930,Request For Payment APPROVED by ADMINISTRATION,STAFF MEMBER,2018-11-19 09:34:48+00:00,2018-11-19 08:38:48+00:00
request for payment 182115,Request For Payment SUBMITTED by EMPLOYEE,STAFF MEMBER,2018-11-19 09:27:56+00:00,2018-11-19 08:39:56+00:00
request for payment 182115,Request For Payment APPROVED by ADMINISTRATION,STAFF MEMBER,2018-11-19 09:16:01+00:00,2018-11-19 08:40:01+00:00
request for payment 173935,Request For Payment SUBMITTED by EMPLOYEE,STAFF MEMBER,2018-11-19 09:31:16+00:00,2018-11-19 08:45:16+00:00
request for payment 173935,Request For Payment REJECTED by ADMINISTRATION,STAFF MEMBER,2018-11-19 09:44:29+00:00,2018-11-19 08:45:29+00:00
request for payment 173942,Request For Payment SUBMITTED by EMPLOYEE,STAFF MEMBER,2018-11-19 10:03:18+00:00,2018-11-19 09:04:18+00:00
request for payment 173942,Request For Payment APPROVED by ADMINISTRATION,STAFF MEMBER,2018-11-19 09:40:28+00:00,2018-11-19 09:04:28+00:00
request for payment 173947,Request For Payment SUBMITTED by EMPLOYEE,STAFF MEMBER,2018-11-19 09:36:58+00:00,2018-11-19 09:05:58+00:00
request for payment 173947,Request For Payment APPROVED by ADMINISTRATION,STAFF MEMBER,2018-11-19 10:02:09+00:00,2018-11-19 09:06:09+00:00
request for payment 184404,Request For Payment SUBMITTED by EMPLOYEE,STAFF MEMBER,2018-11-19 10:19:03+00:00,2018-11-19 09:42:03+00:00
request for payment 184404,Request For Payment APPROVED by ADMINISTRATION,STAFF MEMBER,2018-11-19 10:17:27+00:00,2018-11-19 09:42:27+00:00
request for payment 184409,Request For Payment SUBMITTED by EMPLOYEE,STAFF MEMBER,2018-11-19 10:17:08+00:00,2018-11-19 09:45:08+00:00
request for payment 184409,Request For Payment APPROVED by ADMINISTRATION,STAFF MEMBER,2018-11-19 10:37:15+00:00,2018-11-19 09:45:15+00:00
request for payment 182120,Request For Payment SUBMITTED by EMPLOYEE,STAFF MEMBER,2018-11-19 10:47:25+00:00,2018-11-19 10:04:25+00:00
request for payment 182120,Request For Payment APPROVED by ADMINISTRATION,STAFF MEMBER,2018-11-19 10:46:35+00:00,2018-11-19 10:04:35+00:00
request for payment 177422,Request For Payment SUBMITTED by EMPLOYEE,STAFF MEMBER,2018-11-19 10:51:00+00:00,2018-11-19 10:21:00+00:00
request for payment 177422,Request For Payment APPROVED by ADMINISTRATION,STAFF MEMBER,2018-11-19 11:07:11+00:00,2018-11-19 10:21:11+00:00
request for payment 183792,Request For Payment APPROVED by BUDGET OWNER,STAFF MEMBER,2018-11-19 11:07:34+00:00,2018-11-19 10:22:34+00:00
request for payment 184376,Request For Payment APPROVED by BUDGET OWNER,STAFF MEMBER,2018-11-19 11:23:08+00:00,2018-11-19 10:23:08+00:00
request for payment 183598,Request For Payment APPROVED by BUDGET OWNER,STAFF MEMBER,2018-11-19 11:18:42+00:00,2018-11-19 10:24:42+00:00
request for payment 177427,Request For Payment SUBMITTED by EMPLOYEE,STAFF MEMBER,2018-11-19 11:17:49+00:00,2018-11-19 10:26:49+00:00
request for payment 177427,Request For Payment REJECTED by ADMINISTRATION,STAFF MEMBER,2018-11-19 11:27:41+00:00,2018-11-19 10:30:41+00:00
request for payment 175158,Request For Payment FINAL_APPROVED by SUPERVISOR,STAFF MEMBER,2018-11-19 11:27:40+00:00,2018-11-19 10:46:40+00:00
request for payment 184095,Request For Payment SUBMITTED by EMPLOYEE,STAFF MEMBER,2018-11-19 11:46:26+00:00,2018-11-19 10:47:26+00:00
request for payment 184095,Request For Payment REJECTED by ADMINISTRATION,STAFF MEMBER,2018-11-19 11:42:31+00:00,2018-11-19 10:47:31+00:00
request for payment 173947,Request For Payment FINAL_APPROVED by SUPERVISOR,STAFF MEMBER,2018-11-19 11:25:19+00:00,2018-11-19 10:52:19+00:00
request for payment 183961,Request For Payment SUBMITTED by EMPLOYEE,STAFF MEMBER,2018-11-19 11:30:49+00:00,2018-11-19 10:52:49+00:00
request for payment 183961,Request For Payment APPROVED by ADMINISTRATION,STAFF MEMBER,2018-11-19 11:46:55+00:00,2018-11-19 10:52:55+00:00
request for payment 173942,Request For Payment FINAL_APPROVED by SUPERVISOR,STAFF MEMBER,2018-11-19 11:28:32+00:00,2018-11-19 10:53:32+00:00
request for payment 184099,Request For Payment SUBMITTED by EMPLOYEE,STAFF MEMBER,2018-11-19 11:42:00+00:00,2018-11-19 10:57:00+00:00
request for payment 184099,Request For Payment APPROVED by ADMINISTRATION,STAFF MEMBER,2018-11-19 11:49:08+00:00,2018-11-19 10:57:08+00:00
request for payment 182111,Request For Payment REJECTED by EMPLOYEE,STAFF MEMBER,2018-11-19 11:53:28+00:00,2018-11-19 10:58:28+00:00
request for payment 184394,Request For Payment FINAL_APPROVED by SUPERVISOR,STAFF MEMBER,2018-11-19 11:48:26+00:00,2018-11-19 10:59:26+00:00
request for payment 184371,Request For Payment FINAL_APPROVED by SUPERVISOR,STAFF MEMBER,2018-11-19 11:38:43+00:00,2018-11-19 11:00:43+00:00
request for payment 175459,Request For Payment FINAL_APPROVED by SUPERVISOR,STAFF MEMBER,2018-11-19 12:00:37+00:00,2018-11-19 11:10:37+00:00
request for payment 182125,Request For Payment SUBMITTED by EMPLOYEE,STAFF MEMBER,2018-11-19 12:00:00+00:00,2018-11-19 11:13:00+00:00
request for payment 182125,Request For Payment REJECTED by ADMINISTRATION,STAFF MEMBER,2018-11-19 11:47:02+00:00,2018-11-19 11:15:02+00:00
request for payment 177407,Request Payment,SYSTEM,2018-11-19 12:14:38+00:00,2018-11-19 11:21:38+00:00
request for payment 175453,Request For Payment FINAL_APPROVED by SUPERVISOR,STAFF MEMBER,2018-11-19 12:20:33+00:00,2018-11-19 11:23:33+00:00
request for payment 173751,Request For Payment APPROVED by BUDGET OWNER,STAFF MEMBER,2018-11-19 12:04:40+00:00,2018-11-19 11:24:40+00:00
request for payment 178239,Request For Payment SUBMITTED by EMPLOYEE,STAFF MEMBER,2018-11-19 12:45:47+00:00,2018-11-19 12:06:47+00:00
request for payment 178239,Request For Payment APPROVED by ADMINISTRATION,STAFF MEMBER,2018-11-19 12:42:51+00:00,2018-11-19 12:06:51+00:00
request for payment 183374,Request For Payment FINAL_APPROVED by SUPERVISOR,STAFF MEMBER,2018-11-19 12:47:13+00:00,2018-11-19 12:07:13+00:00
request for payment 178244,Request For Payment SUBMITTED by EMPLOYEE,STAFF MEMBER,2018-11-19 12:39:22+00:00,2018-11-19 12:07:22+00:00
request for payment 178249,Request For Payment SUBMITTED by EMPLOYEE,STAFF MEMBER,2018-11-19 12:44:36+00:00,2018-11-19 12:07:36+00:00
request for payment 177431,Request For Payment SUBMITTED by EMPLOYEE,STAFF MEMBER,2018-11-19 12:49:34+00:00,2018-11-19 12:10:34+00:00
request for payment 177431,Request For Payment APPROVED by ADMINISTRATION,STAFF MEMBER,2018-11-19 13:09:40+00:00,2018-11-19 12:10:40+00:00
request for payment 178244,Request For Payment APPROVED by ADMINISTRATION,STAFF MEMBER,2018-11-19 12:52:25+00:00,2018-11-19 12:13:25+00:00
request for payment 182129,Request For Payment SUBMITTED by EMPLOYEE,STAFF MEMBER,2018-11-19 13:07:45+00:00,2018-11-19 12:17:45+00:00
request for payment 182137,Request For Payment SUBMITTED by EMPLOYEE,STAFF MEMBER,2018-11-19 13:02:48+00:00,2018-11-19 12:17:48+00:00
request for payment 182129,Request For Payment REJECTED by ADMINISTRATION,STAFF MEMBER,2018-11-19 13:17:53+00:00,2018-11-19 12:17:53+00:00
request for payment 182137,Request For Payment REJECTED by ADMINISTRATION,STAFF MEMBER,2018-11-19 12:57:17+00:00,2018-11-19 12:19:17+00:00
request for payment 178249,Request For Payment REJECTED by ADMINISTRATION,STAFF MEMBER,2018-11-19 13:28:42+00:00,2018-11-19 12:30:42+00:00
request for payment 182145,Request For Payment SUBMITTED by EMPLOYEE,STAFF MEMBER,2018-11-19 13:21:22+00:00,2018-11-19 12:31:22+00:00
request for payment 182145,Request For Payment APPROVED by ADMINISTRATION,STAFF MEMBER,2018-11-19 13:05:26+00:00,2018-11-19 12:31:26+00:00
request for payment 178244,Request For Payment FINAL_APPROVED by SUPERVISOR,STAFF MEMBER,2018-11-19 13:21:28+00:00,2018-11-19 12:50:28+00:00
request for payment 179453,Request For Payment SUBMITTED by EMPLOYEE,STAFF MEMBER,2018-11-19 13:36:39+00:00,2018-11-19 12:53:39+00:00
request for payment 179453,Request For Payment APPROVED by ADMINISTRATION,STAFF MEMBER,2018-11-19 13:53:33+00:00,2018-11-19 12:56:33+00:00
request for payment 182783,Request For Payment FINAL_APPROVED by SUPERVISOR,STAFF MEMBER,2018-11-19 13:47:48+00:00,2018-11-19 13:00:48+00:00
request for payment 183777,Request For Payment FINAL_APPROVED by SUPERVISOR,STAFF MEMBER,2018-11-19 13:59:56+00:00,2018-11-19 13:01:56+00:00
request for payment 182125,Request For Payment REJECTED by EMPLOYEE,STAFF MEMBER,2018-11-19 14:02:56+00:00,2018-11-19 13:06:56+00:00
request for payment 177436,Request For Payment SUBMITTED by EMPLOYEE,STAFF MEMBER,2018-11-19 14:07:10+00:00,2018-11-19 13:12:10+00:00
request for payment 177436,Request For Payment APPROVED by ADMINISTRATION,STAFF MEMBER,2018-11-19 13:45:17+00:00,2018-11-19 13:12:17+00:00
request for payment 183374,Request Payment,SYSTEM,2018-11-19 14:03:43+00:00,2018-11-19 13:14:43+00:00
request for payment 177441,Request For Payment SUBMITTED by EMPLOYEE,STAFF MEMBER,2018-11-19 14:22:58+00:00,2018-11-19 13:29:58+00:00
request for payment 177441,Request For Payment APPROVED by ADMINISTRATION,STAFF MEMBER,2018-11-19 14:24:17+00:00,2018-11-19 13:30:17+00:00
request for payment 184095,Request For Payment REJECTED by EMPLOYEE,STAFF MEMBER,2018-11-19 14:27:19+00:00,2018-11-19 13:36:19+00:00
request for payment 184089,Request For Payment APPROVED by BUDGET OWNER,STAFF MEMBER,2018-11-19 14:24:45+00:00,2018-11-19 13:38:45+00:00
request for payment 183702,Request Payment,SYSTEM,2018-11-19 14:18:41+00:00,2018-11-19 13:39:41+00:00
request for payment 173919,Request For Payment FINAL_APPROVED by SUPERVISOR,STAFF MEMBER,2018-11-19 14:30:25+00:00,2018-11-19 13:40:25+00:00
request for payment 182106,Request For Payment FINAL_APPROVED by SUPERVISOR,STAFF MEMBER,2018-11-19 14:17:38+00:00,2018-11-19 13:43:38+00:00
request for payment 175469,Request For Payment FINAL_APPROVED by SUPERVISOR,STAFF MEMBER,2018-11-19 14:31:24+00:00,2018-11-19 13:44:24+00:00
request for payment 175464,Request For Payment FINAL_APPROVED by SUPERVISOR,STAFF MEMBER,2018-11-19 14:22:15+00:00,2018-11-19 13:45:15+00:00
request for payment 173512,Request Payment,SYSTEM,2018-11-19 14:18:10+00:00,2018-11-19 13:47:10+00:00
request for payment 173554,Request For Payment FINAL_APPROVED by SUPERVISOR,STAFF MEMBER,2018-11-19 14:26:01+00:00,2018-11-19 13:48:01+00:00
request for payment 184332,Request For Payment FINAL_APPROVED by SUPERVISOR,STAFF MEMBER,2018-11-19 14:32:29+00:00,2018-11-19 13:49:29+00:00
request for payment 183188,Request For Payment APPROVED by BUDGET OWNER,STAFF MEMBER,2018-11-19 14:29:31+00:00,2018-11-19 13:51:31+00:00
request for payment 184365,Request For Payment APPROVED by BUDGET OWNER,STAFF MEMBER,2018-11-19 14:52:02+00:00,2018-11-19 13:54:02+00:00
request for payment 178253,Request For Payment SUBMITTED by EMPLOYEE,STAFF MEMBER,2018-11-19 14:48:30+00:00,2018-11-19 13:54:30+00:00
request for payment 178253,Request For Payment APPROVED by ADMINISTRATION,STAFF MEMBER,2018-11-19 14:36:32+00:00,2018-11-19 13:54:32+00:00
request for payment 178259,Request For Payment SUBMITTED by EMPLOYEE,STAFF MEMBER,2018-11-19 14:51:30+00:00,2018-11-19 13:55:30+00:00
request for payment 178259,Request For Payment APPROVED by ADMINISTRATION,STAFF MEMBER,2018-11-19 14:51:32+00:00,2018-11-19 13:55:32+00:00
request for payment 178265,Request For Payment SUBMITTED by EMPLOYEE,STAFF MEMBER,2018-11-19 14:49:30+00:00,2018-11-19 13:56:30+00:00
request for payment 178265,Request For Payment APPROVED by ADMINISTRATION,STAFF MEMBER,2018-11-19 14:44:53+00:00,2018-11-19 13:56:53+00:00
request for payment 178271,Request For Payment SUBMITTED by EMPLOYEE,STAFF MEMBER,2018-11-19 14:37:50+00:00,2018-11-19 13:57:50+00:00
request for payment 178271,Request For Payment APPROVED by ADMINISTRATION,STAFF MEMBER,2018-11-19 14:27:55+00:00,2018-11-19 13:57:55+00:00
request for payment 178277,Request For Payment SUBMITTED by EMPLOYEE,STAFF MEMBER,2018-11-19 14:42:19+00:00,2018-11-19 13:59:19+00:00
request for payment 178277,Request For Payment APPROVED by ADMINISTRATION,STAFF MEMBER,2018-11-19 14:57:21+00:00,2018-11-19 13:59:21+00:00
request for payment 178283,Request For Payment SUBMITTED by EMPLOYEE,STAFF MEMBER,2018-11-19 14:31:56+00:00,2018-11-19 13:59:56+00:00
request for payment 178283,Request For Payment APPROVED by ADMINISTRATION,STAFF MEMBER,2018-11-19 14:32:06+00:00,2018-11-19 14:00:06+00:00
request for payment 178290,Request For Payment SUBMITTED by EMPLOYEE,STAFF MEMBER,2018-11-19 14:59:22+00:00,2018-11-19 14:00:22+00:00
request for payment 178290,Request For Payment APPROVED by ADMINISTRATION,STAFF MEMBER,2018-11-19 14:41:24+00:00,2018-11-19 14:00:24+00:00
request for payment 178296,Request For Payment SUBMITTED by EMPLOYEE,STAFF MEMBER,2018-11-19 14:36:30+00:00,2018-11-19 14:04:30+00:00
request for payment 178296,Request For Payment APPROVED by ADMINISTRATION,STAFF MEMBER,2018-11-19 15:01:04+00:00,2018-11-19 14:09:04+00:00
request for payment 173952,Request For Payment SUBMITTED by EMPLOYEE,STAFF MEMBER,2018-11-19 15:10:19+00:00,2018-11-19 14:33:19+00:00
request for payment 173952,Request For Payment APPROVED by ADMINISTRATION,STAFF MEMBER,2018-11-19 15:12:24+00:00,2018-11-19 14:33:24+00:00
request for payment 173957,Request For Payment SUBMITTED by EMPLOYEE,STAFF MEMBER,2018-11-19 15:30:37+00:00,2018-11-19 14:43:37+00:00
request for payment 173957,Request For Payment APPROVED by ADMINISTRATION,STAFF MEMBER,2018-11-19 15:24:00+00:00,2018-11-19 14:44:00+00:00
request for payment 177446,Request For Payment SUBMITTED by EMPLOYEE,STAFF MEMBER,2018-11-19 15:47:21+00:00,2018-11-19 14:48:21+00:00
request for payment 177446,Request For Payment REJECTED by ADMINISTRATION,STAFF MEMBER,2018-11-19 15:47:25+00:00,2018-11-19 14:48:25+00:00
request for payment 183946,Request For Payment FINAL_APPROVED by SUPERVISOR,STAFF MEMBER,2018-11-19 15:37:08+00:00,2018-11-19 14:50:08+00:00
request for payment 178244,Request Payment,SYSTEM,2018-11-19 15:50:23+00:00,2018-11-19 14:51:23+00:00
request for payment 174051,Request For Payment SUBMITTED by EMPLOYEE,STAFF MEMBER,2018-11-19 16:01:16+00:00,2018-11-19 15:23:16+00:00
request for payment 174051,Request For Payment APPROVED by ADMINISTRATION,STAFF MEMBER,2018-11-19 16:17:36+00:00,2018-11-19 15:23:36+00:00
request for payment 173935,Request For Payment REJECTED by EMPLOYEE,STAFF MEMBER,2018-11-19 15:56:37+00:00,2018-11-19 15:25:37+00:00
request for payment 177446,Request For Payment REJECTED by EMPLOYEE,STAFF MEMBER,2018-11-19 16:14:40+00:00,2018-11-19 15:26:40+00:00
request for payment 184404,Request For Payment FINAL_APPROVED by SUPERVISOR,STAFF MEMBER,2018-11-19 16:25:20+00:00,2018-11-19 15:27:20+00:00
request for payment 182766,Payment Handled,SYSTEM,2018-11-19 17:26:20+00:00,2018-11-19 16:31:20+00:00
request for payment 182876,Payment Handled,SYSTEM,2018-11-19 17:23:20+00:00,2018-11-19 16:31:20+00:00
request for payment 184337,Payment Handled,SYSTEM,2018-11-19 17:30:20+00:00,2018-11-19 16:31:20+00:00
request for payment 183902,Payment Handled,SYSTEM,2018-11-19 17:13:20+00:00,2018-11-19 16:31:20+00:00
request for payment 183312,Payment Handled,SYSTEM,2018-11-19 17:24:20+00:00,2018-11-19 16:31:20+00:00
request for payment 183896,Payment Handled,SYSTEM,2018-11-19 17:08:20+00:00,2018-11-19 16:31:20+00:00
request for payment 177401,Payment Handled,SYSTEM,2018-11-19 17:04:20+00:00,2018-11-19 16:31:20+00:00
request for payment 173033,Payment Handled,SYSTEM,2018-11-19 17:05:20+00:00,2018-11-19 16:31:20+00:00
request for payment 183323,Payment Handled,SYSTEM,2018-11-19 17:05:20+00:00,2018-11-19 16:31:20+00:00
request for payment 183697,Payment Handled,SYSTEM,2018-11-19 17:09:20+00:00,2018-11-19 16:31:20+00:00
request for payment 183136,Payment Handled,SYSTEM,2018-11-19 17:06:20+00:00,2018-11-19 16:31:20+00:00
request for payment 172156,Payment Handled,SYSTEM,2018-11-19 17:26:20+00:00,2018-11-19 16:31:20+00:00
request for payment 175098,Payment Handled,SYSTEM,2018-11-19 17:10:20+00:00,2018-11-19 16:31:20+00:00
request for payment 173028,Payment Handled,SYSTEM,2018-11-19 17:03:20+00:00,2018-11-19 16:31:20+00:00
request for payment 173542,Payment Handled,SYSTEM,2018-11-19 17:23:20+00:00,2018-11-19 16:31:20+00:00
request for payment 173075,Payment Handled,SYSTEM,2018-11-19 17:11:20+00:00,2018-11-19 16:31:20+00:00
request for payment 175136,Payment Handled,SYSTEM,2018-11-19 17:12:20+00:00,2018-11-19 16:31:20+00:00
request for payment 183346,Payment Handled,SYSTEM,2018-11-19 17:12:20+00:00,2018-11-19 16:31:20+00:00
request for payment 183890,Payment Handled,SYSTEM,2018-11-19 17:05:20+00:00,2018-11-19 16:31:20+00:00
request for payment 184342,Payment Handled,SYSTEM,2018-11-19 17:22:20+00:00,2018-11-19 16:31:20+00:00
request for payment 172146,Payment Handled,SYSTEM,2018-11-19 17:10:20+00:00,2018-11-19 16:31:20+00:00
request for payment 172480,Payment Handled,SYSTEM,2018-11-19 17:26:20+00:00,2018-11-19 16:31:20+00:00
request for payment 175114,Payment Handled,SYSTEM,2018-11-19 17:17:20+00:00,2018-11-19 16:31:20+00:00
request for payment 183730,Payment Handled,SYSTEM,2018-11-19 17:15:20+00:00,2018-11-19 16:31:20+00:00
request for payment 183300,Payment Handled,SYSTEM,2018-11-19 17:15:20+00:00,2018-11-19 16:31:20+00:00
request for payment 182866,Payment Handled,SYSTEM,2018-11-19 17:15:20+00:00,2018-11-19 16:31:20+00:00
request for payment 173051,Payment Handled,SYSTEM,2018-11-19 17:16:20+00:00,2018-11-19 16:31:20+00:00
request for payment 177413,Payment Handled,SYSTEM,2018-11-19 17:16:20+00:00,2018-11-19 16:31:20+00:00
request for payment 184297,Payment Handled,SYSTEM,2018-11-19 17:31:20+00:00,2018-11-19 16:31:20+00:00
request for payment 172475,Payment Handled,SYSTEM,2018-11-19 17:14:20+00:00,2018-11-19 16:31:20+00:00
request for payment 183767,Payment Handled,SYSTEM,2018-11-19 17:17:20+00:00,2018-11-19 16:31:20+00:00
request for payment 172151,Payment Handled,SYSTEM,2018-11-19 17:22:20+00:00,2018-11-19 16:31:20+00:00
request for payment 173483,Payment Handled,SYSTEM,2018-11-19 17:31:20+00:00,2018-11-19 16:31:20+00:00
request for payment 175142,Payment Handled,SYSTEM,2018-11-19 17:21:20+00:00,2018-11-19 16:31:20+00:00
request for payment 183720,Payment Handled,SYSTEM,2018-11-19 17:18:20+00:00,2018-11-19 16:31:20+00:00
request for payment 183280,Payment Handled,SYSTEM,2018-11-19 17:14:20+00:00,2018-11-19 16:31:20+00:00
request for payment 184308,Payment Handled,SYSTEM,2018-11-19 17:29:20+00:00,2018-11-19 16:31:20+00:00
request for payment 183754,Payment Handled,SYSTEM,2018-11-19 17:19:20+00:00,2018-11-19 16:31:20+00:00
request for payment 173115,Payment Handled,SYSTEM,2018-11-19 17:19:20+00:00,2018-11-19 16:31:20+00:00
request for payment 182738,Payment Handled,SYSTEM,2018-11-19 17:28:20+00:00,2018-11-19 16:31:20+00:00
request for payment 183352,Payment Handled,SYSTEM,2018-11-19 17:28:20+00:00,2018-11-19 16:31:20+00:00
request for payment 183285,Payment Handled,SYSTEM,2018-11-19 17:13:20+00:00,2018-11-19 16:31:20+00:00
request for payment 177450,Request For Payment SUBMITTED by EMPLOYEE,STAFF MEMBER,2018-11-19 17:36:58+00:00,2018-11-19 16:50:58+00:00
request for payment 177450,Request For Payment APPROVED by ADMINISTRATION,STAFF MEMBER,2018-11-19 17:41:18+00:00,2018-11-19 16:52:18+00:00
request for payment 177455,Request For Payment SUBMITTED by EMPLOYEE,STAFF MEMBER,2018-11-19 17:43:02+00:00,2018-11-19 16:56:02+00:00
request for payment 177455,Request For Payment APPROVED by ADMINISTRATION,STAFF MEMBER,2018-11-19 17:50:05+00:00,2018-11-19 16:56:05+00:00
request for payment 182150,Request For Payment SUBMITTED by EMPLOYEE,STAFF MEMBER,2018-11-19 17:51:26+00:00,2018-11-19 17:04:26+00:00
request for payment 182150,Request For Payment APPROVED by ADMINISTRATION,STAFF MEMBER,2018-11-19 17:51:37+00:00,2018-11-19 17:15:37+00:00
request for payment 173488,Request For Payment FINAL_APPROVED by SUPERVISOR,STAFF MEMBER,2018-11-19 18:09:22+00:00,2018-11-19 17:19:22+00:00
request for payment 183604,Request For Payment SUBMITTED by EMPLOYEE,STAFF MEMBER,2018-11-19 20:00:52+00:00,2018-11-19 19:13:52+00:00
request for payment 183604,Request For Payment APPROVED by ADMINISTRATION,STAFF MEMBER,2018-11-19 20:07:36+00:00,2018-11-19 19:14:36+00:00
request for payment 183609,Request For Payment SUBMITTED by EMPLOYEE,STAFF MEMBER,2018-11-19 21:00:55+00:00,2018-11-19 20:18:55+00:00
request for payment 183609,Request For Payment APPROVED by ADMINISTRATION,STAFF MEMBER,2018-11-19 20:54:13+00:00,2018-11-19 20:19:13+00:00
request for payment 175092,Request For Payment FINAL_APPROVED by SUPERVISOR,STAFF MEMBER,2018-11-19 22:01:01+00:00,2018-11-19 21:27:01+00:00
request for payment 175158,Request Payment,SYSTEM,2018-11-19 22:19:01+00:00,2018-11-19 21:27:01+00:00
request for payment 172112,Request Payment,SYSTEM,2018-11-19 22:21:02+00:00,2018-11-19 21:27:02+00:00
request for payment 182800,Request For Payment FINAL_APPROVED by SUPERVISOR,STAFF MEMBER,2018-11-20 05:04:30+00:00,2018-11-20 04:15:30+00:00
request for payment 183207,Request For Payment REJECTED by SUPERVISOR,STAFF MEMBER,2018-11-20 05:13:31+00:00,2018-11-20 04:15:31+00:00
request for payment 183386,Request For Payment FINAL_APPROVED by SUPERVISOR,STAFF MEMBER,2018-11-20 05:07:31+00:00,2018-11-20 04:15:31+00:00
request for payment 183255,Request For Payment REJECTED by SUPERVISOR,STAFF MEMBER,2018-11-20 05:10:31+00:00,2018-11-20 04:15:31+00:00
request for payment 183239,Request For Payment REJECTED by SUPERVISOR,STAFF MEMBER,2018-11-20 04:56:31+00:00,2018-11-20 04:15:31+00:00
request for payment 183218,Request For Payment REJECTED by SUPERVISOR,STAFF MEMBER,2018-11-20 04:48:31+00:00,2018-11-20 04:15:31+00:00
request for payment 184104,Request For Payment SUBMITTED by EMPLOYEE,STAFF MEMBER,2018-11-20 07:45:39+00:00,2018-11-20 06:50:39+00:00
request for payment 184104,Request For Payment APPROVED by ADMINISTRATION,STAFF MEMBER,2018-11-20 07:21:27+00:00,2018-11-20 06:51:27+00:00
request for payment 183782,Request Payment,SYSTEM,2018-11-20 07:52:45+00:00,2018-11-20 07:07:45+00:00
request for payment 172485,Request Payment,SYSTEM,2018-11-20 07:50:20+00:00,2018-11-20 07:15:20+00:00
request for payment 173488,Request Payment,SYSTEM,2018-11-20 07:50:46+00:00,2018-11-20 07:15:46+00:00
request for payment 173554,Request Payment,SYSTEM,2018-11-20 08:04:54+00:00,2018-11-20 07:15:54+00:00
request for payment 182857,Request Payment,SYSTEM,2018-11-20 07:57:10+00:00,2018-11-20 07:26:10+00:00
request for payment 172740,Request Payment,SYSTEM,2018-11-20 08:26:11+00:00,2018-11-20 07:26:11+00:00
request for payment 179459,Request For Payment SUBMITTED by EMPLOYEE,STAFF MEMBER,2018-11-20 08:12:52+00:00,2018-11-20 07:29:52+00:00
request for payment 179459,Request For Payment APPROVED by ADMINISTRATION,STAFF MEMBER,2018-11-20 08:17:27+00:00,2018-11-20 07:30:27+00:00
request for payment 184404,Request Payment,SYSTEM,2018-11-20 08:12:25+00:00,2018-11-20 07:42:25+00:00
request for payment 182783,Request Payment,SYSTEM,2018-11-20 08:41:05+00:00,2018-11-20 07:51:05+00:00
request for payment 173919,Request Payment,SYSTEM,2018-11-20 08:36:18+00:00,2018-11-20 07:59:18+00:00
request for payment 183777,Request Payment,SYSTEM,2018-11-20 08:32:07+00:00,2018-11-20 08:00:07+00:00
request for payment 183946,Request Payment,SYSTEM,2018-11-20 08:52:27+00:00,2018-11-20 08:06:27+00:00
request for payment 173935,Request For Payment SUBMITTED by EMPLOYEE,STAFF MEMBER,2018-11-20 08:58:45+00:00,2018-11-20 08:06:45+00:00
request for payment 173935,Request For Payment REJECTED by ADMINISTRATION,STAFF MEMBER,2018-11-20 08:54:58+00:00,2018-11-20 08:06:58+00:00
request for payment 174056,Request For Payment SUBMITTED by EMPLOYEE,STAFF MEMBER,2018-11-20 08:47:28+00:00,2018-11-20 08:14:28+00:00
request for payment 174056,Request For Payment APPROVED by ADMINISTRATION,STAFF MEMBER,2018-11-20 08:59:33+00:00,2018-11-20 08:14:33+00:00
request for payment 184089,Request For Payment FINAL_APPROVED by SUPERVISOR,STAFF MEMBER,2018-11-20 08:54:08+00:00,2018-11-20 08:17:08+00:00
request for payment 183598,Request For Payment FINAL_APPROVED by SUPERVISOR,STAFF MEMBER,2018-11-20 09:10:06+00:00,2018-11-20 08:18:06+00:00
request for payment 179459,Request For Payment APPROVED by BUDGET OWNER,STAFF MEMBER,2018-11-20 09:08:37+00:00,2018-11-20 08:21:37+00:00
request for payment 183386,Request Payment,SYSTEM,2018-11-20 09:13:29+00:00,2018-11-20 08:25:29+00:00
request for payment 183593,Request Payment,SYSTEM,2018-11-20 09:14:07+00:00,2018-11-20 08:26:07+00:00
request for payment 174062,Request For Payment SUBMITTED by EMPLOYEE,STAFF MEMBER,2018-11-20 09:12:11+00:00,2018-11-20 08:27:11+00:00
request for payment 174062,Request For Payment APPROVED by ADMINISTRATION,STAFF MEMBER,2018-11-20 09:22:27+00:00,2018-11-20 08:27:27+00:00
request for payment 177460,Request For Payment SUBMITTED by EMPLOYEE,STAFF MEMBER,2018-11-20 09:07:56+00:00,2018-11-20 08:37:56+00:00
request for payment 177460,Request For Payment APPROVED by ADMINISTRATION,STAFF MEMBER,2018-11-20 09:19:00+00:00,2018-11-20 08:38:00+00:00
request for payment 172497,Request For Payment FINAL_APPROVED by SUPERVISOR,STAFF MEMBER,2018-11-20 09:36:00+00:00,2018-11-20 08:54:00+00:00
request for payment 182096,Request For Payment APPROVED by BUDGET OWNER,STAFF MEMBER,2018-11-20 09:42:03+00:00,2018-11-20 08:55:03+00:00
request for payment 182102,Request For Payment REJECTED by EMPLOYEE,STAFF MEMBER,2018-11-20 09:52:23+00:00,2018-11-20 08:58:23+00:00
request for payment 175453,Request Payment,SYSTEM,2018-11-20 09:59:24+00:00,2018-11-20 09:00:24+00:00
request for payment 175459,Request Payment,SYSTEM,2018-11-20 09:53:24+00:00,2018-11-20 09:00:24+00:00
request for payment 173517,Request For Payment FINAL_APPROVED by SUPERVISOR,STAFF MEMBER,2018-11-20 09:55:59+00:00,2018-11-20 09:01:59+00:00
request for payment 174062,Request For Payment FINAL_APPROVED by SUPERVISOR,STAFF MEMBER,2018-11-20 09:52:34+00:00,2018-11-20 09:03:34+00:00
request for payment 177465,Request For Payment SUBMITTED by EMPLOYEE,STAFF MEMBER,2018-11-20 09:40:41+00:00,2018-11-20 09:05:41+00:00
request for payment 177465,Request For Payment APPROVED by ADMINISTRATION,STAFF MEMBER,2018-11-20 09:48:19+00:00,2018-11-20 09:07:19+00:00
request for payment 184099,Request For Payment FINAL_APPROVED by SUPERVISOR,STAFF MEMBER,2018-11-20 09:52:36+00:00,2018-11-20 09:10:36+00:00
request for payment 179453,Request For Payment APPROVED by BUDGET OWNER,STAFF MEMBER,2018-11-20 09:59:42+00:00,2018-11-20 09:11:42+00:00
request for payment 178239,Request For Payment FINAL_APPROVED by SUPERVISOR,STAFF MEMBER,2018-11-20 09:53:07+00:00,2018-11-20 09:12:07+00:00
request for payment 183614,Request For Payment SUBMITTED by EMPLOYEE,STAFF MEMBER,2018-11-20 10:00:27+00:00,2018-11-20 09:12:27+00:00
request for payment 183614,Request For Payment APPROVED by ADMINISTRATION,STAFF MEMBER,2018-11-20 09:56:30+00:00,2018-11-20 09:12:30+00:00
request for payment 178253,Request For Payment APPROVED by BUDGET OWNER,STAFF MEMBER,2018-11-20 10:12:22+00:00,2018-11-20 09:13:22+00:00
request for payment 178259,Request For Payment APPROVED by BUDGET OWNER,STAFF MEMBER,2018-11-20 09:52:44+00:00,2018-11-20 09:14:44+00:00
request for payment 178265,Request For Payment APPROVED by BUDGET OWNER,STAFF MEMBER,2018-11-20 09:57:25+00:00,2018-11-20 09:15:25+00:00
request for payment 178271,Request For Payment APPROVED by BUDGET OWNER,STAFF MEMBER,2018-11-20 10:14:34+00:00,2018-11-20 09:16:34+00:00
request for payment 178277,Request For Payment APPROVED by BUDGET OWNER,STAFF MEMBER,2018-11-20 10:08:13+00:00,2018-11-20 09:17:13+00:00
request for payment 178290,Request For Payment APPROVED by BUDGET OWNER,STAFF MEMBER,2018-11-20 09:56:52+00:00,2018-11-20 09:17:52+00:00
request for payment 184109,Request For Payment SUBMITTED by EMPLOYEE,STAFF MEMBER,2018-11-20 10:10:33+00:00,2018-11-20 09:18:33+00:00
request for payment 184109,Request For Payment APPROVED by ADMINISTRATION,STAFF MEMBER,2018-11-20 10:07:55+00:00,2018-11-20 09:18:55+00:00
request for payment 183619,Request For Payment SUBMITTED by EMPLOYEE,STAFF MEMBER,2018-11-20 10:20:58+00:00,2018-11-20 09:20:58+00:00
request for payment 183619,Request For Payment APPROVED by ADMINISTRATION,STAFF MEMBER,2018-11-20 09:53:07+00:00,2018-11-20 09:21:07+00:00
request for payment 183961,Request For Payment APPROVED by BUDGET OWNER,STAFF MEMBER,2018-11-20 10:02:56+00:00,2018-11-20 09:23:56+00:00
request for payment 184109,Request For Payment FINAL_APPROVED by SUPERVISOR,STAFF MEMBER,2018-11-20 10:04:20+00:00,2018-11-20 09:27:20+00:00
request for payment 174056,Request For Payment APPROVED by BUDGET OWNER,STAFF MEMBER,2018-11-20 10:14:29+00:00,2018-11-20 09:28:29+00:00
request for payment 183619,Request For Payment FINAL_APPROVED by SUPERVISOR,STAFF MEMBER,2018-11-20 10:03:29+00:00,2018-11-20 09:29:29+00:00
request for payment 173935,Request For Payment REJECTED by EMPLOYEE,STAFF MEMBER,2018-11-20 10:17:27+00:00,2018-11-20 09:30:27+00:00
request for payment 177427,Request For Payment REJECTED by EMPLOYEE,STAFF MEMBER,2018-11-20 10:18:03+00:00,2018-11-20 09:31:03+00:00
request for payment 173909,Request For Payment FINAL_APPROVED by SUPERVISOR,STAFF MEMBER,2018-11-20 10:14:47+00:00,2018-11-20 09:32:47+00:00
request for payment 177436,Request For Payment FINAL_APPROVED by SUPERVISOR,STAFF MEMBER,2018-11-20 10:08:31+00:00,2018-11-20 09:37:31+00:00
request for payment 184323,Request For Payment REJECTED by EMPLOYEE,STAFF MEMBER,2018-11-20 10:23:25+00:00,2018-11-20 09:42:25+00:00
request for payment 183746,Request For Payment REJECTED by EMPLOYEE,STAFF MEMBER,2018-11-20 10:28:45+00:00,2018-11-20 09:50:45+00:00
request for payment 182156,Request For Payment SUBMITTED by EMPLOYEE,STAFF MEMBER,2018-11-20 10:43:18+00:00,2018-11-20 09:51:18+00:00
request for payment 182156,Request For Payment APPROVED by ADMINISTRATION,STAFF MEMBER,2018-11-20 10:45:57+00:00,2018-11-20 09:51:57+00:00
request for payment 173517,Request Payment,SYSTEM,2018-11-20 10:49:03+00:00,2018-11-20 10:02:03+00:00
request for payment 183188,Request For Payment FINAL_APPROVED by SUPERVISOR,STAFF MEMBER,2018-11-20 10:55:20+00:00,2018-11-20 10:06:20+00:00
request for payment 183188,Request Payment,SYSTEM,2018-11-20 10:53:21+00:00,2018-11-20 10:06:21+00:00
request for payment 178239,Request Payment,SYSTEM,2018-11-20 10:49:34+00:00,2018-11-20 10:07:34+00:00
request for payment 184376,Request For Payment FINAL_APPROVED by SUPERVISOR,STAFF MEMBER,2018-11-20 10:58:19+00:00,2018-11-20 10:17:19+00:00
request for payment 183366,Request For Payment REJECTED by EMPLOYEE,STAFF MEMBER,2018-11-20 11:23:12+00:00,2018-11-20 10:30:12+00:00
request for payment 183772,Request For Payment FINAL_APPROVED by SUPERVISOR,STAFF MEMBER,2018-11-20 11:10:50+00:00,2018-11-20 10:32:50+00:00
request for payment 172491,Request For Payment APPROVED by SUPERVISOR,STAFF MEMBER,2018-11-20 11:27:55+00:00,2018-11-20 10:34:55+00:00
request for payment 173537,Request For Payment FINAL_APPROVED by SUPERVISOR,STAFF MEMBER,2018-11-20 11:06:21+00:00,2018-11-20 10:36:21+00:00
request for payment 183624,Request For Payment SUBMITTED by EMPLOYEE,STAFF MEMBER,2018-11-20 11:36:36+00:00,2018-11-20 10:36:36+00:00
request for payment 183624,Request For Payment REJECTED by ADMINISTRATION,STAFF MEMBER,2018-11-20 11:27:57+00:00,2018-11-20 10:37:57+00:00
request for payment 184356,Request For Payment FINAL_APPROVED by SUPERVISOR,STAFF MEMBER,2018-11-20 11:12:03+00:00,2018-11-20 10:41:03+00:00
request for payment 183787,Request For Payment FINAL_APPROVED by SUPERVISOR,STAFF MEMBER,2018-11-20 11:34:18+00:00,2018-11-20 10:42:18+00:00
request for payment 183585,Request For Payment REJECTED by EMPLOYEE,STAFF MEMBER,2018-11-20 11:34:31+00:00,2018-11-20 10:43:31+00:00
request for payment 183585,Request For Payment SUBMITTED by EMPLOYEE,STAFF MEMBER,2018-11-20 11:24:52+00:00,2018-11-20 10:46:52+00:00
request for payment 173924,Request For Payment FINAL_APPROVED by SUPERVISOR,STAFF MEMBER,2018-11-20 11:20:53+00:00,2018-11-20 10:46:53+00:00
request for payment 183585,Request For Payment APPROVED by ADMINISTRATION,STAFF MEMBER,2018-11-20 11:44:02+00:00,2018-11-20 10:47:02+00:00
request for payment 184089,Request Payment,SYSTEM,2018-11-20 11:24:22+00:00,2018-11-20 10:47:22+00:00
request for payment 174935,Request For Payment FINAL_APPROVED by SUPERVISOR,STAFF MEMBER,2018-11-20 11:33:04+00:00,2018-11-20 10:48:04+00:00
request for payment 183585,Request For Payment FINAL_APPROVED by SUPERVISOR,STAFF MEMBER,2018-11-20 11:35:46+00:00,2018-11-20 10:48:46+00:00
request for payment 183634,Request For Payment SUBMITTED by EMPLOYEE,STAFF MEMBER,2018-11-20 11:26:06+00:00,2018-11-20 10:56:06+00:00
request for payment 183634,Request For Payment APPROVED by ADMINISTRATION,STAFF MEMBER,2018-11-20 11:35:12+00:00,2018-11-20 10:56:12+00:00
request for payment 173930,Request For Payment FINAL_APPROVED by SUPERVISOR,STAFF MEMBER,2018-11-20 11:31:23+00:00,2018-11-20 10:56:23+00:00
request for payment 182120,Request For Payment FINAL_APPROVED by SUPERVISOR,STAFF MEMBER,2018-11-20 11:31:21+00:00,2018-11-20 10:58:21+00:00
request for payment 182129,Request For Payment REJECTED by EMPLOYEE,STAFF MEMBER,2018-11-20 11:31:28+00:00,2018-11-20 10:59:28+00:00
request for payment 179466,Request For Payment SUBMITTED by EMPLOYEE,STAFF MEMBER,2018-11-20 11:34:25+00:00,2018-11-20 11:04:25+00:00
request for payment 179466,Request For Payment APPROVED by ADMINISTRATION,STAFF MEMBER,2018-11-20 11:58:40+00:00,2018-11-20 11:04:40+00:00
request for payment 173964,Request For Payment SUBMITTED by EMPLOYEE,STAFF MEMBER,2018-11-20 12:05:35+00:00,2018-11-20 11:06:35+00:00
request for payment 173964,Request For Payment APPROVED by ADMINISTRATION,STAFF MEMBER,2018-11-20 11:40:38+00:00,2018-11-20 11:06:38+00:00
request for payment 183746,Request For Payment SUBMITTED by EMPLOYEE,STAFF MEMBER,2018-11-20 11:46:48+00:00,2018-11-20 11:09:48+00:00
request for payment 183746,Request For Payment APPROVED by ADMINISTRATION,STAFF MEMBER,2018-11-20 12:02:51+00:00,2018-11-20 11:09:51+00:00
request for payment 179472,Request For Payment SUBMITTED by EMPLOYEE,STAFF MEMBER,2018-11-20 11:56:34+00:00,2018-11-20 11:12:34+00:00
request for payment 179472,Request For Payment APPROVED by ADMINISTRATION,STAFF MEMBER,2018-11-20 11:53:37+00:00,2018-11-20 11:12:37+00:00
request for payment 179477,Request For Payment SUBMITTED by EMPLOYEE,STAFF MEMBER,2018-11-20 12:14:50+00:00,2018-11-20 11:14:50+00:00
request for payment 179477,Request For Payment APPROVED by ADMINISTRATION,STAFF MEMBER,2018-11-20 11:47:54+00:00,2018-11-20 11:14:54+00:00
request for payment 173751,Request For Payment FINAL_APPROVED by SUPERVISOR,STAFF MEMBER,2018-11-20 12:10:04+00:00,2018-11-20 11:17:04+00:00
request for payment 174935,Request Payment,SYSTEM,2018-11-20 12:12:39+00:00,2018-11-20 11:42:39+00:00
request for payment 173930,Request Payment,SYSTEM,2018-11-20 12:44:15+00:00,2018-11-20 11:44:15+00:00
request for payment 173751,Request Payment,SYSTEM,2018-11-20 12:28:52+00:00,2018-11-20 11:54:52+00:00
request for payment 182161,Request For Payment SUBMITTED by EMPLOYEE,STAFF MEMBER,2018-11-20 13:12:21+00:00,2018-11-20 12:33:21+00:00
request for payment 182161,Request For Payment APPROVED by ADMINISTRATION,STAFF MEMBER,2018-11-20 13:26:53+00:00,2018-11-20 12:34:53+00:00
request for payment 184114,Request For Payment SUBMITTED by EMPLOYEE,STAFF MEMBER,2018-11-20 13:34:53+00:00,2018-11-20 12:49:53+00:00
request for payment 184114,Request For Payment APPROVED by ADMINISTRATION,STAFF MEMBER,2018-11-20 13:35:08+00:00,2018-11-20 12:56:08+00:00
request for payment 184119,Request For Payment SUBMITTED by EMPLOYEE,STAFF MEMBER,2018-11-20 14:06:31+00:00,2018-11-20 13:11:31+00:00
request for payment 184119,Request For Payment APPROVED by ADMINISTRATION,STAFF MEMBER,2018-11-20 13:43:36+00:00,2018-11-20 13:11:36+00:00
request for payment 177470,Request For Payment SUBMITTED by EMPLOYEE,STAFF MEMBER,2018-11-20 15:00:51+00:00,2018-11-20 14:05:51+00:00
request for payment 177470,Request For Payment APPROVED by ADMINISTRATION,STAFF MEMBER,2018-11-20 15:02:07+00:00,2018-11-20 14:06:07+00:00
request for payment 182772,Request For Payment FINAL_APPROVED by SUPERVISOR,STAFF MEMBER,2018-11-20 15:12:32+00:00,2018-11-20 14:18:32+00:00
request for payment 172124,Request For Payment FINAL_APPROVED by SUPERVISOR,STAFF MEMBER,2018-11-20 15:16:32+00:00,2018-11-20 14:18:32+00:00
request for payment 172491,Request For Payment FINAL_APPROVED by DIRECTOR,STAFF MEMBER,2018-11-20 15:21:32+00:00,2018-11-20 14:25:32+00:00
request for payment 178283,Request For Payment APPROVED by BUDGET OWNER,STAFF MEMBER,2018-11-20 15:06:53+00:00,2018-11-20 14:36:53+00:00
request for payment 173924,Request Payment,SYSTEM,2018-11-20 15:10:09+00:00,2018-11-20 14:37:09+00:00
request for payment 173494,Request For Payment FINAL_APPROVED by SUPERVISOR,STAFF MEMBER,2018-11-20 15:36:44+00:00,2018-11-20 14:48:44+00:00
request for payment 177455,Request For Payment FINAL_APPROVED by SUPERVISOR,STAFF MEMBER,2018-11-20 15:28:09+00:00,2018-11-20 14:52:09+00:00
request for payment 177450,Request For Payment FINAL_APPROVED by SUPERVISOR,STAFF MEMBER,2018-11-20 15:23:24+00:00,2018-11-20 14:53:24+00:00
request for payment 173952,Request For Payment FINAL_APPROVED by SUPERVISOR,STAFF MEMBER,2018-11-20 15:24:52+00:00,2018-11-20 14:54:52+00:00
request for payment 175474,Request For Payment SUBMITTED by EMPLOYEE,STAFF MEMBER,2018-11-20 15:34:23+00:00,2018-11-20 14:56:23+00:00
request for payment 173494,Request Payment,SYSTEM,2018-11-20 15:42:33+00:00,2018-11-20 14:56:33+00:00
request for payment 173947,Request Payment,SYSTEM,2018-11-20 15:27:18+00:00,2018-11-20 14:57:18+00:00
request for payment 173942,Request Payment,SYSTEM,2018-11-20 15:31:20+00:00,2018-11-20 14:57:20+00:00
request for payment 182830,Request For Payment APPROVED by ADMINISTRATION,STAFF MEMBER,2018-11-20 15:50:07+00:00,2018-11-20 15:00:07+00:00
request for payment 172508,Request For Payment SUBMITTED by EMPLOYEE,STAFF MEMBER,2018-11-20 16:05:39+00:00,2018-11-20 15:05:39+00:00
request for payment 172508,Request For Payment APPROVED by ADMINISTRATION,STAFF MEMBER,2018-11-20 15:41:23+00:00,2018-11-20 15:07:23+00:00
request for payment 172124,Request Payment,SYSTEM,2018-11-20 15:57:23+00:00,2018-11-20 15:14:23+00:00
request for payment 182772,Request Payment,SYSTEM,2018-11-20 15:47:33+00:00,2018-11-20 15:14:33+00:00
request for payment 178296,Request For Payment FINAL_APPROVED by SUPERVISOR,STAFF MEMBER,2018-11-20 16:18:54+00:00,2018-11-20 15:22:54+00:00
request for payment 173081,Request For Payment FINAL_APPROVED by SUPERVISOR,STAFF MEMBER,2018-11-20 16:15:41+00:00,2018-11-20 15:40:41+00:00
request for payment 172513,Request For Payment SUBMITTED by EMPLOYEE,STAFF MEMBER,2018-11-20 16:17:29+00:00,2018-11-20 15:42:29+00:00
request for payment 182129,Request For Payment SUBMITTED by EMPLOYEE,STAFF MEMBER,2018-11-20 16:32:16+00:00,2018-11-20 15:44:16+00:00
request for payment 182129,Request For Payment APPROVED by ADMINISTRATION,STAFF MEMBER,2018-11-20 16:30:34+00:00,2018-11-20 15:44:34+00:00
request for payment 172513,Request For Payment APPROVED by ADMINISTRATION,STAFF MEMBER,2018-11-20 16:19:11+00:00,2018-11-20 15:45:11+00:00
request for payment 173969,Request For Payment SAVED by EMPLOYEE,STAFF MEMBER,2018-11-20 18:03:34+00:00,2018-11-20 17:23:34+00:00
request for payment 183639,Request For Payment SAVED by EMPLOYEE,STAFF MEMBER,2018-11-20 19:45:58+00:00,2018-11-20 18:59:58+00:00
request for payment 183641,Request For Payment SUBMITTED by EMPLOYEE,STAFF MEMBER,2018-11-20 21:12:37+00:00,2018-11-20 20:24:37+00:00
request for payment 183641,Request For Payment APPROVED by ADMINISTRATION,STAFF MEMBER,2018-11-20 20:57:39+00:00,2018-11-20 20:25:39+00:00
request for payment 179459,Request For Payment APPROVED by SUPERVISOR,STAFF MEMBER,2018-11-20 21:40:13+00:00,2018-11-20 20:54:13+00:00
request for payment 177436,Request Payment,SYSTEM,2018-11-20 22:11:47+00:00,2018-11-20 21:41:47+00:00
request for payment 181759,Request For Payment FINAL_APPROVED by SUPERVISOR,STAFF MEMBER,2018-11-21 04:48:18+00:00,2018-11-21 04:15:18+00:00
request for payment 173120,Request For Payment FINAL_APPROVED by SUPERVISOR,STAFF MEMBER,2018-11-21 04:57:18+00:00,2018-11-21 04:15:18+00:00
request for payment 184409,Request For Payment FINAL_APPROVED by SUPERVISOR,STAFF MEMBER,2018-11-21 08:11:19+00:00,2018-11-21 07:25:19+00:00
request for payment 182161,Request For Payment APPROVED by BUDGET OWNER,STAFF MEMBER,2018-11-21 07:58:47+00:00,2018-11-21 07:26:47+00:00
request for payment 173971,Request For Payment SUBMITTED by EMPLOYEE,STAFF MEMBER,2018-11-21 09:03:07+00:00,2018-11-21 08:11:07+00:00
request for payment 173971,Request For Payment APPROVED by ADMINISTRATION,STAFF MEMBER,2018-11-21 09:09:11+00:00,2018-11-21 08:11:11+00:00
request for payment 175474,Request For Payment APPROVED by ADMINISTRATION,STAFF MEMBER,2018-11-21 08:44:49+00:00,2018-11-21 08:12:49+00:00
request for payment 173971,Request For Payment FINAL_APPROVED by SUPERVISOR,STAFF MEMBER,2018-11-21 09:46:49+00:00,2018-11-21 08:47:49+00:00
request for payment 179472,Request For Payment FINAL_APPROVED by SUPERVISOR,STAFF MEMBER,2018-11-21 09:29:50+00:00,2018-11-21 08:49:50+00:00
request for payment 173964,Request For Payment FINAL_APPROVED by SUPERVISOR,STAFF MEMBER,2018-11-21 09:51:15+00:00,2018-11-21 08:51:15+00:00
request for payment 177470,Request For Payment FINAL_APPROVED by SUPERVISOR,STAFF MEMBER,2018-11-21 09:42:02+00:00,2018-11-21 08:52:02+00:00
request for payment 184114,Request For Payment FINAL_APPROVED by SUPERVISOR,STAFF MEMBER,2018-11-21 09:36:37+00:00,2018-11-21 08:54:37+00:00
request for payment 183634,Request For Payment FINAL_APPROVED by SUPERVISOR,STAFF MEMBER,2018-11-21 09:28:22+00:00,2018-11-21 08:56:22+00:00
request for payment 178253,Request For Payment FINAL_APPROVED by SUPERVISOR,STAFF MEMBER,2018-11-21 09:59:25+00:00,2018-11-21 09:24:25+00:00
request for payment 178290,Request For Payment FINAL_APPROVED by SUPERVISOR,STAFF MEMBER,2018-11-21 10:21:41+00:00,2018-11-21 09:24:41+00:00
request for payment 178271,Request For Payment FINAL_APPROVED by SUPERVISOR,STAFF MEMBER,2018-11-21 10:16:41+00:00,2018-11-21 09:24:41+00:00
request for payment 178259,Request For Payment FINAL_APPROVED by SUPERVISOR,STAFF MEMBER,2018-11-21 10:24:41+00:00,2018-11-21 09:24:41+00:00
request for payment 178277,Request For Payment FINAL_APPROVED by SUPERVISOR,STAFF MEMBER,2018-11-21 10:06:41+00:00,2018-11-21 09:24:41+00:00
request for payment 178265,Request For Payment FINAL_APPROVED by SUPERVISOR,STAFF MEMBER,2018-11-21 10:08:41+00:00,2018-11-21 09:24:41+00:00
request for payment 182106,Request Payment,SYSTEM,2018-11-21 10:03:54+00:00,2018-11-21 09:25:54+00:00
request for payment 173081,Request Payment,SYSTEM,2018-11-21 10:56:04+00:00,2018-11-21 10:00:04+00:00
request for payment 179477,Request For Payment FINAL_APPROVED by SUPERVISOR,STAFF MEMBER,2018-11-21 10:54:01+00:00,2018-11-21 10:10:01+00:00
request for payment 183619,Request Payment,SYSTEM,2018-11-21 11:06:16+00:00,2018-11-21 10:23:16+00:00
request for payment 184109,Request Payment,SYSTEM,2018-11-21 10:57:16+00:00,2018-11-21 10:23:16+00:00
request for payment 174056,Request For Payment FINAL_APPROVED by SUPERVISOR,STAFF MEMBER,2018-11-21 11:14:17+00:00,2018-11-21 10:23:17+00:00
request for payment 173909,Request Payment,SYSTEM,2018-11-21 11:15:17+00:00,2018-11-21 10:23:17+00:00
request for payment 182896,Request Payment,SYSTEM,2018-11-21 11:12:30+00:00,2018-11-21 10:28:30+00:00
request for payment 182912,Request Payment,SYSTEM,2018-11-21 11:04:39+00:00,2018-11-21 10:28:39+00:00
request for payment 172140,Request Payment,SYSTEM,2018-11-21 11:14:45+00:00,2018-11-21 10:28:45+00:00
request for payment 182806,Request Payment,SYSTEM,2018-11-21 11:17:55+00:00,2018-11-21 10:28:55+00:00
request for payment 175125,Request Payment,SYSTEM,2018-11-21 11:17:05+00:00,2018-11-21 10:29:05+00:00
request for payment 175092,Request Payment,SYSTEM,2018-11-21 11:55:43+00:00,2018-11-21 11:07:43+00:00
request for payment 177802,Request For Payment SUBMITTED by EMPLOYEE,STAFF MEMBER,2018-11-21 12:18:59+00:00,2018-11-21 11:25:59+00:00
request for payment 182120,Request Payment,SYSTEM,2018-11-21 12:38:14+00:00,2018-11-21 12:07:14+00:00
request for payment 177802,Request For Payment REJECTED by ADMINISTRATION,STAFF MEMBER,2018-11-21 13:00:38+00:00,2018-11-21 12:07:38+00:00
request for payment 182167,Request For Payment SUBMITTED by EMPLOYEE,STAFF MEMBER,2018-11-21 12:47:48+00:00,2018-11-21 12:09:48+00:00
request for payment 182167,Request For Payment APPROVED by ADMINISTRATION,STAFF MEMBER,2018-11-21 13:08:57+00:00,2018-11-21 12:09:57+00:00
request for payment 173976,Request For Payment SUBMITTED by EMPLOYEE,STAFF MEMBER,2018-11-21 13:05:13+00:00,2018-11-21 12:24:13+00:00
request for payment 173976,Request For Payment APPROVED by ADMINISTRATION,STAFF MEMBER,2018-11-21 13:15:22+00:00,2018-11-21 12:24:22+00:00
request for payment 174257,Request For Payment SUBMITTED by EMPLOYEE,STAFF MEMBER,2018-11-21 13:23:32+00:00,2018-11-21 12:27:32+00:00
request for payment 174257,Request For Payment REJECTED by ADMINISTRATION,STAFF MEMBER,2018-11-21 12:58:44+00:00,2018-11-21 12:27:44+00:00
request for payment 182830,Request For Payment FINAL_APPROVED by SUPERVISOR,STAFF MEMBER,2018-11-21 12:58:53+00:00,2018-11-21 12:28:53+00:00
request for payment 184361,Request For Payment REJECTED by EMPLOYEE,STAFF MEMBER,2018-11-21 13:18:32+00:00,2018-11-21 12:32:32+00:00
request for payment 184389,Request For Payment FINAL_APPROVED by SUPERVISOR,STAFF MEMBER,2018-11-21 13:14:57+00:00,2018-11-21 12:33:57+00:00
request for payment 172503,Request For Payment FINAL_APPROVED by SUPERVISOR,STAFF MEMBER,2018-11-21 13:14:07+00:00,2018-11-21 12:41:07+00:00
request for payment 182115,Request For Payment FINAL_APPROVED by SUPERVISOR,STAFF MEMBER,2018-11-21 13:18:19+00:00,2018-11-21 12:43:19+00:00
request for payment 178249,Request For Payment REJECTED by EMPLOYEE,STAFF MEMBER,2018-11-21 13:34:14+00:00,2018-11-21 12:47:14+00:00
request for payment 177431,Request For Payment FINAL_APPROVED by SUPERVISOR,STAFF MEMBER,2018-11-21 13:28:40+00:00,2018-11-21 12:48:40+00:00
request for payment 182137,Request For Payment REJECTED by EMPLOYEE,STAFF MEMBER,2018-11-21 13:34:54+00:00,2018-11-21 12:51:54+00:00
request for payment 182137,Request For Payment SUBMITTED by EMPLOYEE,STAFF MEMBER,2018-11-21 13:51:19+00:00,2018-11-21 12:56:19+00:00
request for payment 182137,Request For Payment APPROVED by ADMINISTRATION,STAFF MEMBER,2018-11-21 13:50:21+00:00,2018-11-21 12:56:21+00:00
request for payment 177460,Request For Payment FINAL_APPROVED by SUPERVISOR,STAFF MEMBER,2018-11-21 13:52:52+00:00,2018-11-21 12:57:52+00:00
request for payment 184084,Request For Payment FINAL_APPROVED by SUPERVISOR,STAFF MEMBER,2018-11-21 14:15:50+00:00,2018-11-21 13:22:50+00:00
request for payment 173914,Request For Payment FINAL_APPROVED by SUPERVISOR,STAFF MEMBER,2018-11-21 14:02:54+00:00,2018-11-21 13:28:54+00:00
request for payment 174265,Request For Payment SUBMITTED by EMPLOYEE,STAFF MEMBER,2018-11-21 14:26:16+00:00,2018-11-21 13:29:16+00:00
request for payment 174265,Request For Payment APPROVED by ADMINISTRATION,STAFF MEMBER,2018-11-21 14:17:59+00:00,2018-11-21 13:29:59+00:00
request for payment 177422,Request For Payment FINAL_APPROVED by SUPERVISOR,STAFF MEMBER,2018-11-21 14:26:25+00:00,2018-11-21 13:30:25+00:00
request for payment 174051,Request For Payment FINAL_APPROVED by SUPERVISOR,STAFF MEMBER,2018-11-21 14:20:48+00:00,2018-11-21 13:31:48+00:00
request for payment 174271,Request For Payment SUBMITTED by EMPLOYEE,STAFF MEMBER,2018-11-21 14:58:39+00:00,2018-11-21 14:17:39+00:00
request for payment 182137,Request For Payment FINAL_APPROVED by SUPERVISOR,STAFF MEMBER,2018-11-21 15:12:52+00:00,2018-11-21 14:18:52+00:00
request for payment 174271,Request For Payment APPROVED by ADMINISTRATION,STAFF MEMBER,2018-11-21 15:04:16+00:00,2018-11-21 14:19:16+00:00
request for payment 183634,Request Payment,SYSTEM,2018-11-21 16:04:49+00:00,2018-11-21 15:17:49+00:00
request for payment 184124,Request For Payment SUBMITTED by EMPLOYEE,STAFF MEMBER,2018-11-21 15:59:27+00:00,2018-11-21 15:29:27+00:00
request for payment 184124,Request For Payment REJECTED by ADMINISTRATION,STAFF MEMBER,2018-11-21 16:31:59+00:00,2018-11-21 15:31:59+00:00
request for payment 184128,Request For Payment SUBMITTED by EMPLOYEE,STAFF MEMBER,2018-11-21 16:06:40+00:00,2018-11-21 15:35:40+00:00
request for payment 184128,Request For Payment APPROVED by ADMINISTRATION,STAFF MEMBER,2018-11-21 16:08:00+00:00,2018-11-21 15:36:00+00:00
request for payment 177807,Request For Payment SUBMITTED by EMPLOYEE,STAFF MEMBER,2018-11-21 17:04:03+00:00,2018-11-21 16:05:03+00:00
request for payment 183271,Request For Payment REJECTED by EMPLOYEE,STAFF MEMBER,2018-11-21 18:40:50+00:00,2018-11-21 17:45:50+00:00
request for payment 173506,Request For Payment APPROVED by BUDGET OWNER,STAFF MEMBER,2018-11-21 18:26:47+00:00,2018-11-21 17:46:47+00:00
request for payment 173547,Request For Payment APPROVED by BUDGET OWNER,STAFF MEMBER,2018-11-21 18:28:32+00:00,2018-11-21 17:48:32+00:00
request for payment 184383,Request For Payment APPROVED by BUDGET OWNER,STAFF MEMBER,2018-11-21 18:53:29+00:00,2018-11-21 17:57:29+00:00
request for payment 173732,Request For Payment APPROVED by ADMINISTRATION,STAFF MEMBER,2018-11-21 18:32:19+00:00,2018-11-21 18:02:19+00:00
request for payment 173559,Request For Payment REJECTED by EMPLOYEE,STAFF MEMBER,2018-11-21 18:55:21+00:00,2018-11-21 18:02:21+00:00
request for payment 184399,Request For Payment FINAL_APPROVED by SUPERVISOR,STAFF MEMBER,2018-11-21 18:49:19+00:00,2018-11-21 18:03:19+00:00
request for payment 184104,Request For Payment FINAL_APPROVED by SUPERVISOR,STAFF MEMBER,2018-11-21 18:51:01+00:00,2018-11-21 18:05:01+00:00
request for payment 174277,Request For Payment SUBMITTED by EMPLOYEE,STAFF MEMBER,2018-11-21 19:13:29+00:00,2018-11-21 18:13:29+00:00
request for payment 174277,Request For Payment APPROVED by ADMINISTRATION,STAFF MEMBER,2018-11-21 18:44:53+00:00,2018-11-21 18:13:53+00:00
request for payment 177465,Request For Payment FINAL_APPROVED by SUPERVISOR,STAFF MEMBER,2018-11-21 18:58:08+00:00,2018-11-21 18:14:08+00:00
request for payment 183614,Request For Payment FINAL_APPROVED by SUPERVISOR,STAFF MEMBER,2018-11-21 19:12:44+00:00,2018-11-21 18:14:44+00:00
request for payment 172508,Request For Payment FINAL_APPROVED by SUPERVISOR,STAFF MEMBER,2018-11-21 19:00:45+00:00,2018-11-21 18:17:45+00:00
request for payment 173732,Request For Payment APPROVED by BUDGET OWNER,STAFF MEMBER,2018-11-21 19:08:41+00:00,2018-11-21 18:28:41+00:00
request for payment 181759,Request Payment,SYSTEM,2018-11-21 20:14:06+00:00,2018-11-21 19:39:06+00:00
request for payment 174282,Request For Payment SUBMITTED by EMPLOYEE,STAFF MEMBER,2018-11-21 21:36:13+00:00,2018-11-21 20:40:13+00:00
request for payment 174282,Request For Payment REJECTED by ADMINISTRATION,STAFF MEMBER,2018-11-21 21:14:15+00:00,2018-11-21 20:40:15+00:00
request for payment 173120,Request Payment,SYSTEM,2018-11-21 21:58:57+00:00,2018-11-21 21:16:57+00:00
request for payment 174291,Request For Payment SUBMITTED by EMPLOYEE,STAFF MEMBER,2018-11-21 22:25:04+00:00,2018-11-21 21:26:04+00:00
request for payment 174291,Request For Payment APPROVED by ADMINISTRATION,STAFF MEMBER,2018-11-21 22:13:11+00:00,2018-11-21 21:26:11+00:00
request for payment 183761,Request For Payment FINAL_APPROVED by SUPERVISOR,STAFF MEMBER,2018-11-22 05:09:30+00:00,2018-11-22 04:15:30+00:00
request for payment 173531,Request For Payment FINAL_APPROVED by SUPERVISOR,STAFF MEMBER,2018-11-22 05:06:30+00:00,2018-11-22 04:15:30+00:00
request for payment 183740,Request For Payment FINAL_APPROVED by SUPERVISOR,STAFF MEMBER,2018-11-22 05:10:30+00:00,2018-11-22 04:15:30+00:00
request for payment 183975,Request For Payment FINAL_APPROVED by SUPERVISOR,STAFF MEMBER,2018-11-22 04:57:30+00:00,2018-11-22 04:15:30+00:00
request for payment 173744,Request For Payment FINAL_APPROVED by SUPERVISOR,STAFF MEMBER,2018-11-22 04:49:30+00:00,2018-11-22 04:15:30+00:00
request for payment 184317,Request For Payment FINAL_APPROVED by SUPERVISOR,STAFF MEMBER,2018-11-22 04:58:30+00:00,2018-11-22 04:15:30+00:00
request for payment 184104,Request Payment,SYSTEM,2018-11-22 06:16:52+00:00,2018-11-22 05:39:52+00:00
request for payment 172508,Request Payment,SYSTEM,2018-11-22 06:18:20+00:00,2018-11-22 05:40:20+00:00
request for payment 177460,Request Payment,SYSTEM,2018-11-22 07:22:10+00:00,2018-11-22 06:34:10+00:00
request for payment 172491,Request Payment,SYSTEM,2018-11-22 07:11:19+00:00,2018-11-22 06:39:19+00:00
request for payment 174062,Request Payment,SYSTEM,2018-11-22 07:42:09+00:00,2018-11-22 07:10:09+00:00
request for payment 184409,Request Payment,SYSTEM,2018-11-22 07:52:31+00:00,2018-11-22 07:10:31+00:00
request for payment 183598,Request Payment,SYSTEM,2018-11-22 08:00:13+00:00,2018-11-22 07:11:13+00:00
request for payment 174296,Request For Payment SUBMITTED by EMPLOYEE,STAFF MEMBER,2018-11-22 08:10:16+00:00,2018-11-22 07:17:16+00:00
request for payment 174296,Request For Payment REJECTED by ADMINISTRATION,STAFF MEMBER,2018-11-22 08:15:20+00:00,2018-11-22 07:17:20+00:00
request for payment 177470,Request Payment,SYSTEM,2018-11-22 08:06:11+00:00,2018-11-22 07:19:11+00:00
request for payment 183614,Request Payment,SYSTEM,2018-11-22 08:08:44+00:00,2018-11-22 07:26:44+00:00
request for payment 177465,Request Payment,SYSTEM,2018-11-22 08:23:59+00:00,2018-11-22 07:26:59+00:00
request for payment 184399,Request Payment,SYSTEM,2018-11-22 08:21:14+00:00,2018-11-22 07:27:14+00:00
request for payment 173506,Request For Payment FINAL_APPROVED by SUPERVISOR,STAFF MEMBER,2018-11-22 08:29:46+00:00,2018-11-22 07:40:46+00:00
request for payment 182115,Request Payment,SYSTEM,2018-11-22 08:28:55+00:00,2018-11-22 07:42:55+00:00
request for payment 173547,Request For Payment FINAL_APPROVED by SUPERVISOR,STAFF MEMBER,2018-11-22 08:36:49+00:00,2018-11-22 07:43:49+00:00
request for payment 182096,Request For Payment FINAL_APPROVED by SUPERVISOR,STAFF MEMBER,2018-11-22 08:26:56+00:00,2018-11-22 07:53:56+00:00
request for payment 182173,Request For Payment SUBMITTED by EMPLOYEE,STAFF MEMBER,2018-11-22 08:39:10+00:00,2018-11-22 08:01:10+00:00
request for payment 182173,Request For Payment APPROVED by ADMINISTRATION,STAFF MEMBER,2018-11-22 08:31:28+00:00,2018-11-22 08:01:28+00:00
request for payment 182096,Request Payment,SYSTEM,2018-11-22 08:35:13+00:00,2018-11-22 08:05:13+00:00
request for payment 183761,Request Payment,SYSTEM,2018-11-22 08:59:40+00:00,2018-11-22 08:12:40+00:00
request for payment 173506,Request Payment,SYSTEM,2018-11-22 09:17:28+00:00,2018-11-22 08:28:28+00:00
request for payment 178296,Request Payment,SYSTEM,2018-11-22 10:05:17+00:00,2018-11-22 09:07:17+00:00
request for payment 182167,Request For Payment APPROVED by BUDGET OWNER,STAFF MEMBER,2018-11-22 09:45:00+00:00,2018-11-22 09:11:00+00:00
request for payment 184351,Request For Payment FINAL_APPROVED by SUPERVISOR,STAFF MEMBER,2018-11-22 09:45:28+00:00,2018-11-22 09:14:28+00:00
request for payment 174271,Request For Payment APPROVED by BUDGET OWNER,STAFF MEMBER,2018-11-22 10:11:35+00:00,2018-11-22 09:15:35+00:00
request for payment 179482,Request For Payment SUBMITTED by EMPLOYEE,STAFF MEMBER,2018-11-22 10:02:12+00:00,2018-11-22 09:16:12+00:00
request for payment 179482,Request For Payment APPROVED by ADMINISTRATION,STAFF MEMBER,2018-11-22 10:06:15+00:00,2018-11-22 09:16:15+00:00
request for payment 173976,Request For Payment APPROVED by BUDGET OWNER,STAFF MEMBER,2018-11-22 09:55:46+00:00,2018-11-22 09:16:46+00:00
request for payment 179487,Request For Payment SUBMITTED by EMPLOYEE,STAFF MEMBER,2018-11-22 10:04:00+00:00,2018-11-22 09:18:00+00:00
request for payment 179487,Request For Payment APPROVED by ADMINISTRATION,STAFF MEMBER,2018-11-22 09:53:02+00:00,2018-11-22 09:18:02+00:00
request for payment 179472,Request Payment,SYSTEM,2018-11-22 10:21:28+00:00,2018-11-22 09:35:28+00:00
request for payment 173964,Request Payment,SYSTEM,2018-11-22 10:07:29+00:00,2018-11-22 09:35:29+00:00
request for payment 178301,Request For Payment SUBMITTED by EMPLOYEE,STAFF MEMBER,2018-11-22 10:29:27+00:00,2018-11-22 09:37:27+00:00
request for payment 179453,Request For Payment FINAL_APPROVED by SUPERVISOR,STAFF MEMBER,2018-11-22 10:18:12+00:00,2018-11-22 09:38:12+00:00
request for payment 178301,Request For Payment APPROVED by ADMINISTRATION,STAFF MEMBER,2018-11-22 10:25:58+00:00,2018-11-22 09:41:58+00:00
request for payment 177422,Request Payment,SYSTEM,2018-11-22 10:43:56+00:00,2018-11-22 09:53:56+00:00
request for payment 179453,Request Payment,SYSTEM,2018-11-22 10:51:46+00:00,2018-11-22 09:55:46+00:00
request for payment 182161,Request For Payment FINAL_APPROVED by SUPERVISOR,STAFF MEMBER,2018-11-22 10:51:46+00:00,2018-11-22 10:00:46+00:00
request for payment 183961,Request For Payment FINAL_APPROVED by SUPERVISOR,STAFF MEMBER,2018-11-22 10:55:29+00:00,2018-11-22 10:10:29+00:00
request for payment 174300,Request For Payment SUBMITTED by EMPLOYEE,STAFF MEMBER,2018-11-22 10:54:07+00:00,2018-11-22 10:22:07+00:00
request for payment 174300,Request For Payment APPROVED by ADMINISTRATION,STAFF MEMBER,2018-11-22 11:04:16+00:00,2018-11-22 10:22:16+00:00
request for payment 179482,Request For Payment FINAL_APPROVED by SUPERVISOR,STAFF MEMBER,2018-11-22 11:23:21+00:00,2018-11-22 10:23:21+00:00
request for payment 182178,Request For Payment SUBMITTED by EMPLOYEE,STAFF MEMBER,2018-11-22 11:32:18+00:00,2018-11-22 10:33:18+00:00
request for payment 182178,Request For Payment APPROVED by ADMINISTRATION,STAFF MEMBER,2018-11-22 11:28:24+00:00,2018-11-22 10:33:24+00:00
request for payment 173531,Request Payment,SYSTEM,2018-11-22 11:30:17+00:00,2018-11-22 10:37:17+00:00
request for payment 173914,Request Payment,SYSTEM,2018-11-22 11:35:58+00:00,2018-11-22 10:37:58+00:00
request for payment 182830,Request Payment,SYSTEM,2018-11-22 11:18:10+00:00,2018-11-22 10:41:10+00:00
request for payment 177431,Request Payment,SYSTEM,2018-11-22 11:31:37+00:00,2018-11-22 10:41:37+00:00
request for payment 182137,Request Payment,SYSTEM,2018-11-22 11:38:50+00:00,2018-11-22 10:41:50+00:00
request for payment 179492,Request For Payment SUBMITTED by EMPLOYEE,STAFF MEMBER,2018-11-22 11:30:59+00:00,2018-11-22 10:45:59+00:00
request for payment 183746,Request For Payment FINAL_APPROVED by SUPERVISOR,STAFF MEMBER,2018-11-22 11:44:00+00:00,2018-11-22 10:50:00+00:00
request for payment 182129,Request For Payment FINAL_APPROVED by SUPERVISOR,STAFF MEMBER,2018-11-22 11:45:38+00:00,2018-11-22 10:51:38+00:00
request for payment 182145,Request For Payment FINAL_APPROVED by SUPERVISOR,STAFF MEMBER,2018-11-22 11:28:30+00:00,2018-11-22 10:52:30+00:00
request for payment 177441,Request For Payment FINAL_APPROVED by SUPERVISOR,STAFF MEMBER,2018-11-22 11:24:06+00:00,2018-11-22 10:54:06+00:00
request for payment 183207,Request For Payment REJECTED by EMPLOYEE,STAFF MEMBER,2018-11-22 11:51:12+00:00,2018-11-22 10:54:12+00:00
request for payment 183218,Request For Payment REJECTED by EMPLOYEE,STAFF MEMBER,2018-11-22 11:27:36+00:00,2018-11-22 10:54:36+00:00
request for payment 183255,Request For Payment REJECTED by EMPLOYEE,STAFF MEMBER,2018-11-22 11:36:51+00:00,2018-11-22 10:54:51+00:00
request for payment 182150,Request For Payment APPROVED by BUDGET OWNER,STAFF MEMBER,2018-11-22 11:34:02+00:00,2018-11-22 10:55:02+00:00
request for payment 183239,Request For Payment REJECTED by EMPLOYEE,STAFF MEMBER,2018-11-22 11:28:10+00:00,2018-11-22 10:55:10+00:00
request for payment 184365,Request Payment,SYSTEM,2018-11-22 11:51:37+00:00,2018-11-22 10:55:37+00:00
request for payment 184365,Request For Payment FINAL_APPROVED by SUPERVISOR,STAFF MEMBER,2018-11-22 11:27:37+00:00,2018-11-22 10:55:37+00:00
request for payment 178307,Request For Payment SUBMITTED by EMPLOYEE,STAFF MEMBER,2018-11-22 11:58:59+00:00,2018-11-22 11:03:59+00:00
request for payment 178307,Request For Payment APPROVED by ADMINISTRATION,STAFF MEMBER,2018-11-22 11:45:02+00:00,2018-11-22 11:04:02+00:00
request for payment 183604,Request For Payment FINAL_APPROVED by SUPERVISOR,STAFF MEMBER,2018-11-22 11:52:41+00:00,2018-11-22 11:04:41+00:00
request for payment 179492,Request For Payment REJECTED by ADMINISTRATION,STAFF MEMBER,2018-11-22 11:38:45+00:00,2018-11-22 11:06:45+00:00
request for payment 177802,Request For Payment REJECTED by EMPLOYEE,STAFF MEMBER,2018-11-22 11:50:38+00:00,2018-11-22 11:09:38+00:00
request for payment 183609,Request For Payment FINAL_APPROVED by SUPERVISOR,STAFF MEMBER,2018-11-22 11:52:36+00:00,2018-11-22 11:10:36+00:00
request for payment 179466,Request For Payment APPROVED by BUDGET OWNER,STAFF MEMBER,2018-11-22 12:14:30+00:00,2018-11-22 11:14:30+00:00
request for payment 172513,Request For Payment FINAL_APPROVED by SUPERVISOR,STAFF MEMBER,2018-11-22 12:09:26+00:00,2018-11-22 11:20:26+00:00
request for payment 174067,Request For Payment SUBMITTED by EMPLOYEE,STAFF MEMBER,2018-11-22 12:53:37+00:00,2018-11-22 12:01:37+00:00
request for payment 174067,Request For Payment REJECTED by ADMINISTRATION,STAFF MEMBER,2018-11-22 13:09:17+00:00,2018-11-22 12:15:17+00:00
request for payment 183646,Request For Payment SUBMITTED by EMPLOYEE,STAFF MEMBER,2018-11-22 13:01:13+00:00,2018-11-22 12:30:13+00:00
request for payment 184356,Request Payment,SYSTEM,2018-11-22 13:12:16+00:00,2018-11-22 12:30:16+00:00
request for payment 182161,Request Payment,SYSTEM,2018-11-22 13:24:41+00:00,2018-11-22 12:31:41+00:00
request for payment 182183,Request For Payment SUBMITTED by EMPLOYEE,STAFF MEMBER,2018-11-22 13:39:52+00:00,2018-11-22 12:50:52+00:00
request for payment 182183,Request For Payment APPROVED by ADMINISTRATION,STAFF MEMBER,2018-11-22 13:25:55+00:00,2018-11-22 12:50:55+00:00
request for payment 183652,Request For Payment SUBMITTED by EMPLOYEE,STAFF MEMBER,2018-11-22 13:29:16+00:00,2018-11-22 12:56:16+00:00
request for payment 183652,Request For Payment APPROVED by ADMINISTRATION,STAFF MEMBER,2018-11-22 13:52:19+00:00,2018-11-22 12:56:19+00:00
request for payment 182156,Request For Payment FINAL_APPROVED by SUPERVISOR,STAFF MEMBER,2018-11-22 13:55:20+00:00,2018-11-22 13:14:20+00:00
request for payment 184119,Request For Payment FINAL_APPROVED by SUPERVISOR,STAFF MEMBER,2018-11-22 13:50:13+00:00,2018-11-22 13:17:13+00:00
request for payment 174306,Request For Payment SUBMITTED by EMPLOYEE,STAFF MEMBER,2018-11-22 14:02:38+00:00,2018-11-22 13:22:38+00:00
request for payment 174306,Request For Payment APPROVED by ADMINISTRATION,STAFF MEMBER,2018-11-22 13:58:41+00:00,2018-11-22 13:23:41+00:00
request for payment 174051,Request Payment,SYSTEM,2018-11-22 14:12:48+00:00,2018-11-22 13:27:48+00:00
request for payment 174314,Request For Payment SUBMITTED by EMPLOYEE,STAFF MEMBER,2018-11-22 14:23:05+00:00,2018-11-22 13:30:05+00:00
request for payment 174314,Request For Payment APPROVED by ADMINISTRATION,STAFF MEMBER,2018-11-22 14:11:08+00:00,2018-11-22 13:30:08+00:00
request for payment 183646,Request For Payment APPROVED by ADMINISTRATION,STAFF MEMBER,2018-11-22 14:05:14+00:00,2018-11-22 13:33:14+00:00
request for payment 174319,Request For Payment SUBMITTED by EMPLOYEE,STAFF MEMBER,2018-11-22 14:30:28+00:00,2018-11-22 13:33:28+00:00
request for payment 174319,Request For Payment APPROVED by ADMINISTRATION,STAFF MEMBER,2018-11-22 14:29:02+00:00,2018-11-22 13:34:02+00:00
request for payment 173971,Request Payment,SYSTEM,2018-11-22 14:45:22+00:00,2018-11-22 13:47:22+00:00
request for payment 178283,Request For Payment FINAL_APPROVED by SUPERVISOR,STAFF MEMBER,2018-11-22 14:53:17+00:00,2018-11-22 13:55:17+00:00
request for payment 178283,Request Payment,SYSTEM,2018-11-22 14:45:53+00:00,2018-11-22 13:55:53+00:00
request for payment 178312,Request For Payment SUBMITTED by EMPLOYEE,STAFF MEMBER,2018-11-22 14:36:12+00:00,2018-11-22 14:02:12+00:00
request for payment 178312,Request For Payment APPROVED by ADMINISTRATION,STAFF MEMBER,2018-11-22 14:38:17+00:00,2018-11-22 14:02:17+00:00
request for payment 183604,Request Payment,SYSTEM,2018-11-22 14:51:30+00:00,2018-11-22 14:03:30+00:00
request for payment 173744,Request Payment,SYSTEM,2018-11-22 14:46:17+00:00,2018-11-22 14:13:17+00:00
request for payment 184133,Request For Payment SAVED by EMPLOYEE,STAFF MEMBER,2018-11-22 14:46:23+00:00,2018-11-22 14:14:23+00:00
request for payment 174325,Request For Payment SUBMITTED by EMPLOYEE,STAFF MEMBER,2018-11-22 15:09:32+00:00,2018-11-22 14:14:32+00:00
request for payment 178317,Request For Payment SUBMITTED by EMPLOYEE,STAFF MEMBER,2018-11-22 14:45:42+00:00,2018-11-22 14:15:42+00:00
request for payment 178317,Request For Payment APPROVED by ADMINISTRATION,STAFF MEMBER,2018-11-22 14:46:08+00:00,2018-11-22 14:16:08+00:00
request for payment 174325,Request For Payment APPROVED by ADMINISTRATION,STAFF MEMBER,2018-11-22 15:00:47+00:00,2018-11-22 14:17:47+00:00
request for payment 174330,Request For Payment SUBMITTED by EMPLOYEE,STAFF MEMBER,2018-11-22 15:30:51+00:00,2018-11-22 14:32:51+00:00
request for payment 174330,Request For Payment APPROVED by ADMINISTRATION,STAFF MEMBER,2018-11-22 15:25:57+00:00,2018-11-22 14:33:57+00:00
request for payment 179496,Request For Payment SUBMITTED by EMPLOYEE,STAFF MEMBER,2018-11-22 15:51:43+00:00,2018-11-22 14:53:43+00:00
request for payment 179496,Request For Payment APPROVED by ADMINISTRATION,STAFF MEMBER,2018-11-22 15:39:55+00:00,2018-11-22 14:53:55+00:00
request for payment 174071,Request For Payment SUBMITTED by EMPLOYEE,STAFF MEMBER,2018-11-22 15:49:18+00:00,2018-11-22 15:02:18+00:00
request for payment 174071,Request For Payment APPROVED by ADMINISTRATION,STAFF MEMBER,2018-11-22 15:54:28+00:00,2018-11-22 15:02:28+00:00
request for payment 174296,Request For Payment REJECTED by EMPLOYEE,STAFF MEMBER,2018-11-22 16:16:23+00:00,2018-11-22 15:21:23+00:00
request for payment 179501,Request For Payment SUBMITTED by EMPLOYEE,STAFF MEMBER,2018-11-22 16:24:46+00:00,2018-11-22 15:29:46+00:00
request for payment 179501,Request For Payment APPROVED by ADMINISTRATION,STAFF MEMBER,2018-11-22 16:20:00+00:00,2018-11-22 15:30:00+00:00
request for payment 174077,Request For Payment SUBMITTED by EMPLOYEE,STAFF MEMBER,2018-11-22 16:40:46+00:00,2018-11-22 15:56:46+00:00
request for payment 174319,Request For Payment APPROVED by BUDGET OWNER,STAFF MEMBER,2018-11-22 16:40:59+00:00,2018-11-22 15:56:59+00:00
request for payment 174077,Request For Payment APPROVED by ADMINISTRATION,STAFF MEMBER,2018-11-22 16:40:04+00:00,2018-11-22 15:57:04+00:00
request for payment 175474,Request For Payment APPROVED by BUDGET OWNER,STAFF MEMBER,2018-11-22 16:46:37+00:00,2018-11-22 15:57:37+00:00
request for payment 172513,Request Payment,SYSTEM,2018-11-22 17:26:36+00:00,2018-11-22 16:26:36+00:00
request for payment 178265,Request Payment,SYSTEM,2018-11-22 17:23:11+00:00,2018-11-22 16:27:11+00:00
request for payment 178271,Request Payment,SYSTEM,2018-11-22 16:58:30+00:00,2018-11-22 16:27:30+00:00
request for payment 178259,Request Payment,SYSTEM,2018-11-22 17:07:46+00:00,2018-11-22 16:27:46+00:00
request for payment 178277,Request Payment,SYSTEM,2018-11-22 17:11:05+00:00,2018-11-22 16:28:05+00:00
request for payment 178253,Request Payment,SYSTEM,2018-11-22 16:58:24+00:00,2018-11-22 16:28:24+00:00
request for payment 183573,Payment Handled,SYSTEM,2018-11-22 17:26:34+00:00,2018-11-22 16:31:34+00:00
request for payment 183725,Payment Handled,SYSTEM,2018-11-22 17:26:34+00:00,2018-11-22 16:31:34+00:00
request for payment 178239,Payment Handled,SYSTEM,2018-11-22 17:26:34+00:00,2018-11-22 16:31:34+00:00
request for payment 182896,Payment Handled,SYSTEM,2018-11-22 17:22:34+00:00,2018-11-22 16:31:34+00:00
request for payment 173488,Payment Handled,SYSTEM,2018-11-22 17:25:34+00:00,2018-11-22 16:31:34+00:00
request for payment 184404,Payment Handled,SYSTEM,2018-11-22 17:01:34+00:00,2018-11-22 16:31:34+00:00
request for payment 172485,Payment Handled,SYSTEM,2018-11-22 17:02:34+00:00,2018-11-22 16:31:34+00:00
request for payment 177436,Payment Handled,SYSTEM,2018-11-22 17:07:34+00:00,2018-11-22 16:31:34+00:00
request for payment 173512,Payment Handled,SYSTEM,2018-11-22 17:02:34+00:00,2018-11-22 16:31:34+00:00
request for payment 183374,Payment Handled,SYSTEM,2018-11-22 17:06:34+00:00,2018-11-22 16:31:34+00:00
request for payment 183714,Payment Handled,SYSTEM,2018-11-22 17:12:34+00:00,2018-11-22 16:31:34+00:00
request for payment 173947,Payment Handled,SYSTEM,2018-11-22 17:06:34+00:00,2018-11-22 16:31:34+00:00
request for payment 183777,Payment Handled,SYSTEM,2018-11-22 17:04:34+00:00,2018-11-22 16:31:34+00:00
request for payment 183579,Payment Handled,SYSTEM,2018-11-22 17:27:34+00:00,2018-11-22 16:31:34+00:00
request for payment 175158,Payment Handled,SYSTEM,2018-11-22 17:01:34+00:00,2018-11-22 16:31:34+00:00
request for payment 175092,Payment Handled,SYSTEM,2018-11-22 17:01:34+00:00,2018-11-22 16:31:34+00:00
request for payment 172140,Payment Handled,SYSTEM,2018-11-22 17:01:34+00:00,2018-11-22 16:31:34+00:00
request for payment 184109,Payment Handled,SYSTEM,2018-11-22 17:01:34+00:00,2018-11-22 16:31:34+00:00
request for payment 173500,Payment Handled,SYSTEM,2018-11-22 17:04:34+00:00,2018-11-22 16:31:34+00:00
request for payment 172740,Payment Handled,SYSTEM,2018-11-22 17:09:34+00:00,2018-11-22 16:31:34+00:00
request for payment 173909,Payment Handled,SYSTEM,2018-11-22 17:09:34+00:00,2018-11-22 16:31:34+00:00
request for payment 175459,Payment Handled,SYSTEM,2018-11-22 17:04:34+00:00,2018-11-22 16:31:34+00:00
request for payment 173942,Payment Handled,SYSTEM,2018-11-22 17:04:34+00:00,2018-11-22 16:31:34+00:00
request for payment 173081,Payment Handled,SYSTEM,2018-11-22 17:07:34+00:00,2018-11-22 16:31:34+00:00
request for payment 183946,Payment Handled,SYSTEM,2018-11-22 17:04:34+00:00,2018-11-22 16:31:34+00:00
request for payment 182783,Payment Handled,SYSTEM,2018-11-22 17:08:34+00:00,2018-11-22 16:31:34+00:00
request for payment 172124,Payment Handled,SYSTEM,2018-11-22 17:28:34+00:00,2018-11-22 16:31:34+00:00
request for payment 183702,Payment Handled,SYSTEM,2018-11-22 17:26:34+00:00,2018-11-22 16:31:34+00:00
request for payment 175453,Payment Handled,SYSTEM,2018-11-22 17:28:34+00:00,2018-11-22 16:31:34+00:00
request for payment 183782,Payment Handled,SYSTEM,2018-11-22 17:22:34+00:00,2018-11-22 16:31:34+00:00
request for payment 173924,Payment Handled,SYSTEM,2018-11-22 17:21:34+00:00,2018-11-22 16:31:34+00:00
request for payment 173517,Payment Handled,SYSTEM,2018-11-22 17:20:34+00:00,2018-11-22 16:31:34+00:00
request for payment 184089,Payment Handled,SYSTEM,2018-11-22 17:19:34+00:00,2018-11-22 16:31:34+00:00
request for payment 183188,Payment Handled,SYSTEM,2018-11-22 17:19:34+00:00,2018-11-22 16:31:34+00:00
request for payment 173919,Payment Handled,SYSTEM,2018-11-22 17:19:34+00:00,2018-11-22 16:31:34+00:00
request for payment 175125,Payment Handled,SYSTEM,2018-11-22 17:14:34+00:00,2018-11-22 16:31:34+00:00
request for payment 182912,Payment Handled,SYSTEM,2018-11-22 17:15:34+00:00,2018-11-22 16:31:34+00:00
request for payment 173751,Payment Handled,SYSTEM,2018-11-22 17:28:34+00:00,2018-11-22 16:31:34+00:00
request for payment 183593,Payment Handled,SYSTEM,2018-11-22 17:14:34+00:00,2018-11-22 16:31:34+00:00
request for payment 183386,Payment Handled,SYSTEM,2018-11-22 17:13:34+00:00,2018-11-22 16:31:34+00:00
request for payment 173494,Payment Handled,SYSTEM,2018-11-22 17:13:34+00:00,2018-11-22 16:31:34+00:00
request for payment 174935,Payment Handled,SYSTEM,2018-11-22 17:13:34+00:00,2018-11-22 16:31:34+00:00
request for payment 182772,Payment Handled,SYSTEM,2018-11-22 17:15:34+00:00,2018-11-22 16:31:34+00:00
request for payment 182857,Payment Handled,SYSTEM,2018-11-22 17:18:34+00:00,2018-11-22 16:31:34+00:00
request for payment 183634,Payment Handled,SYSTEM,2018-11-22 17:28:34+00:00,2018-11-22 16:31:34+00:00
request for payment 182806,Payment Handled,SYSTEM,2018-11-22 17:13:34+00:00,2018-11-22 16:31:34+00:00
request for payment 173554,Payment Handled,SYSTEM,2018-11-22 17:29:34+00:00,2018-11-22 16:31:34+00:00
request for payment 183619,Payment Handled,SYSTEM,2018-11-22 17:29:34+00:00,2018-11-22 16:31:34+00:00
request for payment 173930,Payment Handled,SYSTEM,2018-11-22 17:29:34+00:00,2018-11-22 16:31:34+00:00
request for payment 177407,Payment Handled,SYSTEM,2018-11-22 17:28:34+00:00,2018-11-22 16:31:34+00:00
request for payment 172112,Payment Handled,SYSTEM,2018-11-22 17:31:34+00:00,2018-11-22 16:31:34+00:00
request for payment 178244,Payment Handled,SYSTEM,2018-11-22 17:24:34+00:00,2018-11-22 16:31:34+00:00
request for payment 182106,Payment Handled,SYSTEM,2018-11-22 17:13:34+00:00,2018-11-22 16:31:34+00:00
request for payment 173523,Payment Handled,SYSTEM,2018-11-22 17:22:34+00:00,2018-11-22 16:31:34+00:00
request for payment 182120,Payment Handled,SYSTEM,2018-11-22 17:30:34+00:00,2018-11-22 16:31:34+00:00
request for payment 178290,Request Payment,SYSTEM,2018-11-22 17:13:06+00:00,2018-11-22 16:41:06+00:00
request for payment 174335,Request For Payment SUBMITTED by EMPLOYEE,STAFF MEMBER,2018-11-22 19:34:24+00:00,2018-11-22 18:58:24+00:00
request for payment 174335,Request For Payment REJECTED by ADMINISTRATION,STAFF MEMBER,2018-11-22 19:55:48+00:00,2018-11-22 18:58:48+00:00
request for payment 172518,Request For Payment SUBMITTED by EMPLOYEE,STAFF MEMBER,2018-11-22 20:57:30+00:00,2018-11-22 20:14:30+00:00
request for payment 172518,Request For Payment APPROVED by ADMINISTRATION,STAFF MEMBER,2018-11-22 21:09:43+00:00,2018-11-22 20:28:43+00:00
request for payment 181765,Request For Payment FINAL_APPROVED by SUPERVISOR,STAFF MEMBER,2018-11-23 04:52:25+00:00,2018-11-23 04:15:25+00:00
request for payment 182156,Request Payment,SYSTEM,2018-11-23 08:34:06+00:00,2018-11-23 07:50:06+00:00
request for payment 184119,Request Payment,SYSTEM,2018-11-23 08:37:17+00:00,2018-11-23 07:50:17+00:00
request for payment 182173,Request For Payment FINAL_APPROVED by SUPERVISOR,STAFF MEMBER,2018-11-23 09:02:56+00:00,2018-11-23 08:31:56+00:00
request for payment 178317,Request For Payment FINAL_APPROVED by SUPERVISOR,STAFF MEMBER,2018-11-23 09:52:38+00:00,2018-11-23 08:52:38+00:00
request for payment 174339,Request For Payment SUBMITTED by EMPLOYEE,STAFF MEMBER,2018-11-23 09:48:22+00:00,2018-11-23 09:10:22+00:00
request for payment 174339,Request For Payment APPROVED by ADMINISTRATION,STAFF MEMBER,2018-11-23 10:10:42+00:00,2018-11-23 09:10:42+00:00
request for payment 183646,Request For Payment APPROVED by BUDGET OWNER,STAFF MEMBER,2018-11-23 09:44:47+00:00,2018-11-23 09:11:47+00:00
request for payment 182183,Request For Payment APPROVED by BUDGET OWNER,STAFF MEMBER,2018-11-23 10:10:39+00:00,2018-11-23 09:13:39+00:00
request for payment 174330,Request For Payment FINAL_APPROVED by SUPERVISOR,STAFF MEMBER,2018-11-23 10:10:20+00:00,2018-11-23 09:14:20+00:00
request for payment 177813,Request For Payment SUBMITTED by EMPLOYEE,STAFF MEMBER,2018-11-23 10:22:30+00:00,2018-11-23 09:39:30+00:00
request for payment 177813,Request For Payment APPROVED by ADMINISTRATION,STAFF MEMBER,2018-11-23 10:35:38+00:00,2018-11-23 09:39:38+00:00
request for payment 184394,Request Payment,SYSTEM,2018-11-23 10:16:52+00:00,2018-11-23 09:40:52+00:00
request for payment 177441,Request Payment,SYSTEM,2018-11-23 10:34:15+00:00,2018-11-23 09:50:15+00:00
request for payment 183585,Request Payment,SYSTEM,2018-11-23 10:43:19+00:00,2018-11-23 09:50:19+00:00
request for payment 183746,Request Payment,SYSTEM,2018-11-23 10:48:21+00:00,2018-11-23 09:50:21+00:00
request for payment 177818,Request For Payment SUBMITTED by EMPLOYEE,STAFF MEMBER,2018-11-23 10:58:00+00:00,2018-11-23 10:09:00+00:00
request for payment 177818,Request For Payment REJECTED by ADMINISTRATION,STAFF MEMBER,2018-11-23 11:04:06+00:00,2018-11-23 10:09:06+00:00
request for payment 177822,Request For Payment SUBMITTED by EMPLOYEE,STAFF MEMBER,2018-11-23 11:02:58+00:00,2018-11-23 10:16:58+00:00
request for payment 177822,Request For Payment APPROVED by ADMINISTRATION,STAFF MEMBER,2018-11-23 11:16:47+00:00,2018-11-23 10:17:47+00:00
request for payment 173023,Request Payment,SYSTEM,2018-11-23 11:18:53+00:00,2018-11-23 10:30:53+00:00
request for payment 177827,Request For Payment SUBMITTED by EMPLOYEE,STAFF MEMBER,2018-11-23 11:32:25+00:00,2018-11-23 10:37:25+00:00
request for payment 177833,Request For Payment SUBMITTED by EMPLOYEE,STAFF MEMBER,2018-11-23 11:37:22+00:00,2018-11-23 10:39:22+00:00
request for payment 177833,Request For Payment APPROVED by ADMINISTRATION,STAFF MEMBER,2018-11-23 11:33:29+00:00,2018-11-23 10:39:29+00:00
request for payment 184135,Request For Payment SUBMITTED by EMPLOYEE,STAFF MEMBER,2018-11-23 11:27:41+00:00,2018-11-23 10:49:41+00:00
request for payment 184135,Request For Payment APPROVED by ADMINISTRATION,STAFF MEMBER,2018-11-23 11:30:07+00:00,2018-11-23 10:50:07+00:00
request for payment 177839,Request For Payment SUBMITTED by EMPLOYEE,STAFF MEMBER,2018-11-23 12:03:25+00:00,2018-11-23 11:09:25+00:00
request for payment 184124,Request For Payment REJECTED by EMPLOYEE,STAFF MEMBER,2018-11-23 12:06:44+00:00,2018-11-23 11:13:44+00:00
request for payment 177839,Request For Payment APPROVED by ADMINISTRATION,STAFF MEMBER,2018-11-23 12:02:54+00:00,2018-11-23 11:15:54+00:00
request for payment 174344,Request For Payment SUBMITTED by EMPLOYEE,STAFF MEMBER,2018-11-23 12:19:42+00:00,2018-11-23 11:28:42+00:00
request for payment 174344,Request For Payment APPROVED by ADMINISTRATION,STAFF MEMBER,2018-11-23 12:03:46+00:00,2018-11-23 11:28:46+00:00
request for payment 174350,Request For Payment SUBMITTED by EMPLOYEE,STAFF MEMBER,2018-11-23 12:10:34+00:00,2018-11-23 11:34:34+00:00
request for payment 174350,Request For Payment APPROVED by ADMINISTRATION,STAFF MEMBER,2018-11-23 12:32:41+00:00,2018-11-23 11:34:41+00:00
request for payment 184140,Request For Payment SUBMITTED by EMPLOYEE,STAFF MEMBER,2018-11-23 12:20:52+00:00,2018-11-23 11:36:52+00:00
request for payment 184140,Request For Payment REJECTED by ADMINISTRATION,STAFF MEMBER,2018-11-23 12:14:54+00:00,2018-11-23 11:36:54+00:00
request for payment 184144,Request For Payment SUBMITTED by EMPLOYEE,STAFF MEMBER,2018-11-23 12:53:16+00:00,2018-11-23 11:59:16+00:00
request for payment 184144,Request For Payment APPROVED by ADMINISTRATION,STAFF MEMBER,2018-11-23 12:57:26+00:00,2018-11-23 11:59:26+00:00
request for payment 184150,Request For Payment SUBMITTED by EMPLOYEE,STAFF MEMBER,2018-11-23 13:05:34+00:00,2018-11-23 12:06:34+00:00
request for payment 184150,Request For Payment APPROVED by ADMINISTRATION,STAFF MEMBER,2018-11-23 12:42:24+00:00,2018-11-23 12:08:24+00:00
request for payment 184389,Request Payment,SYSTEM,2018-11-23 13:19:11+00:00,2018-11-23 12:27:11+00:00
request for payment 174265,Request For Payment APPROVED by BUDGET OWNER,STAFF MEMBER,2018-11-23 13:09:40+00:00,2018-11-23 12:35:40+00:00
request for payment 179507,Request For Payment SUBMITTED by EMPLOYEE,STAFF MEMBER,2018-11-23 13:31:33+00:00,2018-11-23 12:49:33+00:00
request for payment 179507,Request For Payment APPROVED by ADMINISTRATION,STAFF MEMBER,2018-11-23 13:46:36+00:00,2018-11-23 12:49:36+00:00
request for payment 179513,Request For Payment SUBMITTED by EMPLOYEE,STAFF MEMBER,2018-11-23 13:46:47+00:00,2018-11-23 12:53:47+00:00
request for payment 179513,Request For Payment APPROVED by ADMINISTRATION,STAFF MEMBER,2018-11-23 13:40:07+00:00,2018-11-23 12:57:07+00:00
request for payment 184084,Request Payment,SYSTEM,2018-11-23 13:50:17+00:00,2018-11-23 13:01:17+00:00
request for payment 174356,Request For Payment SUBMITTED by EMPLOYEE,STAFF MEMBER,2018-11-23 14:03:29+00:00,2018-11-23 13:16:29+00:00
request for payment 174356,Request For Payment APPROVED by ADMINISTRATION,STAFF MEMBER,2018-11-23 13:53:33+00:00,2018-11-23 13:16:33+00:00
request for payment 174300,Request For Payment APPROVED by BUDGET OWNER,STAFF MEMBER,2018-11-23 14:25:21+00:00,2018-11-23 13:25:21+00:00
request for payment 183652,Request For Payment REJECTED by SUPERVISOR,STAFF MEMBER,2018-11-23 14:17:40+00:00,2018-11-23 13:26:40+00:00
request for payment 174314,Request For Payment FINAL_APPROVED by SUPERVISOR,STAFF MEMBER,2018-11-23 14:06:11+00:00,2018-11-23 13:29:11+00:00
request for payment 174356,Request For Payment APPROVED by BUDGET OWNER,STAFF MEMBER,2018-11-23 14:22:49+00:00,2018-11-23 13:30:49+00:00
request for payment 177827,Request For Payment APPROVED by ADMINISTRATION,STAFF MEMBER,2018-11-23 14:14:24+00:00,2018-11-23 13:35:24+00:00
request for payment 177818,Request For Payment REJECTED by EMPLOYEE,STAFF MEMBER,2018-11-23 14:32:49+00:00,2018-11-23 13:39:49+00:00
request for payment 174344,Request For Payment APPROVED by BUDGET OWNER,STAFF MEMBER,2018-11-23 14:14:05+00:00,2018-11-23 13:42:05+00:00
request for payment 179501,Request For Payment APPROVED by BUDGET OWNER,STAFF MEMBER,2018-11-23 14:23:45+00:00,2018-11-23 13:49:45+00:00
request for payment 174350,Request For Payment APPROVED by BUDGET OWNER,STAFF MEMBER,2018-11-23 14:45:27+00:00,2018-11-23 13:50:27+00:00
request for payment 172523,Request For Payment SUBMITTED by EMPLOYEE,STAFF MEMBER,2018-11-23 14:49:44+00:00,2018-11-23 13:50:44+00:00
request for payment 172523,Request For Payment APPROVED by ADMINISTRATION,STAFF MEMBER,2018-11-23 14:37:51+00:00,2018-11-23 13:50:51+00:00
request for payment 184140,Request For Payment REJECTED by EMPLOYEE,STAFF MEMBER,2018-11-23 14:37:10+00:00,2018-11-23 13:51:10+00:00
request for payment 174362,Request For Payment SUBMITTED by EMPLOYEE,STAFF MEMBER,2018-11-23 15:51:14+00:00,2018-11-23 14:51:14+00:00
request for payment 174362,Request For Payment APPROVED by ADMINISTRATION,STAFF MEMBER,2018-11-23 15:26:30+00:00,2018-11-23 14:51:30+00:00
request for payment 174367,Request For Payment SUBMITTED by EMPLOYEE,STAFF MEMBER,2018-11-23 15:37:32+00:00,2018-11-23 14:55:32+00:00
request for payment 174367,Request For Payment APPROVED by ADMINISTRATION,STAFF MEMBER,2018-11-23 15:56:16+00:00,2018-11-23 14:57:16+00:00
request for payment 179518,Request For Payment SUBMITTED by EMPLOYEE,STAFF MEMBER,2018-11-23 15:39:13+00:00,2018-11-23 15:00:13+00:00
request for payment 179518,Request For Payment APPROVED by ADMINISTRATION,STAFF MEMBER,2018-11-23 15:42:19+00:00,2018-11-23 15:00:19+00:00
request for payment 184155,Request For Payment SUBMITTED by EMPLOYEE,STAFF MEMBER,2018-11-23 15:45:33+00:00,2018-11-23 15:01:33+00:00
request for payment 179527,Request For Payment SUBMITTED by EMPLOYEE,STAFF MEMBER,2018-11-23 15:54:00+00:00,2018-11-23 15:02:00+00:00
request for payment 179527,Request For Payment APPROVED by ADMINISTRATION,STAFF MEMBER,2018-11-23 15:33:32+00:00,2018-11-23 15:02:32+00:00
request for payment 179532,Request For Payment SUBMITTED by EMPLOYEE,STAFF MEMBER,2018-11-23 15:55:47+00:00,2018-11-23 15:06:47+00:00
request for payment 179532,Request For Payment APPROVED by ADMINISTRATION,STAFF MEMBER,2018-11-23 15:47:00+00:00,2018-11-23 15:07:00+00:00
request for payment 184155,Request For Payment APPROVED by ADMINISTRATION,STAFF MEMBER,2018-11-23 16:03:59+00:00,2018-11-23 15:07:59+00:00
request for payment 178301,Request For Payment APPROVED by BUDGET OWNER,STAFF MEMBER,2018-11-23 15:49:46+00:00,2018-11-23 15:12:46+00:00
request for payment 173732,Request For Payment FINAL_APPROVED by SUPERVISOR,STAFF MEMBER,2018-11-23 16:06:30+00:00,2018-11-23 15:31:30+00:00
request for payment 172497,Request Payment,SYSTEM,2018-11-23 16:31:30+00:00,2018-11-23 15:31:30+00:00
request for payment 184160,Request For Payment SUBMITTED by EMPLOYEE,STAFF MEMBER,2018-11-23 16:31:43+00:00,2018-11-23 15:49:43+00:00
request for payment 184160,Request For Payment APPROVED by ADMINISTRATION,STAFF MEMBER,2018-11-23 16:25:04+00:00,2018-11-23 15:50:04+00:00
request for payment 177845,Request For Payment SUBMITTED by EMPLOYEE,STAFF MEMBER,2018-11-23 21:42:59+00:00,2018-11-23 20:46:59+00:00
request for payment 177845,Request For Payment APPROVED by ADMINISTRATION,STAFF MEMBER,2018-11-23 21:17:24+00:00,2018-11-23 20:47:24+00:00
request for payment 177851,Request For Payment SUBMITTED by EMPLOYEE,STAFF MEMBER,2018-11-23 21:28:05+00:00,2018-11-23 20:48:05+00:00
request for payment 177851,Request For Payment APPROVED by ADMINISTRATION,STAFF MEMBER,2018-11-23 21:46:42+00:00,2018-11-23 20:48:42+00:00
request for payment 173062,Request For Payment SUBMITTED by EMPLOYEE,STAFF MEMBER,2018-11-23 22:23:25+00:00,2018-11-23 21:35:25+00:00
request for payment 173062,Request For Payment APPROVED by ADMINISTRATION,STAFF MEMBER,2018-11-23 22:21:54+00:00,2018-11-23 21:37:54+00:00
request for payment 174265,Request For Payment FINAL_APPROVED by SUPERVISOR,STAFF MEMBER,2018-11-23 23:24:46+00:00,2018-11-23 22:50:46+00:00
request for payment 183740,Request Payment,SYSTEM,2018-11-24 11:07:15+00:00,2018-11-24 10:24:15+00:00
request for payment 184317,Request Payment,SYSTEM,2018-11-24 11:19:36+00:00,2018-11-24 10:24:36+00:00
request for payment 184166,Request For Payment SUBMITTED by EMPLOYEE,STAFF MEMBER,2018-11-24 15:39:44+00:00,2018-11-24 14:54:44+00:00
request for payment 184166,Request For Payment APPROVED by ADMINISTRATION,STAFF MEMBER,2018-11-24 15:44:53+00:00,2018-11-24 14:54:53+00:00
request for payment 174373,Request For Payment SUBMITTED by EMPLOYEE,STAFF MEMBER,2018-11-24 18:28:24+00:00,2018-11-24 17:58:24+00:00
request for payment 174373,Request For Payment APPROVED by ADMINISTRATION,STAFF MEMBER,2018-11-24 18:49:27+00:00,2018-11-24 17:58:27+00:00
request for payment 184155,Request For Payment FINAL_APPROVED by SUPERVISOR,STAFF MEMBER,2018-11-24 20:28:27+00:00,2018-11-24 19:44:27+00:00
request for payment 179532,Request For Payment APPROVED by BUDGET OWNER,STAFF MEMBER,2018-11-24 20:29:55+00:00,2018-11-24 19:48:55+00:00
request for payment 179507,Request For Payment APPROVED by BUDGET OWNER,STAFF MEMBER,2018-11-24 20:29:41+00:00,2018-11-24 19:51:41+00:00
request for payment 184160,Request For Payment APPROVED by BUDGET OWNER,STAFF MEMBER,2018-11-24 20:29:38+00:00,2018-11-24 19:53:38+00:00
request for payment 174373,Request For Payment FINAL_APPROVED by SUPERVISOR,STAFF MEMBER,2018-11-24 20:43:51+00:00,2018-11-24 19:54:51+00:00
request for payment 177839,Request For Payment APPROVED by BUDGET OWNER,STAFF MEMBER,2018-11-24 20:54:28+00:00,2018-11-24 20:03:28+00:00
request for payment 179518,Request For Payment REJECTED by BUDGET OWNER,STAFF MEMBER,2018-11-24 21:04:25+00:00,2018-11-24 20:05:25+00:00
request for payment 174367,Request For Payment APPROVED by BUDGET OWNER,STAFF MEMBER,2018-11-24 21:03:17+00:00,2018-11-24 20:08:17+00:00
request for payment 184171,Request For Payment SUBMITTED by EMPLOYEE,STAFF MEMBER,2018-11-25 10:04:35+00:00,2018-11-25 09:27:35+00:00
request for payment 175480,Request For Payment SUBMITTED by EMPLOYEE,STAFF MEMBER,2018-11-25 12:33:54+00:00,2018-11-25 11:39:54+00:00
request for payment 175480,Request For Payment APPROVED by ADMINISTRATION,STAFF MEMBER,2018-11-25 12:27:00+00:00,2018-11-25 11:41:00+00:00
request for payment 175485,Request For Payment SUBMITTED by EMPLOYEE,STAFF MEMBER,2018-11-25 14:58:05+00:00,2018-11-25 14:09:05+00:00
request for payment 175485,Request For Payment REJECTED by ADMINISTRATION,STAFF MEMBER,2018-11-25 15:00:13+00:00,2018-11-25 14:09:13+00:00
request for payment 182189,Request For Payment SUBMITTED by EMPLOYEE,STAFF MEMBER,2018-11-25 15:31:07+00:00,2018-11-25 14:57:07+00:00
request for payment 182189,Request For Payment APPROVED by ADMINISTRATION,STAFF MEMBER,2018-11-25 15:39:30+00:00,2018-11-25 14:59:30+00:00
request for payment 175489,Request For Payment SUBMITTED by EMPLOYEE,STAFF MEMBER,2018-11-25 16:35:47+00:00,2018-11-25 15:35:47+00:00
request for payment 175489,Request For Payment APPROVED by ADMINISTRATION,STAFF MEMBER,2018-11-25 16:19:58+00:00,2018-11-25 15:35:58+00:00
request for payment 184517,Request For Payment SUBMITTED by EMPLOYEE,STAFF MEMBER,2018-11-25 22:03:26+00:00,2018-11-25 21:12:26+00:00
request for payment 184517,Request For Payment APPROVED by ADMINISTRATION,STAFF MEMBER,2018-11-25 22:04:55+00:00,2018-11-25 21:12:55+00:00
request for payment 183792,Request For Payment FINAL_APPROVED by SUPERVISOR,STAFF MEMBER,2018-11-26 05:03:34+00:00,2018-11-26 04:15:34+00:00
request for payment 179466,Request For Payment FINAL_APPROVED by SUPERVISOR,STAFF MEMBER,2018-11-26 06:49:16+00:00,2018-11-26 05:51:16+00:00
request for payment 179532,Request For Payment FINAL_APPROVED by SUPERVISOR,STAFF MEMBER,2018-11-26 06:51:00+00:00,2018-11-26 06:19:00+00:00
request for payment 174356,Request For Payment FINAL_APPROVED by SUPERVISOR,STAFF MEMBER,2018-11-26 06:57:29+00:00,2018-11-26 06:19:29+00:00
request for payment 182979,Request For Payment SUBMITTED by EMPLOYEE,STAFF MEMBER,2018-11-26 08:35:42+00:00,2018-11-26 07:53:42+00:00
request for payment 182979,Request For Payment APPROVED by ADMINISTRATION,STAFF MEMBER,2018-11-26 08:46:49+00:00,2018-11-26 07:54:49+00:00
request for payment 179459,Request For Payment FINAL_APPROVED by DIRECTOR,STAFF MEMBER,2018-11-26 09:02:04+00:00,2018-11-26 08:04:04+00:00
request for payment 177857,Request For Payment SUBMITTED by EMPLOYEE,STAFF MEMBER,2018-11-26 08:51:53+00:00,2018-11-26 08:14:53+00:00
request for payment 177857,Request For Payment APPROVED by ADMINISTRATION,STAFF MEMBER,2018-11-26 08:55:00+00:00,2018-11-26 08:15:00+00:00
request for payment 177863,Request For Payment SUBMITTED by EMPLOYEE,STAFF MEMBER,2018-11-26 09:11:23+00:00,2018-11-26 08:19:23+00:00
request for payment 177863,Request For Payment APPROVED by ADMINISTRATION,STAFF MEMBER,2018-11-26 09:19:35+00:00,2018-11-26 08:19:35+00:00
request for payment 184332,Request Payment,SYSTEM,2018-11-26 09:13:52+00:00,2018-11-26 08:35:52+00:00
request for payment 183975,Request Payment,SYSTEM,2018-11-26 09:47:47+00:00,2018-11-26 08:49:47+00:00
request for payment 184383,Request For Payment FINAL_APPROVED by SUPERVISOR,STAFF MEMBER,2018-11-26 09:46:25+00:00,2018-11-26 08:59:25+00:00
request for payment 174056,Request Payment,SYSTEM,2018-11-26 09:58:39+00:00,2018-11-26 09:07:39+00:00
request for payment 179603,Request For Payment SUBMITTED by EMPLOYEE,STAFF MEMBER,2018-11-26 09:46:49+00:00,2018-11-26 09:16:49+00:00
request for payment 179603,Request For Payment APPROVED by ADMINISTRATION,STAFF MEMBER,2018-11-26 10:16:59+00:00,2018-11-26 09:18:59+00:00
request for payment 179608,Request For Payment SAVED by EMPLOYEE,STAFF MEMBER,2018-11-26 09:58:03+00:00,2018-11-26 09:23:03+00:00
request for payment 175494,Request For Payment SUBMITTED by EMPLOYEE,STAFF MEMBER,2018-11-26 10:10:01+00:00,2018-11-26 09:26:01+00:00
request for payment 175494,Request For Payment REJECTED by ADMINISTRATION,STAFF MEMBER,2018-11-26 10:24:19+00:00,2018-11-26 09:26:19+00:00
request for payment 177868,Request For Payment SUBMITTED by EMPLOYEE,STAFF MEMBER,2018-11-26 10:45:34+00:00,2018-11-26 09:45:34+00:00
request for payment 177868,Request For Payment APPROVED by ADMINISTRATION,STAFF MEMBER,2018-11-26 10:16:40+00:00,2018-11-26 09:45:40+00:00
request for payment 172529,Request For Payment SUBMITTED by EMPLOYEE,STAFF MEMBER,2018-11-26 10:37:39+00:00,2018-11-26 09:54:39+00:00
request for payment 172529,Request For Payment APPROVED by ADMINISTRATION,STAFF MEMBER,2018-11-26 10:48:43+00:00,2018-11-26 09:54:43+00:00
request for payment 182984,Request For Payment SUBMITTED by EMPLOYEE,STAFF MEMBER,2018-11-26 10:30:17+00:00,2018-11-26 09:58:17+00:00
request for payment 182984,Request For Payment REJECTED by ADMINISTRATION,STAFF MEMBER,2018-11-26 10:38:19+00:00,2018-11-26 09:58:19+00:00
request for payment 178301,Request For Payment FINAL_APPROVED by SUPERVISOR,STAFF MEMBER,2018-11-26 10:36:22+00:00,2018-11-26 10:04:22+00:00
request for payment 177873,Request For Payment SUBMITTED by EMPLOYEE,STAFF MEMBER,2018-11-26 10:42:35+00:00,2018-11-26 10:07:35+00:00
request for payment 177878,Request For Payment SUBMITTED by EMPLOYEE,STAFF MEMBER,2018-11-26 11:03:47+00:00,2018-11-26 10:08:47+00:00
request for payment 177873,Request For Payment APPROVED by ADMINISTRATION,STAFF MEMBER,2018-11-26 11:07:48+00:00,2018-11-26 10:08:48+00:00
request for payment 177878,Request For Payment APPROVED by ADMINISTRATION,STAFF MEMBER,2018-11-26 10:58:56+00:00,2018-11-26 10:08:56+00:00
request for payment 174367,Request For Payment FINAL_APPROVED by SUPERVISOR,STAFF MEMBER,2018-11-26 11:14:53+00:00,2018-11-26 10:15:53+00:00
request for payment 177884,Request For Payment SUBMITTED by EMPLOYEE,STAFF MEMBER,2018-11-26 11:00:45+00:00,2018-11-26 10:16:45+00:00
request for payment 177884,Request For Payment APPROVED by ADMINISTRATION,STAFF MEMBER,2018-11-26 11:06:56+00:00,2018-11-26 10:16:56+00:00
request for payment 179610,Request For Payment SUBMITTED by EMPLOYEE,STAFF MEMBER,2018-11-26 10:57:16+00:00,2018-11-26 10:26:16+00:00
request for payment 179610,Request For Payment APPROVED by ADMINISTRATION,STAFF MEMBER,2018-11-26 11:10:18+00:00,2018-11-26 10:26:18+00:00
request for payment 177868,Request For Payment FINAL_APPROVED by SUPERVISOR,STAFF MEMBER,2018-11-26 10:57:17+00:00,2018-11-26 10:27:17+00:00
request for payment 175480,Request For Payment FINAL_APPROVED by SUPERVISOR,STAFF MEMBER,2018-11-26 11:28:41+00:00,2018-11-26 10:28:41+00:00
request for payment 177833,Request For Payment APPROVED by BUDGET OWNER,STAFF MEMBER,2018-11-26 11:28:49+00:00,2018-11-26 10:35:49+00:00
request for payment 172518,Request For Payment FINAL_APPROVED by SUPERVISOR,STAFF MEMBER,2018-11-26 11:12:23+00:00,2018-11-26 10:38:23+00:00
request for payment 174291,Request For Payment FINAL_APPROVED by SUPERVISOR,STAFF MEMBER,2018-11-26 11:28:23+00:00,2018-11-26 10:39:23+00:00
request for payment 177878,Request For Payment APPROVED by BUDGET OWNER,STAFF MEMBER,2018-11-26 11:34:32+00:00,2018-11-26 10:43:32+00:00
request for payment 177873,Request For Payment FINAL_APPROVED by SUPERVISOR,STAFF MEMBER,2018-11-26 11:42:54+00:00,2018-11-26 10:44:54+00:00
request for payment 179610,Request For Payment FINAL_APPROVED by SUPERVISOR,STAFF MEMBER,2018-11-26 11:37:41+00:00,2018-11-26 10:58:41+00:00
request for payment 184135,Request For Payment FINAL_APPROVED by SUPERVISOR,STAFF MEMBER,2018-11-26 11:30:49+00:00,2018-11-26 10:59:49+00:00
request for payment 174362,Request For Payment FINAL_APPROVED by SUPERVISOR,STAFF MEMBER,2018-11-26 11:40:20+00:00,2018-11-26 11:00:20+00:00
request for payment 177822,Request For Payment FINAL_APPROVED by SUPERVISOR,STAFF MEMBER,2018-11-26 11:35:13+00:00,2018-11-26 11:01:13+00:00
request for payment 182992,Request For Payment SUBMITTED by EMPLOYEE,STAFF MEMBER,2018-11-26 12:18:44+00:00,2018-11-26 11:22:44+00:00
request for payment 182992,Request For Payment REJECTED by ADMINISTRATION,STAFF MEMBER,2018-11-26 12:07:46+00:00,2018-11-26 11:22:46+00:00
request for payment 173952,Request Payment,SYSTEM,2018-11-26 12:43:59+00:00,2018-11-26 11:48:59+00:00
request for payment 175503,Request For Payment SUBMITTED by EMPLOYEE,STAFF MEMBER,2018-11-26 12:44:15+00:00,2018-11-26 11:50:15+00:00
request for payment 175503,Request For Payment APPROVED by ADMINISTRATION,STAFF MEMBER,2018-11-26 12:34:18+00:00,2018-11-26 11:50:18+00:00
request for payment 175508,Request For Payment SUBMITTED by EMPLOYEE,STAFF MEMBER,2018-11-26 12:25:07+00:00,2018-11-26 11:51:07+00:00
request for payment 175508,Request For Payment APPROVED by ADMINISTRATION,STAFF MEMBER,2018-11-26 12:35:09+00:00,2018-11-26 11:51:09+00:00
request for payment 175513,Request For Payment SUBMITTED by EMPLOYEE,STAFF MEMBER,2018-11-26 12:58:33+00:00,2018-11-26 11:59:33+00:00
request for payment 175513,Request For Payment APPROVED by ADMINISTRATION,STAFF MEMBER,2018-11-26 12:40:37+00:00,2018-11-26 11:59:37+00:00
request for payment 183609,Request Payment,SYSTEM,2018-11-26 12:59:31+00:00,2018-11-26 12:10:31+00:00
request for payment 184523,Request For Payment SUBMITTED by EMPLOYEE,STAFF MEMBER,2018-11-26 12:59:56+00:00,2018-11-26 12:18:56+00:00
request for payment 184523,Request For Payment APPROVED by ADMINISTRATION,STAFF MEMBER,2018-11-26 13:08:59+00:00,2018-11-26 12:18:59+00:00
request for payment 184523,Request For Payment APPROVED by BUDGET OWNER,STAFF MEMBER,2018-11-26 12:49:55+00:00,2018-11-26 12:19:55+00:00
request for payment 175519,Request For Payment SUBMITTED by EMPLOYEE,STAFF MEMBER,2018-11-26 13:16:30+00:00,2018-11-26 12:22:30+00:00
request for payment 175519,Request For Payment APPROVED by ADMINISTRATION,STAFF MEMBER,2018-11-26 13:20:25+00:00,2018-11-26 12:24:25+00:00
request for payment 184529,Request For Payment SUBMITTED by EMPLOYEE,STAFF MEMBER,2018-11-26 13:07:37+00:00,2018-11-26 12:25:37+00:00
request for payment 184529,Request For Payment APPROVED by ADMINISTRATION,STAFF MEMBER,2018-11-26 13:04:47+00:00,2018-11-26 12:25:47+00:00
request for payment 183624,Request For Payment REJECTED by EMPLOYEE,STAFF MEMBER,2018-11-26 13:13:55+00:00,2018-11-26 12:27:55+00:00
request for payment 175524,Request For Payment SUBMITTED by EMPLOYEE,STAFF MEMBER,2018-11-26 13:20:19+00:00,2018-11-26 12:41:19+00:00
request for payment 175524,Request For Payment APPROVED by ADMINISTRATION,STAFF MEMBER,2018-11-26 13:35:45+00:00,2018-11-26 12:41:45+00:00
request for payment 175513,Request For Payment APPROVED by BUDGET OWNER,STAFF MEMBER,2018-11-26 13:48:02+00:00,2018-11-26 12:56:02+00:00
request for payment 173062,Request For Payment FINAL_APPROVED by SUPERVISOR,STAFF MEMBER,2018-11-26 14:05:44+00:00,2018-11-26 13:07:44+00:00
request for payment 174257,Request For Payment REJECTED by EMPLOYEE,STAFF MEMBER,2018-11-26 14:07:45+00:00,2018-11-26 13:27:45+00:00
request for payment 172523,Request For Payment APPROVED by BUDGET OWNER,STAFF MEMBER,2018-11-26 14:19:28+00:00,2018-11-26 13:33:28+00:00
request for payment 174071,Request For Payment APPROVED by BUDGET OWNER,STAFF MEMBER,2018-11-26 14:14:30+00:00,2018-11-26 13:34:30+00:00
request for payment 173957,Request For Payment APPROVED by BUDGET OWNER,STAFF MEMBER,2018-11-26 14:11:52+00:00,2018-11-26 13:38:52+00:00
request for payment 175530,Request For Payment SUBMITTED by EMPLOYEE,STAFF MEMBER,2018-11-26 14:34:00+00:00,2018-11-26 13:42:00+00:00
request for payment 175530,Request For Payment APPROVED by ADMINISTRATION,STAFF MEMBER,2018-11-26 14:43:29+00:00,2018-11-26 13:45:29+00:00
request for payment 184150,Request For Payment FINAL_APPROVED by SUPERVISOR,STAFF MEMBER,2018-11-26 14:33:22+00:00,2018-11-26 13:50:22+00:00
request for payment 173732,Request Payment,SYSTEM,2018-11-26 14:35:32+00:00,2018-11-26 13:58:32+00:00
request for payment 182173,Request Payment,SYSTEM,2018-11-26 14:30:46+00:00,2018-11-26 13:58:46+00:00
request for payment 175535,Request For Payment SUBMITTED by EMPLOYEE,STAFF MEMBER,2018-11-26 14:44:57+00:00,2018-11-26 14:06:57+00:00
request for payment 175535,Request For Payment APPROVED by ADMINISTRATION,STAFF MEMBER,2018-11-26 14:58:26+00:00,2018-11-26 14:17:26+00:00
request for payment 178322,Request For Payment SUBMITTED by EMPLOYEE,STAFF MEMBER,2018-11-26 15:17:25+00:00,2018-11-26 14:19:25+00:00
request for payment 178322,Request For Payment APPROVED by ADMINISTRATION,STAFF MEMBER,2018-11-26 14:56:06+00:00,2018-11-26 14:20:06+00:00
request for payment 179459,Request Payment,SYSTEM,2018-11-26 15:10:25+00:00,2018-11-26 14:20:25+00:00
request for payment 174314,Request Payment,SYSTEM,2018-11-26 15:31:52+00:00,2018-11-26 14:31:52+00:00
request for payment 183366,Request For Payment SUBMITTED by EMPLOYEE,STAFF MEMBER,2018-11-26 15:17:34+00:00,2018-11-26 14:47:34+00:00
request for payment 178301,Request Payment,SYSTEM,2018-11-26 15:23:19+00:00,2018-11-26 14:49:19+00:00
request for payment 183366,Request For Payment APPROVED by ADMINISTRATION,STAFF MEMBER,2018-11-26 15:53:09+00:00,2018-11-26 14:56:09+00:00
request for payment 183657,Request For Payment SUBMITTED by EMPLOYEE,STAFF MEMBER,2018-11-26 15:53:45+00:00,2018-11-26 15:04:45+00:00
request for payment 183657,Request For Payment APPROVED by ADMINISTRATION,STAFF MEMBER,2018-11-26 15:57:35+00:00,2018-11-26 15:05:35+00:00
request for payment 182996,Request For Payment SUBMITTED by EMPLOYEE,STAFF MEMBER,2018-11-26 15:50:21+00:00,2018-11-26 15:18:21+00:00
request for payment 182996,Request For Payment REJECTED by ADMINISTRATION,STAFF MEMBER,2018-11-26 16:05:24+00:00,2018-11-26 15:18:24+00:00
request for payment 183000,Request For Payment SUBMITTED by EMPLOYEE,STAFF MEMBER,2018-11-26 16:17:45+00:00,2018-11-26 15:27:45+00:00
request for payment 183000,Request For Payment APPROVED by ADMINISTRATION,STAFF MEMBER,2018-11-26 16:20:55+00:00,2018-11-26 15:31:55+00:00
request for payment 183006,Request For Payment SUBMITTED by EMPLOYEE,STAFF MEMBER,2018-11-26 16:27:00+00:00,2018-11-26 15:37:00+00:00
request for payment 183006,Request For Payment APPROVED by ADMINISTRATION,STAFF MEMBER,2018-11-26 16:20:07+00:00,2018-11-26 15:40:07+00:00
request for payment 174319,Request For Payment FINAL_APPROVED by SUPERVISOR,STAFF MEMBER,2018-11-26 16:31:49+00:00,2018-11-26 16:00:49+00:00
request for payment 175873,Request For Payment SUBMITTED by EMPLOYEE,STAFF MEMBER,2018-11-26 17:02:15+00:00,2018-11-26 16:04:15+00:00
request for payment 175873,Request For Payment APPROVED by ADMINISTRATION,STAFF MEMBER,2018-11-26 16:39:28+00:00,2018-11-26 16:04:28+00:00
request for payment 182183,Request For Payment FINAL_APPROVED by SUPERVISOR,STAFF MEMBER,2018-11-26 16:49:33+00:00,2018-11-26 16:05:33+00:00
request for payment 172523,Request For Payment FINAL_APPROVED by SUPERVISOR,STAFF MEMBER,2018-11-26 16:44:29+00:00,2018-11-26 16:08:29+00:00
request for payment 184160,Request For Payment FINAL_APPROVED by SUPERVISOR,STAFF MEMBER,2018-11-26 17:03:00+00:00,2018-11-26 16:15:00+00:00
request for payment 181765,Request Payment,SYSTEM,2018-11-26 17:13:39+00:00,2018-11-26 16:15:39+00:00
request for payment 174344,Request For Payment FINAL_APPROVED by SUPERVISOR,STAFF MEMBER,2018-11-26 17:00:41+00:00,2018-11-26 16:16:41+00:00
request for payment 184376,Payment Handled,SYSTEM,2018-11-26 17:09:19+00:00,2018-11-26 16:31:19+00:00
request for payment 177470,Payment Handled,SYSTEM,2018-11-26 17:05:23+00:00,2018-11-26 16:31:23+00:00
request for payment 181759,Payment Handled,SYSTEM,2018-11-26 17:05:23+00:00,2018-11-26 16:31:23+00:00
request for payment 183598,Payment Handled,SYSTEM,2018-11-26 17:02:23+00:00,2018-11-26 16:31:23+00:00
request for payment 174062,Payment Handled,SYSTEM,2018-11-26 17:12:23+00:00,2018-11-26 16:31:23+00:00
request for payment 184356,Payment Handled,SYSTEM,2018-11-26 17:20:23+00:00,2018-11-26 16:31:23+00:00
request for payment 184084,Payment Handled,SYSTEM,2018-11-26 17:18:23+00:00,2018-11-26 16:31:23+00:00
request for payment 183604,Payment Handled,SYSTEM,2018-11-26 17:20:23+00:00,2018-11-26 16:31:23+00:00
request for payment 177422,Payment Handled,SYSTEM,2018-11-26 17:20:23+00:00,2018-11-26 16:31:23+00:00
request for payment 177465,Payment Handled,SYSTEM,2018-11-26 17:03:23+00:00,2018-11-26 16:31:23+00:00
request for payment 173971,Payment Handled,SYSTEM,2018-11-26 17:09:23+00:00,2018-11-26 16:31:23+00:00
request for payment 178265,Payment Handled,SYSTEM,2018-11-26 17:03:23+00:00,2018-11-26 16:31:23+00:00
request for payment 174051,Payment Handled,SYSTEM,2018-11-26 17:02:23+00:00,2018-11-26 16:31:23+00:00
request for payment 173531,Payment Handled,SYSTEM,2018-11-26 17:06:23+00:00,2018-11-26 16:31:23+00:00
request for payment 182161,Payment Handled,SYSTEM,2018-11-26 17:05:23+00:00,2018-11-26 16:31:23+00:00
request for payment 173914,Payment Handled,SYSTEM,2018-11-26 17:07:23+00:00,2018-11-26 16:31:23+00:00
request for payment 182096,Payment Handled,SYSTEM,2018-11-26 17:21:23+00:00,2018-11-26 16:31:23+00:00
request for payment 183761,Payment Handled,SYSTEM,2018-11-26 17:02:23+00:00,2018-11-26 16:31:23+00:00
request for payment 184399,Payment Handled,SYSTEM,2018-11-26 17:05:23+00:00,2018-11-26 16:31:23+00:00
request for payment 173023,Payment Handled,SYSTEM,2018-11-26 17:08:23+00:00,2018-11-26 16:31:23+00:00
request for payment 172497,Payment Handled,SYSTEM,2018-11-26 17:08:23+00:00,2018-11-26 16:31:23+00:00
request for payment 183614,Payment Handled,SYSTEM,2018-11-26 17:01:23+00:00,2018-11-26 16:31:23+00:00
request for payment 177431,Payment Handled,SYSTEM,2018-11-26 17:08:23+00:00,2018-11-26 16:31:23+00:00
request for payment 178277,Payment Handled,SYSTEM,2018-11-26 17:09:23+00:00,2018-11-26 16:31:23+00:00
request for payment 184389,Payment Handled,SYSTEM,2018-11-26 17:03:23+00:00,2018-11-26 16:31:23+00:00
request for payment 184119,Payment Handled,SYSTEM,2018-11-26 17:22:23+00:00,2018-11-26 16:31:23+00:00
request for payment 172508,Payment Handled,SYSTEM,2018-11-26 17:06:23+00:00,2018-11-26 16:31:23+00:00
request for payment 179453,Payment Handled,SYSTEM,2018-11-26 17:22:23+00:00,2018-11-26 16:31:23+00:00
request for payment 183746,Payment Handled,SYSTEM,2018-11-26 17:16:23+00:00,2018-11-26 16:31:23+00:00
request for payment 172491,Payment Handled,SYSTEM,2018-11-26 17:15:23+00:00,2018-11-26 16:31:23+00:00
request for payment 172513,Payment Handled,SYSTEM,2018-11-26 17:16:23+00:00,2018-11-26 16:31:23+00:00
request for payment 184394,Payment Handled,SYSTEM,2018-11-26 17:15:23+00:00,2018-11-26 16:31:23+00:00
request for payment 184409,Payment Handled,SYSTEM,2018-11-26 17:15:23+00:00,2018-11-26 16:31:23+00:00
request for payment 178271,Payment Handled,SYSTEM,2018-11-26 17:14:23+00:00,2018-11-26 16:31:23+00:00
request for payment 173506,Payment Handled,SYSTEM,2018-11-26 17:12:23+00:00,2018-11-26 16:31:23+00:00
request for payment 184365,Payment Handled,SYSTEM,2018-11-26 17:14:23+00:00,2018-11-26 16:31:23+00:00
request for payment 183585,Payment Handled,SYSTEM,2018-11-26 17:13:23+00:00,2018-11-26 16:31:23+00:00
request for payment 178283,Payment Handled,SYSTEM,2018-11-26 17:13:23+00:00,2018-11-26 16:31:23+00:00
request for payment 178253,Payment Handled,SYSTEM,2018-11-26 17:12:23+00:00,2018-11-26 16:31:23+00:00
request for payment 179472,Payment Handled,SYSTEM,2018-11-26 17:11:23+00:00,2018-11-26 16:31:23+00:00
request for payment 173120,Payment Handled,SYSTEM,2018-11-26 17:22:23+00:00,2018-11-26 16:31:23+00:00
request for payment 177460,Payment Handled,SYSTEM,2018-11-26 17:14:23+00:00,2018-11-26 16:31:23+00:00
request for payment 173744,Payment Handled,SYSTEM,2018-11-26 17:22:23+00:00,2018-11-26 16:31:23+00:00
request for payment 182830,Payment Handled,SYSTEM,2018-11-26 17:23:23+00:00,2018-11-26 16:31:23+00:00
request for payment 178290,Payment Handled,SYSTEM,2018-11-26 17:23:23+00:00,2018-11-26 16:31:23+00:00
request for payment 177441,Payment Handled,SYSTEM,2018-11-26 17:27:23+00:00,2018-11-26 16:31:23+00:00
request for payment 182115,Payment Handled,SYSTEM,2018-11-26 17:28:23+00:00,2018-11-26 16:31:23+00:00
request for payment 173964,Payment Handled,SYSTEM,2018-11-26 17:26:23+00:00,2018-11-26 16:31:23+00:00
request for payment 178296,Payment Handled,SYSTEM,2018-11-26 17:31:23+00:00,2018-11-26 16:31:23+00:00
request for payment 182137,Payment Handled,SYSTEM,2018-11-26 17:18:23+00:00,2018-11-26 16:31:23+00:00
request for payment 178259,Payment Handled,SYSTEM,2018-11-26 17:31:23+00:00,2018-11-26 16:31:23+00:00
request for payment 184104,Payment Handled,SYSTEM,2018-11-26 17:18:23+00:00,2018-11-26 16:31:23+00:00
request for payment 182156,Payment Handled,SYSTEM,2018-11-26 17:28:23+00:00,2018-11-26 16:31:23+00:00
request for payment 177857,Request For Payment APPROVED by BUDGET OWNER,STAFF MEMBER,2018-11-26 20:38:44+00:00,2018-11-26 19:42:44+00:00
request for payment 182992,Request For Payment REJECTED by EMPLOYEE,STAFF MEMBER,2018-11-26 20:17:26+00:00,2018-11-26 19:44:26+00:00
request for payment 184529,Request For Payment APPROVED by BUDGET OWNER,STAFF MEMBER,2018-11-26 20:45:44+00:00,2018-11-26 19:45:44+00:00
request for payment 183657,Request For Payment FINAL_APPROVED by SUPERVISOR,STAFF MEMBER,2018-11-26 20:41:56+00:00,2018-11-26 19:47:56+00:00
request for payment 182996,Request For Payment REJECTED by EMPLOYEE,STAFF MEMBER,2018-11-26 20:28:29+00:00,2018-11-26 19:49:29+00:00
request for payment 182979,Request For Payment FINAL_APPROVED by SUPERVISOR,STAFF MEMBER,2018-11-26 20:39:27+00:00,2018-11-26 19:50:27+00:00
request for payment 175519,Request For Payment FINAL_APPROVED by SUPERVISOR,STAFF MEMBER,2018-11-26 20:24:00+00:00,2018-11-26 19:52:00+00:00
request for payment 172529,Request For Payment APPROVED by BUDGET OWNER,STAFF MEMBER,2018-11-26 20:49:09+00:00,2018-11-26 19:54:09+00:00
request for payment 179482,Request Payment,SYSTEM,2018-11-27 06:59:09+00:00,2018-11-27 06:00:09+00:00
request for payment 179501,Request For Payment FINAL_APPROVED by SUPERVISOR,STAFF MEMBER,2018-11-27 07:16:34+00:00,2018-11-27 06:21:34+00:00
request for payment 177873,Request Payment,SYSTEM,2018-11-27 07:31:43+00:00,2018-11-27 06:50:43+00:00
request for payment 182167,Request For Payment FINAL_APPROVED by SUPERVISOR,STAFF MEMBER,2018-11-27 07:54:37+00:00,2018-11-27 07:21:37+00:00
request for payment 183792,Request Payment,SYSTEM,2018-11-27 08:14:43+00:00,2018-11-27 07:22:43+00:00
request for payment 177839,Request For Payment FINAL_APPROVED by SUPERVISOR,STAFF MEMBER,2018-11-27 08:19:58+00:00,2018-11-27 07:30:58+00:00
request for payment 179518,Request For Payment REJECTED by EMPLOYEE,STAFF MEMBER,2018-11-27 08:06:25+00:00,2018-11-27 07:32:25+00:00
request for payment 172503,Request Payment,SYSTEM,2018-11-27 08:10:46+00:00,2018-11-27 07:32:46+00:00
request for payment 174319,Request Payment,SYSTEM,2018-11-27 08:45:04+00:00,2018-11-27 07:49:04+00:00
request for payment 183657,Request Payment,SYSTEM,2018-11-27 08:30:51+00:00,2018-11-27 07:51:51+00:00
request for payment 175464,Request Payment,SYSTEM,2018-11-27 08:42:17+00:00,2018-11-27 07:52:17+00:00
request for payment 175513,Request For Payment FINAL_APPROVED by SUPERVISOR,STAFF MEMBER,2018-11-27 08:45:17+00:00,2018-11-27 07:52:17+00:00
request for payment 175469,Request Payment,SYSTEM,2018-11-27 08:36:18+00:00,2018-11-27 07:52:18+00:00
request for payment 177450,Request Payment,SYSTEM,2018-11-27 08:33:20+00:00,2018-11-27 07:52:20+00:00
request for payment 177455,Request Payment,SYSTEM,2018-11-27 08:35:21+00:00,2018-11-27 07:52:21+00:00
request for payment 175474,Request For Payment FINAL_APPROVED by SUPERVISOR,STAFF MEMBER,2018-11-27 08:46:23+00:00,2018-11-27 07:54:23+00:00
request for payment 184150,Request Payment,SYSTEM,2018-11-27 08:49:08+00:00,2018-11-27 08:03:08+00:00
request for payment 174373,Request Payment,SYSTEM,2018-11-27 08:38:29+00:00,2018-11-27 08:05:29+00:00
request for payment 174330,Request Payment,SYSTEM,2018-11-27 08:55:43+00:00,2018-11-27 08:05:43+00:00
request for payment 175519,Request Payment,SYSTEM,2018-11-27 08:36:45+00:00,2018-11-27 08:05:45+00:00
request for payment 178317,Request Payment,SYSTEM,2018-11-27 08:52:04+00:00,2018-11-27 08:07:04+00:00
request for payment 172523,Request Payment,SYSTEM,2018-11-27 08:54:55+00:00,2018-11-27 08:07:55+00:00
request for payment 182150,Request For Payment FINAL_APPROVED by SUPERVISOR,STAFF MEMBER,2018-11-27 08:59:10+00:00,2018-11-27 08:12:10+00:00
request for payment 173547,Request Payment,SYSTEM,2018-11-27 09:02:42+00:00,2018-11-27 08:15:42+00:00
request for payment 179532,Request Payment,SYSTEM,2018-11-27 08:57:07+00:00,2018-11-27 08:16:07+00:00
request for payment 173062,Request Payment,SYSTEM,2018-11-27 08:52:04+00:00,2018-11-27 08:18:04+00:00
request for payment 177878,Request Payment,SYSTEM,2018-11-27 09:15:21+00:00,2018-11-27 08:27:21+00:00
request for payment 177878,Request For Payment FINAL_APPROVED by SUPERVISOR,STAFF MEMBER,2018-11-27 09:18:21+00:00,2018-11-27 08:27:21+00:00
request for payment 179466,Request Payment,SYSTEM,2018-11-27 09:15:47+00:00,2018-11-27 08:27:47+00:00
request for payment 184523,Request For Payment FINAL_APPROVED by SUPERVISOR,STAFF MEMBER,2018-11-27 09:26:53+00:00,2018-11-27 08:27:53+00:00
request for payment 184523,Request Payment,SYSTEM,2018-11-27 09:04:54+00:00,2018-11-27 08:27:54+00:00
request for payment 179507,Request For Payment FINAL_APPROVED by SUPERVISOR,STAFF MEMBER,2018-11-27 09:18:27+00:00,2018-11-27 08:31:27+00:00
request for payment 177839,Request Payment,SYSTEM,2018-11-27 09:22:09+00:00,2018-11-27 08:40:09+00:00
request for payment 178327,Request For Payment SUBMITTED by EMPLOYEE,STAFF MEMBER,2018-11-27 09:29:49+00:00,2018-11-27 08:48:49+00:00
request for payment 178327,Request For Payment APPROVED by ADMINISTRATION,STAFF MEMBER,2018-11-27 09:43:17+00:00,2018-11-27 08:49:17+00:00
request for payment 182129,Request Payment,SYSTEM,2018-11-27 09:25:54+00:00,2018-11-27 08:54:54+00:00
request for payment 174265,Request Payment,SYSTEM,2018-11-27 09:57:31+00:00,2018-11-27 09:00:31+00:00
request for payment 183294,Request Payment,SYSTEM,2018-11-27 09:46:52+00:00,2018-11-27 09:16:52+00:00
request for payment 182145,Request Payment,SYSTEM,2018-11-27 10:03:22+00:00,2018-11-27 09:23:22+00:00
request for payment 175878,Request For Payment SUBMITTED by EMPLOYEE,STAFF MEMBER,2018-11-27 10:40:20+00:00,2018-11-27 09:49:20+00:00
request for payment 175878,Request For Payment APPROVED by ADMINISTRATION,STAFF MEMBER,2018-11-27 10:37:38+00:00,2018-11-27 09:49:38+00:00
request for payment 175883,Request For Payment SUBMITTED by EMPLOYEE,STAFF MEMBER,2018-11-27 10:34:03+00:00,2018-11-27 09:53:03+00:00
request for payment 175883,Request For Payment APPROVED by ADMINISTRATION,STAFF MEMBER,2018-11-27 10:35:13+00:00,2018-11-27 09:53:13+00:00
request for payment 175889,Request For Payment SUBMITTED by EMPLOYEE,STAFF MEMBER,2018-11-27 10:53:26+00:00,2018-11-27 09:53:26+00:00
request for payment 175889,Request For Payment APPROVED by ADMINISTRATION,STAFF MEMBER,2018-11-27 10:39:22+00:00,2018-11-27 09:54:22+00:00
request for payment 184541,Request For Payment SUBMITTED by EMPLOYEE,STAFF MEMBER,2018-11-27 10:32:53+00:00,2018-11-27 10:02:53+00:00
request for payment 184541,Request For Payment APPROVED by ADMINISTRATION,STAFF MEMBER,2018-11-27 10:53:01+00:00,2018-11-27 10:03:01+00:00
request for payment 175530,Request For Payment FINAL_APPROVED by SUPERVISOR,STAFF MEMBER,2018-11-27 10:55:43+00:00,2018-11-27 10:07:43+00:00
request for payment 182984,Request For Payment REJECTED by EMPLOYEE,STAFF MEMBER,2018-11-27 10:43:46+00:00,2018-11-27 10:10:46+00:00
request for payment 182984,Request For Payment SUBMITTED by EMPLOYEE,STAFF MEMBER,2018-11-27 10:53:01+00:00,2018-11-27 10:13:01+00:00
request for payment 182984,Request For Payment APPROVED by ADMINISTRATION,STAFF MEMBER,2018-11-27 10:49:07+00:00,2018-11-27 10:13:07+00:00
request for payment 177863,Request For Payment FINAL_APPROVED by SUPERVISOR,STAFF MEMBER,2018-11-27 10:46:07+00:00,2018-11-27 10:14:07+00:00
request for payment 182984,Request For Payment FINAL_APPROVED by SUPERVISOR,STAFF MEMBER,2018-11-27 11:13:02+00:00,2018-11-27 10:16:02+00:00
request for payment 179610,Request Payment,SYSTEM,2018-11-27 10:48:02+00:00,2018-11-27 10:17:02+00:00
request for payment 173976,Request For Payment FINAL_APPROVED by SUPERVISOR,STAFF MEMBER,2018-11-27 10:59:01+00:00,2018-11-27 10:18:01+00:00
request for payment 177889,Request For Payment SUBMITTED by EMPLOYEE,STAFF MEMBER,2018-11-27 11:19:24+00:00,2018-11-27 10:19:24+00:00
request for payment 177889,Request For Payment APPROVED by ADMINISTRATION,STAFF MEMBER,2018-11-27 11:20:28+00:00,2018-11-27 10:21:28+00:00
request for payment 175894,Request For Payment SUBMITTED by EMPLOYEE,STAFF MEMBER,2018-11-27 11:20:27+00:00,2018-11-27 10:48:27+00:00
request for payment 175894,Request For Payment APPROVED by ADMINISTRATION,STAFF MEMBER,2018-11-27 11:35:40+00:00,2018-11-27 10:48:40+00:00
request for payment 184166,Request For Payment FINAL_APPROVED by SUPERVISOR,STAFF MEMBER,2018-11-27 11:49:39+00:00,2018-11-27 10:57:39+00:00
request for payment 178322,Request For Payment FINAL_APPROVED by SUPERVISOR,STAFF MEMBER,2018-11-27 11:52:14+00:00,2018-11-27 11:09:14+00:00
request for payment 177895,Request For Payment SUBMITTED by EMPLOYEE,STAFF MEMBER,2018-11-27 12:13:00+00:00,2018-11-27 11:15:00+00:00
request for payment 175904,Request For Payment SUBMITTED by EMPLOYEE,STAFF MEMBER,2018-11-27 12:10:28+00:00,2018-11-27 11:19:28+00:00
request for payment 175904,Request For Payment APPROVED by ADMINISTRATION,STAFF MEMBER,2018-11-27 11:53:34+00:00,2018-11-27 11:19:34+00:00
request for payment 175909,Request For Payment SUBMITTED by EMPLOYEE,STAFF MEMBER,2018-11-27 11:57:17+00:00,2018-11-27 11:21:17+00:00
request for payment 175909,Request For Payment APPROVED by ADMINISTRATION,STAFF MEMBER,2018-11-27 12:12:28+00:00,2018-11-27 11:21:28+00:00
request for payment 175914,Request For Payment SUBMITTED by EMPLOYEE,STAFF MEMBER,2018-11-27 12:03:08+00:00,2018-11-27 11:24:08+00:00
request for payment 175914,Request For Payment APPROVED by ADMINISTRATION,STAFF MEMBER,2018-11-27 12:03:36+00:00,2018-11-27 11:24:36+00:00
request for payment 177895,Request For Payment APPROVED by ADMINISTRATION,STAFF MEMBER,2018-11-27 12:06:52+00:00,2018-11-27 11:29:52+00:00
request for payment 175921,Request For Payment SUBMITTED by EMPLOYEE,STAFF MEMBER,2018-11-27 13:05:04+00:00,2018-11-27 12:08:04+00:00
request for payment 175921,Request For Payment REJECTED by ADMINISTRATION,STAFF MEMBER,2018-11-27 12:45:10+00:00,2018-11-27 12:08:10+00:00
request for payment 177868,Request Payment,SYSTEM,2018-11-27 12:44:16+00:00,2018-11-27 12:09:16+00:00
request for payment 174362,Request Payment,SYSTEM,2018-11-27 13:08:35+00:00,2018-11-27 12:13:35+00:00
request for payment 184351,Request Payment,SYSTEM,2018-11-27 13:23:22+00:00,2018-11-27 12:28:22+00:00
request for payment 184535,Request For Payment SUBMITTED by EMPLOYEE,STAFF MEMBER,2018-11-27 13:31:30+00:00,2018-11-27 13:01:30+00:00
request for payment 184535,Request For Payment APPROVED by ADMINISTRATION,STAFF MEMBER,2018-11-27 13:44:12+00:00,2018-11-27 13:02:12+00:00
request for payment 184535,Request For Payment APPROVED by BUDGET OWNER,STAFF MEMBER,2018-11-27 13:55:56+00:00,2018-11-27 13:10:56+00:00
request for payment 183011,Request For Payment SUBMITTED by EMPLOYEE,STAFF MEMBER,2018-11-27 14:15:50+00:00,2018-11-27 13:18:50+00:00
request for payment 183011,Request For Payment APPROVED by ADMINISTRATION,STAFF MEMBER,2018-11-27 14:18:52+00:00,2018-11-27 13:21:52+00:00
request for payment 182189,Request For Payment FINAL_APPROVED by SUPERVISOR,STAFF MEMBER,2018-11-27 14:18:59+00:00,2018-11-27 13:23:59+00:00
request for payment 182800,Request Payment,SYSTEM,2018-11-27 14:33:21+00:00,2018-11-27 13:34:21+00:00
request for payment 184114,Request Payment,SYSTEM,2018-11-27 14:25:11+00:00,2018-11-27 13:36:11+00:00
request for payment 175925,Request For Payment SUBMITTED by EMPLOYEE,STAFF MEMBER,2018-11-27 14:39:57+00:00,2018-11-27 14:09:57+00:00
request for payment 175925,Request For Payment APPROVED by ADMINISTRATION,STAFF MEMBER,2018-11-27 14:47:09+00:00,2018-11-27 14:11:09+00:00
request for payment 177863,Request Payment,SYSTEM,2018-11-27 15:07:39+00:00,2018-11-27 14:16:39+00:00
request for payment 175925,Request For Payment APPROVED by BUDGET OWNER,STAFF MEMBER,2018-11-27 14:55:02+00:00,2018-11-27 14:20:02+00:00
request for payment 175914,Request For Payment APPROVED by BUDGET OWNER,STAFF MEMBER,2018-11-27 15:10:23+00:00,2018-11-27 14:22:23+00:00
request for payment 175894,Request For Payment REJECTED by SUPERVISOR,STAFF MEMBER,2018-11-27 15:05:37+00:00,2018-11-27 14:23:37+00:00
request for payment 175873,Request For Payment FINAL_APPROVED by SUPERVISOR,STAFF MEMBER,2018-11-27 15:25:11+00:00,2018-11-27 14:25:11+00:00
request for payment 177889,Request For Payment APPROVED by BUDGET OWNER,STAFF MEMBER,2018-11-27 15:24:19+00:00,2018-11-27 14:25:19+00:00
request for payment 177884,Request For Payment FINAL_APPROVED by SUPERVISOR,STAFF MEMBER,2018-11-27 15:25:30+00:00,2018-11-27 14:27:30+00:00
request for payment 184517,Request For Payment APPROVED by BUDGET OWNER,STAFF MEMBER,2018-11-27 15:07:03+00:00,2018-11-27 14:32:03+00:00
request for payment 175931,Request For Payment SUBMITTED by EMPLOYEE,STAFF MEMBER,2018-11-27 15:03:49+00:00,2018-11-27 14:33:49+00:00
request for payment 184128,Request For Payment FINAL_APPROVED by SUPERVISOR,STAFF MEMBER,2018-11-27 15:24:18+00:00,2018-11-27 14:34:18+00:00
request for payment 175931,Request For Payment APPROVED by ADMINISTRATION,STAFF MEMBER,2018-11-27 15:06:47+00:00,2018-11-27 14:34:47+00:00
request for payment 175937,Request For Payment SUBMITTED by EMPLOYEE,STAFF MEMBER,2018-11-27 15:12:48+00:00,2018-11-27 14:34:48+00:00
request for payment 175937,Request For Payment APPROVED by ADMINISTRATION,STAFF MEMBER,2018-11-27 15:08:55+00:00,2018-11-27 14:34:55+00:00
request for payment 175942,Request For Payment SUBMITTED by EMPLOYEE,STAFF MEMBER,2018-11-27 15:22:47+00:00,2018-11-27 14:43:47+00:00
request for payment 175942,Request For Payment APPROVED by ADMINISTRATION,STAFF MEMBER,2018-11-27 15:17:00+00:00,2018-11-27 14:44:00+00:00
request for payment 182183,Request Payment,SYSTEM,2018-11-27 16:05:10+00:00,2018-11-27 15:07:10+00:00
request for payment 183652,Request For Payment REJECTED by EMPLOYEE,STAFF MEMBER,2018-11-27 15:47:16+00:00,2018-11-27 15:15:16+00:00
request for payment 177901,Request For Payment SUBMITTED by EMPLOYEE,STAFF MEMBER,2018-11-27 16:09:58+00:00,2018-11-27 15:21:58+00:00
request for payment 177901,Request For Payment REJECTED by ADMINISTRATION,STAFF MEMBER,2018-11-27 15:53:21+00:00,2018-11-27 15:22:21+00:00
request for payment 175883,Request For Payment APPROVED by BUDGET OWNER,STAFF MEMBER,2018-11-27 15:55:57+00:00,2018-11-27 15:23:57+00:00
request for payment 175909,Request For Payment FINAL_APPROVED by SUPERVISOR,STAFF MEMBER,2018-11-27 16:04:17+00:00,2018-11-27 15:28:17+00:00
request for payment 184547,Request For Payment SUBMITTED by EMPLOYEE,STAFF MEMBER,2018-11-27 16:38:39+00:00,2018-11-27 15:44:39+00:00
request for payment 184547,Request For Payment APPROVED by ADMINISTRATION,STAFF MEMBER,2018-11-27 16:18:41+00:00,2018-11-27 15:44:41+00:00
request for payment 184552,Request For Payment SUBMITTED by EMPLOYEE,STAFF MEMBER,2018-11-27 16:28:38+00:00,2018-11-27 15:49:38+00:00
request for payment 184552,Request For Payment APPROVED by ADMINISTRATION,STAFF MEMBER,2018-11-27 16:29:49+00:00,2018-11-27 15:49:49+00:00
request for payment 184557,Request For Payment SUBMITTED by EMPLOYEE,STAFF MEMBER,2018-11-27 16:37:03+00:00,2018-11-27 16:07:03+00:00
request for payment 184557,Request For Payment APPROVED by ADMINISTRATION,STAFF MEMBER,2018-11-27 17:00:25+00:00,2018-11-27 16:07:25+00:00
request for payment 177822,Request Payment,SYSTEM,2018-11-27 16:58:18+00:00,2018-11-27 16:13:18+00:00
request for payment 184135,Request Payment,SYSTEM,2018-11-27 16:47:18+00:00,2018-11-27 16:13:18+00:00
request for payment 174356,Request Payment,SYSTEM,2018-11-27 17:41:21+00:00,2018-11-27 16:43:21+00:00
request for payment 175948,Request For Payment SUBMITTED by EMPLOYEE,STAFF MEMBER,2018-11-27 17:49:10+00:00,2018-11-27 16:59:10+00:00
request for payment 175948,Request For Payment APPROVED by ADMINISTRATION,STAFF MEMBER,2018-11-27 17:57:14+00:00,2018-11-27 16:59:14+00:00
request for payment 184563,Request For Payment SUBMITTED by EMPLOYEE,STAFF MEMBER,2018-11-27 22:40:42+00:00,2018-11-27 22:09:42+00:00
request for payment 184563,Request For Payment APPROVED by ADMINISTRATION,STAFF MEMBER,2018-11-27 22:52:20+00:00,2018-11-27 22:11:20+00:00
request for payment 175883,Request For Payment FINAL_APPROVED by SUPERVISOR,STAFF MEMBER,2018-11-28 06:12:05+00:00,2018-11-28 05:41:05+00:00
request for payment 179538,Request For Payment SUBMITTED by EMPLOYEE,STAFF MEMBER,2018-11-28 07:13:24+00:00,2018-11-28 06:13:24+00:00
request for payment 179538,Request For Payment REJECTED by ADMINISTRATION,STAFF MEMBER,2018-11-28 07:00:30+00:00,2018-11-28 06:13:30+00:00
request for payment 179542,Request For Payment SUBMITTED by EMPLOYEE,STAFF MEMBER,2018-11-28 07:59:54+00:00,2018-11-28 07:00:54+00:00
request for payment 179542,Request For Payment APPROVED by ADMINISTRATION,STAFF MEMBER,2018-11-28 07:43:56+00:00,2018-11-28 07:00:56+00:00
request for payment 175530,Request Payment,SYSTEM,2018-11-28 07:41:29+00:00,2018-11-28 07:08:29+00:00
request for payment 179547,Request For Payment SUBMITTED by EMPLOYEE,STAFF MEMBER,2018-11-28 07:56:42+00:00,2018-11-28 07:26:42+00:00
request for payment 179547,Request For Payment APPROVED by ADMINISTRATION,STAFF MEMBER,2018-11-28 08:00:48+00:00,2018-11-28 07:26:48+00:00
request for payment 179538,Request For Payment REJECTED by EMPLOYEE,STAFF MEMBER,2018-11-28 08:31:50+00:00,2018-11-28 07:44:50+00:00
request for payment 175937,Request For Payment FINAL_APPROVED by SUPERVISOR,STAFF MEMBER,2018-11-28 08:44:23+00:00,2018-11-28 07:46:23+00:00
request for payment 174350,Request For Payment FINAL_APPROVED by SUPERVISOR,STAFF MEMBER,2018-11-28 08:46:19+00:00,2018-11-28 07:51:19+00:00
request for payment 175955,Request For Payment SUBMITTED by EMPLOYEE,STAFF MEMBER,2018-11-28 08:36:22+00:00,2018-11-28 07:54:22+00:00
request for payment 175955,Request For Payment APPROVED by ADMINISTRATION,STAFF MEMBER,2018-11-28 08:36:24+00:00,2018-11-28 07:54:24+00:00
request for payment 175961,Request For Payment SUBMITTED by EMPLOYEE,STAFF MEMBER,2018-11-28 08:53:50+00:00,2018-11-28 08:04:50+00:00
request for payment 175961,Request For Payment APPROVED by ADMINISTRATION,STAFF MEMBER,2018-11-28 09:04:23+00:00,2018-11-28 08:05:23+00:00
request for payment 174291,Request Payment,SYSTEM,2018-11-28 08:47:09+00:00,2018-11-28 08:07:09+00:00
request for payment 179487,Request For Payment FINAL_APPROVED by SUPERVISOR,STAFF MEMBER,2018-11-28 08:42:11+00:00,2018-11-28 08:07:11+00:00
request for payment 175904,Request For Payment FINAL_APPROVED by SUPERVISOR,STAFF MEMBER,2018-11-28 09:05:44+00:00,2018-11-28 08:13:44+00:00
request for payment 179496,Request For Payment FINAL_APPROVED by SUPERVISOR,STAFF MEMBER,2018-11-28 09:05:22+00:00,2018-11-28 08:17:22+00:00
request for payment 171695,Request For Payment SUBMITTED by EMPLOYEE,STAFF MEMBER,2018-11-28 09:19:00+00:00,2018-11-28 08:28:00+00:00
request for payment 171695,Request For Payment APPROVED by ADMINISTRATION,STAFF MEMBER,2018-11-28 09:08:04+00:00,2018-11-28 08:28:04+00:00
request for payment 179615,Request For Payment SUBMITTED by EMPLOYEE,STAFF MEMBER,2018-11-28 09:27:13+00:00,2018-11-28 08:43:13+00:00
request for payment 178307,Request For Payment FINAL_APPROVED by SUPERVISOR,STAFF MEMBER,2018-11-28 09:43:18+00:00,2018-11-28 08:43:18+00:00
request for payment 179615,Request For Payment APPROVED by ADMINISTRATION,STAFF MEMBER,2018-11-28 09:23:20+00:00,2018-11-28 08:43:20+00:00
request for payment 175921,Request For Payment REJECTED by EMPLOYEE,STAFF MEMBER,2018-11-28 09:19:08+00:00,2018-11-28 08:49:08+00:00
request for payment 184557,Request For Payment APPROVED by BUDGET OWNER,STAFF MEMBER,2018-11-28 09:45:48+00:00,2018-11-28 08:50:48+00:00
request for payment 171700,Request For Payment SAVED by EMPLOYEE,STAFF MEMBER,2018-11-28 09:44:40+00:00,2018-11-28 08:57:40+00:00
request for payment 175955,Request For Payment APPROVED by BUDGET OWNER,STAFF MEMBER,2018-11-28 09:42:25+00:00,2018-11-28 08:58:25+00:00
request for payment 179615,Request For Payment FINAL_APPROVED by SUPERVISOR,STAFF MEMBER,2018-11-28 09:53:25+00:00,2018-11-28 08:59:25+00:00
request for payment 184547,Request For Payment FINAL_APPROVED by SUPERVISOR,STAFF MEMBER,2018-11-28 09:38:21+00:00,2018-11-28 09:01:21+00:00
request for payment 184552,Request For Payment FINAL_APPROVED by SUPERVISOR,STAFF MEMBER,2018-11-28 10:00:22+00:00,2018-11-28 09:03:22+00:00
request for payment 175489,Request For Payment FINAL_APPROVED by SUPERVISOR,STAFF MEMBER,2018-11-28 10:00:19+00:00,2018-11-28 09:09:19+00:00
request for payment 184144,Request For Payment APPROVED by BUDGET OWNER,STAFF MEMBER,2018-11-28 10:09:48+00:00,2018-11-28 09:13:48+00:00
request for payment 184128,Request Payment,SYSTEM,2018-11-28 10:20:27+00:00,2018-11-28 09:38:27+00:00
request for payment 174350,Request Payment,SYSTEM,2018-11-28 10:31:38+00:00,2018-11-28 09:38:38+00:00
request for payment 179501,Request Payment,SYSTEM,2018-11-28 10:29:24+00:00,2018-11-28 09:41:24+00:00
request for payment 175966,Request For Payment SUBMITTED by EMPLOYEE,STAFF MEMBER,2018-11-28 10:42:04+00:00,2018-11-28 09:47:04+00:00
request for payment 175966,Request For Payment APPROVED by ADMINISTRATION,STAFF MEMBER,2018-11-28 10:34:18+00:00,2018-11-28 09:47:18+00:00
request for payment 183016,Request For Payment SUBMITTED by EMPLOYEE,STAFF MEMBER,2018-11-28 11:20:24+00:00,2018-11-28 10:23:24+00:00
request for payment 183016,Request For Payment APPROVED by ADMINISTRATION,STAFF MEMBER,2018-11-28 10:58:30+00:00,2018-11-28 10:23:30+00:00
request for payment 184569,Request For Payment SUBMITTED by EMPLOYEE,STAFF MEMBER,2018-11-28 11:12:40+00:00,2018-11-28 10:24:40+00:00
request for payment 175972,Request For Payment SUBMITTED by EMPLOYEE,STAFF MEMBER,2018-11-28 11:07:02+00:00,2018-11-28 10:25:02+00:00
request for payment 184569,Request For Payment APPROVED by ADMINISTRATION,STAFF MEMBER,2018-11-28 11:19:51+00:00,2018-11-28 10:25:51+00:00
request for payment 175972,Request For Payment APPROVED by ADMINISTRATION,STAFF MEMBER,2018-11-28 10:57:15+00:00,2018-11-28 10:26:15+00:00
request for payment 174300,Request For Payment FINAL_APPROVED by SUPERVISOR,STAFF MEMBER,2018-11-28 11:41:24+00:00,2018-11-28 10:42:24+00:00
request for payment 184529,Request For Payment FINAL_APPROVED by SUPERVISOR,STAFF MEMBER,2018-11-28 11:33:33+00:00,2018-11-28 10:42:33+00:00
request for payment 181753,Request For Payment APPROVED by ADMINISTRATION,STAFF MEMBER,2018-11-28 11:30:23+00:00,2018-11-28 10:53:23+00:00
request for payment 184166,Request Payment,SYSTEM,2018-11-28 11:39:27+00:00,2018-11-28 11:00:27+00:00
request for payment 179553,Request For Payment SUBMITTED by EMPLOYEE,STAFF MEMBER,2018-11-28 11:54:55+00:00,2018-11-28 11:17:55+00:00
request for payment 179553,Request For Payment APPROVED by ADMINISTRATION,STAFF MEMBER,2018-11-28 12:01:08+00:00,2018-11-28 11:18:08+00:00
request for payment 183970,Request Payment,SYSTEM,2018-11-28 12:12:47+00:00,2018-11-28 11:23:47+00:00
request for payment 182794,Request Payment,SYSTEM,2018-11-28 12:02:11+00:00,2018-11-28 11:27:11+00:00
request for payment 175474,Request Payment,SYSTEM,2018-11-28 12:26:33+00:00,2018-11-28 11:38:33+00:00
request for payment 178333,Request For Payment SUBMITTED by EMPLOYEE,STAFF MEMBER,2018-11-28 12:21:05+00:00,2018-11-28 11:46:05+00:00
request for payment 178333,Request For Payment APPROVED by ADMINISTRATION,STAFF MEMBER,2018-11-28 12:43:25+00:00,2018-11-28 11:48:25+00:00
request for payment 179558,Request For Payment SUBMITTED by EMPLOYEE,STAFF MEMBER,2018-11-28 12:22:50+00:00,2018-11-28 11:48:50+00:00
request for payment 179558,Request For Payment APPROVED by ADMINISTRATION,STAFF MEMBER,2018-11-28 12:33:10+00:00,2018-11-28 11:49:10+00:00
request for payment 179861,Request For Payment SUBMITTED by EMPLOYEE,STAFF MEMBER,2018-11-28 12:27:01+00:00,2018-11-28 11:52:01+00:00
request for payment 179861,Request For Payment APPROVED by ADMINISTRATION,STAFF MEMBER,2018-11-28 12:24:12+00:00,2018-11-28 11:52:12+00:00
request for payment 174300,Request Payment,SYSTEM,2018-11-28 13:30:29+00:00,2018-11-28 12:43:29+00:00
request for payment 184529,Request Payment,SYSTEM,2018-11-28 13:33:47+00:00,2018-11-28 12:44:47+00:00
request for payment 183011,Request For Payment FINAL_APPROVED by SUPERVISOR,STAFF MEMBER,2018-11-28 13:24:39+00:00,2018-11-28 12:49:39+00:00
request for payment 175966,Request For Payment APPROVED by BUDGET OWNER,STAFF MEMBER,2018-11-28 13:35:03+00:00,2018-11-28 12:51:03+00:00
request for payment 175972,Request For Payment FINAL_APPROVED by SUPERVISOR,STAFF MEMBER,2018-11-28 13:28:50+00:00,2018-11-28 12:51:50+00:00
request for payment 175961,Request For Payment FINAL_APPROVED by SUPERVISOR,STAFF MEMBER,2018-11-28 13:23:55+00:00,2018-11-28 12:53:55+00:00
request for payment 171702,Request For Payment SUBMITTED by EMPLOYEE,STAFF MEMBER,2018-11-28 13:52:08+00:00,2018-11-28 12:54:08+00:00
request for payment 171702,Request For Payment APPROVED by ADMINISTRATION,STAFF MEMBER,2018-11-28 13:24:12+00:00,2018-11-28 12:54:12+00:00
request for payment 171695,Request For Payment FINAL_APPROVED by SUPERVISOR,STAFF MEMBER,2018-11-28 13:56:01+00:00,2018-11-28 12:56:01+00:00
request for payment 179866,Request For Payment SUBMITTED by EMPLOYEE,STAFF MEMBER,2018-11-28 13:29:52+00:00,2018-11-28 12:59:52+00:00
request for payment 179866,Request For Payment APPROVED by ADMINISTRATION,STAFF MEMBER,2018-11-28 13:58:55+00:00,2018-11-28 12:59:55+00:00
request for payment 184569,Request For Payment FINAL_APPROVED by SUPERVISOR,STAFF MEMBER,2018-11-28 13:45:54+00:00,2018-11-28 13:02:54+00:00
request for payment 182979,Request Payment,SYSTEM,2018-11-28 13:48:19+00:00,2018-11-28 13:07:19+00:00
request for payment 175955,Request For Payment FINAL_APPROVED by SUPERVISOR,STAFF MEMBER,2018-11-28 13:44:27+00:00,2018-11-28 13:07:27+00:00
request for payment 177895,Request For Payment APPROVED by BUDGET OWNER,STAFF MEMBER,2018-11-28 14:00:32+00:00,2018-11-28 13:15:32+00:00
request for payment 179871,Request For Payment SUBMITTED by EMPLOYEE,STAFF MEMBER,2018-11-28 14:20:43+00:00,2018-11-28 13:25:43+00:00
request for payment 179871,Request For Payment APPROVED by ADMINISTRATION,STAFF MEMBER,2018-11-28 14:06:45+00:00,2018-11-28 13:25:45+00:00
request for payment 183772,Request Payment,SYSTEM,2018-11-28 14:08:29+00:00,2018-11-28 13:27:29+00:00
request for payment 183662,Request For Payment SUBMITTED by EMPLOYEE,STAFF MEMBER,2018-11-28 14:20:29+00:00,2018-11-28 13:28:29+00:00
request for payment 183662,Request For Payment APPROVED by ADMINISTRATION,STAFF MEMBER,2018-11-28 14:22:39+00:00,2018-11-28 13:28:39+00:00
request for payment 178338,Request For Payment SUBMITTED by EMPLOYEE,STAFF MEMBER,2018-11-28 14:18:34+00:00,2018-11-28 13:42:34+00:00
request for payment 178338,Request For Payment APPROVED by ADMINISTRATION,STAFF MEMBER,2018-11-28 14:25:40+00:00,2018-11-28 13:42:40+00:00
request for payment 179866,Request For Payment FINAL_APPROVED by SUPERVISOR,STAFF MEMBER,2018-11-28 14:30:14+00:00,2018-11-28 13:46:14+00:00
request for payment 179547,Request For Payment APPROVED by BUDGET OWNER,STAFF MEMBER,2018-11-28 14:51:16+00:00,2018-11-28 13:53:16+00:00
request for payment 183662,Request For Payment FINAL_APPROVED by SUPERVISOR,STAFF MEMBER,2018-11-28 14:48:26+00:00,2018-11-28 14:01:26+00:00
request for payment 175931,Request For Payment APPROVED by BUDGET OWNER,STAFF MEMBER,2018-11-28 14:48:47+00:00,2018-11-28 14:03:47+00:00
request for payment 179861,Request For Payment FINAL_APPROVED by SUPERVISOR,STAFF MEMBER,2018-11-28 14:44:32+00:00,2018-11-28 14:06:32+00:00
request for payment 183016,Request For Payment APPROVED by BUDGET OWNER,STAFF MEMBER,2018-11-28 14:38:57+00:00,2018-11-28 14:06:57+00:00
request for payment 179620,Request For Payment SUBMITTED by EMPLOYEE,STAFF MEMBER,2018-11-28 14:57:53+00:00,2018-11-28 14:24:53+00:00
request for payment 179625,Request For Payment SUBMITTED by EMPLOYEE,STAFF MEMBER,2018-11-28 15:16:08+00:00,2018-11-28 14:25:08+00:00
request for payment 179625,Request For Payment APPROVED by ADMINISTRATION,STAFF MEMBER,2018-11-28 15:00:21+00:00,2018-11-28 14:25:21+00:00
request for payment 175489,Request Payment,SYSTEM,2018-11-28 15:11:55+00:00,2018-11-28 14:29:55+00:00
request for payment 174271,Request For Payment FINAL_APPROVED by SUPERVISOR,STAFF MEMBER,2018-11-28 15:14:46+00:00,2018-11-28 14:44:46+00:00
request for payment 184574,Request For Payment SUBMITTED by EMPLOYEE,STAFF MEMBER,2018-11-28 15:48:59+00:00,2018-11-28 14:49:59+00:00
request for payment 184574,Request For Payment APPROVED by ADMINISTRATION,STAFF MEMBER,2018-11-28 15:40:01+00:00,2018-11-28 14:54:01+00:00
request for payment 179630,Request For Payment SUBMITTED by EMPLOYEE,STAFF MEMBER,2018-11-28 15:45:21+00:00,2018-11-28 14:57:21+00:00
request for payment 179630,Request For Payment APPROVED by ADMINISTRATION,STAFF MEMBER,2018-11-28 15:56:29+00:00,2018-11-28 14:57:29+00:00
request for payment 184579,Request For Payment SUBMITTED by EMPLOYEE,STAFF MEMBER,2018-11-28 16:17:22+00:00,2018-11-28 15:26:22+00:00
request for payment 184579,Request For Payment APPROVED by ADMINISTRATION,STAFF MEMBER,2018-11-28 16:08:01+00:00,2018-11-28 15:27:01+00:00
request for payment 175873,Request Payment,SYSTEM,2018-11-28 16:32:26+00:00,2018-11-28 15:45:26+00:00
request for payment 178343,Request For Payment SUBMITTED by EMPLOYEE,STAFF MEMBER,2018-11-28 16:24:31+00:00,2018-11-28 15:51:31+00:00
request for payment 178343,Request For Payment APPROVED by ADMINISTRATION,STAFF MEMBER,2018-11-28 16:45:38+00:00,2018-11-28 15:51:38+00:00
request for payment 179866,Request Payment,SYSTEM,2018-11-28 16:39:09+00:00,2018-11-28 16:06:09+00:00
request for payment 184552,Request Payment,SYSTEM,2018-11-28 16:44:33+00:00,2018-11-28 16:11:33+00:00
request for payment 175977,Request For Payment SUBMITTED by EMPLOYEE,STAFF MEMBER,2018-11-28 16:51:08+00:00,2018-11-28 16:15:08+00:00
request for payment 175977,Request For Payment APPROVED by ADMINISTRATION,STAFF MEMBER,2018-11-28 17:04:15+00:00,2018-11-28 16:17:15+00:00
request for payment 178348,Request For Payment SUBMITTED by EMPLOYEE,STAFF MEMBER,2018-11-28 17:04:56+00:00,2018-11-28 16:32:56+00:00
request for payment 178348,Request For Payment APPROVED by ADMINISTRATION,STAFF MEMBER,2018-11-28 17:26:02+00:00,2018-11-28 16:33:02+00:00
request for payment 184569,Request Payment,SYSTEM,2018-11-28 18:09:43+00:00,2018-11-28 17:30:43+00:00
request for payment 182150,Request Payment,SYSTEM,2018-11-28 18:52:20+00:00,2018-11-28 18:18:20+00:00
request for payment 183667,Request For Payment SUBMITTED by EMPLOYEE,STAFF MEMBER,2018-11-28 19:50:33+00:00,2018-11-28 18:57:33+00:00
request for payment 183667,Request For Payment APPROVED by ADMINISTRATION,STAFF MEMBER,2018-11-28 19:41:45+00:00,2018-11-28 18:57:45+00:00
request for payment 183672,Request For Payment SUBMITTED by EMPLOYEE,STAFF MEMBER,2018-11-28 20:13:40+00:00,2018-11-28 19:21:40+00:00
request for payment 183672,Request For Payment APPROVED by ADMINISTRATION,STAFF MEMBER,2018-11-28 20:14:36+00:00,2018-11-28 19:22:36+00:00
request for payment 183677,Request For Payment SUBMITTED by EMPLOYEE,STAFF MEMBER,2018-11-28 20:19:36+00:00,2018-11-28 19:33:36+00:00
request for payment 183677,Request For Payment APPROVED by ADMINISTRATION,STAFF MEMBER,2018-11-28 20:04:42+00:00,2018-11-28 19:33:42+00:00
request for payment 183682,Request For Payment SUBMITTED by EMPLOYEE,STAFF MEMBER,2018-11-28 20:36:07+00:00,2018-11-28 19:42:07+00:00
request for payment 183682,Request For Payment APPROVED by ADMINISTRATION,STAFF MEMBER,2018-11-28 20:22:10+00:00,2018-11-28 19:42:10+00:00
request for payment 183687,Request For Payment SUBMITTED by EMPLOYEE,STAFF MEMBER,2018-11-28 20:35:14+00:00,2018-11-28 19:48:14+00:00
request for payment 183687,Request For Payment APPROVED by ADMINISTRATION,STAFF MEMBER,2018-11-28 20:42:34+00:00,2018-11-28 19:48:34+00:00
request for payment 175983,Request For Payment SUBMITTED by EMPLOYEE,STAFF MEMBER,2018-11-28 21:59:58+00:00,2018-11-28 21:02:58+00:00
request for payment 175983,Request For Payment APPROVED by ADMINISTRATION,STAFF MEMBER,2018-11-28 21:52:27+00:00,2018-11-28 21:16:27+00:00
request for payment 182167,Request Payment,SYSTEM,2018-11-29 07:26:13+00:00,2018-11-29 06:30:13+00:00
request for payment 177884,Request Payment,SYSTEM,2018-11-29 07:55:32+00:00,2018-11-29 07:06:32+00:00
request for payment 179635,Request For Payment SUBMITTED by EMPLOYEE,STAFF MEMBER,2018-11-29 08:01:37+00:00,2018-11-29 07:12:37+00:00
request for payment 179635,Request For Payment APPROVED by ADMINISTRATION,STAFF MEMBER,2018-11-29 08:13:36+00:00,2018-11-29 07:13:36+00:00
request for payment 175925,Request For Payment FINAL_APPROVED by SUPERVISOR,STAFF MEMBER,2018-11-29 08:13:01+00:00,2018-11-29 07:23:01+00:00
request for payment 183016,Request For Payment FINAL_APPROVED by SUPERVISOR,STAFF MEMBER,2018-11-29 08:00:04+00:00,2018-11-29 07:25:04+00:00
request for payment 178343,Request For Payment FINAL_APPROVED by SUPERVISOR,STAFF MEMBER,2018-11-29 08:09:40+00:00,2018-11-29 07:36:40+00:00
request for payment 184517,Request For Payment FINAL_APPROVED by SUPERVISOR,STAFF MEMBER,2018-11-29 08:11:55+00:00,2018-11-29 07:36:55+00:00
request for payment 178354,Request For Payment SUBMITTED by EMPLOYEE,STAFF MEMBER,2018-11-29 08:25:07+00:00,2018-11-29 07:37:07+00:00
request for payment 178354,Request For Payment APPROVED by ADMINISTRATION,STAFF MEMBER,2018-11-29 08:22:12+00:00,2018-11-29 07:37:12+00:00
request for payment 178359,Request For Payment SUBMITTED by EMPLOYEE,STAFF MEMBER,2018-11-29 08:31:52+00:00,2018-11-29 07:45:52+00:00
request for payment 178359,Request For Payment APPROVED by ADMINISTRATION,STAFF MEMBER,2018-11-29 08:23:54+00:00,2018-11-29 07:45:54+00:00
request for payment 175966,Request For Payment FINAL_APPROVED by SUPERVISOR,STAFF MEMBER,2018-11-29 08:34:22+00:00,2018-11-29 07:54:22+00:00
request for payment 175937,Request Payment,SYSTEM,2018-11-29 08:36:23+00:00,2018-11-29 07:54:23+00:00
request for payment 179625,Request For Payment FINAL_APPROVED by SUPERVISOR,STAFF MEMBER,2018-11-29 08:28:06+00:00,2018-11-29 07:56:06+00:00
request for payment 184535,Request For Payment FINAL_APPROVED by SUPERVISOR,STAFF MEMBER,2018-11-29 08:41:13+00:00,2018-11-29 07:57:13+00:00
request for payment 178338,Request For Payment FINAL_APPROVED by SUPERVISOR,STAFF MEMBER,2018-11-29 08:49:26+00:00,2018-11-29 07:57:26+00:00
request for payment 179871,Request For Payment FINAL_APPROVED by SUPERVISOR,STAFF MEMBER,2018-11-29 08:56:59+00:00,2018-11-29 08:00:59+00:00
request for payment 172518,Request Payment,SYSTEM,2018-11-29 09:02:30+00:00,2018-11-29 08:13:30+00:00
request for payment 179487,Request Payment,SYSTEM,2018-11-29 09:06:57+00:00,2018-11-29 08:14:57+00:00
request for payment 182189,Request Payment,SYSTEM,2018-11-29 08:54:04+00:00,2018-11-29 08:15:04+00:00
request for payment 178343,Request Payment,SYSTEM,2018-11-29 09:01:05+00:00,2018-11-29 08:15:05+00:00
request for payment 175931,Request For Payment FINAL_APPROVED by SUPERVISOR,STAFF MEMBER,2018-11-29 08:51:24+00:00,2018-11-29 08:15:24+00:00
request for payment 183662,Request Payment,SYSTEM,2018-11-29 09:01:38+00:00,2018-11-29 08:31:38+00:00
request for payment 179507,Request Payment,SYSTEM,2018-11-29 09:18:10+00:00,2018-11-29 08:35:10+00:00
request for payment 179518,Request For Payment SUBMITTED by EMPLOYEE,STAFF MEMBER,2018-11-29 09:23:00+00:00,2018-11-29 08:36:00+00:00
request for payment 179518,Request For Payment APPROVED by ADMINISTRATION,STAFF MEMBER,2018-11-29 09:07:11+00:00,2018-11-29 08:36:11+00:00
request for payment 179615,Request Payment,SYSTEM,2018-11-29 09:41:00+00:00,2018-11-29 08:43:00+00:00
request for payment 179635,Request For Payment FINAL_APPROVED by SUPERVISOR,STAFF MEMBER,2018-11-29 09:24:00+00:00,2018-11-29 08:50:00+00:00
request for payment 173976,Request Payment,SYSTEM,2018-11-29 09:38:34+00:00,2018-11-29 08:53:34+00:00
request for payment 175983,Request For Payment FINAL_APPROVED by SUPERVISOR,STAFF MEMBER,2018-11-29 09:30:27+00:00,2018-11-29 08:58:27+00:00
request for payment 176290,Request For Payment SUBMITTED by EMPLOYEE,STAFF MEMBER,2018-11-29 09:39:02+00:00,2018-11-29 09:00:02+00:00
request for payment 184579,Request For Payment FINAL_APPROVED by SUPERVISOR,STAFF MEMBER,2018-11-29 09:50:48+00:00,2018-11-29 09:02:48+00:00
request for payment 176290,Request For Payment APPROVED by ADMINISTRATION,STAFF MEMBER,2018-11-29 10:00:37+00:00,2018-11-29 09:03:37+00:00
request for payment 183022,Request For Payment SUBMITTED by EMPLOYEE,STAFF MEMBER,2018-11-29 09:44:13+00:00,2018-11-29 09:10:13+00:00
request for payment 183022,Request For Payment APPROVED by ADMINISTRATION,STAFF MEMBER,2018-11-29 09:45:46+00:00,2018-11-29 09:10:46+00:00
request for payment 175894,Request For Payment REJECTED by EMPLOYEE,STAFF MEMBER,2018-11-29 10:03:18+00:00,2018-11-29 09:11:18+00:00
request for payment 175931,Request Payment,SYSTEM,2018-11-29 09:54:35+00:00,2018-11-29 09:12:35+00:00
request for payment 179558,Request For Payment FINAL_APPROVED by SUPERVISOR,STAFF MEMBER,2018-11-29 09:55:24+00:00,2018-11-29 09:14:24+00:00
request for payment 174344,Request Payment,SYSTEM,2018-11-29 10:13:57+00:00,2018-11-29 09:15:57+00:00
request for payment 178333,Request For Payment FINAL_APPROVED by SUPERVISOR,STAFF MEMBER,2018-11-29 09:46:06+00:00,2018-11-29 09:16:06+00:00
request for payment 177833,Request For Payment FINAL_APPROVED by SUPERVISOR,STAFF MEMBER,2018-11-29 10:10:09+00:00,2018-11-29 09:16:09+00:00
request for payment 179553,Request For Payment FINAL_APPROVED by SUPERVISOR,STAFF MEMBER,2018-11-29 10:07:46+00:00,2018-11-29 09:16:46+00:00
request for payment 177889,Request For Payment FINAL_APPROVED by SUPERVISOR,STAFF MEMBER,2018-11-29 10:13:37+00:00,2018-11-29 09:17:37+00:00
request for payment 184517,Request Payment,SYSTEM,2018-11-29 10:07:38+00:00,2018-11-29 09:17:38+00:00
request for payment 179492,Request For Payment REJECTED by EMPLOYEE,STAFF MEMBER,2018-11-29 10:19:28+00:00,2018-11-29 09:48:28+00:00
request for payment 175485,Request For Payment REJECTED by EMPLOYEE,STAFF MEMBER,2018-11-29 10:20:46+00:00,2018-11-29 09:50:46+00:00
request for payment 181753,Request For Payment APPROVED by BUDGET OWNER,STAFF MEMBER,2018-11-29 10:38:18+00:00,2018-11-29 10:02:18+00:00
request for payment 175513,Request Payment,SYSTEM,2018-11-29 11:02:56+00:00,2018-11-29 10:14:56+00:00
request for payment 184579,Request Payment,SYSTEM,2018-11-29 10:48:04+00:00,2018-11-29 10:15:04+00:00
request for payment 183011,Request Payment,SYSTEM,2018-11-29 10:58:13+00:00,2018-11-29 10:18:13+00:00
request for payment 175983,Request Payment,SYSTEM,2018-11-29 11:05:20+00:00,2018-11-29 10:18:20+00:00
request for payment 175961,Request Payment,SYSTEM,2018-11-29 10:58:33+00:00,2018-11-29 10:19:33+00:00
request for payment 175972,Request Payment,SYSTEM,2018-11-29 11:26:10+00:00,2018-11-29 10:26:10+00:00
request for payment 184535,Request Payment,SYSTEM,2018-11-29 11:10:51+00:00,2018-11-29 10:28:51+00:00
request for payment 184584,Request For Payment SUBMITTED by EMPLOYEE,STAFF MEMBER,2018-11-29 11:12:47+00:00,2018-11-29 10:42:47+00:00
request for payment 184584,Request For Payment REJECTED by ADMINISTRATION,STAFF MEMBER,2018-11-29 11:14:02+00:00,2018-11-29 10:43:02+00:00
request for payment 183985,Request For Payment SUBMITTED by EMPLOYEE,STAFF MEMBER,2018-11-29 11:33:46+00:00,2018-11-29 10:46:46+00:00
request for payment 183985,Request For Payment APPROVED by ADMINISTRATION,STAFF MEMBER,2018-11-29 11:22:49+00:00,2018-11-29 10:46:49+00:00
request for payment 176296,Request For Payment SUBMITTED by EMPLOYEE,STAFF MEMBER,2018-11-29 11:54:07+00:00,2018-11-29 11:04:07+00:00
request for payment 176296,Request For Payment APPROVED by ADMINISTRATION,STAFF MEMBER,2018-11-29 12:03:44+00:00,2018-11-29 11:04:44+00:00
request for payment 171695,Request Payment,SYSTEM,2018-11-29 12:31:20+00:00,2018-11-29 11:32:20+00:00
request for payment 179542,Request For Payment FINAL_APPROVED by SUPERVISOR,STAFF MEMBER,2018-11-29 12:51:39+00:00,2018-11-29 12:05:39+00:00
request for payment 179640,Request For Payment SUBMITTED by EMPLOYEE,STAFF MEMBER,2018-11-29 12:39:21+00:00,2018-11-29 12:07:21+00:00
request for payment 179861,Request Payment,SYSTEM,2018-11-29 12:53:29+00:00,2018-11-29 12:09:29+00:00
request for payment 179635,Request Payment,SYSTEM,2018-11-29 12:55:49+00:00,2018-11-29 12:09:49+00:00
request for payment 175480,Request Payment,SYSTEM,2018-11-29 12:51:50+00:00,2018-11-29 12:09:50+00:00
request for payment 179640,Request For Payment APPROVED by ADMINISTRATION,STAFF MEMBER,2018-11-29 12:52:23+00:00,2018-11-29 12:14:23+00:00
request for payment 179558,Request Payment,SYSTEM,2018-11-29 12:59:11+00:00,2018-11-29 12:18:11+00:00
request for payment 178333,Request Payment,SYSTEM,2018-11-29 13:16:12+00:00,2018-11-29 12:18:12+00:00
request for payment 183000,Request For Payment APPROVED by BUDGET OWNER,STAFF MEMBER,2018-11-29 13:21:44+00:00,2018-11-29 12:22:44+00:00
request for payment 173957,Request For Payment FINAL_APPROVED by SUPERVISOR,STAFF MEMBER,2018-11-29 13:10:12+00:00,2018-11-29 12:28:12+00:00
request for payment 174071,Request For Payment FINAL_APPROVED by SUPERVISOR,STAFF MEMBER,2018-11-29 13:20:12+00:00,2018-11-29 12:28:12+00:00
request for payment 183028,Request For Payment SUBMITTED by EMPLOYEE,STAFF MEMBER,2018-11-29 13:43:19+00:00,2018-11-29 12:53:19+00:00
request for payment 183028,Request For Payment APPROVED by ADMINISTRATION,STAFF MEMBER,2018-11-29 13:29:21+00:00,2018-11-29 12:53:21+00:00
request for payment 177857,Request For Payment FINAL_APPROVED by SUPERVISOR,STAFF MEMBER,2018-11-29 14:01:17+00:00,2018-11-29 13:02:17+00:00
request for payment 183033,Request For Payment SUBMITTED by EMPLOYEE,STAFF MEMBER,2018-11-29 14:02:43+00:00,2018-11-29 13:09:43+00:00
request for payment 183033,Request For Payment APPROVED by ADMINISTRATION,STAFF MEMBER,2018-11-29 14:18:32+00:00,2018-11-29 13:21:32+00:00
request for payment 176306,Request For Payment SUBMITTED by EMPLOYEE,STAFF MEMBER,2018-11-29 13:54:15+00:00,2018-11-29 13:22:15+00:00
request for payment 176306,Request For Payment APPROVED by ADMINISTRATION,STAFF MEMBER,2018-11-29 14:06:19+00:00,2018-11-29 13:23:19+00:00
request for payment 176311,Request For Payment SUBMITTED by EMPLOYEE,STAFF MEMBER,2018-11-29 14:11:47+00:00,2018-11-29 13:23:47+00:00
request for payment 176311,Request For Payment APPROVED by ADMINISTRATION,STAFF MEMBER,2018-11-29 14:13:12+00:00,2018-11-29 13:24:12+00:00
request for payment 184160,Request Payment,SYSTEM,2018-11-29 14:08:53+00:00,2018-11-29 13:33:53+00:00
request for payment 178338,Request Payment,SYSTEM,2018-11-29 14:34:56+00:00,2018-11-29 13:34:56+00:00
request for payment 184547,Request Payment,SYSTEM,2018-11-29 14:31:58+00:00,2018-11-29 13:36:58+00:00
request for payment 179645,Request For Payment SUBMITTED by EMPLOYEE,STAFF MEMBER,2018-11-29 14:12:47+00:00,2018-11-29 13:42:47+00:00
request for payment 179645,Request For Payment REJECTED by ADMINISTRATION,STAFF MEMBER,2018-11-29 14:33:51+00:00,2018-11-29 13:42:51+00:00
request for payment 182984,Request Payment,SYSTEM,2018-11-29 15:09:09+00:00,2018-11-29 14:16:09+00:00
request for payment 179653,Request For Payment SUBMITTED by EMPLOYEE,STAFF MEMBER,2018-11-29 14:49:37+00:00,2018-11-29 14:18:37+00:00
request for payment 179653,Request For Payment APPROVED by ADMINISTRATION,STAFF MEMBER,2018-11-29 15:08:56+00:00,2018-11-29 14:18:56+00:00
request for payment 177889,Request Payment,SYSTEM,2018-11-29 15:21:52+00:00,2018-11-29 14:34:52+00:00
request for payment 184144,Request For Payment FINAL_APPROVED by SUPERVISOR,STAFF MEMBER,2018-11-29 15:14:17+00:00,2018-11-29 14:37:17+00:00
request for payment 184155,Request Payment,SYSTEM,2018-11-29 15:39:24+00:00,2018-11-29 14:40:24+00:00
request for payment 183708,Request Payment,SYSTEM,2018-11-29 15:18:38+00:00,2018-11-29 14:40:38+00:00
request for payment 183961,Request Payment,SYSTEM,2018-11-29 15:14:44+00:00,2018-11-29 14:40:44+00:00
request for payment 178322,Request Payment,SYSTEM,2018-11-29 15:13:50+00:00,2018-11-29 14:42:50+00:00
request for payment 184155,Payment Handled,SYSTEM,2018-11-29 17:09:16+00:00,2018-11-29 16:31:16+00:00
request for payment 182173,Payment Handled,SYSTEM,2018-11-29 17:16:20+00:00,2018-11-29 16:31:20+00:00
request for payment 177868,Payment Handled,SYSTEM,2018-11-29 17:28:20+00:00,2018-11-29 16:31:20+00:00
request for payment 175519,Payment Handled,SYSTEM,2018-11-29 17:01:20+00:00,2018-11-29 16:31:20+00:00
request for payment 173732,Payment Handled,SYSTEM,2018-11-29 17:02:20+00:00,2018-11-29 16:31:20+00:00
request for payment 184150,Payment Handled,SYSTEM,2018-11-29 17:02:20+00:00,2018-11-29 16:31:20+00:00
request for payment 174330,Payment Handled,SYSTEM,2018-11-29 17:03:20+00:00,2018-11-29 16:31:20+00:00
request for payment 183740,Payment Handled,SYSTEM,2018-11-29 17:03:20+00:00,2018-11-29 16:31:20+00:00
request for payment 183657,Payment Handled,SYSTEM,2018-11-29 17:03:20+00:00,2018-11-29 16:31:20+00:00
request for payment 173952,Payment Handled,SYSTEM,2018-11-29 17:15:20+00:00,2018-11-29 16:31:20+00:00
request for payment 179532,Payment Handled,SYSTEM,2018-11-29 17:31:20+00:00,2018-11-29 16:31:20+00:00
request for payment 183792,Payment Handled,SYSTEM,2018-11-29 17:05:20+00:00,2018-11-29 16:31:20+00:00
request for payment 174362,Payment Handled,SYSTEM,2018-11-29 17:08:20+00:00,2018-11-29 16:31:20+00:00
request for payment 179610,Payment Handled,SYSTEM,2018-11-29 17:31:20+00:00,2018-11-29 16:31:20+00:00
request for payment 184114,Payment Handled,SYSTEM,2018-11-29 17:06:20+00:00,2018-11-29 16:31:20+00:00
request for payment 175469,Payment Handled,SYSTEM,2018-11-29 17:31:20+00:00,2018-11-29 16:31:20+00:00
request for payment 173062,Payment Handled,SYSTEM,2018-11-29 17:29:20+00:00,2018-11-29 16:31:20+00:00
request for payment 177822,Payment Handled,SYSTEM,2018-11-29 17:07:20+00:00,2018-11-29 16:31:20+00:00
request for payment 174373,Payment Handled,SYSTEM,2018-11-29 17:29:20+00:00,2018-11-29 16:31:20+00:00
request for payment 177839,Payment Handled,SYSTEM,2018-11-29 17:08:20+00:00,2018-11-29 16:31:20+00:00
request for payment 178317,Payment Handled,SYSTEM,2018-11-29 17:09:20+00:00,2018-11-29 16:31:20+00:00
request for payment 184351,Payment Handled,SYSTEM,2018-11-29 17:28:20+00:00,2018-11-29 16:31:20+00:00
request for payment 174265,Payment Handled,SYSTEM,2018-11-29 17:28:20+00:00,2018-11-29 16:31:20+00:00
request for payment 177863,Payment Handled,SYSTEM,2018-11-29 17:06:20+00:00,2018-11-29 16:31:20+00:00
request for payment 177873,Payment Handled,SYSTEM,2018-11-29 17:31:20+00:00,2018-11-29 16:31:20+00:00
request for payment 184317,Payment Handled,SYSTEM,2018-11-29 17:09:20+00:00,2018-11-29 16:31:20+00:00
request for payment 182183,Payment Handled,SYSTEM,2018-11-29 17:26:20+00:00,2018-11-29 16:31:20+00:00
request for payment 173547,Payment Handled,SYSTEM,2018-11-29 17:17:20+00:00,2018-11-29 16:31:20+00:00
request for payment 177878,Payment Handled,SYSTEM,2018-11-29 17:09:20+00:00,2018-11-29 16:31:20+00:00
request for payment 174314,Payment Handled,SYSTEM,2018-11-29 17:27:20+00:00,2018-11-29 16:31:20+00:00
request for payment 179482,Payment Handled,SYSTEM,2018-11-29 17:27:20+00:00,2018-11-29 16:31:20+00:00
request for payment 172503,Payment Handled,SYSTEM,2018-11-29 17:27:20+00:00,2018-11-29 16:31:20+00:00
request for payment 182145,Payment Handled,SYSTEM,2018-11-29 17:10:20+00:00,2018-11-29 16:31:20+00:00
request for payment 181765,Payment Handled,SYSTEM,2018-11-29 17:10:20+00:00,2018-11-29 16:31:20+00:00
request for payment 172523,Payment Handled,SYSTEM,2018-11-29 17:10:20+00:00,2018-11-29 16:31:20+00:00
request for payment 184332,Payment Handled,SYSTEM,2018-11-29 17:10:20+00:00,2018-11-29 16:31:20+00:00
request for payment 183609,Payment Handled,SYSTEM,2018-11-29 17:15:20+00:00,2018-11-29 16:31:20+00:00
request for payment 182129,Payment Handled,SYSTEM,2018-11-29 17:26:20+00:00,2018-11-29 16:31:20+00:00
request for payment 177450,Payment Handled,SYSTEM,2018-11-29 17:25:20+00:00,2018-11-29 16:31:20+00:00
request for payment 183294,Payment Handled,SYSTEM,2018-11-29 17:24:20+00:00,2018-11-29 16:31:20+00:00
request for payment 184135,Payment Handled,SYSTEM,2018-11-29 17:12:20+00:00,2018-11-29 16:31:20+00:00
request for payment 179466,Payment Handled,SYSTEM,2018-11-29 17:12:20+00:00,2018-11-29 16:31:20+00:00
request for payment 184523,Payment Handled,SYSTEM,2018-11-29 17:22:20+00:00,2018-11-29 16:31:20+00:00
request for payment 174056,Payment Handled,SYSTEM,2018-11-29 17:21:20+00:00,2018-11-29 16:31:20+00:00
request for payment 183975,Payment Handled,SYSTEM,2018-11-29 17:13:20+00:00,2018-11-29 16:31:20+00:00
request for payment 175464,Payment Handled,SYSTEM,2018-11-29 17:20:20+00:00,2018-11-29 16:31:20+00:00
request for payment 182800,Payment Handled,SYSTEM,2018-11-29 17:14:20+00:00,2018-11-29 16:31:20+00:00
request for payment 178301,Payment Handled,SYSTEM,2018-11-29 17:14:20+00:00,2018-11-29 16:31:20+00:00
request for payment 177455,Payment Handled,SYSTEM,2018-11-29 17:14:20+00:00,2018-11-29 16:31:20+00:00
request for payment 179459,Payment Handled,SYSTEM,2018-11-29 17:19:20+00:00,2018-11-29 16:31:20+00:00
request for payment 174319,Payment Handled,SYSTEM,2018-11-29 17:19:20+00:00,2018-11-29 16:31:20+00:00
request for payment 176316,Request For Payment SUBMITTED by EMPLOYEE,STAFF MEMBER,2018-11-29 17:52:57+00:00,2018-11-29 16:53:57+00:00
request for payment 176316,Request For Payment APPROVED by ADMINISTRATION,STAFF MEMBER,2018-11-29 17:47:36+00:00,2018-11-29 16:55:36+00:00
request for payment 176321,Request For Payment SUBMITTED by EMPLOYEE,STAFF MEMBER,2018-11-29 17:57:15+00:00,2018-11-29 17:00:15+00:00
request for payment 176321,Request For Payment REJECTED by ADMINISTRATION,STAFF MEMBER,2018-11-29 17:34:18+00:00,2018-11-29 17:00:18+00:00
request for payment 176325,Request For Payment SUBMITTED by EMPLOYEE,STAFF MEMBER,2018-11-29 18:24:09+00:00,2018-11-29 17:32:09+00:00
request for payment 176325,Request For Payment APPROVED by ADMINISTRATION,STAFF MEMBER,2018-11-29 18:16:14+00:00,2018-11-29 17:32:14+00:00
request for payment 184574,Request For Payment FINAL_APPROVED by SUPERVISOR,STAFF MEMBER,2018-11-29 19:16:23+00:00,2018-11-29 18:21:23+00:00
request for payment 183677,Request For Payment FINAL_APPROVED by SUPERVISOR,STAFF MEMBER,2018-11-29 19:18:19+00:00,2018-11-29 18:26:19+00:00
request for payment 183682,Request For Payment FINAL_APPROVED by SUPERVISOR,STAFF MEMBER,2018-11-29 19:26:11+00:00,2018-11-29 18:27:11+00:00
request for payment 183022,Request For Payment APPROVED by BUDGET OWNER,STAFF MEMBER,2018-11-29 19:27:15+00:00,2018-11-29 18:34:15+00:00
request for payment 176325,Request For Payment APPROVED by BUDGET OWNER,STAFF MEMBER,2018-11-29 19:20:44+00:00,2018-11-29 18:35:44+00:00
request for payment 178348,Request For Payment APPROVED by BUDGET OWNER,STAFF MEMBER,2018-11-29 19:24:56+00:00,2018-11-29 18:36:56+00:00
request for payment 183033,Request For Payment FINAL_APPROVED by SUPERVISOR,STAFF MEMBER,2018-11-29 19:26:01+00:00,2018-11-29 18:40:01+00:00
request for payment 176306,Request For Payment FINAL_APPROVED by SUPERVISOR,STAFF MEMBER,2018-11-29 19:41:55+00:00,2018-11-29 18:41:55+00:00
request for payment 183907,Request For Payment REJECTED by ADMINISTRATION,STAFF MEMBER,2018-11-30 01:38:35+00:00,2018-11-30 00:48:35+00:00
request for payment 183646,Request For Payment FINAL_APPROVED by SUPERVISOR,STAFF MEMBER,2018-11-30 05:03:19+00:00,2018-11-30 04:15:19+00:00
request for payment 183028,Request For Payment FINAL_APPROVED by SUPERVISOR,STAFF MEMBER,2018-11-30 08:50:20+00:00,2018-11-30 07:57:20+00:00
request for payment 178359,Request For Payment FINAL_APPROVED by SUPERVISOR,STAFF MEMBER,2018-11-30 08:39:32+00:00,2018-11-30 07:59:32+00:00
request for payment 179876,Request For Payment SUBMITTED by EMPLOYEE,STAFF MEMBER,2018-11-30 08:46:00+00:00,2018-11-30 08:12:00+00:00
request for payment 179876,Request For Payment APPROVED by ADMINISTRATION,STAFF MEMBER,2018-11-30 09:04:02+00:00,2018-11-30 08:12:02+00:00
request for payment 176306,Request Payment,SYSTEM,2018-11-30 09:24:35+00:00,2018-11-30 08:24:35+00:00
request for payment 183033,Request Payment,SYSTEM,2018-11-30 09:17:43+00:00,2018-11-30 08:24:43+00:00
request for payment 184584,Request For Payment REJECTED by EMPLOYEE,STAFF MEMBER,2018-11-30 09:30:52+00:00,2018-11-30 08:55:52+00:00
request for payment 176296,Request For Payment REJECTED by BUDGET OWNER,STAFF MEMBER,2018-11-30 09:53:57+00:00,2018-11-30 08:57:57+00:00
request for payment 178364,Request For Payment SUBMITTED by EMPLOYEE,STAFF MEMBER,2018-11-30 09:40:35+00:00,2018-11-30 08:59:35+00:00
request for payment 171707,Request For Payment SUBMITTED by EMPLOYEE,STAFF MEMBER,2018-11-30 09:55:05+00:00,2018-11-30 09:01:05+00:00
request for payment 171707,Request For Payment APPROVED by ADMINISTRATION,STAFF MEMBER,2018-11-30 09:55:10+00:00,2018-11-30 09:01:10+00:00
request for payment 178364,Request For Payment APPROVED by ADMINISTRATION,STAFF MEMBER,2018-11-30 09:53:12+00:00,2018-11-30 09:01:12+00:00
request for payment 171702,Request For Payment FINAL_APPROVED by SUPERVISOR,STAFF MEMBER,2018-11-30 10:01:18+00:00,2018-11-30 09:09:18+00:00
request for payment 171707,Request For Payment FINAL_APPROVED by SUPERVISOR,STAFF MEMBER,2018-11-30 09:45:52+00:00,2018-11-30 09:11:52+00:00
request for payment 183991,Request For Payment SUBMITTED by EMPLOYEE,STAFF MEMBER,2018-11-30 09:59:26+00:00,2018-11-30 09:16:26+00:00
request for payment 183991,Request For Payment APPROVED by ADMINISTRATION,STAFF MEMBER,2018-11-30 09:57:19+00:00,2018-11-30 09:17:19+00:00
request for payment 176331,Request For Payment SUBMITTED by EMPLOYEE,STAFF MEMBER,2018-11-30 10:02:57+00:00,2018-11-30 09:24:57+00:00
request for payment 176331,Request For Payment APPROVED by ADMINISTRATION,STAFF MEMBER,2018-11-30 10:07:04+00:00,2018-11-30 09:25:04+00:00
request for payment 171712,Request For Payment SUBMITTED by EMPLOYEE,STAFF MEMBER,2018-11-30 10:04:48+00:00,2018-11-30 09:33:48+00:00
request for payment 171712,Request For Payment APPROVED by ADMINISTRATION,STAFF MEMBER,2018-11-30 10:14:56+00:00,2018-11-30 09:33:56+00:00
request for payment 183996,Request For Payment SUBMITTED by EMPLOYEE,STAFF MEMBER,2018-11-30 10:25:41+00:00,2018-11-30 09:48:41+00:00
request for payment 183996,Request For Payment APPROVED by ADMINISTRATION,STAFF MEMBER,2018-11-30 10:47:58+00:00,2018-11-30 09:48:58+00:00
request for payment 176337,Request For Payment SUBMITTED by EMPLOYEE,STAFF MEMBER,2018-11-30 11:04:27+00:00,2018-11-30 10:23:27+00:00
request for payment 183787,Request Payment,SYSTEM,2018-11-30 11:34:54+00:00,2018-11-30 10:37:54+00:00
request for payment 173537,Request Payment,SYSTEM,2018-11-30 11:14:05+00:00,2018-11-30 10:38:05+00:00
request for payment 175914,Request For Payment FINAL_APPROVED by SUPERVISOR,STAFF MEMBER,2018-11-30 11:43:21+00:00,2018-11-30 10:51:21+00:00
request for payment 176342,Request For Payment SUBMITTED by EMPLOYEE,STAFF MEMBER,2018-11-30 11:46:56+00:00,2018-11-30 10:57:56+00:00
request for payment 176342,Request For Payment APPROVED by ADMINISTRATION,STAFF MEMBER,2018-11-30 11:45:00+00:00,2018-11-30 10:58:00+00:00
request for payment 176337,Request For Payment APPROVED by ADMINISTRATION,STAFF MEMBER,2018-11-30 11:58:00+00:00,2018-11-30 11:16:00+00:00
request for payment 175966,Request Payment,SYSTEM,2018-11-30 12:22:59+00:00,2018-11-30 11:25:59+00:00
request for payment 179881,Request For Payment SUBMITTED by EMPLOYEE,STAFF MEMBER,2018-11-30 12:14:17+00:00,2018-11-30 11:42:17+00:00
request for payment 179881,Request For Payment REJECTED by ADMINISTRATION,STAFF MEMBER,2018-11-30 12:33:32+00:00,2018-11-30 11:42:32+00:00
request for payment 179885,Request For Payment SUBMITTED by EMPLOYEE,STAFF MEMBER,2018-11-30 12:38:47+00:00,2018-11-30 11:48:47+00:00
request for payment 179885,Request For Payment APPROVED by ADMINISTRATION,STAFF MEMBER,2018-11-30 12:23:50+00:00,2018-11-30 11:48:50+00:00
request for payment 176347,Request For Payment SUBMITTED by EMPLOYEE,STAFF MEMBER,2018-11-30 13:42:52+00:00,2018-11-30 12:44:52+00:00
request for payment 176347,Request For Payment APPROVED by ADMINISTRATION,STAFF MEMBER,2018-11-30 13:40:54+00:00,2018-11-30 12:44:54+00:00
request for payment 171712,Request For Payment FINAL_APPROVED by SUPERVISOR,STAFF MEMBER,2018-11-30 14:39:35+00:00,2018-11-30 13:47:35+00:00
request for payment 179901,Request For Payment SUBMITTED by EMPLOYEE,STAFF MEMBER,2018-11-30 14:48:03+00:00,2018-11-30 14:03:03+00:00
request for payment 179901,Request For Payment APPROVED by ADMINISTRATION,STAFF MEMBER,2018-11-30 14:42:08+00:00,2018-11-30 14:03:08+00:00
request for payment 179906,Request For Payment SUBMITTED by EMPLOYEE,STAFF MEMBER,2018-11-30 14:35:09+00:00,2018-11-30 14:04:09+00:00
request for payment 179906,Request For Payment REJECTED by ADMINISTRATION,STAFF MEMBER,2018-11-30 15:01:25+00:00,2018-11-30 14:04:25+00:00
request for payment 171717,Request For Payment SUBMITTED by EMPLOYEE,STAFF MEMBER,2018-11-30 14:39:59+00:00,2018-11-30 14:06:59+00:00
request for payment 171717,Request For Payment REJECTED by ADMINISTRATION,STAFF MEMBER,2018-11-30 15:07:38+00:00,2018-11-30 14:07:38+00:00
request for payment 179915,Request For Payment SUBMITTED by EMPLOYEE,STAFF MEMBER,2018-11-30 14:57:09+00:00,2018-11-30 14:10:09+00:00
request for payment 179915,Request For Payment APPROVED by ADMINISTRATION,STAFF MEMBER,2018-11-30 15:06:13+00:00,2018-11-30 14:10:13+00:00
request for payment 174077,Request For Payment FINAL_APPROVED by SUPERVISOR,STAFF MEMBER,2018-11-30 14:59:28+00:00,2018-11-30 14:11:28+00:00
request for payment 179921,Request For Payment SUBMITTED by EMPLOYEE,STAFF MEMBER,2018-11-30 14:53:35+00:00,2018-11-30 14:11:35+00:00
request for payment 183687,Request For Payment FINAL_APPROVED by SUPERVISOR,STAFF MEMBER,2018-11-30 15:08:03+00:00,2018-11-30 14:13:03+00:00
request for payment 179921,Request For Payment REJECTED by ADMINISTRATION,STAFF MEMBER,2018-11-30 14:50:13+00:00,2018-11-30 14:15:13+00:00
request for payment 179930,Request For Payment SUBMITTED by EMPLOYEE,STAFF MEMBER,2018-11-30 14:48:33+00:00,2018-11-30 14:15:33+00:00
request for payment 179938,Request For Payment SUBMITTED by EMPLOYEE,STAFF MEMBER,2018-11-30 15:05:17+00:00,2018-11-30 14:18:17+00:00
request for payment 179938,Request For Payment REJECTED by ADMINISTRATION,STAFF MEMBER,2018-11-30 15:16:26+00:00,2018-11-30 14:18:26+00:00
request for payment 171726,Request For Payment SUBMITTED by EMPLOYEE,STAFF MEMBER,2018-11-30 15:25:57+00:00,2018-11-30 14:25:57+00:00
request for payment 171726,Request For Payment REJECTED by ADMINISTRATION,STAFF MEMBER,2018-11-30 15:20:07+00:00,2018-11-30 14:26:07+00:00
request for payment 171735,Request For Payment SUBMITTED by EMPLOYEE,STAFF MEMBER,2018-11-30 15:26:28+00:00,2018-11-30 14:27:28+00:00
request for payment 171735,Request For Payment REJECTED by ADMINISTRATION,STAFF MEMBER,2018-11-30 15:01:40+00:00,2018-11-30 14:27:40+00:00
request for payment 185059,Request For Payment SUBMITTED by EMPLOYEE,STAFF MEMBER,2018-11-30 14:59:51+00:00,2018-11-30 14:28:51+00:00
request for payment 185059,Request For Payment REJECTED by ADMINISTRATION,STAFF MEMBER,2018-11-30 15:07:54+00:00,2018-11-30 14:28:54+00:00
request for payment 171744,Request For Payment SUBMITTED by EMPLOYEE,STAFF MEMBER,2018-11-30 15:21:56+00:00,2018-11-30 14:31:56+00:00
request for payment 171744,Request For Payment REJECTED by ADMINISTRATION,STAFF MEMBER,2018-11-30 15:03:02+00:00,2018-11-30 14:32:02+00:00
request for payment 176352,Request For Payment SUBMITTED by EMPLOYEE,STAFF MEMBER,2018-11-30 15:22:42+00:00,2018-11-30 14:33:42+00:00
request for payment 176352,Request For Payment REJECTED by ADMINISTRATION,STAFF MEMBER,2018-11-30 15:28:15+00:00,2018-11-30 14:34:15+00:00
request for payment 171753,Request For Payment SUBMITTED by EMPLOYEE,STAFF MEMBER,2018-11-30 15:16:38+00:00,2018-11-30 14:37:38+00:00
request for payment 171753,Request For Payment REJECTED by ADMINISTRATION,STAFF MEMBER,2018-11-30 15:27:52+00:00,2018-11-30 14:37:52+00:00
request for payment 176361,Request For Payment SUBMITTED by EMPLOYEE,STAFF MEMBER,2018-11-30 15:15:13+00:00,2018-11-30 14:40:13+00:00
request for payment 176361,Request For Payment REJECTED by ADMINISTRATION,STAFF MEMBER,2018-11-30 15:22:21+00:00,2018-11-30 14:40:21+00:00
request for payment 184588,Request For Payment SUBMITTED by EMPLOYEE,STAFF MEMBER,2018-11-30 15:41:33+00:00,2018-11-30 14:41:33+00:00
request for payment 184588,Request For Payment APPROVED by ADMINISTRATION,STAFF MEMBER,2018-11-30 15:16:17+00:00,2018-11-30 14:42:17+00:00
request for payment 184594,Request For Payment SUBMITTED by EMPLOYEE,STAFF MEMBER,2018-11-30 15:38:03+00:00,2018-11-30 14:47:03+00:00
request for payment 184594,Request For Payment APPROVED by ADMINISTRATION,STAFF MEMBER,2018-11-30 15:21:08+00:00,2018-11-30 14:47:08+00:00
request for payment 178307,Request Payment,SYSTEM,2018-11-30 15:35:03+00:00,2018-11-30 14:48:03+00:00
request for payment 184600,Request For Payment SUBMITTED by EMPLOYEE,STAFF MEMBER,2018-11-30 15:54:10+00:00,2018-11-30 14:54:10+00:00
request for payment 184600,Request For Payment REJECTED by ADMINISTRATION,STAFF MEMBER,2018-11-30 15:45:17+00:00,2018-11-30 14:55:17+00:00
request for payment 184609,Request For Payment SUBMITTED by EMPLOYEE,STAFF MEMBER,2018-11-30 15:53:29+00:00,2018-11-30 15:02:29+00:00
request for payment 184609,Request For Payment REJECTED by ADMINISTRATION,STAFF MEMBER,2018-11-30 15:48:51+00:00,2018-11-30 15:02:51+00:00
request for payment 184619,Request For Payment SUBMITTED by EMPLOYEE,STAFF MEMBER,2018-11-30 15:49:27+00:00,2018-11-30 15:04:27+00:00
request for payment 184619,Request For Payment REJECTED by ADMINISTRATION,STAFF MEMBER,2018-11-30 16:04:35+00:00,2018-11-30 15:04:35+00:00
request for payment 176370,Request For Payment SUBMITTED by EMPLOYEE,STAFF MEMBER,2018-11-30 16:05:29+00:00,2018-11-30 15:06:29+00:00
request for payment 176370,Request For Payment APPROVED by ADMINISTRATION,STAFF MEMBER,2018-11-30 15:49:53+00:00,2018-11-30 15:06:53+00:00
request for payment 178013,Request For Payment SUBMITTED by EMPLOYEE,STAFF MEMBER,2018-11-30 15:47:27+00:00,2018-11-30 15:08:27+00:00
request for payment 178013,Request For Payment APPROVED by ADMINISTRATION,STAFF MEMBER,2018-11-30 16:07:31+00:00,2018-11-30 15:08:31+00:00
request for payment 183687,Request Payment,SYSTEM,2018-11-30 16:00:48+00:00,2018-11-30 15:08:48+00:00
request for payment 179625,Request Payment,SYSTEM,2018-11-30 16:14:57+00:00,2018-11-30 15:33:57+00:00
request for payment 179871,Request Payment,SYSTEM,2018-11-30 16:08:58+00:00,2018-11-30 15:33:58+00:00
request for payment 176376,Request For Payment SUBMITTED by EMPLOYEE,STAFF MEMBER,2018-11-30 16:32:25+00:00,2018-11-30 15:43:25+00:00
request for payment 176376,Request For Payment APPROVED by ADMINISTRATION,STAFF MEMBER,2018-11-30 16:31:32+00:00,2018-11-30 15:43:32+00:00
request for payment 178698,Request For Payment SUBMITTED by EMPLOYEE,STAFF MEMBER,2018-11-30 16:58:35+00:00,2018-11-30 16:21:35+00:00
request for payment 178698,Request For Payment APPROVED by ADMINISTRATION,STAFF MEMBER,2018-11-30 16:58:45+00:00,2018-11-30 16:22:45+00:00
request for payment 176381,Request For Payment SUBMITTED by EMPLOYEE,STAFF MEMBER,2018-11-30 17:05:35+00:00,2018-11-30 16:28:35+00:00
request for payment 176381,Request For Payment REJECTED by ADMINISTRATION,STAFF MEMBER,2018-11-30 17:26:45+00:00,2018-11-30 16:28:45+00:00
request for payment 171762,Request For Payment SUBMITTED by EMPLOYEE,STAFF MEMBER,2018-11-30 20:40:02+00:00,2018-11-30 19:40:02+00:00
request for payment 171762,Request For Payment APPROVED by ADMINISTRATION,STAFF MEMBER,2018-11-30 20:15:32+00:00,2018-11-30 19:40:32+00:00
request for payment 176390,Request For Payment SUBMITTED by EMPLOYEE,STAFF MEMBER,2018-12-01 13:25:47+00:00,2018-12-01 12:44:47+00:00
request for payment 176390,Request For Payment REJECTED by ADMINISTRATION,STAFF MEMBER,2018-12-01 13:40:52+00:00,2018-12-01 12:53:52+00:00
request for payment 176399,Request For Payment SUBMITTED by EMPLOYEE,STAFF MEMBER,2018-12-01 13:51:51+00:00,2018-12-01 12:55:51+00:00
request for payment 176399,Request For Payment APPROVED by ADMINISTRATION,STAFF MEMBER,2018-12-01 13:27:07+00:00,2018-12-01 12:56:07+00:00
request for payment 176405,Request For Payment SUBMITTED by EMPLOYEE,STAFF MEMBER,2018-12-01 13:29:36+00:00,2018-12-01 12:57:36+00:00
request for payment 176405,Request For Payment APPROVED by ADMINISTRATION,STAFF MEMBER,2018-12-01 13:49:39+00:00,2018-12-01 12:57:39+00:00
request for payment 176411,Request For Payment SUBMITTED by EMPLOYEE,STAFF MEMBER,2018-12-01 13:44:41+00:00,2018-12-01 12:58:41+00:00
request for payment 176411,Request For Payment REJECTED by ADMINISTRATION,STAFF MEMBER,2018-12-01 13:43:48+00:00,2018-12-01 12:58:48+00:00
request for payment 176775,Request For Payment SUBMITTED by EMPLOYEE,STAFF MEMBER,2018-12-01 17:02:28+00:00,2018-12-01 16:05:28+00:00
request for payment 176775,Request For Payment APPROVED by ADMINISTRATION,STAFF MEMBER,2018-12-01 16:50:16+00:00,2018-12-01 16:06:16+00:00
request for payment 179666,Request For Payment SUBMITTED by EMPLOYEE,STAFF MEMBER,2018-12-01 22:28:24+00:00,2018-12-01 21:36:24+00:00
request for payment 177857,Request Payment,SYSTEM,2018-12-02 09:33:49+00:00,2018-12-02 08:34:49+00:00
request for payment 183667,Request For Payment FINAL_APPROVED by SUPERVISOR,STAFF MEMBER,2018-12-02 17:11:44+00:00,2018-12-02 16:19:44+00:00
request for payment 179885,Request For Payment APPROVED by BUDGET OWNER,STAFF MEMBER,2018-12-02 17:09:35+00:00,2018-12-02 16:20:35+00:00
request for payment 171762,Request For Payment APPROVED by BUDGET OWNER,STAFF MEMBER,2018-12-02 17:20:28+00:00,2018-12-02 16:22:28+00:00
request for payment 179518,Request For Payment FINAL_APPROVED by SUPERVISOR,STAFF MEMBER,2018-12-02 17:07:34+00:00,2018-12-02 16:27:34+00:00
request for payment 179645,Request For Payment REJECTED by EMPLOYEE,STAFF MEMBER,2018-12-02 17:10:02+00:00,2018-12-02 16:36:02+00:00
request for payment 183907,Request For Payment REJECTED by EMPLOYEE,STAFF MEMBER,2018-12-02 17:37:26+00:00,2018-12-02 16:41:26+00:00
request for payment 179906,Request For Payment REJECTED by EMPLOYEE,STAFF MEMBER,2018-12-02 17:45:24+00:00,2018-12-02 16:45:24+00:00
request for payment 171717,Request For Payment REJECTED by EMPLOYEE,STAFF MEMBER,2018-12-02 17:41:53+00:00,2018-12-02 16:46:53+00:00
request for payment 179915,Request For Payment APPROVED by BUDGET OWNER,STAFF MEMBER,2018-12-02 17:28:01+00:00,2018-12-02 16:50:01+00:00
request for payment 179921,Request For Payment REJECTED by EMPLOYEE,STAFF MEMBER,2018-12-02 17:25:35+00:00,2018-12-02 16:51:35+00:00
request for payment 179938,Request For Payment REJECTED by EMPLOYEE,STAFF MEMBER,2018-12-02 17:33:42+00:00,2018-12-02 16:52:42+00:00
request for payment 171726,Request For Payment REJECTED by EMPLOYEE,STAFF MEMBER,2018-12-02 17:51:44+00:00,2018-12-02 16:53:44+00:00
request for payment 171735,Request For Payment REJECTED by EMPLOYEE,STAFF MEMBER,2018-12-02 17:26:38+00:00,2018-12-02 16:54:38+00:00
request for payment 185059,Request For Payment REJECTED by EMPLOYEE,STAFF MEMBER,2018-12-02 17:43:37+00:00,2018-12-02 16:55:37+00:00
request for payment 171744,Request For Payment REJECTED by EMPLOYEE,STAFF MEMBER,2018-12-02 17:42:13+00:00,2018-12-02 16:58:13+00:00
request for payment 176352,Request For Payment REJECTED by EMPLOYEE,STAFF MEMBER,2018-12-02 17:34:42+00:00,2018-12-02 16:58:42+00:00
request for payment 171753,Request For Payment REJECTED by EMPLOYEE,STAFF MEMBER,2018-12-02 17:48:06+00:00,2018-12-02 16:59:06+00:00
request for payment 176361,Request For Payment REJECTED by EMPLOYEE,STAFF MEMBER,2018-12-02 17:33:29+00:00,2018-12-02 16:59:29+00:00
request for payment 184588,Request For Payment APPROVED by BUDGET OWNER,STAFF MEMBER,2018-12-02 17:40:25+00:00,2018-12-02 17:02:25+00:00
request for payment 184594,Request For Payment APPROVED by BUDGET OWNER,STAFF MEMBER,2018-12-02 18:06:11+00:00,2018-12-02 17:07:11+00:00
request for payment 184600,Request For Payment REJECTED by EMPLOYEE,STAFF MEMBER,2018-12-02 17:54:51+00:00,2018-12-02 17:07:51+00:00
request for payment 184609,Request For Payment REJECTED by EMPLOYEE,STAFF MEMBER,2018-12-02 18:05:18+00:00,2018-12-02 17:08:18+00:00
request for payment 184619,Request For Payment REJECTED by EMPLOYEE,STAFF MEMBER,2018-12-02 17:57:42+00:00,2018-12-02 17:08:42+00:00
request for payment 183392,Request For Payment SUBMITTED by EMPLOYEE,STAFF MEMBER,2018-12-02 18:07:33+00:00,2018-12-02 17:12:33+00:00
request for payment 176370,Request For Payment APPROVED by BUDGET OWNER,STAFF MEMBER,2018-12-02 17:48:54+00:00,2018-12-02 17:14:54+00:00
request for payment 178013,Request For Payment APPROVED by BUDGET OWNER,STAFF MEMBER,2018-12-02 18:13:43+00:00,2018-12-02 17:17:43+00:00
request for payment 176390,Request For Payment REJECTED by EMPLOYEE,STAFF MEMBER,2018-12-02 17:56:13+00:00,2018-12-02 17:19:13+00:00
request for payment 176399,Request For Payment APPROVED by BUDGET OWNER,STAFF MEMBER,2018-12-02 18:15:29+00:00,2018-12-02 17:20:29+00:00
request for payment 176405,Request For Payment APPROVED by BUDGET OWNER,STAFF MEMBER,2018-12-02 18:18:11+00:00,2018-12-02 17:22:11+00:00
request for payment 176411,Request For Payment REJECTED by EMPLOYEE,STAFF MEMBER,2018-12-02 18:04:28+00:00,2018-12-02 17:22:28+00:00
request for payment 179915,Request For Payment FINAL_APPROVED by SUPERVISOR,STAFF MEMBER,2018-12-02 18:38:16+00:00,2018-12-02 18:06:16+00:00
request for payment 176399,Request For Payment FINAL_APPROVED by SUPERVISOR,STAFF MEMBER,2018-12-02 18:58:16+00:00,2018-12-02 18:06:16+00:00
request for payment 184594,Request For Payment FINAL_APPROVED by SUPERVISOR,STAFF MEMBER,2018-12-02 19:02:16+00:00,2018-12-02 18:06:16+00:00
request for payment 176405,Request For Payment FINAL_APPROVED by SUPERVISOR,STAFF MEMBER,2018-12-02 18:47:16+00:00,2018-12-02 18:06:16+00:00
request for payment 184588,Request For Payment FINAL_APPROVED by SUPERVISOR,STAFF MEMBER,2018-12-02 18:42:16+00:00,2018-12-02 18:06:16+00:00
request for payment 178013,Request For Payment FINAL_APPROVED by SUPERVISOR,STAFF MEMBER,2018-12-02 18:58:16+00:00,2018-12-02 18:06:16+00:00
request for payment 176370,Request For Payment FINAL_APPROVED by SUPERVISOR,STAFF MEMBER,2018-12-02 18:56:16+00:00,2018-12-02 18:06:16+00:00
request for payment 179672,Request For Payment SUBMITTED by EMPLOYEE,STAFF MEMBER,2018-12-02 19:10:11+00:00,2018-12-02 18:17:11+00:00
request for payment 179672,Request For Payment APPROVED by ADMINISTRATION,STAFF MEMBER,2018-12-02 19:13:06+00:00,2018-12-02 18:18:06+00:00
request for payment 179685,Request For Payment SUBMITTED by EMPLOYEE,STAFF MEMBER,2018-12-02 19:21:15+00:00,2018-12-02 18:21:15+00:00
request for payment 179685,Request For Payment APPROVED by ADMINISTRATION,STAFF MEMBER,2018-12-02 18:58:39+00:00,2018-12-02 18:21:39+00:00
request for payment 179690,Request For Payment SUBMITTED by EMPLOYEE,STAFF MEMBER,2018-12-02 19:09:10+00:00,2018-12-02 18:24:10+00:00
request for payment 179690,Request For Payment APPROVED by ADMINISTRATION,STAFF MEMBER,2018-12-02 19:21:15+00:00,2018-12-02 18:24:15+00:00
request for payment 179980,Request For Payment SUBMITTED by EMPLOYEE,STAFF MEMBER,2018-12-02 19:25:41+00:00,2018-12-02 18:26:41+00:00
request for payment 179980,Request For Payment APPROVED by ADMINISTRATION,STAFF MEMBER,2018-12-02 19:19:57+00:00,2018-12-02 18:26:57+00:00
request for payment 179985,Request For Payment SUBMITTED by EMPLOYEE,STAFF MEMBER,2018-12-02 19:11:27+00:00,2018-12-02 18:29:27+00:00
request for payment 179985,Request For Payment APPROVED by ADMINISTRATION,STAFF MEMBER,2018-12-02 19:29:38+00:00,2018-12-02 18:29:38+00:00
request for payment 177807,Request For Payment APPROVED by ADMINISTRATION,STAFF MEMBER,2018-12-02 19:22:23+00:00,2018-12-02 18:30:23+00:00
request for payment 179990,Request For Payment SUBMITTED by EMPLOYEE,STAFF MEMBER,2018-12-02 19:07:51+00:00,2018-12-02 18:31:51+00:00
request for payment 179990,Request For Payment APPROVED by ADMINISTRATION,STAFF MEMBER,2018-12-02 19:30:33+00:00,2018-12-02 18:32:33+00:00
request for payment 179995,Request For Payment SUBMITTED by EMPLOYEE,STAFF MEMBER,2018-12-02 19:10:50+00:00,2018-12-02 18:35:50+00:00
request for payment 179995,Request For Payment APPROVED by ADMINISTRATION,STAFF MEMBER,2018-12-02 19:16:01+00:00,2018-12-02 18:36:01+00:00
request for payment 180000,Request For Payment SUBMITTED by EMPLOYEE,STAFF MEMBER,2018-12-02 19:25:50+00:00,2018-12-02 18:38:50+00:00
request for payment 180000,Request For Payment APPROVED by ADMINISTRATION,STAFF MEMBER,2018-12-02 19:32:00+00:00,2018-12-02 18:40:00+00:00
request for payment 180005,Request For Payment SUBMITTED by EMPLOYEE,STAFF MEMBER,2018-12-02 19:23:51+00:00,2018-12-02 18:43:51+00:00
request for payment 180005,Request For Payment APPROVED by ADMINISTRATION,STAFF MEMBER,2018-12-02 19:43:52+00:00,2018-12-02 18:44:52+00:00
request for payment 180010,Request For Payment SUBMITTED by EMPLOYEE,STAFF MEMBER,2018-12-02 19:54:24+00:00,2018-12-02 18:55:24+00:00
request for payment 180010,Request For Payment APPROVED by ADMINISTRATION,STAFF MEMBER,2018-12-02 19:55:29+00:00,2018-12-02 18:55:29+00:00
request for payment 183677,Request Payment,SYSTEM,2018-12-02 19:28:32+00:00,2018-12-02 18:57:32+00:00
request for payment 183682,Request Payment,SYSTEM,2018-12-02 19:34:32+00:00,2018-12-02 18:57:32+00:00
request for payment 183667,Request Payment,SYSTEM,2018-12-02 19:42:38+00:00,2018-12-02 18:57:38+00:00
request for payment 180015,Request For Payment SUBMITTED by EMPLOYEE,STAFF MEMBER,2018-12-02 19:54:52+00:00,2018-12-02 18:58:52+00:00
request for payment 180015,Request For Payment APPROVED by ADMINISTRATION,STAFF MEMBER,2018-12-02 19:39:07+00:00,2018-12-02 18:59:07+00:00
request for payment 180020,Request For Payment SUBMITTED by EMPLOYEE,STAFF MEMBER,2018-12-02 19:50:04+00:00,2018-12-02 19:01:04+00:00
request for payment 180020,Request For Payment APPROVED by ADMINISTRATION,STAFF MEMBER,2018-12-02 19:35:07+00:00,2018-12-02 19:01:07+00:00
request for payment 180025,Request For Payment SUBMITTED by EMPLOYEE,STAFF MEMBER,2018-12-02 19:48:12+00:00,2018-12-02 19:07:12+00:00
request for payment 180025,Request For Payment REJECTED by ADMINISTRATION,STAFF MEMBER,2018-12-02 19:55:19+00:00,2018-12-02 19:07:19+00:00
request for payment 180033,Request For Payment SUBMITTED by EMPLOYEE,STAFF MEMBER,2018-12-02 19:48:59+00:00,2018-12-02 19:15:59+00:00
request for payment 180033,Request For Payment APPROVED by ADMINISTRATION,STAFF MEMBER,2018-12-02 20:13:03+00:00,2018-12-02 19:16:03+00:00
request for payment 176781,Request For Payment SUBMITTED by EMPLOYEE,STAFF MEMBER,2018-12-02 22:44:20+00:00,2018-12-02 22:00:20+00:00
request for payment 176781,Request For Payment APPROVED by ADMINISTRATION,STAFF MEMBER,2018-12-02 22:57:45+00:00,2018-12-02 22:00:45+00:00
request for payment 172529,Request For Payment FINAL_APPROVED by SUPERVISOR,STAFF MEMBER,2018-12-03 05:07:48+00:00,2018-12-03 04:15:48+00:00
request for payment 180038,Request For Payment SUBMITTED by EMPLOYEE,STAFF MEMBER,2018-12-03 07:11:13+00:00,2018-12-03 06:30:13+00:00
request for payment 180038,Request For Payment APPROVED by ADMINISTRATION,STAFF MEMBER,2018-12-03 07:24:33+00:00,2018-12-03 06:30:33+00:00
request for payment 178019,Request For Payment SUBMITTED by EMPLOYEE,STAFF MEMBER,2018-12-03 07:57:41+00:00,2018-12-03 07:22:41+00:00
request for payment 178019,Request For Payment APPROVED by ADMINISTRATION,STAFF MEMBER,2018-12-03 08:07:37+00:00,2018-12-03 07:25:37+00:00
request for payment 178019,Request For Payment FINAL_APPROVED by SUPERVISOR,STAFF MEMBER,2018-12-03 08:07:18+00:00,2018-12-03 07:34:18+00:00
request for payment 179542,Request Payment,SYSTEM,2018-12-03 08:26:12+00:00,2018-12-03 07:48:12+00:00
request for payment 183400,Request For Payment SUBMITTED by EMPLOYEE,STAFF MEMBER,2018-12-03 08:29:33+00:00,2018-12-03 07:50:33+00:00
request for payment 183400,Request For Payment APPROVED by ADMINISTRATION,STAFF MEMBER,2018-12-03 08:25:26+00:00,2018-12-03 07:54:26+00:00
request for payment 179645,Request For Payment SUBMITTED by EMPLOYEE,STAFF MEMBER,2018-12-03 09:10:34+00:00,2018-12-03 08:17:34+00:00
request for payment 179645,Request For Payment APPROVED by ADMINISTRATION,STAFF MEMBER,2018-12-03 09:07:38+00:00,2018-12-03 08:17:38+00:00
request for payment 176786,Request For Payment SUBMITTED by EMPLOYEE,STAFF MEMBER,2018-12-03 09:26:17+00:00,2018-12-03 08:39:17+00:00
request for payment 176786,Request For Payment APPROVED by ADMINISTRATION,STAFF MEMBER,2018-12-03 09:28:54+00:00,2018-12-03 08:40:54+00:00
request for payment 183406,Request For Payment SUBMITTED by EMPLOYEE,STAFF MEMBER,2018-12-03 09:43:09+00:00,2018-12-03 08:45:09+00:00
request for payment 183406,Request For Payment APPROVED by ADMINISTRATION,STAFF MEMBER,2018-12-03 09:20:21+00:00,2018-12-03 08:45:21+00:00
request for payment 183907,Request For Payment SUBMITTED by EMPLOYEE,STAFF MEMBER,2018-12-03 09:35:41+00:00,2018-12-03 08:46:41+00:00
request for payment 174257,Request For Payment SUBMITTED by EMPLOYEE,STAFF MEMBER,2018-12-03 09:32:27+00:00,2018-12-03 08:49:27+00:00
request for payment 174257,Request For Payment APPROVED by ADMINISTRATION,STAFF MEMBER,2018-12-03 09:44:10+00:00,2018-12-03 08:50:10+00:00
request for payment 184574,Request Payment,SYSTEM,2018-12-03 09:27:31+00:00,2018-12-03 08:54:31+00:00
request for payment 183907,Request For Payment REJECTED by ADMINISTRATION,STAFF MEMBER,2018-12-03 09:57:43+00:00,2018-12-03 09:01:43+00:00
request for payment 184002,Request For Payment SUBMITTED by EMPLOYEE,STAFF MEMBER,2018-12-03 09:55:19+00:00,2018-12-03 09:16:19+00:00
request for payment 184002,Request For Payment APPROVED by ADMINISTRATION,STAFF MEMBER,2018-12-03 10:11:14+00:00,2018-12-03 09:17:14+00:00
request for payment 178703,Request For Payment SUBMITTED by EMPLOYEE,STAFF MEMBER,2018-12-03 09:53:47+00:00,2018-12-03 09:17:47+00:00
request for payment 178703,Request For Payment APPROVED by ADMINISTRATION,STAFF MEMBER,2018-12-03 10:09:57+00:00,2018-12-03 09:17:57+00:00
request for payment 178354,Request For Payment FINAL_APPROVED by SUPERVISOR,STAFF MEMBER,2018-12-03 10:19:27+00:00,2018-12-03 09:21:27+00:00
request for payment 174082,Request For Payment SUBMITTED by EMPLOYEE,STAFF MEMBER,2018-12-03 10:37:11+00:00,2018-12-03 09:49:11+00:00
request for payment 174082,Request For Payment APPROVED by ADMINISTRATION,STAFF MEMBER,2018-12-03 10:32:14+00:00,2018-12-03 09:49:14+00:00
request for payment 172529,Request Payment,SYSTEM,2018-12-03 11:03:08+00:00,2018-12-03 10:04:08+00:00
request for payment 184007,Request For Payment SUBMITTED by EMPLOYEE,STAFF MEMBER,2018-12-03 11:06:17+00:00,2018-12-03 10:22:17+00:00
request for payment 184007,Request For Payment APPROVED by ADMINISTRATION,STAFF MEMBER,2018-12-03 10:59:31+00:00,2018-12-03 10:22:31+00:00
request for payment 176791,Request For Payment SUBMITTED by EMPLOYEE,STAFF MEMBER,2018-12-03 12:15:15+00:00,2018-12-03 11:24:15+00:00
request for payment 176791,Request For Payment APPROVED by ADMINISTRATION,STAFF MEMBER,2018-12-03 12:22:31+00:00,2018-12-03 11:24:31+00:00
request for payment 176797,Request For Payment SUBMITTED by EMPLOYEE,STAFF MEMBER,2018-12-03 12:21:55+00:00,2018-12-03 11:30:55+00:00
request for payment 176797,Request For Payment APPROVED by ADMINISTRATION,STAFF MEMBER,2018-12-03 12:25:41+00:00,2018-12-03 11:32:41+00:00
request for payment 176802,Request For Payment SUBMITTED by EMPLOYEE,STAFF MEMBER,2018-12-03 12:21:15+00:00,2018-12-03 11:35:15+00:00
request for payment 176802,Request For Payment APPROVED by ADMINISTRATION,STAFF MEMBER,2018-12-03 12:31:51+00:00,2018-12-03 11:35:51+00:00
request for payment 176807,Request For Payment SUBMITTED by EMPLOYEE,STAFF MEMBER,2018-12-03 12:34:11+00:00,2018-12-03 12:00:11+00:00
request for payment 176807,Request For Payment APPROVED by ADMINISTRATION,STAFF MEMBER,2018-12-03 12:59:13+00:00,2018-12-03 12:00:13+00:00
request for payment 171768,Request For Payment SUBMITTED by EMPLOYEE,STAFF MEMBER,2018-12-03 13:01:46+00:00,2018-12-03 12:08:46+00:00
request for payment 178024,Request For Payment SUBMITTED by EMPLOYEE,STAFF MEMBER,2018-12-03 13:19:55+00:00,2018-12-03 12:20:55+00:00
request for payment 176807,Request For Payment FINAL_APPROVED by SUPERVISOR,STAFF MEMBER,2018-12-03 12:57:31+00:00,2018-12-03 12:24:31+00:00
request for payment 178030,Request For Payment SUBMITTED by EMPLOYEE,STAFF MEMBER,2018-12-03 13:09:38+00:00,2018-12-03 12:28:38+00:00
request for payment 178030,Request For Payment APPROVED by ADMINISTRATION,STAFF MEMBER,2018-12-03 13:24:55+00:00,2018-12-03 12:28:55+00:00
request for payment 178035,Request For Payment SUBMITTED by EMPLOYEE,STAFF MEMBER,2018-12-03 13:27:44+00:00,2018-12-03 12:29:44+00:00
request for payment 178035,Request For Payment APPROVED by ADMINISTRATION,STAFF MEMBER,2018-12-03 13:04:54+00:00,2018-12-03 12:29:54+00:00
request for payment 183412,Request For Payment SUBMITTED by EMPLOYEE,STAFF MEMBER,2018-12-03 13:28:41+00:00,2018-12-03 12:42:41+00:00
request for payment 183412,Request For Payment APPROVED by ADMINISTRATION,STAFF MEMBER,2018-12-03 13:37:52+00:00,2018-12-03 12:42:52+00:00
request for payment 178024,Request For Payment APPROVED by ADMINISTRATION,STAFF MEMBER,2018-12-03 13:34:54+00:00,2018-12-03 12:47:54+00:00
request for payment 183418,Request For Payment SUBMITTED by EMPLOYEE,STAFF MEMBER,2018-12-03 13:46:16+00:00,2018-12-03 12:49:16+00:00
request for payment 171768,Request For Payment APPROVED by ADMINISTRATION,STAFF MEMBER,2018-12-03 13:38:28+00:00,2018-12-03 12:51:28+00:00
request for payment 176812,Request For Payment SUBMITTED by EMPLOYEE,STAFF MEMBER,2018-12-03 13:39:22+00:00,2018-12-03 12:54:22+00:00
request for payment 176812,Request For Payment APPROVED by ADMINISTRATION,STAFF MEMBER,2018-12-03 13:27:30+00:00,2018-12-03 12:56:30+00:00
request for payment 174071,Request Payment,SYSTEM,2018-12-03 13:37:41+00:00,2018-12-03 12:58:41+00:00
request for payment 173957,Request Payment,SYSTEM,2018-12-03 13:47:54+00:00,2018-12-03 12:58:54+00:00
request for payment 178024,Request For Payment APPROVED by BUDGET OWNER,STAFF MEMBER,2018-12-03 13:41:39+00:00,2018-12-03 13:03:39+00:00
request for payment 176296,Request For Payment REJECTED by EMPLOYEE,STAFF MEMBER,2018-12-03 13:41:39+00:00,2018-12-03 13:04:39+00:00
request for payment 176817,Request For Payment SUBMITTED by EMPLOYEE,STAFF MEMBER,2018-12-03 13:55:43+00:00,2018-12-03 13:05:43+00:00
request for payment 183418,Request For Payment APPROVED by ADMINISTRATION,STAFF MEMBER,2018-12-03 13:58:00+00:00,2018-12-03 13:07:00+00:00
request for payment 176817,Request For Payment REJECTED by ADMINISTRATION,STAFF MEMBER,2018-12-03 14:08:15+00:00,2018-12-03 13:08:15+00:00
request for payment 178035,Request For Payment FINAL_APPROVED by SUPERVISOR,STAFF MEMBER,2018-12-03 13:55:28+00:00,2018-12-03 13:12:28+00:00
request for payment 176817,Request For Payment REJECTED by EMPLOYEE,STAFF MEMBER,2018-12-03 13:49:44+00:00,2018-12-03 13:14:44+00:00
request for payment 183423,Request For Payment SUBMITTED by EMPLOYEE,STAFF MEMBER,2018-12-03 14:12:51+00:00,2018-12-03 13:15:51+00:00
request for payment 178030,Request For Payment FINAL_APPROVED by SUPERVISOR,STAFF MEMBER,2018-12-03 14:06:52+00:00,2018-12-03 13:15:52+00:00
request for payment 183423,Request For Payment APPROVED by ADMINISTRATION,STAFF MEMBER,2018-12-03 14:06:29+00:00,2018-12-03 13:16:29+00:00
request for payment 184007,Request For Payment FINAL_APPROVED by SUPERVISOR,STAFF MEMBER,2018-12-03 13:49:43+00:00,2018-12-03 13:16:43+00:00
request for payment 183428,Request For Payment SUBMITTED by EMPLOYEE,STAFF MEMBER,2018-12-03 13:47:55+00:00,2018-12-03 13:17:55+00:00
request for payment 183428,Request For Payment APPROVED by ADMINISTRATION,STAFF MEMBER,2018-12-03 14:10:57+00:00,2018-12-03 13:18:57+00:00
request for payment 183433,Request For Payment SUBMITTED by EMPLOYEE,STAFF MEMBER,2018-12-03 14:01:21+00:00,2018-12-03 13:21:21+00:00
request for payment 183433,Request For Payment APPROVED by ADMINISTRATION,STAFF MEMBER,2018-12-03 14:19:56+00:00,2018-12-03 13:21:56+00:00
request for payment 178703,Request For Payment FINAL_APPROVED by SUPERVISOR,STAFF MEMBER,2018-12-03 14:18:35+00:00,2018-12-03 13:23:35+00:00
request for payment 176342,Request For Payment FINAL_APPROVED by SUPERVISOR,STAFF MEMBER,2018-12-03 14:01:47+00:00,2018-12-03 13:24:47+00:00
request for payment 183991,Request For Payment FINAL_APPROVED by SUPERVISOR,STAFF MEMBER,2018-12-03 14:23:44+00:00,2018-12-03 13:25:44+00:00
request for payment 183366,Request For Payment FINAL_APPROVED by SUPERVISOR,STAFF MEMBER,2018-12-03 14:10:51+00:00,2018-12-03 13:28:51+00:00
request for payment 184012,Request For Payment SUBMITTED by EMPLOYEE,STAFF MEMBER,2018-12-03 14:06:21+00:00,2018-12-03 13:29:21+00:00
request for payment 184012,Request For Payment APPROVED by ADMINISTRATION,STAFF MEMBER,2018-12-03 14:27:24+00:00,2018-12-03 13:29:24+00:00
request for payment 183438,Request For Payment SUBMITTED by EMPLOYEE,STAFF MEMBER,2018-12-03 14:22:32+00:00,2018-12-03 13:34:32+00:00
request for payment 183438,Request For Payment APPROVED by ADMINISTRATION,STAFF MEMBER,2018-12-03 14:18:19+00:00,2018-12-03 13:35:19+00:00
request for payment 179947,Request For Payment SUBMITTED by EMPLOYEE,STAFF MEMBER,2018-12-03 14:13:59+00:00,2018-12-03 13:37:59+00:00
request for payment 179947,Request For Payment APPROVED by ADMINISTRATION,STAFF MEMBER,2018-12-03 14:14:23+00:00,2018-12-03 13:38:23+00:00
request for payment 179947,Request For Payment APPROVED by BUDGET OWNER,STAFF MEMBER,2018-12-03 14:26:17+00:00,2018-12-03 13:42:17+00:00
request for payment 184012,Request For Payment APPROVED by BUDGET OWNER,STAFF MEMBER,2018-12-03 14:26:59+00:00,2018-12-03 13:42:59+00:00
request for payment 183412,Request For Payment FINAL_APPROVED by SUPERVISOR,STAFF MEMBER,2018-12-03 14:35:45+00:00,2018-12-03 13:51:45+00:00
request for payment 183406,Request For Payment APPROVED by BUDGET OWNER,STAFF MEMBER,2018-12-03 14:53:14+00:00,2018-12-03 13:53:14+00:00
request for payment 180038,Request For Payment APPROVED by BUDGET OWNER,STAFF MEMBER,2018-12-03 14:47:06+00:00,2018-12-03 13:55:06+00:00
request for payment 183996,Request For Payment APPROVED by BUDGET OWNER,STAFF MEMBER,2018-12-03 14:53:54+00:00,2018-12-03 13:57:54+00:00
request for payment 183985,Request For Payment APPROVED by BUDGET OWNER,STAFF MEMBER,2018-12-03 14:53:15+00:00,2018-12-03 14:04:15+00:00
request for payment 176812,Request For Payment FINAL_APPROVED by SUPERVISOR,STAFF MEMBER,2018-12-03 14:37:29+00:00,2018-12-03 14:04:29+00:00
request for payment 171768,Request For Payment FINAL_APPROVED by SUPERVISOR,STAFF MEMBER,2018-12-03 14:54:54+00:00,2018-12-03 14:10:54+00:00
request for payment 183907,Request For Payment REJECTED by EMPLOYEE,STAFF MEMBER,2018-12-03 15:12:33+00:00,2018-12-03 14:27:33+00:00
request for payment 175909,Request Payment,SYSTEM,2018-12-03 15:16:51+00:00,2018-12-03 14:28:51+00:00
request for payment 176311,Request For Payment FINAL_APPROVED by SUPERVISOR,STAFF MEMBER,2018-12-03 15:26:31+00:00,2018-12-03 14:34:31+00:00
request for payment 174067,Request For Payment REJECTED by EMPLOYEE,STAFF MEMBER,2018-12-03 15:35:51+00:00,2018-12-03 14:35:51+00:00
request for payment 171773,Request For Payment SUBMITTED by EMPLOYEE,STAFF MEMBER,2018-12-03 15:35:59+00:00,2018-12-03 14:36:59+00:00
request for payment 171773,Request For Payment APPROVED by ADMINISTRATION,STAFF MEMBER,2018-12-03 15:08:39+00:00,2018-12-03 14:37:39+00:00
request for payment 179881,Request For Payment REJECTED by EMPLOYEE,STAFF MEMBER,2018-12-03 15:09:43+00:00,2018-12-03 14:39:43+00:00
request for payment 176347,Request For Payment FINAL_APPROVED by SUPERVISOR,STAFF MEMBER,2018-12-03 15:31:34+00:00,2018-12-03 14:40:34+00:00
request for payment 176381,Request For Payment REJECTED by EMPLOYEE,STAFF MEMBER,2018-12-03 15:17:16+00:00,2018-12-03 14:43:16+00:00
request for payment 184002,Request For Payment FINAL_APPROVED by SUPERVISOR,STAFF MEMBER,2018-12-03 15:26:41+00:00,2018-12-03 14:46:41+00:00
request for payment 176290,Request For Payment APPROVED by BUDGET OWNER,STAFF MEMBER,2018-12-03 15:23:14+00:00,2018-12-03 14:52:14+00:00
request for payment 178708,Request For Payment SUBMITTED by EMPLOYEE,STAFF MEMBER,2018-12-03 15:56:02+00:00,2018-12-03 14:57:02+00:00
request for payment 178708,Request For Payment APPROVED by ADMINISTRATION,STAFF MEMBER,2018-12-03 15:51:22+00:00,2018-12-03 14:57:22+00:00
request for payment 176802,Request For Payment FINAL_APPROVED by SUPERVISOR,STAFF MEMBER,2018-12-03 15:38:45+00:00,2018-12-03 14:57:45+00:00
request for payment 171707,Request Payment,SYSTEM,2018-12-03 16:11:19+00:00,2018-12-03 15:25:19+00:00
request for payment 176821,Request For Payment SUBMITTED by EMPLOYEE,STAFF MEMBER,2018-12-03 16:48:30+00:00,2018-12-03 15:52:30+00:00
request for payment 176821,Request For Payment APPROVED by ADMINISTRATION,STAFF MEMBER,2018-12-03 16:29:45+00:00,2018-12-03 15:55:45+00:00
request for payment 176826,Request For Payment SUBMITTED by EMPLOYEE,STAFF MEMBER,2018-12-03 16:53:03+00:00,2018-12-03 16:06:03+00:00
request for payment 176826,Request For Payment APPROVED by ADMINISTRATION,STAFF MEMBER,2018-12-03 16:42:30+00:00,2018-12-03 16:10:30+00:00
request for payment 175480,Payment Handled,SYSTEM,2018-12-03 17:04:24+00:00,2018-12-03 16:31:24+00:00
request for payment 184569,Payment Handled,SYSTEM,2018-12-03 17:06:24+00:00,2018-12-03 16:31:24+00:00
request for payment 175937,Payment Handled,SYSTEM,2018-12-03 17:06:24+00:00,2018-12-03 16:31:24+00:00
request for payment 183033,Payment Handled,SYSTEM,2018-12-03 17:04:24+00:00,2018-12-03 16:31:24+00:00
request for payment 183662,Payment Handled,SYSTEM,2018-12-03 17:06:24+00:00,2018-12-03 16:31:24+00:00
request for payment 174344,Payment Handled,SYSTEM,2018-12-03 17:10:24+00:00,2018-12-03 16:31:24+00:00
request for payment 182189,Payment Handled,SYSTEM,2018-12-03 17:23:24+00:00,2018-12-03 16:31:24+00:00
request for payment 178307,Payment Handled,SYSTEM,2018-12-03 17:21:24+00:00,2018-12-03 16:31:24+00:00
request for payment 175513,Payment Handled,SYSTEM,2018-12-03 17:22:24+00:00,2018-12-03 16:31:24+00:00
request for payment 184552,Payment Handled,SYSTEM,2018-12-03 17:03:24+00:00,2018-12-03 16:31:24+00:00
request for payment 178333,Payment Handled,SYSTEM,2018-12-03 17:23:24+00:00,2018-12-03 16:31:24+00:00
request for payment 184166,Payment Handled,SYSTEM,2018-12-03 17:24:24+00:00,2018-12-03 16:31:24+00:00
request for payment 184160,Payment Handled,SYSTEM,2018-12-03 17:24:24+00:00,2018-12-03 16:31:24+00:00
request for payment 175972,Payment Handled,SYSTEM,2018-12-03 17:27:24+00:00,2018-12-03 16:31:24+00:00
request for payment 179866,Payment Handled,SYSTEM,2018-12-03 17:03:24+00:00,2018-12-03 16:31:24+00:00
request for payment 179871,Payment Handled,SYSTEM,2018-12-03 17:08:24+00:00,2018-12-03 16:31:24+00:00
request for payment 183970,Payment Handled,SYSTEM,2018-12-03 17:02:24+00:00,2018-12-03 16:31:24+00:00
request for payment 184535,Payment Handled,SYSTEM,2018-12-03 17:25:24+00:00,2018-12-03 16:31:24+00:00
request for payment 175489,Payment Handled,SYSTEM,2018-12-03 17:02:24+00:00,2018-12-03 16:31:24+00:00
request for payment 179507,Payment Handled,SYSTEM,2018-12-03 17:02:24+00:00,2018-12-03 16:31:24+00:00
request for payment 177889,Payment Handled,SYSTEM,2018-12-03 17:02:24+00:00,2018-12-03 16:31:24+00:00
request for payment 183708,Payment Handled,SYSTEM,2018-12-03 17:06:24+00:00,2018-12-03 16:31:24+00:00
request for payment 184128,Payment Handled,SYSTEM,2018-12-03 17:08:24+00:00,2018-12-03 16:31:24+00:00
request for payment 184547,Payment Handled,SYSTEM,2018-12-03 17:08:24+00:00,2018-12-03 16:31:24+00:00
request for payment 178338,Payment Handled,SYSTEM,2018-12-03 17:06:24+00:00,2018-12-03 16:31:24+00:00
request for payment 175530,Payment Handled,SYSTEM,2018-12-03 17:01:24+00:00,2018-12-03 16:31:24+00:00
request for payment 184517,Payment Handled,SYSTEM,2018-12-03 17:01:24+00:00,2018-12-03 16:31:24+00:00
request for payment 183961,Payment Handled,SYSTEM,2018-12-03 17:09:24+00:00,2018-12-03 16:31:24+00:00
request for payment 172518,Payment Handled,SYSTEM,2018-12-03 17:09:24+00:00,2018-12-03 16:31:24+00:00
request for payment 179487,Payment Handled,SYSTEM,2018-12-03 17:09:24+00:00,2018-12-03 16:31:24+00:00
request for payment 184529,Payment Handled,SYSTEM,2018-12-03 17:07:24+00:00,2018-12-03 16:31:24+00:00
request for payment 183772,Payment Handled,SYSTEM,2018-12-03 17:26:24+00:00,2018-12-03 16:31:24+00:00
request for payment 182979,Payment Handled,SYSTEM,2018-12-03 17:30:24+00:00,2018-12-03 16:31:24+00:00
request for payment 175966,Payment Handled,SYSTEM,2018-12-03 17:19:24+00:00,2018-12-03 16:31:24+00:00
request for payment 184579,Payment Handled,SYSTEM,2018-12-03 17:14:24+00:00,2018-12-03 16:31:24+00:00
request for payment 179861,Payment Handled,SYSTEM,2018-12-03 17:15:24+00:00,2018-12-03 16:31:24+00:00
request for payment 178322,Payment Handled,SYSTEM,2018-12-03 17:17:24+00:00,2018-12-03 16:31:24+00:00
request for payment 174356,Payment Handled,SYSTEM,2018-12-03 17:10:24+00:00,2018-12-03 16:31:24+00:00
request for payment 179625,Payment Handled,SYSTEM,2018-12-03 17:30:24+00:00,2018-12-03 16:31:24+00:00
request for payment 179558,Payment Handled,SYSTEM,2018-12-03 17:17:24+00:00,2018-12-03 16:31:24+00:00
request for payment 178343,Payment Handled,SYSTEM,2018-12-03 17:14:24+00:00,2018-12-03 16:31:24+00:00
request for payment 179501,Payment Handled,SYSTEM,2018-12-03 17:17:24+00:00,2018-12-03 16:31:24+00:00
request for payment 175474,Payment Handled,SYSTEM,2018-12-03 17:13:24+00:00,2018-12-03 16:31:24+00:00
request for payment 176306,Payment Handled,SYSTEM,2018-12-03 17:12:24+00:00,2018-12-03 16:31:24+00:00
request for payment 182150,Payment Handled,SYSTEM,2018-12-03 17:13:24+00:00,2018-12-03 16:31:24+00:00
request for payment 175983,Payment Handled,SYSTEM,2018-12-03 17:13:24+00:00,2018-12-03 16:31:24+00:00
request for payment 174350,Payment Handled,SYSTEM,2018-12-03 17:12:24+00:00,2018-12-03 16:31:24+00:00
request for payment 182167,Payment Handled,SYSTEM,2018-12-03 17:18:24+00:00,2018-12-03 16:31:24+00:00
request for payment 175873,Payment Handled,SYSTEM,2018-12-03 17:12:24+00:00,2018-12-03 16:31:24+00:00
request for payment 173976,Payment Handled,SYSTEM,2018-12-03 17:27:24+00:00,2018-12-03 16:31:24+00:00
request for payment 177884,Payment Handled,SYSTEM,2018-12-03 17:11:24+00:00,2018-12-03 16:31:24+00:00
request for payment 175931,Payment Handled,SYSTEM,2018-12-03 17:11:24+00:00,2018-12-03 16:31:24+00:00
request for payment 183787,Payment Handled,SYSTEM,2018-12-03 17:13:24+00:00,2018-12-03 16:31:24+00:00
request for payment 179615,Payment Handled,SYSTEM,2018-12-03 17:19:24+00:00,2018-12-03 16:31:24+00:00
request for payment 183011,Payment Handled,SYSTEM,2018-12-03 17:11:24+00:00,2018-12-03 16:31:24+00:00
request for payment 183687,Payment Handled,SYSTEM,2018-12-03 17:20:24+00:00,2018-12-03 16:31:24+00:00
request for payment 182794,Payment Handled,SYSTEM,2018-12-03 17:10:24+00:00,2018-12-03 16:31:24+00:00
request for payment 171695,Payment Handled,SYSTEM,2018-12-03 17:30:24+00:00,2018-12-03 16:31:24+00:00
request for payment 174300,Payment Handled,SYSTEM,2018-12-03 17:30:24+00:00,2018-12-03 16:31:24+00:00
request for payment 179635,Payment Handled,SYSTEM,2018-12-03 17:30:24+00:00,2018-12-03 16:31:24+00:00
request for payment 182984,Payment Handled,SYSTEM,2018-12-03 17:30:24+00:00,2018-12-03 16:31:24+00:00
request for payment 174291,Payment Handled,SYSTEM,2018-12-03 17:29:24+00:00,2018-12-03 16:31:24+00:00
request for payment 175961,Payment Handled,SYSTEM,2018-12-03 17:29:24+00:00,2018-12-03 16:31:24+00:00
request for payment 173537,Payment Handled,SYSTEM,2018-12-03 17:28:24+00:00,2018-12-03 16:31:24+00:00
request for payment 176381,Request For Payment SUBMITTED by EMPLOYEE,STAFF MEMBER,2018-12-03 17:36:07+00:00,2018-12-03 16:43:07+00:00
request for payment 176381,Request For Payment APPROVED by ADMINISTRATION,STAFF MEMBER,2018-12-03 17:43:25+00:00,2018-12-03 16:43:25+00:00
request for payment 178348,Request For Payment FINAL_APPROVED by SUPERVISOR,STAFF MEMBER,2018-12-03 17:56:19+00:00,2018-12-03 16:58:19+00:00
request for payment 178713,Request For Payment SUBMITTED by EMPLOYEE,STAFF MEMBER,2018-12-03 17:38:52+00:00,2018-12-03 16:58:52+00:00
request for payment 178713,Request For Payment APPROVED by ADMINISTRATION,STAFF MEMBER,2018-12-03 17:50:49+00:00,2018-12-03 17:00:49+00:00
request for payment 179957,Request For Payment SUBMITTED by EMPLOYEE,STAFF MEMBER,2018-12-03 19:19:58+00:00,2018-12-03 18:49:58+00:00
request for payment 179957,Request For Payment APPROVED by ADMINISTRATION,STAFF MEMBER,2018-12-03 19:49:49+00:00,2018-12-03 18:50:49+00:00
request for payment 178040,Request For Payment SUBMITTED by EMPLOYEE,STAFF MEMBER,2018-12-03 19:26:28+00:00,2018-12-03 18:51:28+00:00
request for payment 178040,Request For Payment APPROVED by ADMINISTRATION,STAFF MEMBER,2018-12-03 19:44:33+00:00,2018-12-03 18:51:33+00:00
request for payment 178035,Request Payment,SYSTEM,2018-12-04 07:07:09+00:00,2018-12-04 06:09:09+00:00
request for payment 178359,Request Payment,SYSTEM,2018-12-04 07:20:13+00:00,2018-12-04 06:20:13+00:00
request for payment 174087,Request For Payment SUBMITTED by EMPLOYEE,STAFF MEMBER,2018-12-04 07:21:07+00:00,2018-12-04 06:46:07+00:00
request for payment 180033,Request For Payment FINAL_APPROVED by SUPERVISOR,STAFF MEMBER,2018-12-04 07:51:42+00:00,2018-12-04 06:52:42+00:00
request for payment 174087,Request For Payment REJECTED by ADMINISTRATION,STAFF MEMBER,2018-12-04 07:34:21+00:00,2018-12-04 06:54:21+00:00
request for payment 180025,Request For Payment REJECTED by EMPLOYEE,STAFF MEMBER,2018-12-04 07:37:34+00:00,2018-12-04 06:55:34+00:00
request for payment 180020,Request For Payment FINAL_APPROVED by SUPERVISOR,STAFF MEMBER,2018-12-04 07:38:17+00:00,2018-12-04 06:58:17+00:00
request for payment 180015,Request For Payment FINAL_APPROVED by SUPERVISOR,STAFF MEMBER,2018-12-04 07:33:39+00:00,2018-12-04 06:58:39+00:00
request for payment 180010,Request For Payment FINAL_APPROVED by SUPERVISOR,STAFF MEMBER,2018-12-04 07:37:50+00:00,2018-12-04 06:58:50+00:00
request for payment 180005,Request For Payment FINAL_APPROVED by SUPERVISOR,STAFF MEMBER,2018-12-04 07:55:22+00:00,2018-12-04 06:59:22+00:00
request for payment 180000,Request For Payment FINAL_APPROVED by SUPERVISOR,STAFF MEMBER,2018-12-04 07:58:36+00:00,2018-12-04 06:59:36+00:00
request for payment 179995,Request For Payment FINAL_APPROVED by SUPERVISOR,STAFF MEMBER,2018-12-04 07:38:49+00:00,2018-12-04 06:59:49+00:00
request for payment 179990,Request For Payment FINAL_APPROVED by SUPERVISOR,STAFF MEMBER,2018-12-04 07:38:04+00:00,2018-12-04 07:00:04+00:00
request for payment 179985,Request For Payment FINAL_APPROVED by SUPERVISOR,STAFF MEMBER,2018-12-04 07:55:21+00:00,2018-12-04 07:00:21+00:00
request for payment 179980,Request For Payment FINAL_APPROVED by SUPERVISOR,STAFF MEMBER,2018-12-04 07:49:56+00:00,2018-12-04 07:00:56+00:00
request for payment 179690,Request For Payment FINAL_APPROVED by SUPERVISOR,STAFF MEMBER,2018-12-04 07:39:10+00:00,2018-12-04 07:01:10+00:00
request for payment 179685,Request For Payment FINAL_APPROVED by SUPERVISOR,STAFF MEMBER,2018-12-04 07:44:33+00:00,2018-12-04 07:01:33+00:00
request for payment 179672,Request For Payment APPROVED by BUDGET OWNER,STAFF MEMBER,2018-12-04 07:40:40+00:00,2018-12-04 07:02:40+00:00
request for payment 183016,Request Payment,SYSTEM,2018-12-04 07:52:10+00:00,2018-12-04 07:04:10+00:00
request for payment 179645,Request For Payment FINAL_APPROVED by SUPERVISOR,STAFF MEMBER,2018-12-04 08:00:01+00:00,2018-12-04 07:07:01+00:00
request for payment 176797,Request For Payment FINAL_APPROVED by SUPERVISOR,STAFF MEMBER,2018-12-04 07:41:08+00:00,2018-12-04 07:08:08+00:00
request for payment 175883,Request Payment,SYSTEM,2018-12-04 07:48:05+00:00,2018-12-04 07:17:05+00:00
request for payment 178045,Request For Payment SUBMITTED by EMPLOYEE,STAFF MEMBER,2018-12-04 08:00:27+00:00,2018-12-04 07:17:27+00:00
request for payment 178045,Request For Payment APPROVED by ADMINISTRATION,STAFF MEMBER,2018-12-04 07:47:31+00:00,2018-12-04 07:17:31+00:00
request for payment 176797,Request Payment,SYSTEM,2018-12-04 08:02:51+00:00,2018-12-04 07:17:51+00:00
request for payment 183985,Request For Payment FINAL_APPROVED by SUPERVISOR,STAFF MEMBER,2018-12-04 08:10:46+00:00,2018-12-04 07:31:46+00:00
request for payment 178050,Request For Payment SUBMITTED by EMPLOYEE,STAFF MEMBER,2018-12-04 08:46:34+00:00,2018-12-04 07:46:34+00:00
request for payment 178050,Request For Payment APPROVED by ADMINISTRATION,STAFF MEMBER,2018-12-04 08:34:44+00:00,2018-12-04 07:46:44+00:00
request for payment 178030,Request Payment,SYSTEM,2018-12-04 08:34:03+00:00,2018-12-04 07:56:03+00:00
request for payment 178024,Request For Payment FINAL_APPROVED by SUPERVISOR,STAFF MEMBER,2018-12-04 08:42:35+00:00,2018-12-04 08:02:35+00:00
request for payment 184012,Request For Payment FINAL_APPROVED by SUPERVISOR,STAFF MEMBER,2018-12-04 08:48:18+00:00,2018-12-04 08:04:18+00:00
request for payment 171762,Request For Payment FINAL_APPROVED by SUPERVISOR,STAFF MEMBER,2018-12-04 08:52:53+00:00,2018-12-04 08:11:53+00:00
request for payment 178719,Request For Payment SUBMITTED by EMPLOYEE,STAFF MEMBER,2018-12-04 09:13:21+00:00,2018-12-04 08:19:21+00:00
request for payment 178719,Request For Payment APPROVED by ADMINISTRATION,STAFF MEMBER,2018-12-04 09:19:24+00:00,2018-12-04 08:20:24+00:00
request for payment 179885,Request For Payment FINAL_APPROVED by SUPERVISOR,STAFF MEMBER,2018-12-04 08:52:33+00:00,2018-12-04 08:20:33+00:00
request for payment 171768,Request Payment,SYSTEM,2018-12-04 08:57:56+00:00,2018-12-04 08:25:56+00:00
request for payment 178724,Request For Payment SUBMITTED by EMPLOYEE,STAFF MEMBER,2018-12-04 09:19:19+00:00,2018-12-04 08:33:19+00:00
request for payment 178724,Request For Payment APPROVED by ADMINISTRATION,STAFF MEMBER,2018-12-04 09:30:55+00:00,2018-12-04 08:35:55+00:00
request for payment 183438,Request For Payment APPROVED by BUDGET OWNER,STAFF MEMBER,2018-12-04 09:21:04+00:00,2018-12-04 08:39:04+00:00
request for payment 179947,Request For Payment FINAL_APPROVED by SUPERVISOR,STAFF MEMBER,2018-12-04 09:14:56+00:00,2018-12-04 08:44:56+00:00
request for payment 179947,Request Payment,SYSTEM,2018-12-04 09:17:57+00:00,2018-12-04 08:44:57+00:00
request for payment 176812,Request Payment,SYSTEM,2018-12-04 09:30:31+00:00,2018-12-04 08:45:31+00:00
request for payment 184018,Request For Payment SUBMITTED by EMPLOYEE,STAFF MEMBER,2018-12-04 09:24:32+00:00,2018-12-04 08:51:32+00:00
request for payment 184018,Request For Payment APPROVED by ADMINISTRATION,STAFF MEMBER,2018-12-04 09:27:49+00:00,2018-12-04 08:51:49+00:00
request for payment 171778,Request For Payment SUBMITTED by EMPLOYEE,STAFF MEMBER,2018-12-04 09:36:57+00:00,2018-12-04 08:55:57+00:00
request for payment 171778,Request For Payment APPROVED by ADMINISTRATION,STAFF MEMBER,2018-12-04 09:48:06+00:00,2018-12-04 08:56:06+00:00
request for payment 179518,Request Payment,SYSTEM,2018-12-04 09:36:28+00:00,2018-12-04 08:56:28+00:00
request for payment 175914,Request Payment,SYSTEM,2018-12-04 10:16:19+00:00,2018-12-04 09:16:19+00:00
request for payment 178719,Request For Payment FINAL_APPROVED by SUPERVISOR,STAFF MEMBER,2018-12-04 10:01:35+00:00,2018-12-04 09:25:35+00:00
request for payment 176821,Request For Payment FINAL_APPROVED by SUPERVISOR,STAFF MEMBER,2018-12-04 10:24:46+00:00,2018-12-04 09:28:46+00:00
request for payment 178055,Request For Payment SUBMITTED by EMPLOYEE,STAFF MEMBER,2018-12-04 10:11:57+00:00,2018-12-04 09:29:57+00:00
request for payment 178055,Request For Payment APPROVED by ADMINISTRATION,STAFF MEMBER,2018-12-04 10:04:59+00:00,2018-12-04 09:29:59+00:00
request for payment 174257,Request For Payment FINAL_APPROVED by SUPERVISOR,STAFF MEMBER,2018-12-04 10:20:36+00:00,2018-12-04 09:34:36+00:00
request for payment 178354,Request Payment,SYSTEM,2018-12-04 10:20:20+00:00,2018-12-04 09:45:20+00:00
request for payment 183000,Request For Payment FINAL_APPROVED by SUPERVISOR,STAFF MEMBER,2018-12-04 10:21:28+00:00,2018-12-04 09:48:28+00:00
request for payment 177895,Request For Payment FINAL_APPROVED by SUPERVISOR,STAFF MEMBER,2018-12-04 10:36:04+00:00,2018-12-04 09:50:04+00:00
request for payment 174095,Request For Payment SUBMITTED by EMPLOYEE,STAFF MEMBER,2018-12-04 10:40:48+00:00,2018-12-04 09:50:48+00:00
request for payment 174095,Request For Payment APPROVED by ADMINISTRATION,STAFF MEMBER,2018-12-04 10:25:56+00:00,2018-12-04 09:50:56+00:00
request for payment 178061,Request For Payment SUBMITTED by EMPLOYEE,STAFF MEMBER,2018-12-04 10:49:00+00:00,2018-12-04 09:52:00+00:00
request for payment 178061,Request For Payment APPROVED by ADMINISTRATION,STAFF MEMBER,2018-12-04 10:37:07+00:00,2018-12-04 09:52:07+00:00
request for payment 174100,Request For Payment SUBMITTED by EMPLOYEE,STAFF MEMBER,2018-12-04 10:45:00+00:00,2018-12-04 10:11:00+00:00
request for payment 174100,Request For Payment APPROVED by ADMINISTRATION,STAFF MEMBER,2018-12-04 11:04:05+00:00,2018-12-04 10:11:05+00:00
request for payment 178703,Request Payment,SYSTEM,2018-12-04 10:42:11+00:00,2018-12-04 10:11:11+00:00
request for payment 183991,Request Payment,SYSTEM,2018-12-04 10:42:18+00:00,2018-12-04 10:11:18+00:00
request for payment 177895,Request Payment,SYSTEM,2018-12-04 10:51:28+00:00,2018-12-04 10:13:28+00:00
request for payment 183412,Request Payment,SYSTEM,2018-12-04 10:58:33+00:00,2018-12-04 10:20:33+00:00
request for payment 184002,Request Payment,SYSTEM,2018-12-04 11:37:40+00:00,2018-12-04 10:39:40+00:00
request for payment 183444,Request For Payment SUBMITTED by EMPLOYEE,STAFF MEMBER,2018-12-04 11:51:10+00:00,2018-12-04 10:55:10+00:00
request for payment 183444,Request For Payment APPROVED by ADMINISTRATION,STAFF MEMBER,2018-12-04 11:53:28+00:00,2018-12-04 10:55:28+00:00
request for payment 174077,Request Payment,SYSTEM,2018-12-04 11:44:41+00:00,2018-12-04 10:57:41+00:00
request for payment 176832,Request For Payment SUBMITTED by EMPLOYEE,STAFF MEMBER,2018-12-04 12:19:24+00:00,2018-12-04 11:43:24+00:00
request for payment 182397,Request For Payment APPROVED by ADMINISTRATION,STAFF MEMBER,2018-12-04 12:17:12+00:00,2018-12-04 11:44:12+00:00
request for payment 174271,Request Payment,SYSTEM,2018-12-04 13:07:15+00:00,2018-12-04 12:15:15+00:00
request for payment 178734,Request For Payment SUBMITTED by EMPLOYEE,STAFF MEMBER,2018-12-04 12:52:11+00:00,2018-12-04 12:18:11+00:00
request for payment 178734,Request For Payment APPROVED by ADMINISTRATION,STAFF MEMBER,2018-12-04 13:08:44+00:00,2018-12-04 12:18:44+00:00
request for payment 176837,Request For Payment SUBMITTED by EMPLOYEE,STAFF MEMBER,2018-12-04 12:55:57+00:00,2018-12-04 12:18:57+00:00
request for payment 176837,Request For Payment APPROVED by ADMINISTRATION,STAFF MEMBER,2018-12-04 13:11:09+00:00,2018-12-04 12:19:09+00:00
request for payment 182397,Request For Payment FINAL_APPROVED by SUPERVISOR,STAFF MEMBER,2018-12-04 13:05:59+00:00,2018-12-04 12:35:59+00:00
request for payment 174100,Request For Payment APPROVED by BUDGET OWNER,STAFF MEMBER,2018-12-04 13:17:59+00:00,2018-12-04 12:36:59+00:00
request for payment 179672,Request For Payment REJECTED by SUPERVISOR,STAFF MEMBER,2018-12-04 13:35:04+00:00,2018-12-04 12:42:04+00:00
request for payment 178066,Request For Payment SUBMITTED by EMPLOYEE,STAFF MEMBER,2018-12-04 13:36:11+00:00,2018-12-04 12:47:11+00:00
request for payment 178071,Request For Payment SUBMITTED by EMPLOYEE,STAFF MEMBER,2018-12-04 13:28:34+00:00,2018-12-04 12:47:34+00:00
request for payment 178071,Request For Payment APPROVED by ADMINISTRATION,STAFF MEMBER,2018-12-04 13:48:58+00:00,2018-12-04 12:51:58+00:00
request for payment 176843,Request For Payment SUBMITTED by EMPLOYEE,STAFF MEMBER,2018-12-04 13:55:46+00:00,2018-12-04 12:57:46+00:00
request for payment 176843,Request For Payment APPROVED by ADMINISTRATION,STAFF MEMBER,2018-12-04 13:56:48+00:00,2018-12-04 13:01:48+00:00
request for payment 176848,Request For Payment SUBMITTED by EMPLOYEE,STAFF MEMBER,2018-12-04 14:10:38+00:00,2018-12-04 13:15:38+00:00
request for payment 176848,Request For Payment APPROVED by ADMINISTRATION,STAFF MEMBER,2018-12-04 13:58:57+00:00,2018-12-04 13:17:57+00:00
request for payment 175955,Request Payment,SYSTEM,2018-12-04 14:17:15+00:00,2018-12-04 13:22:15+00:00
request for payment 178078,Request For Payment SUBMITTED by EMPLOYEE,STAFF MEMBER,2018-12-04 14:13:40+00:00,2018-12-04 13:30:40+00:00
request for payment 178078,Request For Payment APPROVED by ADMINISTRATION,STAFF MEMBER,2018-12-04 14:14:20+00:00,2018-12-04 13:31:20+00:00
request for payment 183028,Request Payment,SYSTEM,2018-12-04 14:20:49+00:00,2018-12-04 13:46:49+00:00
request for payment 171712,Request Payment,SYSTEM,2018-12-04 14:41:49+00:00,2018-12-04 13:46:49+00:00
request for payment 178083,Request For Payment SUBMITTED by EMPLOYEE,STAFF MEMBER,2018-12-04 14:35:01+00:00,2018-12-04 14:04:01+00:00
request for payment 178083,Request For Payment APPROVED by ADMINISTRATION,STAFF MEMBER,2018-12-04 14:49:08+00:00,2018-12-04 14:04:08+00:00
request for payment 178066,Request For Payment APPROVED by ADMINISTRATION,STAFF MEMBER,2018-12-04 14:53:27+00:00,2018-12-04 14:04:27+00:00
request for payment 178089,Request For Payment SUBMITTED by EMPLOYEE,STAFF MEMBER,2018-12-04 15:12:37+00:00,2018-12-04 14:25:37+00:00
request for payment 178089,Request For Payment APPROVED by ADMINISTRATION,STAFF MEMBER,2018-12-04 15:09:39+00:00,2018-12-04 14:25:39+00:00
request for payment 174106,Request For Payment SUBMITTED by EMPLOYEE,STAFF MEMBER,2018-12-04 15:17:40+00:00,2018-12-04 14:35:40+00:00
request for payment 174106,Request For Payment APPROVED by ADMINISTRATION,STAFF MEMBER,2018-12-04 15:24:48+00:00,2018-12-04 14:35:48+00:00
request for payment 184144,Request Payment,SYSTEM,2018-12-04 15:33:49+00:00,2018-12-04 14:53:49+00:00
request for payment 176832,Request For Payment APPROVED by ADMINISTRATION,STAFF MEMBER,2018-12-04 16:18:14+00:00,2018-12-04 15:19:14+00:00
request for payment 178740,Request For Payment SUBMITTED by EMPLOYEE,STAFF MEMBER,2018-12-04 16:05:02+00:00,2018-12-04 15:32:02+00:00
request for payment 178740,Request For Payment APPROVED by ADMINISTRATION,STAFF MEMBER,2018-12-04 16:26:07+00:00,2018-12-04 15:32:07+00:00
request for payment 178745,Request For Payment SUBMITTED by EMPLOYEE,STAFF MEMBER,2018-12-04 16:30:24+00:00,2018-12-04 15:34:24+00:00
request for payment 178745,Request For Payment APPROVED by ADMINISTRATION,STAFF MEMBER,2018-12-04 16:31:31+00:00,2018-12-04 15:34:31+00:00
request for payment 175494,Request For Payment REJECTED by EMPLOYEE,STAFF MEMBER,2018-12-04 16:18:06+00:00,2018-12-04 15:38:06+00:00
request for payment 176381,Request For Payment APPROVED by BUDGET OWNER,STAFF MEMBER,2018-12-04 16:42:39+00:00,2018-12-04 15:42:39+00:00
request for payment 174095,Request For Payment FINAL_APPROVED by SUPERVISOR,STAFF MEMBER,2018-12-04 16:31:09+00:00,2018-12-04 15:43:09+00:00
request for payment 178061,Request For Payment FINAL_APPROVED by SUPERVISOR,STAFF MEMBER,2018-12-04 16:38:38+00:00,2018-12-04 15:43:38+00:00
request for payment 183000,Request Payment,SYSTEM,2018-12-04 17:28:17+00:00,2018-12-04 16:28:17+00:00
request for payment 184023,Request For Payment SUBMITTED by EMPLOYEE,STAFF MEMBER,2018-12-04 17:20:47+00:00,2018-12-04 16:47:47+00:00
request for payment 184023,Request For Payment APPROVED by ADMINISTRATION,STAFF MEMBER,2018-12-04 17:17:58+00:00,2018-12-04 16:47:58+00:00
request for payment 171702,Request Payment,SYSTEM,2018-12-04 17:37:56+00:00,2018-12-04 16:48:56+00:00
request for payment 178094,Request For Payment SUBMITTED by EMPLOYEE,STAFF MEMBER,2018-12-04 19:32:42+00:00,2018-12-04 18:50:42+00:00
request for payment 178094,Request For Payment APPROVED by ADMINISTRATION,STAFF MEMBER,2018-12-04 19:24:05+00:00,2018-12-04 18:51:05+00:00
request for payment 178099,Request For Payment SUBMITTED by EMPLOYEE,STAFF MEMBER,2018-12-04 19:59:27+00:00,2018-12-04 18:59:27+00:00
request for payment 178099,Request For Payment APPROVED by ADMINISTRATION,STAFF MEMBER,2018-12-04 19:55:31+00:00,2018-12-04 18:59:31+00:00
request for payment 178104,Request For Payment SUBMITTED by EMPLOYEE,STAFF MEMBER,2018-12-04 20:01:33+00:00,2018-12-04 19:01:33+00:00
request for payment 178104,Request For Payment APPROVED by ADMINISTRATION,STAFF MEMBER,2018-12-04 19:48:38+00:00,2018-12-04 19:01:38+00:00
request for payment 183392,Request For Payment REJECTED by ADMINISTRATION,STAFF MEMBER,2018-12-04 21:12:43+00:00,2018-12-04 20:28:43+00:00
request for payment 184557,Request For Payment FINAL_APPROVED by SUPERVISOR,STAFF MEMBER,2018-12-05 04:46:05+00:00,2018-12-05 04:15:05+00:00
request for payment 179547,Request For Payment FINAL_APPROVED by SUPERVISOR,STAFF MEMBER,2018-12-05 05:13:05+00:00,2018-12-05 04:15:05+00:00
request for payment 176381,Request For Payment FINAL_APPROVED by SUPERVISOR,STAFF MEMBER,2018-12-05 07:31:04+00:00,2018-12-05 06:52:04+00:00
request for payment 174095,Request Payment,SYSTEM,2018-12-05 07:45:16+00:00,2018-12-05 06:52:16+00:00
request for payment 178061,Request Payment,SYSTEM,2018-12-05 07:30:06+00:00,2018-12-05 06:53:06+00:00
request for payment 176311,Request Payment,SYSTEM,2018-12-05 07:30:11+00:00,2018-12-05 06:54:11+00:00
request for payment 176347,Request Payment,SYSTEM,2018-12-05 07:49:31+00:00,2018-12-05 06:56:31+00:00
request for payment 176853,Request For Payment SUBMITTED by EMPLOYEE,STAFF MEMBER,2018-12-05 09:09:30+00:00,2018-12-05 08:09:30+00:00
request for payment 178040,Request For Payment FINAL_APPROVED by SUPERVISOR,STAFF MEMBER,2018-12-05 08:44:38+00:00,2018-12-05 08:10:38+00:00
request for payment 176853,Request For Payment APPROVED by ADMINISTRATION,STAFF MEMBER,2018-12-05 08:47:47+00:00,2018-12-05 08:12:47+00:00
request for payment 176859,Request For Payment SUBMITTED by EMPLOYEE,STAFF MEMBER,2018-12-05 09:00:45+00:00,2018-12-05 08:15:45+00:00
request for payment 176859,Request For Payment REJECTED by ADMINISTRATION,STAFF MEMBER,2018-12-05 09:06:56+00:00,2018-12-05 08:15:56+00:00
request for payment 183418,Request For Payment FINAL_APPROVED by SUPERVISOR,STAFF MEMBER,2018-12-05 09:12:14+00:00,2018-12-05 08:22:14+00:00
request for payment 176863,Request For Payment SUBMITTED by EMPLOYEE,STAFF MEMBER,2018-12-05 09:21:38+00:00,2018-12-05 08:25:38+00:00
request for payment 176863,Request For Payment APPROVED by ADMINISTRATION,STAFF MEMBER,2018-12-05 09:16:05+00:00,2018-12-05 08:26:05+00:00
request for payment 175494,Request For Payment SUBMITTED by EMPLOYEE,STAFF MEMBER,2018-12-05 09:26:37+00:00,2018-12-05 08:31:37+00:00
request for payment 175494,Request For Payment APPROVED by ADMINISTRATION,STAFF MEMBER,2018-12-05 09:26:50+00:00,2018-12-05 08:31:50+00:00
request for payment 178745,Request For Payment FINAL_APPROVED by SUPERVISOR,STAFF MEMBER,2018-12-05 09:21:36+00:00,2018-12-05 08:45:36+00:00
request for payment 171778,Request For Payment FINAL_APPROVED by SUPERVISOR,STAFF MEMBER,2018-12-05 09:21:04+00:00,2018-12-05 08:47:04+00:00
request for payment 179957,Request For Payment APPROVED by BUDGET OWNER,STAFF MEMBER,2018-12-05 09:21:48+00:00,2018-12-05 08:47:48+00:00
request for payment 176868,Request For Payment SUBMITTED by EMPLOYEE,STAFF MEMBER,2018-12-05 09:49:33+00:00,2018-12-05 08:55:33+00:00
request for payment 176868,Request For Payment APPROVED by ADMINISTRATION,STAFF MEMBER,2018-12-05 09:33:36+00:00,2018-12-05 08:55:36+00:00
request for payment 178109,Request For Payment SUBMITTED by EMPLOYEE,STAFF MEMBER,2018-12-05 09:41:15+00:00,2018-12-05 08:59:15+00:00
request for payment 178109,Request For Payment APPROVED by ADMINISTRATION,STAFF MEMBER,2018-12-05 09:44:58+00:00,2018-12-05 08:59:58+00:00
request for payment 178114,Request For Payment SAVED by EMPLOYEE,STAFF MEMBER,2018-12-05 09:54:55+00:00,2018-12-05 09:00:55+00:00
request for payment 183006,Request For Payment FINAL_APPROVED by SUPERVISOR,STAFF MEMBER,2018-12-05 10:06:01+00:00,2018-12-05 09:08:01+00:00
request for payment 176781,Request For Payment FINAL_APPROVED by SUPERVISOR,STAFF MEMBER,2018-12-05 09:46:25+00:00,2018-12-05 09:08:25+00:00
request for payment 176853,Request For Payment APPROVED by BUDGET OWNER,STAFF MEMBER,2018-12-05 10:05:40+00:00,2018-12-05 09:13:40+00:00
request for payment 176791,Request For Payment APPROVED by BUDGET OWNER,STAFF MEMBER,2018-12-05 09:49:20+00:00,2018-12-05 09:19:20+00:00
request for payment 176848,Request For Payment FINAL_APPROVED by SUPERVISOR,STAFF MEMBER,2018-12-05 09:57:19+00:00,2018-12-05 09:20:19+00:00
request for payment 178724,Request For Payment REJECTED by SUPERVISOR,STAFF MEMBER,2018-12-05 10:12:01+00:00,2018-12-05 09:22:01+00:00
request for payment 177148,Request For Payment SUBMITTED by EMPLOYEE,STAFF MEMBER,2018-12-05 10:08:10+00:00,2018-12-05 09:30:10+00:00
request for payment 177148,Request For Payment APPROVED by ADMINISTRATION,STAFF MEMBER,2018-12-05 10:04:18+00:00,2018-12-05 09:30:18+00:00
request for payment 176376,Request For Payment FINAL_APPROVED by SUPERVISOR,STAFF MEMBER,2018-12-05 10:22:49+00:00,2018-12-05 09:31:49+00:00
request for payment 183392,Request For Payment REJECTED by EMPLOYEE,STAFF MEMBER,2018-12-05 10:21:20+00:00,2018-12-05 09:39:20+00:00
request for payment 176781,Request Payment,SYSTEM,2018-12-05 10:23:55+00:00,2018-12-05 09:49:55+00:00
request for payment 183006,Request Payment,SYSTEM,2018-12-05 10:39:30+00:00,2018-12-05 09:50:30+00:00
request for payment 178066,Request For Payment FINAL_APPROVED by SUPERVISOR,STAFF MEMBER,2018-12-05 10:50:27+00:00,2018-12-05 10:15:27+00:00
request for payment 178078,Request For Payment FINAL_APPROVED by SUPERVISOR,STAFF MEMBER,2018-12-05 10:53:36+00:00,2018-12-05 10:21:36+00:00
request for payment 171773,Request For Payment FINAL_APPROVED by SUPERVISOR,STAFF MEMBER,2018-12-05 11:14:29+00:00,2018-12-05 10:24:29+00:00
request for payment 184018,Request For Payment FINAL_APPROVED by SUPERVISOR,STAFF MEMBER,2018-12-05 11:07:02+00:00,2018-12-05 10:25:02+00:00
request for payment 177154,Request For Payment SUBMITTED by EMPLOYEE,STAFF MEMBER,2018-12-05 11:21:09+00:00,2018-12-05 10:29:09+00:00
request for payment 174100,Request For Payment FINAL_APPROVED by SUPERVISOR,STAFF MEMBER,2018-12-05 11:29:56+00:00,2018-12-05 10:29:56+00:00
request for payment 174100,Request Payment,SYSTEM,2018-12-05 11:18:57+00:00,2018-12-05 10:29:57+00:00
request for payment 174257,Request Payment,SYSTEM,2018-12-05 11:04:43+00:00,2018-12-05 10:30:43+00:00
request for payment 177160,Request For Payment SUBMITTED by EMPLOYEE,STAFF MEMBER,2018-12-05 11:22:44+00:00,2018-12-05 10:30:44+00:00
request for payment 177165,Request For Payment SUBMITTED by EMPLOYEE,STAFF MEMBER,2018-12-05 11:34:37+00:00,2018-12-05 10:40:37+00:00
request for payment 177165,Request For Payment APPROVED by ADMINISTRATION,STAFF MEMBER,2018-12-05 11:29:43+00:00,2018-12-05 10:40:43+00:00
request for payment 177154,Request For Payment APPROVED by ADMINISTRATION,STAFF MEMBER,2018-12-05 11:14:58+00:00,2018-12-05 10:40:58+00:00
request for payment 178116,Request For Payment SUBMITTED by EMPLOYEE,STAFF MEMBER,2018-12-05 11:53:22+00:00,2018-12-05 11:06:22+00:00
request for payment 178116,Request For Payment APPROVED by ADMINISTRATION,STAFF MEMBER,2018-12-05 11:57:54+00:00,2018-12-05 11:06:54+00:00
request for payment 184028,Request For Payment SUBMITTED by EMPLOYEE,STAFF MEMBER,2018-12-05 11:51:23+00:00,2018-12-05 11:17:23+00:00
request for payment 184028,Request For Payment APPROVED by ADMINISTRATION,STAFF MEMBER,2018-12-05 12:11:19+00:00,2018-12-05 11:19:19+00:00
request for payment 184018,Request Payment,SYSTEM,2018-12-05 13:22:30+00:00,2018-12-05 12:33:30+00:00
request for payment 171773,Request Payment,SYSTEM,2018-12-05 13:29:31+00:00,2018-12-05 12:33:31+00:00
request for payment 174306,Request For Payment REJECTED by SUPERVISOR,STAFF MEMBER,2018-12-05 13:36:57+00:00,2018-12-05 12:53:57+00:00
request for payment 183641,Request For Payment FINAL_APPROVED by SUPERVISOR,STAFF MEMBER,2018-12-05 13:43:19+00:00,2018-12-05 12:59:19+00:00
request for payment 177851,Request For Payment APPROVED by BUDGET OWNER,STAFF MEMBER,2018-12-05 13:56:13+00:00,2018-12-05 13:02:13+00:00
request for payment 176376,Request Payment,SYSTEM,2018-12-05 14:07:44+00:00,2018-12-05 13:25:44+00:00
request for payment 184028,Request For Payment FINAL_APPROVED by SUPERVISOR,STAFF MEMBER,2018-12-05 14:24:45+00:00,2018-12-05 13:28:45+00:00
request for payment 178116,Request For Payment FINAL_APPROVED by SUPERVISOR,STAFF MEMBER,2018-12-05 14:27:23+00:00,2018-12-05 13:30:23+00:00
request for payment 178109,Request For Payment FINAL_APPROVED by SUPERVISOR,STAFF MEMBER,2018-12-05 14:07:03+00:00,2018-12-05 13:31:03+00:00
request for payment 178104,Request For Payment FINAL_APPROVED by SUPERVISOR,STAFF MEMBER,2018-12-05 14:23:30+00:00,2018-12-05 13:32:30+00:00
request for payment 178099,Request For Payment FINAL_APPROVED by SUPERVISOR,STAFF MEMBER,2018-12-05 14:20:23+00:00,2018-12-05 13:33:23+00:00
request for payment 178094,Request For Payment FINAL_APPROVED by SUPERVISOR,STAFF MEMBER,2018-12-05 14:17:14+00:00,2018-12-05 13:36:14+00:00
request for payment 176832,Request For Payment FINAL_APPROVED by SUPERVISOR,STAFF MEMBER,2018-12-05 14:14:10+00:00,2018-12-05 13:37:10+00:00
request for payment 177165,Request For Payment APPROVED by BUDGET OWNER,STAFF MEMBER,2018-12-05 14:18:43+00:00,2018-12-05 13:39:43+00:00
request for payment 176868,Request For Payment APPROVED by BUDGET OWNER,STAFF MEMBER,2018-12-05 14:27:30+00:00,2018-12-05 13:40:30+00:00
request for payment 174111,Request For Payment SUBMITTED by EMPLOYEE,STAFF MEMBER,2018-12-05 14:31:25+00:00,2018-12-05 13:41:25+00:00
request for payment 174111,Request For Payment APPROVED by ADMINISTRATION,STAFF MEMBER,2018-12-05 14:38:32+00:00,2018-12-05 13:41:32+00:00
request for payment 178740,Request For Payment FINAL_APPROVED by SUPERVISOR,STAFF MEMBER,2018-12-05 14:28:45+00:00,2018-12-05 13:42:45+00:00
request for payment 174111,Request For Payment FINAL_APPROVED by SUPERVISOR,STAFF MEMBER,2018-12-05 14:19:51+00:00,2018-12-05 13:44:51+00:00
request for payment 183400,Request For Payment APPROVED by BUDGET OWNER,STAFF MEMBER,2018-12-05 14:40:48+00:00,2018-12-05 13:49:48+00:00
request for payment 178121,Request For Payment SUBMITTED by EMPLOYEE,STAFF MEMBER,2018-12-05 15:10:17+00:00,2018-12-05 14:10:17+00:00
request for payment 178121,Request For Payment APPROVED by ADMINISTRATION,STAFF MEMBER,2018-12-05 14:51:29+00:00,2018-12-05 14:10:29+00:00
request for payment 178130,Request For Payment SUBMITTED by EMPLOYEE,STAFF MEMBER,2018-12-05 14:58:03+00:00,2018-12-05 14:18:03+00:00
request for payment 178130,Request For Payment APPROVED by ADMINISTRATION,STAFF MEMBER,2018-12-05 14:54:04+00:00,2018-12-05 14:18:04+00:00
request for payment 183641,Request Payment,SYSTEM,2018-12-05 14:52:47+00:00,2018-12-05 14:21:47+00:00
request for payment 184012,Request Payment,SYSTEM,2018-12-05 15:08:31+00:00,2018-12-05 14:24:31+00:00
request for payment 183449,Request For Payment SUBMITTED by EMPLOYEE,STAFF MEMBER,2018-12-05 15:26:50+00:00,2018-12-05 14:28:50+00:00
request for payment 183449,Request For Payment APPROVED by ADMINISTRATION,STAFF MEMBER,2018-12-05 15:10:59+00:00,2018-12-05 14:28:59+00:00
request for payment 183400,Request For Payment FINAL_APPROVED by SUPERVISOR,STAFF MEMBER,2018-12-05 15:36:31+00:00,2018-12-05 14:36:31+00:00
request for payment 175894,Request For Payment SUBMITTED by EMPLOYEE,STAFF MEMBER,2018-12-05 15:27:10+00:00,2018-12-05 14:43:10+00:00
request for payment 175894,Request For Payment APPROVED by ADMINISTRATION,STAFF MEMBER,2018-12-05 15:28:16+00:00,2018-12-05 14:43:16+00:00
request for payment 177172,Request For Payment SUBMITTED by EMPLOYEE,STAFF MEMBER,2018-12-05 15:40:43+00:00,2018-12-05 14:45:43+00:00
request for payment 177172,Request For Payment APPROVED by ADMINISTRATION,STAFF MEMBER,2018-12-05 15:38:53+00:00,2018-12-05 14:45:53+00:00
request for payment 178130,Request For Payment FINAL_APPROVED by SUPERVISOR,STAFF MEMBER,2018-12-05 15:28:28+00:00,2018-12-05 14:47:28+00:00
request for payment 178050,Request For Payment FINAL_APPROVED by SUPERVISOR,STAFF MEMBER,2018-12-05 15:56:22+00:00,2018-12-05 15:04:22+00:00
request for payment 177177,Request For Payment SUBMITTED by EMPLOYEE,STAFF MEMBER,2018-12-05 16:09:23+00:00,2018-12-05 15:32:23+00:00
request for payment 177177,Request For Payment APPROVED by ADMINISTRATION,STAFF MEMBER,2018-12-05 16:04:29+00:00,2018-12-05 15:32:29+00:00
request for payment 177182,Request For Payment SUBMITTED by EMPLOYEE,STAFF MEMBER,2018-12-05 16:28:28+00:00,2018-12-05 15:41:28+00:00
request for payment 177182,Request For Payment APPROVED by ADMINISTRATION,STAFF MEMBER,2018-12-05 16:17:23+00:00,2018-12-05 15:46:23+00:00
request for payment 177188,Request For Payment SUBMITTED by EMPLOYEE,STAFF MEMBER,2018-12-05 16:32:59+00:00,2018-12-05 15:47:59+00:00
request for payment 177188,Request For Payment APPROVED by ADMINISTRATION,STAFF MEMBER,2018-12-05 16:26:07+00:00,2018-12-05 15:48:07+00:00
request for payment 177193,Request For Payment SUBMITTED by EMPLOYEE,STAFF MEMBER,2018-12-05 16:19:13+00:00,2018-12-05 15:49:13+00:00
request for payment 177193,Request For Payment APPROVED by ADMINISTRATION,STAFF MEMBER,2018-12-05 16:34:17+00:00,2018-12-05 15:49:17+00:00
request for payment 178751,Request For Payment SUBMITTED by EMPLOYEE,STAFF MEMBER,2018-12-05 17:20:35+00:00,2018-12-05 16:23:35+00:00
request for payment 178751,Request For Payment APPROVED by ADMINISTRATION,STAFF MEMBER,2018-12-05 17:11:14+00:00,2018-12-05 16:24:14+00:00
request for payment 178130,Request Payment,SYSTEM,2018-12-05 18:45:41+00:00,2018-12-05 17:55:41+00:00
request for payment 177198,Request For Payment SUBMITTED by EMPLOYEE,STAFF MEMBER,2018-12-05 18:38:04+00:00,2018-12-05 18:05:04+00:00
request for payment 177198,Request For Payment APPROVED by ADMINISTRATION,STAFF MEMBER,2018-12-05 18:56:10+00:00,2018-12-05 18:06:10+00:00
request for payment 177203,Request For Payment SUBMITTED by EMPLOYEE,STAFF MEMBER,2018-12-05 19:12:53+00:00,2018-12-05 18:42:53+00:00
request for payment 177203,Request For Payment APPROVED by ADMINISTRATION,STAFF MEMBER,2018-12-05 19:41:57+00:00,2018-12-05 18:43:57+00:00
request for payment 183985,Request Payment,SYSTEM,2018-12-05 20:02:43+00:00,2018-12-05 19:15:43+00:00
request for payment 183392,Request For Payment SUBMITTED by EMPLOYEE,STAFF MEMBER,2018-12-05 20:45:15+00:00,2018-12-05 19:57:15+00:00
request for payment 183392,Request For Payment APPROVED by ADMINISTRATION,STAFF MEMBER,2018-12-05 20:50:10+00:00,2018-12-05 19:58:10+00:00
request for payment 183455,Request For Payment SUBMITTED by EMPLOYEE,STAFF MEMBER,2018-12-05 21:45:46+00:00,2018-12-05 20:51:46+00:00
request for payment 183455,Request For Payment APPROVED by ADMINISTRATION,STAFF MEMBER,2018-12-05 21:41:24+00:00,2018-12-05 20:59:24+00:00
request for payment 183022,Request For Payment FINAL_APPROVED by SUPERVISOR,STAFF MEMBER,2018-12-06 05:09:16+00:00,2018-12-06 04:15:16+00:00
request for payment 176325,Request For Payment FINAL_APPROVED by SUPERVISOR,STAFF MEMBER,2018-12-06 04:56:17+00:00,2018-12-06 04:15:17+00:00
request for payment 181753,Request For Payment FINAL_APPROVED by SUPERVISOR,STAFF MEMBER,2018-12-06 05:00:17+00:00,2018-12-06 04:15:17+00:00
request for payment 178024,Request Payment,SYSTEM,2018-12-06 06:48:54+00:00,2018-12-06 06:13:54+00:00
request for payment 174111,Request Payment,SYSTEM,2018-12-06 07:02:00+00:00,2018-12-06 06:27:00+00:00
request for payment 184007,Request Payment,SYSTEM,2018-12-06 07:27:05+00:00,2018-12-06 06:27:05+00:00
request for payment 175925,Request Payment,SYSTEM,2018-12-06 07:08:06+00:00,2018-12-06 06:27:06+00:00
request for payment 176791,Request For Payment FINAL_APPROVED by SUPERVISOR,STAFF MEMBER,2018-12-06 07:41:10+00:00,2018-12-06 07:11:10+00:00
request for payment 176381,Request Payment,SYSTEM,2018-12-06 08:18:17+00:00,2018-12-06 07:18:17+00:00
request for payment 178078,Request Payment,SYSTEM,2018-12-06 08:29:05+00:00,2018-12-06 07:43:05+00:00
request for payment 177851,Request For Payment FINAL_APPROVED by SUPERVISOR,STAFF MEMBER,2018-12-06 08:33:30+00:00,2018-12-06 07:53:30+00:00
request for payment 183022,Request Payment,SYSTEM,2018-12-06 08:39:18+00:00,2018-12-06 07:54:18+00:00
request for payment 183418,Request Payment,SYSTEM,2018-12-06 08:53:54+00:00,2018-12-06 07:55:54+00:00
request for payment 178050,Request Payment,SYSTEM,2018-12-06 08:55:35+00:00,2018-12-06 08:00:35+00:00
request for payment 177148,Request For Payment APPROVED by BUDGET OWNER,STAFF MEMBER,2018-12-06 08:39:23+00:00,2018-12-06 08:05:23+00:00
request for payment 175494,Request For Payment APPROVED by BUDGET OWNER,STAFF MEMBER,2018-12-06 09:07:23+00:00,2018-12-06 08:09:23+00:00
request for payment 183438,Request For Payment FINAL_APPROVED by SUPERVISOR,STAFF MEMBER,2018-12-06 09:02:05+00:00,2018-12-06 08:11:05+00:00
request for payment 183438,Request Payment,SYSTEM,2018-12-06 08:53:40+00:00,2018-12-06 08:13:40+00:00
request for payment 183423,Request For Payment FINAL_APPROVED by SUPERVISOR,STAFF MEMBER,2018-12-06 09:13:45+00:00,2018-12-06 08:14:45+00:00
request for payment 183428,Request For Payment FINAL_APPROVED by SUPERVISOR,STAFF MEMBER,2018-12-06 09:01:49+00:00,2018-12-06 08:15:49+00:00
request for payment 184557,Request Payment,SYSTEM,2018-12-06 09:04:14+00:00,2018-12-06 08:16:14+00:00
request for payment 176325,Request Payment,SYSTEM,2018-12-06 09:14:31+00:00,2018-12-06 08:17:31+00:00
request for payment 177193,Request For Payment FINAL_APPROVED by SUPERVISOR,STAFF MEMBER,2018-12-06 09:09:42+00:00,2018-12-06 08:18:42+00:00
request for payment 177208,Request For Payment SUBMITTED by EMPLOYEE,STAFF MEMBER,2018-12-06 09:04:57+00:00,2018-12-06 08:18:57+00:00
request for payment 177208,Request For Payment APPROVED by ADMINISTRATION,STAFF MEMBER,2018-12-06 09:14:22+00:00,2018-12-06 08:19:22+00:00
request for payment 183433,Request For Payment FINAL_APPROVED by SUPERVISOR,STAFF MEMBER,2018-12-06 09:13:48+00:00,2018-12-06 08:20:48+00:00
request for payment 178740,Request Payment,SYSTEM,2018-12-06 09:20:44+00:00,2018-12-06 08:25:44+00:00
request for payment 177203,Request For Payment FINAL_APPROVED by SUPERVISOR,STAFF MEMBER,2018-12-06 09:17:47+00:00,2018-12-06 08:26:47+00:00
request for payment 177154,Request For Payment APPROVED by BUDGET OWNER,STAFF MEMBER,2018-12-06 09:06:47+00:00,2018-12-06 08:32:47+00:00
request for payment 177213,Request For Payment SUBMITTED by EMPLOYEE,STAFF MEMBER,2018-12-06 09:17:38+00:00,2018-12-06 08:40:38+00:00
request for payment 177213,Request For Payment APPROVED by ADMINISTRATION,STAFF MEMBER,2018-12-06 09:29:01+00:00,2018-12-06 08:41:01+00:00
request for payment 183461,Request For Payment SAVED by EMPLOYEE,STAFF MEMBER,2018-12-06 09:22:13+00:00,2018-12-06 08:41:13+00:00
request for payment 183463,Request For Payment SUBMITTED by EMPLOYEE,STAFF MEMBER,2018-12-06 09:27:40+00:00,2018-12-06 08:45:40+00:00
request for payment 177807,Request For Payment APPROVED by BUDGET OWNER,STAFF MEMBER,2018-12-06 09:48:09+00:00,2018-12-06 08:50:09+00:00
request for payment 183463,Request For Payment APPROVED by ADMINISTRATION,STAFF MEMBER,2018-12-06 09:23:09+00:00,2018-12-06 08:51:09+00:00
request for payment 174277,Request For Payment FINAL_APPROVED by SUPERVISOR,STAFF MEMBER,2018-12-06 09:35:33+00:00,2018-12-06 08:51:33+00:00
request for payment 174282,Request For Payment REJECTED by EMPLOYEE,STAFF MEMBER,2018-12-06 09:30:25+00:00,2018-12-06 08:52:25+00:00
request for payment 182178,Request For Payment FINAL_APPROVED by SUPERVISOR,STAFF MEMBER,2018-12-06 09:47:42+00:00,2018-12-06 08:53:42+00:00
request for payment 178312,Request For Payment FINAL_APPROVED by SUPERVISOR,STAFF MEMBER,2018-12-06 09:26:01+00:00,2018-12-06 08:55:01+00:00
request for payment 174325,Request For Payment FINAL_APPROVED by SUPERVISOR,STAFF MEMBER,2018-12-06 09:44:21+00:00,2018-12-06 08:56:21+00:00
request for payment 172862,Request For Payment SUBMITTED by EMPLOYEE,STAFF MEMBER,2018-12-06 09:34:51+00:00,2018-12-06 08:56:51+00:00
request for payment 172862,Request For Payment APPROVED by ADMINISTRATION,STAFF MEMBER,2018-12-06 09:52:04+00:00,2018-12-06 08:57:04+00:00
request for payment 174335,Request For Payment REJECTED by EMPLOYEE,STAFF MEMBER,2018-12-06 09:54:19+00:00,2018-12-06 08:57:19+00:00
request for payment 174339,Request For Payment FINAL_APPROVED by SUPERVISOR,STAFF MEMBER,2018-12-06 09:43:44+00:00,2018-12-06 08:58:44+00:00
request for payment 177813,Request For Payment FINAL_APPROVED by SUPERVISOR,STAFF MEMBER,2018-12-06 09:53:23+00:00,2018-12-06 09:00:23+00:00
request for payment 177827,Request For Payment APPROVED by BUDGET OWNER,STAFF MEMBER,2018-12-06 09:56:23+00:00,2018-12-06 09:01:23+00:00
request for payment 179513,Request For Payment FINAL_APPROVED by SUPERVISOR,STAFF MEMBER,2018-12-06 09:46:10+00:00,2018-12-06 09:02:10+00:00
request for payment 179527,Request For Payment FINAL_APPROVED by SUPERVISOR,STAFF MEMBER,2018-12-06 09:46:28+00:00,2018-12-06 09:04:28+00:00
request for payment 177845,Request For Payment APPROVED by BUDGET OWNER,STAFF MEMBER,2018-12-06 09:59:39+00:00,2018-12-06 09:10:39+00:00
request for payment 178099,Request Payment,SYSTEM,2018-12-06 09:47:47+00:00,2018-12-06 09:10:47+00:00
request for payment 178094,Request Payment,SYSTEM,2018-12-06 10:00:50+00:00,2018-12-06 09:10:50+00:00
request for payment 178104,Request Payment,SYSTEM,2018-12-06 09:57:51+00:00,2018-12-06 09:10:51+00:00
request for payment 179603,Request For Payment FINAL_APPROVED by SUPERVISOR,STAFF MEMBER,2018-12-06 09:46:11+00:00,2018-12-06 09:14:11+00:00
request for payment 175503,Request For Payment FINAL_APPROVED by SUPERVISOR,STAFF MEMBER,2018-12-06 10:08:25+00:00,2018-12-06 09:16:25+00:00
request for payment 175508,Request For Payment FINAL_APPROVED by SUPERVISOR,STAFF MEMBER,2018-12-06 10:06:11+00:00,2018-12-06 09:17:11+00:00
request for payment 175524,Request For Payment FINAL_APPROVED by SUPERVISOR,STAFF MEMBER,2018-12-06 10:14:34+00:00,2018-12-06 09:21:34+00:00
request for payment 178756,Request For Payment SUBMITTED by EMPLOYEE,STAFF MEMBER,2018-12-06 10:03:45+00:00,2018-12-06 09:25:45+00:00
request for payment 178055,Request For Payment APPROVED by BUDGET OWNER,STAFF MEMBER,2018-12-06 10:25:13+00:00,2018-12-06 09:26:13+00:00
request for payment 178756,Request For Payment APPROVED by ADMINISTRATION,STAFF MEMBER,2018-12-06 10:15:06+00:00,2018-12-06 09:27:06+00:00
request for payment 175535,Request For Payment FINAL_APPROVED by SUPERVISOR,STAFF MEMBER,2018-12-06 10:02:53+00:00,2018-12-06 09:28:53+00:00
request for payment 178327,Request For Payment APPROVED by BUDGET OWNER,STAFF MEMBER,2018-12-06 10:23:30+00:00,2018-12-06 09:29:30+00:00
request for payment 175878,Request For Payment FINAL_APPROVED by SUPERVISOR,STAFF MEMBER,2018-12-06 10:10:42+00:00,2018-12-06 09:30:42+00:00
request for payment 175889,Request For Payment FINAL_APPROVED by SUPERVISOR,STAFF MEMBER,2018-12-06 10:20:43+00:00,2018-12-06 09:32:43+00:00
request for payment 178762,Request For Payment SUBMITTED by EMPLOYEE,STAFF MEMBER,2018-12-06 10:33:07+00:00,2018-12-06 09:34:07+00:00
request for payment 178762,Request For Payment APPROVED by ADMINISTRATION,STAFF MEMBER,2018-12-06 10:24:10+00:00,2018-12-06 09:34:10+00:00
request for payment 184541,Request For Payment APPROVED by SUPERVISOR,STAFF MEMBER,2018-12-06 10:04:39+00:00,2018-12-06 09:34:39+00:00
request for payment 175942,Request For Payment APPROVED by BUDGET OWNER,STAFF MEMBER,2018-12-06 10:19:24+00:00,2018-12-06 09:35:24+00:00
request for payment 177901,Request For Payment REJECTED by EMPLOYEE,STAFF MEMBER,2018-12-06 10:36:22+00:00,2018-12-06 09:46:22+00:00
request for payment 177901,Request For Payment SUBMITTED by EMPLOYEE,STAFF MEMBER,2018-12-06 10:28:53+00:00,2018-12-06 09:53:53+00:00
request for payment 177901,Request For Payment APPROVED by ADMINISTRATION,STAFF MEMBER,2018-12-06 10:45:01+00:00,2018-12-06 09:54:01+00:00
request for payment 172868,Request For Payment SUBMITTED by EMPLOYEE,STAFF MEMBER,2018-12-06 10:39:17+00:00,2018-12-06 09:56:17+00:00
request for payment 172868,Request For Payment APPROVED by ADMINISTRATION,STAFF MEMBER,2018-12-06 10:49:40+00:00,2018-12-06 09:56:40+00:00
request for payment 177901,Request For Payment FINAL_APPROVED by SUPERVISOR,STAFF MEMBER,2018-12-06 11:02:16+00:00,2018-12-06 10:02:16+00:00
request for payment 175942,Request For Payment FINAL_APPROVED by SUPERVISOR,STAFF MEMBER,2018-12-06 10:50:13+00:00,2018-12-06 10:03:13+00:00
request for payment 177807,Request For Payment FINAL_APPROVED by SUPERVISOR,STAFF MEMBER,2018-12-06 10:46:26+00:00,2018-12-06 10:06:26+00:00
request for payment 175948,Request For Payment APPROVED by BUDGET OWNER,STAFF MEMBER,2018-12-06 11:05:29+00:00,2018-12-06 10:07:29+00:00
request for payment 184563,Request For Payment APPROVED by BUDGET OWNER,STAFF MEMBER,2018-12-06 10:45:49+00:00,2018-12-06 10:08:49+00:00
request for payment 177172,Request For Payment FINAL_APPROVED by SUPERVISOR,STAFF MEMBER,2018-12-06 10:54:02+00:00,2018-12-06 10:09:02+00:00
request for payment 172873,Request For Payment SAVED by EMPLOYEE,STAFF MEMBER,2018-12-06 10:57:17+00:00,2018-12-06 10:09:17+00:00
request for payment 179630,Request For Payment FINAL_APPROVED by SUPERVISOR,STAFF MEMBER,2018-12-06 10:54:35+00:00,2018-12-06 10:09:35+00:00
request for payment 175977,Request For Payment APPROVED by BUDGET OWNER,STAFF MEMBER,2018-12-06 10:51:14+00:00,2018-12-06 10:10:14+00:00
request for payment 183672,Request For Payment FINAL_APPROVED by SUPERVISOR,STAFF MEMBER,2018-12-06 10:45:09+00:00,2018-12-06 10:12:09+00:00
request for payment 172875,Request For Payment SUBMITTED by EMPLOYEE,STAFF MEMBER,2018-12-06 11:06:37+00:00,2018-12-06 10:12:37+00:00
request for payment 179640,Request For Payment FINAL_APPROVED by SUPERVISOR,STAFF MEMBER,2018-12-06 10:50:46+00:00,2018-12-06 10:12:46+00:00
request for payment 172875,Request For Payment APPROVED by ADMINISTRATION,STAFF MEMBER,2018-12-06 11:13:32+00:00,2018-12-06 10:14:32+00:00
request for payment 183468,Request For Payment SUBMITTED by EMPLOYEE,STAFF MEMBER,2018-12-06 10:59:21+00:00,2018-12-06 10:16:21+00:00
request for payment 184563,Request For Payment FINAL_APPROVED by SUPERVISOR,STAFF MEMBER,2018-12-06 10:50:57+00:00,2018-12-06 10:20:57+00:00
request for payment 177845,Request For Payment FINAL_APPROVED by SUPERVISOR,STAFF MEMBER,2018-12-06 10:52:23+00:00,2018-12-06 10:21:23+00:00
request for payment 179527,Request Payment,SYSTEM,2018-12-06 11:02:58+00:00,2018-12-06 10:21:58+00:00
request for payment 178089,Request For Payment FINAL_APPROVED by SUPERVISOR,STAFF MEMBER,2018-12-06 10:53:20+00:00,2018-12-06 10:22:20+00:00
request for payment 183468,Request For Payment APPROVED by ADMINISTRATION,STAFF MEMBER,2018-12-06 11:02:27+00:00,2018-12-06 10:24:27+00:00
request for payment 176863,Request For Payment FINAL_APPROVED by SUPERVISOR,STAFF MEMBER,2018-12-06 11:08:19+00:00,2018-12-06 10:25:19+00:00
request for payment 184033,Request For Payment SUBMITTED by EMPLOYEE,STAFF MEMBER,2018-12-06 10:57:35+00:00,2018-12-06 10:25:35+00:00
request for payment 184033,Request For Payment APPROVED by ADMINISTRATION,STAFF MEMBER,2018-12-06 11:13:41+00:00,2018-12-06 10:25:41+00:00
request for payment 184541,Request For Payment FINAL_APPROVED by DIRECTOR,STAFF MEMBER,2018-12-06 11:08:21+00:00,2018-12-06 10:26:21+00:00
request for payment 176316,Request For Payment FINAL_APPROVED by SUPERVISOR,STAFF MEMBER,2018-12-06 11:24:46+00:00,2018-12-06 10:32:46+00:00
request for payment 176843,Request For Payment REJECTED by SUPERVISOR,STAFF MEMBER,2018-12-06 11:29:08+00:00,2018-12-06 10:33:08+00:00
request for payment 171778,Request Payment,SYSTEM,2018-12-06 11:20:47+00:00,2018-12-06 10:34:47+00:00
request for payment 178071,Request For Payment APPROVED by BUDGET OWNER,STAFF MEMBER,2018-12-06 11:21:36+00:00,2018-12-06 10:36:36+00:00
request for payment 171783,Request For Payment SUBMITTED by EMPLOYEE,STAFF MEMBER,2018-12-06 11:13:48+00:00,2018-12-06 10:37:48+00:00
request for payment 176321,Request For Payment REJECTED by EMPLOYEE,STAFF MEMBER,2018-12-06 11:12:04+00:00,2018-12-06 10:38:04+00:00
request for payment 171783,Request For Payment APPROVED by ADMINISTRATION,STAFF MEMBER,2018-12-06 11:43:34+00:00,2018-12-06 10:55:34+00:00
request for payment 183400,Request Payment,SYSTEM,2018-12-06 11:33:38+00:00,2018-12-06 10:55:38+00:00
request for payment 179630,Request Payment,SYSTEM,2018-12-06 11:50:03+00:00,2018-12-06 10:57:03+00:00
request for payment 172880,Request For Payment SUBMITTED by EMPLOYEE,STAFF MEMBER,2018-12-06 12:04:40+00:00,2018-12-06 11:19:40+00:00
request for payment 172880,Request For Payment APPROVED by ADMINISTRATION,STAFF MEMBER,2018-12-06 12:00:47+00:00,2018-12-06 11:19:47+00:00
request for payment 176290,Request For Payment FINAL_APPROVED by SUPERVISOR,STAFF MEMBER,2018-12-06 12:19:21+00:00,2018-12-06 11:28:21+00:00
request for payment 178768,Request For Payment SUBMITTED by EMPLOYEE,STAFF MEMBER,2018-12-06 12:17:15+00:00,2018-12-06 11:32:15+00:00
request for payment 178768,Request For Payment APPROVED by ADMINISTRATION,STAFF MEMBER,2018-12-06 12:27:20+00:00,2018-12-06 11:32:20+00:00
request for payment 179957,Request For Payment FINAL_APPROVED by SUPERVISOR,STAFF MEMBER,2018-12-06 12:26:28+00:00,2018-12-06 11:41:28+00:00
request for payment 178773,Request For Payment SUBMITTED by EMPLOYEE,STAFF MEMBER,2018-12-06 12:14:40+00:00,2018-12-06 11:44:40+00:00
request for payment 178773,Request For Payment APPROVED by ADMINISTRATION,STAFF MEMBER,2018-12-06 12:25:33+00:00,2018-12-06 11:47:33+00:00
request for payment 178019,Request Payment,SYSTEM,2018-12-06 12:54:47+00:00,2018-12-06 11:55:47+00:00
request for payment 177219,Request For Payment SUBMITTED by EMPLOYEE,STAFF MEMBER,2018-12-06 12:54:19+00:00,2018-12-06 12:03:19+00:00
request for payment 177219,Request For Payment APPROVED by ADMINISTRATION,STAFF MEMBER,2018-12-06 12:33:25+00:00,2018-12-06 12:03:25+00:00
request for payment 177224,Request For Payment SUBMITTED by EMPLOYEE,STAFF MEMBER,2018-12-06 13:14:06+00:00,2018-12-06 12:24:06+00:00
request for payment 177224,Request For Payment APPROVED by ADMINISTRATION,STAFF MEMBER,2018-12-06 13:09:09+00:00,2018-12-06 12:24:09+00:00
request for payment 178778,Request For Payment SUBMITTED by EMPLOYEE,STAFF MEMBER,2018-12-06 13:02:26+00:00,2018-12-06 12:30:26+00:00
request for payment 178778,Request For Payment APPROVED by ADMINISTRATION,STAFF MEMBER,2018-12-06 13:04:40+00:00,2018-12-06 12:30:40+00:00
request for payment 178071,Request For Payment FINAL_APPROVED by SUPERVISOR,STAFF MEMBER,2018-12-06 13:24:07+00:00,2018-12-06 12:32:07+00:00
request for payment 177182,Request For Payment APPROVED by BUDGET OWNER,STAFF MEMBER,2018-12-06 13:14:18+00:00,2018-12-06 12:36:18+00:00
request for payment 183392,Request For Payment FOR_APPROVAL by SUPERVISOR,STAFF MEMBER,2018-12-06 13:36:40+00:00,2018-12-06 12:38:40+00:00
request for payment 178783,Request For Payment SUBMITTED by EMPLOYEE,STAFF MEMBER,2018-12-06 13:23:59+00:00,2018-12-06 12:47:59+00:00
request for payment 178783,Request For Payment APPROVED by ADMINISTRATION,STAFF MEMBER,2018-12-06 13:36:06+00:00,2018-12-06 12:48:06+00:00
request for payment 174306,Request For Payment SUBMITTED by EMPLOYEE,STAFF MEMBER,2018-12-06 13:32:27+00:00,2018-12-06 13:00:27+00:00
request for payment 172885,Request For Payment SUBMITTED by EMPLOYEE,STAFF MEMBER,2018-12-06 13:48:19+00:00,2018-12-06 13:05:19+00:00
request for payment 172885,Request For Payment APPROVED by ADMINISTRATION,STAFF MEMBER,2018-12-06 14:05:10+00:00,2018-12-06 13:07:10+00:00
request for payment 178348,Request Payment,SYSTEM,2018-12-06 13:50:38+00:00,2018-12-06 13:10:38+00:00
request for payment 176791,Request Payment,SYSTEM,2018-12-06 14:05:02+00:00,2018-12-06 13:18:02+00:00
request for payment 179496,Request Payment,SYSTEM,2018-12-06 14:14:13+00:00,2018-12-06 13:19:13+00:00
request for payment 175904,Request Payment,SYSTEM,2018-12-06 14:17:29+00:00,2018-12-06 13:19:29+00:00
request for payment 176296,Request For Payment SUBMITTED by EMPLOYEE,STAFF MEMBER,2018-12-06 13:54:18+00:00,2018-12-06 13:20:18+00:00
request for payment 176296,Request For Payment APPROVED by ADMINISTRATION,STAFF MEMBER,2018-12-06 14:11:28+00:00,2018-12-06 13:20:28+00:00
request for payment 171788,Request For Payment SUBMITTED by EMPLOYEE,STAFF MEMBER,2018-12-06 14:18:57+00:00,2018-12-06 13:31:57+00:00
request for payment 177213,Request For Payment APPROVED by BUDGET OWNER,STAFF MEMBER,2018-12-06 14:34:51+00:00,2018-12-06 13:38:51+00:00
request for payment 171788,Request For Payment APPROVED by ADMINISTRATION,STAFF MEMBER,2018-12-06 14:26:56+00:00,2018-12-06 13:38:56+00:00
request for payment 176837,Request For Payment APPROVED by BUDGET OWNER,STAFF MEMBER,2018-12-06 14:28:31+00:00,2018-12-06 13:39:31+00:00
request for payment 174282,Request For Payment SUBMITTED by EMPLOYEE,STAFF MEMBER,2018-12-06 14:45:18+00:00,2018-12-06 13:48:18+00:00
request for payment 174282,Request For Payment APPROVED by ADMINISTRATION,STAFF MEMBER,2018-12-06 14:45:22+00:00,2018-12-06 13:48:22+00:00
request for payment 174116,Request For Payment SUBMITTED by EMPLOYEE,STAFF MEMBER,2018-12-06 14:20:34+00:00,2018-12-06 13:49:34+00:00
request for payment 174116,Request For Payment APPROVED by ADMINISTRATION,STAFF MEMBER,2018-12-06 14:40:05+00:00,2018-12-06 13:52:05+00:00
request for payment 177230,Request For Payment SUBMITTED by EMPLOYEE,STAFF MEMBER,2018-12-06 14:30:55+00:00,2018-12-06 13:54:55+00:00
request for payment 177230,Request For Payment APPROVED by ADMINISTRATION,STAFF MEMBER,2018-12-06 14:26:57+00:00,2018-12-06 13:54:57+00:00
request for payment 175977,Request For Payment FINAL_APPROVED by SUPERVISOR,STAFF MEMBER,2018-12-06 14:38:52+00:00,2018-12-06 13:58:52+00:00
request for payment 179640,Request Payment,SYSTEM,2018-12-06 14:44:09+00:00,2018-12-06 13:59:09+00:00
request for payment 175535,Request Payment,SYSTEM,2018-12-06 14:59:09+00:00,2018-12-06 13:59:09+00:00
request for payment 184563,Request Payment,SYSTEM,2018-12-06 14:49:16+00:00,2018-12-06 13:59:16+00:00
request for payment 177851,Request Payment,SYSTEM,2018-12-06 14:32:17+00:00,2018-12-06 13:59:17+00:00
request for payment 177845,Request Payment,SYSTEM,2018-12-06 14:46:18+00:00,2018-12-06 13:59:18+00:00
request for payment 178040,Request Payment,SYSTEM,2018-12-06 14:35:34+00:00,2018-12-06 14:03:34+00:00
request for payment 174277,Request Payment,SYSTEM,2018-12-06 14:44:18+00:00,2018-12-06 14:09:18+00:00
request for payment 178734,Request For Payment APPROVED by BUDGET OWNER,STAFF MEMBER,2018-12-06 15:01:41+00:00,2018-12-06 14:09:41+00:00
request for payment 177235,Request For Payment SUBMITTED by EMPLOYEE,STAFF MEMBER,2018-12-06 15:08:50+00:00,2018-12-06 14:10:50+00:00
request for payment 177235,Request For Payment APPROVED by ADMINISTRATION,STAFF MEMBER,2018-12-06 14:55:52+00:00,2018-12-06 14:10:52+00:00
request for payment 171788,Request For Payment FINAL_APPROVED by SUPERVISOR,STAFF MEMBER,2018-12-06 15:03:17+00:00,2018-12-06 14:13:17+00:00
request for payment 176786,Request For Payment FINAL_APPROVED by SUPERVISOR,STAFF MEMBER,2018-12-06 14:50:13+00:00,2018-12-06 14:14:13+00:00
request for payment 177240,Request For Payment SUBMITTED by EMPLOYEE,STAFF MEMBER,2018-12-06 15:12:04+00:00,2018-12-06 14:23:04+00:00
request for payment 177240,Request For Payment APPROVED by ADMINISTRATION,STAFF MEMBER,2018-12-06 15:18:35+00:00,2018-12-06 14:24:35+00:00
request for payment 178045,Request For Payment FINAL_APPROVED by SUPERVISOR,STAFF MEMBER,2018-12-06 15:18:25+00:00,2018-12-06 14:29:25+00:00
request for payment 178762,Request For Payment APPROVED by BUDGET OWNER,STAFF MEMBER,2018-12-06 15:22:43+00:00,2018-12-06 14:31:43+00:00
request for payment 177219,Request For Payment FINAL_APPROVED by SUPERVISOR,STAFF MEMBER,2018-12-06 15:08:30+00:00,2018-12-06 14:36:30+00:00
request for payment 174122,Request For Payment SUBMITTED by EMPLOYEE,STAFF MEMBER,2018-12-06 15:38:59+00:00,2018-12-06 14:56:59+00:00
request for payment 174122,Request For Payment APPROVED by ADMINISTRATION,STAFF MEMBER,2018-12-06 15:48:01+00:00,2018-12-06 14:57:01+00:00
request for payment 176832,Request Payment,SYSTEM,2018-12-06 15:39:48+00:00,2018-12-06 15:05:48+00:00
request for payment 176342,Request Payment,SYSTEM,2018-12-06 15:39:52+00:00,2018-12-06 15:05:52+00:00
request for payment 174339,Request Payment,SYSTEM,2018-12-06 16:01:07+00:00,2018-12-06 15:07:07+00:00
request for payment 176290,Request Payment,SYSTEM,2018-12-06 15:45:47+00:00,2018-12-06 15:12:47+00:00
request for payment 178788,Request For Payment SUBMITTED by EMPLOYEE,STAFF MEMBER,2018-12-06 16:13:44+00:00,2018-12-06 15:13:44+00:00
request for payment 178788,Request For Payment APPROVED by ADMINISTRATION,STAFF MEMBER,2018-12-06 15:54:18+00:00,2018-12-06 15:14:18+00:00
request for payment 178794,Request For Payment SUBMITTED by EMPLOYEE,STAFF MEMBER,2018-12-06 16:01:41+00:00,2018-12-06 15:14:41+00:00
request for payment 178794,Request For Payment APPROVED by ADMINISTRATION,STAFF MEMBER,2018-12-06 16:03:44+00:00,2018-12-06 15:14:44+00:00
request for payment 179885,Request Payment,SYSTEM,2018-12-06 16:08:11+00:00,2018-12-06 15:25:11+00:00
request for payment 183366,Request Payment,SYSTEM,2018-12-06 16:24:21+00:00,2018-12-06 15:40:21+00:00
request for payment 177246,Request For Payment SUBMITTED by EMPLOYEE,STAFF MEMBER,2018-12-06 16:24:26+00:00,2018-12-06 15:41:26+00:00
request for payment 177246,Request For Payment APPROVED by ADMINISTRATION,STAFF MEMBER,2018-12-06 16:22:30+00:00,2018-12-06 15:41:30+00:00
request for payment 177252,Request For Payment SUBMITTED by EMPLOYEE,STAFF MEMBER,2018-12-06 16:44:12+00:00,2018-12-06 16:08:12+00:00
request for payment 177252,Request For Payment APPROVED by ADMINISTRATION,STAFF MEMBER,2018-12-06 17:08:32+00:00,2018-12-06 16:08:32+00:00
request for payment 182397,Request Payment,SYSTEM,2018-12-06 17:08:30+00:00,2018-12-06 16:19:30+00:00
request for payment 179518,Payment Handled,SYSTEM,2018-12-06 17:02:34+00:00,2018-12-06 16:31:34+00:00
request for payment 172529,Payment Handled,SYSTEM,2018-12-06 17:02:34+00:00,2018-12-06 16:31:34+00:00
request for payment 174257,Payment Handled,SYSTEM,2018-12-06 17:01:34+00:00,2018-12-06 16:31:34+00:00
request for payment 176797,Payment Handled,SYSTEM,2018-12-06 17:31:34+00:00,2018-12-06 16:31:34+00:00
request for payment 178030,Payment Handled,SYSTEM,2018-12-06 17:24:34+00:00,2018-12-06 16:31:34+00:00
request for payment 175909,Payment Handled,SYSTEM,2018-12-06 17:28:34+00:00,2018-12-06 16:31:34+00:00
request for payment 176347,Payment Handled,SYSTEM,2018-12-06 17:03:34+00:00,2018-12-06 16:31:34+00:00
request for payment 183641,Payment Handled,SYSTEM,2018-12-06 17:26:34+00:00,2018-12-06 16:31:34+00:00
request for payment 183991,Payment Handled,SYSTEM,2018-12-06 17:14:34+00:00,2018-12-06 16:31:34+00:00
request for payment 171702,Payment Handled,SYSTEM,2018-12-06 17:05:34+00:00,2018-12-06 16:31:34+00:00
request for payment 171707,Payment Handled,SYSTEM,2018-12-06 17:03:34+00:00,2018-12-06 16:31:34+00:00
request for payment 184012,Payment Handled,SYSTEM,2018-12-06 17:05:34+00:00,2018-12-06 16:31:34+00:00
request for payment 175955,Payment Handled,SYSTEM,2018-12-06 17:05:34+00:00,2018-12-06 16:31:34+00:00
request for payment 175883,Payment Handled,SYSTEM,2018-12-06 17:14:34+00:00,2018-12-06 16:31:34+00:00
request for payment 183006,Payment Handled,SYSTEM,2018-12-06 17:20:34+00:00,2018-12-06 16:31:34+00:00
request for payment 171712,Payment Handled,SYSTEM,2018-12-06 17:20:34+00:00,2018-12-06 16:31:34+00:00
request for payment 176812,Payment Handled,SYSTEM,2018-12-06 17:07:34+00:00,2018-12-06 16:31:34+00:00
request for payment 179542,Payment Handled,SYSTEM,2018-12-06 17:08:34+00:00,2018-12-06 16:31:34+00:00
request for payment 176781,Payment Handled,SYSTEM,2018-12-06 17:08:34+00:00,2018-12-06 16:31:34+00:00
request for payment 183000,Payment Handled,SYSTEM,2018-12-06 17:08:34+00:00,2018-12-06 16:31:34+00:00
request for payment 183667,Payment Handled,SYSTEM,2018-12-06 17:06:34+00:00,2018-12-06 16:31:34+00:00
request for payment 174071,Payment Handled,SYSTEM,2018-12-06 17:08:34+00:00,2018-12-06 16:31:34+00:00
request for payment 183412,Payment Handled,SYSTEM,2018-12-06 17:09:34+00:00,2018-12-06 16:31:34+00:00
request for payment 178354,Payment Handled,SYSTEM,2018-12-06 17:26:34+00:00,2018-12-06 16:31:34+00:00
request for payment 171773,Payment Handled,SYSTEM,2018-12-06 17:02:34+00:00,2018-12-06 16:31:34+00:00
request for payment 178703,Payment Handled,SYSTEM,2018-12-06 17:15:34+00:00,2018-12-06 16:31:34+00:00
request for payment 177857,Payment Handled,SYSTEM,2018-12-06 17:09:34+00:00,2018-12-06 16:31:34+00:00
request for payment 176376,Payment Handled,SYSTEM,2018-12-06 17:09:34+00:00,2018-12-06 16:31:34+00:00
request for payment 171768,Payment Handled,SYSTEM,2018-12-06 17:30:34+00:00,2018-12-06 16:31:34+00:00
request for payment 178359,Payment Handled,SYSTEM,2018-12-06 17:29:34+00:00,2018-12-06 16:31:34+00:00
request for payment 184002,Payment Handled,SYSTEM,2018-12-06 17:10:34+00:00,2018-12-06 16:31:34+00:00
request for payment 178035,Payment Handled,SYSTEM,2018-12-06 17:29:34+00:00,2018-12-06 16:31:34+00:00
request for payment 174100,Payment Handled,SYSTEM,2018-12-06 17:12:34+00:00,2018-12-06 16:31:34+00:00
request for payment 184018,Payment Handled,SYSTEM,2018-12-06 17:12:34+00:00,2018-12-06 16:31:34+00:00
request for payment 175914,Payment Handled,SYSTEM,2018-12-06 17:12:34+00:00,2018-12-06 16:31:34+00:00
request for payment 178061,Payment Handled,SYSTEM,2018-12-06 17:12:34+00:00,2018-12-06 16:31:34+00:00
request for payment 184144,Payment Handled,SYSTEM,2018-12-06 17:28:34+00:00,2018-12-06 16:31:34+00:00
request for payment 183028,Payment Handled,SYSTEM,2018-12-06 17:30:34+00:00,2018-12-06 16:31:34+00:00
request for payment 173957,Payment Handled,SYSTEM,2018-12-06 17:27:34+00:00,2018-12-06 16:31:34+00:00
request for payment 177895,Payment Handled,SYSTEM,2018-12-06 17:23:34+00:00,2018-12-06 16:31:34+00:00
request for payment 183682,Payment Handled,SYSTEM,2018-12-06 17:16:34+00:00,2018-12-06 16:31:34+00:00
request for payment 179947,Payment Handled,SYSTEM,2018-12-06 17:09:34+00:00,2018-12-06 16:31:34+00:00
request for payment 183016,Payment Handled,SYSTEM,2018-12-06 17:24:34+00:00,2018-12-06 16:31:34+00:00
request for payment 184574,Payment Handled,SYSTEM,2018-12-06 17:17:34+00:00,2018-12-06 16:31:34+00:00
request for payment 183677,Payment Handled,SYSTEM,2018-12-06 17:25:34+00:00,2018-12-06 16:31:34+00:00
request for payment 174271,Payment Handled,SYSTEM,2018-12-06 17:19:34+00:00,2018-12-06 16:31:34+00:00
request for payment 174077,Payment Handled,SYSTEM,2018-12-06 17:19:34+00:00,2018-12-06 16:31:34+00:00
request for payment 174095,Payment Handled,SYSTEM,2018-12-06 17:21:34+00:00,2018-12-06 16:31:34+00:00
request for payment 176311,Payment Handled,SYSTEM,2018-12-06 17:23:34+00:00,2018-12-06 16:31:34+00:00
request for payment 183474,Request For Payment SUBMITTED by EMPLOYEE,STAFF MEMBER,2018-12-06 17:37:26+00:00,2018-12-06 16:38:26+00:00
request for payment 183474,Request For Payment APPROVED by ADMINISTRATION,STAFF MEMBER,2018-12-06 17:30:41+00:00,2018-12-06 16:38:41+00:00
request for payment 179547,Request Payment,SYSTEM,2018-12-06 17:32:45+00:00,2018-12-06 16:59:45+00:00
request for payment 176802,Request Payment,SYSTEM,2018-12-06 18:37:55+00:00,2018-12-06 17:38:55+00:00
request for payment 183480,Request For Payment SUBMITTED by EMPLOYEE,STAFF MEMBER,2018-12-06 18:54:11+00:00,2018-12-06 18:21:11+00:00
request for payment 183480,Request For Payment APPROVED by ADMINISTRATION,STAFF MEMBER,2018-12-06 19:10:31+00:00,2018-12-06 18:21:31+00:00
request for payment 177258,Request For Payment SUBMITTED by EMPLOYEE,STAFF MEMBER,2018-12-06 19:25:38+00:00,2018-12-06 18:43:38+00:00
request for payment 177258,Request For Payment REJECTED by ADMINISTRATION,STAFF MEMBER,2018-12-06 19:24:04+00:00,2018-12-06 18:44:04+00:00
request for payment 177262,Request For Payment SUBMITTED by EMPLOYEE,STAFF MEMBER,2018-12-06 19:30:27+00:00,2018-12-06 18:54:27+00:00
request for payment 177262,Request For Payment REJECTED by ADMINISTRATION,STAFF MEMBER,2018-12-06 20:15:57+00:00,2018-12-06 19:45:57+00:00
request for payment 177594,Request For Payment SUBMITTED by EMPLOYEE,STAFF MEMBER,2018-12-06 21:37:53+00:00,2018-12-06 20:51:53+00:00
request for payment 177594,Request For Payment REJECTED by ADMINISTRATION,STAFF MEMBER,2018-12-06 21:51:06+00:00,2018-12-06 21:00:06+00:00
request for payment 178089,Request Payment,SYSTEM,2018-12-07 05:17:55+00:00,2018-12-07 04:31:55+00:00
request for payment 176837,Request For Payment FINAL_APPROVED by SUPERVISOR,STAFF MEMBER,2018-12-07 07:46:01+00:00,2018-12-07 07:10:01+00:00
request for payment 184038,Request For Payment SUBMITTED by EMPLOYEE,STAFF MEMBER,2018-12-07 08:07:04+00:00,2018-12-07 07:12:04+00:00
request for payment 184038,Request For Payment APPROVED by ADMINISTRATION,STAFF MEMBER,2018-12-07 08:00:07+00:00,2018-12-07 07:12:07+00:00
request for payment 183486,Request For Payment SUBMITTED by EMPLOYEE,STAFF MEMBER,2018-12-07 08:27:46+00:00,2018-12-07 07:50:46+00:00
request for payment 183486,Request For Payment APPROVED by ADMINISTRATION,STAFF MEMBER,2018-12-07 08:24:07+00:00,2018-12-07 07:51:07+00:00
request for payment 183840,Request For Payment SUBMITTED by EMPLOYEE,STAFF MEMBER,2018-12-07 08:46:39+00:00,2018-12-07 08:13:39+00:00
request for payment 183840,Request For Payment APPROVED by ADMINISTRATION,STAFF MEMBER,2018-12-07 09:01:45+00:00,2018-12-07 08:13:45+00:00
request for payment 177598,Request For Payment SUBMITTED by EMPLOYEE,STAFF MEMBER,2018-12-07 09:22:24+00:00,2018-12-07 08:52:24+00:00
request for payment 177598,Request For Payment APPROVED by ADMINISTRATION,STAFF MEMBER,2018-12-07 09:46:31+00:00,2018-12-07 08:52:31+00:00
request for payment 177603,Request For Payment SUBMITTED by EMPLOYEE,STAFF MEMBER,2018-12-07 09:42:46+00:00,2018-12-07 09:00:46+00:00
request for payment 177603,Request For Payment APPROVED by ADMINISTRATION,STAFF MEMBER,2018-12-07 09:38:51+00:00,2018-12-07 09:00:51+00:00
request for payment 184043,Request For Payment SUBMITTED by EMPLOYEE,STAFF MEMBER,2018-12-07 10:24:39+00:00,2018-12-07 09:29:39+00:00
request for payment 184043,Request For Payment APPROVED by ADMINISTRATION,STAFF MEMBER,2018-12-07 10:28:52+00:00,2018-12-07 09:29:52+00:00
request for payment 183845,Request For Payment SUBMITTED by EMPLOYEE,STAFF MEMBER,2018-12-07 10:23:39+00:00,2018-12-07 09:52:39+00:00
request for payment 183850,Request For Payment SUBMITTED by EMPLOYEE,STAFF MEMBER,2018-12-07 10:40:28+00:00,2018-12-07 09:53:28+00:00
request for payment 183845,Request For Payment APPROVED by ADMINISTRATION,STAFF MEMBER,2018-12-07 10:23:37+00:00,2018-12-07 09:53:37+00:00
request for payment 184541,Request Payment,SYSTEM,2018-12-07 11:12:20+00:00,2018-12-07 10:24:20+00:00
request for payment 178071,Request Payment,SYSTEM,2018-12-07 12:01:53+00:00,2018-12-07 11:09:53+00:00
request for payment 176843,Request For Payment REJECTED by EMPLOYEE,STAFF MEMBER,2018-12-07 11:47:23+00:00,2018-12-07 11:10:23+00:00
request for payment 174367,Request Payment,SYSTEM,2018-12-07 12:03:11+00:00,2018-12-07 11:13:11+00:00
request for payment 178055,Request For Payment FINAL_APPROVED by SUPERVISOR,STAFF MEMBER,2018-12-07 12:07:07+00:00,2018-12-07 11:14:07+00:00
request for payment 179672,Request For Payment REJECTED by EMPLOYEE,STAFF MEMBER,2018-12-07 12:09:32+00:00,2018-12-07 11:15:32+00:00
request for payment 176370,Request Payment,SYSTEM,2018-12-07 11:53:54+00:00,2018-12-07 11:16:54+00:00
request for payment 179685,Request Payment,SYSTEM,2018-12-07 11:58:49+00:00,2018-12-07 11:17:49+00:00
request for payment 180033,Request Payment,SYSTEM,2018-12-07 11:55:14+00:00,2018-12-07 11:18:14+00:00
request for payment 179980,Request Payment,SYSTEM,2018-12-07 12:12:15+00:00,2018-12-07 11:18:15+00:00
request for payment 176405,Request Payment,SYSTEM,2018-12-07 12:15:16+00:00,2018-12-07 11:18:16+00:00
request for payment 176399,Request Payment,SYSTEM,2018-12-07 11:55:16+00:00,2018-12-07 11:18:16+00:00
request for payment 179645,Request Payment,SYSTEM,2018-12-07 11:48:34+00:00,2018-12-07 11:18:34+00:00
request for payment 179995,Request Payment,SYSTEM,2018-12-07 12:00:40+00:00,2018-12-07 11:19:40+00:00
request for payment 177609,Request For Payment SAVED by EMPLOYEE,STAFF MEMBER,2018-12-07 12:17:38+00:00,2018-12-07 11:30:38+00:00
request for payment 179930,Request For Payment REJECTED by ADMINISTRATION,STAFF MEMBER,2018-12-07 12:16:41+00:00,2018-12-07 11:33:41+00:00
request for payment 183255,Request For Payment SUBMITTED by EMPLOYEE,STAFF MEMBER,2018-12-07 12:39:37+00:00,2018-12-07 12:03:37+00:00
request for payment 183255,Request For Payment APPROVED by ADMINISTRATION,STAFF MEMBER,2018-12-07 12:47:09+00:00,2018-12-07 12:04:09+00:00
request for payment 183239,Request For Payment SUBMITTED by EMPLOYEE,STAFF MEMBER,2018-12-07 12:36:21+00:00,2018-12-07 12:04:21+00:00
request for payment 183239,Request For Payment APPROVED by ADMINISTRATION,STAFF MEMBER,2018-12-07 12:49:23+00:00,2018-12-07 12:04:23+00:00
request for payment 183218,Request For Payment SUBMITTED by EMPLOYEE,STAFF MEMBER,2018-12-07 12:53:33+00:00,2018-12-07 12:04:33+00:00
request for payment 183218,Request For Payment APPROVED by ADMINISTRATION,STAFF MEMBER,2018-12-07 12:38:35+00:00,2018-12-07 12:04:35+00:00
request for payment 183207,Request For Payment SUBMITTED by EMPLOYEE,STAFF MEMBER,2018-12-07 12:36:48+00:00,2018-12-07 12:04:48+00:00
request for payment 183207,Request For Payment APPROVED by ADMINISTRATION,STAFF MEMBER,2018-12-07 12:44:50+00:00,2018-12-07 12:04:50+00:00
request for payment 177193,Request Payment,SYSTEM,2018-12-07 12:47:53+00:00,2018-12-07 12:07:53+00:00
request for payment 183455,Request For Payment APPROVED by BUDGET OWNER,STAFF MEMBER,2018-12-07 13:01:23+00:00,2018-12-07 12:26:23+00:00
request for payment 174082,Request For Payment FINAL_APPROVED by SUPERVISOR,STAFF MEMBER,2018-12-07 13:05:36+00:00,2018-12-07 12:28:36+00:00
request for payment 177611,Request For Payment SUBMITTED by EMPLOYEE,STAFF MEMBER,2018-12-07 13:27:28+00:00,2018-12-07 12:36:28+00:00
request for payment 177611,Request For Payment APPROVED by ADMINISTRATION,STAFF MEMBER,2018-12-07 13:30:36+00:00,2018-12-07 12:36:36+00:00
request for payment 183855,Request For Payment SUBMITTED by EMPLOYEE,STAFF MEMBER,2018-12-07 13:37:23+00:00,2018-12-07 12:58:23+00:00
request for payment 183861,Request For Payment SUBMITTED by EMPLOYEE,STAFF MEMBER,2018-12-07 13:40:42+00:00,2018-12-07 13:01:42+00:00
request for payment 183861,Request For Payment APPROVED by ADMINISTRATION,STAFF MEMBER,2018-12-07 14:00:21+00:00,2018-12-07 13:02:21+00:00
request for payment 183867,Request For Payment SUBMITTED by EMPLOYEE,STAFF MEMBER,2018-12-07 13:42:34+00:00,2018-12-07 13:06:34+00:00
request for payment 183867,Request For Payment APPROVED by ADMINISTRATION,STAFF MEMBER,2018-12-07 13:49:00+00:00,2018-12-07 13:07:00+00:00
request for payment 183855,Request For Payment APPROVED by ADMINISTRATION,STAFF MEMBER,2018-12-07 14:15:32+00:00,2018-12-07 13:27:32+00:00
request for payment 183873,Request For Payment SUBMITTED by EMPLOYEE,STAFF MEMBER,2018-12-07 14:31:28+00:00,2018-12-07 14:00:28+00:00
request for payment 172649,Request For Payment SUBMITTED by EMPLOYEE,STAFF MEMBER,2018-12-07 14:46:11+00:00,2018-12-07 14:03:11+00:00
request for payment 183873,Request For Payment APPROVED by ADMINISTRATION,STAFF MEMBER,2018-12-07 14:41:45+00:00,2018-12-07 14:03:45+00:00
request for payment 177616,Request For Payment SUBMITTED by EMPLOYEE,STAFF MEMBER,2018-12-07 14:54:34+00:00,2018-12-07 14:09:34+00:00
request for payment 177622,Request For Payment SUBMITTED by EMPLOYEE,STAFF MEMBER,2018-12-07 14:47:51+00:00,2018-12-07 14:09:51+00:00
request for payment 177622,Request For Payment APPROVED by ADMINISTRATION,STAFF MEMBER,2018-12-07 14:57:56+00:00,2018-12-07 14:09:56+00:00
request for payment 177616,Request For Payment APPROVED by ADMINISTRATION,STAFF MEMBER,2018-12-07 14:46:19+00:00,2018-12-07 14:10:19+00:00
request for payment 183879,Request For Payment SUBMITTED by EMPLOYEE,STAFF MEMBER,2018-12-07 15:50:28+00:00,2018-12-07 15:06:28+00:00
request for payment 183879,Request For Payment APPROVED by ADMINISTRATION,STAFF MEMBER,2018-12-07 15:51:48+00:00,2018-12-07 15:07:48+00:00
request for payment 183455,Request For Payment FINAL_APPROVED by SUPERVISOR,STAFF MEMBER,2018-12-07 16:06:51+00:00,2018-12-07 15:24:51+00:00
request for payment 183885,Request For Payment SUBMITTED by EMPLOYEE,STAFF MEMBER,2018-12-07 16:18:32+00:00,2018-12-07 15:30:32+00:00
request for payment 183885,Request For Payment APPROVED by ADMINISTRATION,STAFF MEMBER,2018-12-07 16:21:48+00:00,2018-12-07 15:31:48+00:00
request for payment 177629,Request For Payment SUBMITTED by EMPLOYEE,STAFF MEMBER,2018-12-07 16:23:56+00:00,2018-12-07 15:31:56+00:00
request for payment 177629,Request For Payment APPROVED by ADMINISTRATION,STAFF MEMBER,2018-12-07 16:14:33+00:00,2018-12-07 15:32:33+00:00
request for payment 177635,Request For Payment SUBMITTED by EMPLOYEE,STAFF MEMBER,2018-12-07 16:40:58+00:00,2018-12-07 15:48:58+00:00
request for payment 177635,Request For Payment APPROVED by ADMINISTRATION,STAFF MEMBER,2018-12-07 16:30:00+00:00,2018-12-07 15:49:00+00:00
request for payment 176863,Request Payment,SYSTEM,2018-12-07 16:53:45+00:00,2018-12-07 15:54:45+00:00
request for payment 177640,Request For Payment SUBMITTED by EMPLOYEE,STAFF MEMBER,2018-12-07 16:52:52+00:00,2018-12-07 16:22:52+00:00
request for payment 177640,Request For Payment APPROVED by ADMINISTRATION,STAFF MEMBER,2018-12-07 17:00:16+00:00,2018-12-07 16:25:16+00:00
request for payment 184177,Request For Payment SUBMITTED by EMPLOYEE,STAFF MEMBER,2018-12-07 17:17:20+00:00,2018-12-07 16:31:20+00:00
request for payment 184177,Request For Payment APPROVED by ADMINISTRATION,STAFF MEMBER,2018-12-07 17:06:43+00:00,2018-12-07 16:31:43+00:00
request for payment 177646,Request For Payment SUBMITTED by EMPLOYEE,STAFF MEMBER,2018-12-07 19:31:51+00:00,2018-12-07 18:48:51+00:00
request for payment 177646,Request For Payment APPROVED by ADMINISTRATION,STAFF MEMBER,2018-12-07 19:27:57+00:00,2018-12-07 18:48:57+00:00
request for payment 177652,Request For Payment SUBMITTED by EMPLOYEE,STAFF MEMBER,2018-12-07 19:40:35+00:00,2018-12-07 18:51:35+00:00
request for payment 177652,Request For Payment APPROVED by ADMINISTRATION,STAFF MEMBER,2018-12-07 19:30:40+00:00,2018-12-07 18:51:40+00:00
request for payment 177658,Request For Payment SUBMITTED by EMPLOYEE,STAFF MEMBER,2018-12-08 11:35:36+00:00,2018-12-08 10:48:36+00:00
request for payment 177658,Request For Payment APPROVED by ADMINISTRATION,STAFF MEMBER,2018-12-08 11:45:54+00:00,2018-12-08 10:49:54+00:00
request for payment 177219,Request Payment,SYSTEM,2018-12-08 15:57:17+00:00,2018-12-08 15:08:17+00:00
request for payment 177664,Request For Payment SUBMITTED by EMPLOYEE,STAFF MEMBER,2018-12-08 19:46:47+00:00,2018-12-08 18:57:47+00:00
request for payment 177664,Request For Payment REJECTED by ADMINISTRATION,STAFF MEMBER,2018-12-08 19:40:18+00:00,2018-12-08 18:58:18+00:00
request for payment 183480,Request For Payment APPROVED by BUDGET OWNER,STAFF MEMBER,2018-12-09 08:32:28+00:00,2018-12-09 08:00:28+00:00
request for payment 178788,Request For Payment APPROVED by BUDGET OWNER,STAFF MEMBER,2018-12-09 09:11:44+00:00,2018-12-09 08:19:44+00:00
request for payment 177672,Request For Payment SUBMITTED by EMPLOYEE,STAFF MEMBER,2018-12-09 11:32:47+00:00,2018-12-09 10:55:47+00:00
request for payment 177672,Request For Payment APPROVED by ADMINISTRATION,STAFF MEMBER,2018-12-09 11:34:57+00:00,2018-12-09 10:55:57+00:00
request for payment 177678,Request For Payment SUBMITTED by EMPLOYEE,STAFF MEMBER,2018-12-09 12:00:20+00:00,2018-12-09 11:02:20+00:00
request for payment 177678,Request For Payment REJECTED by ADMINISTRATION,STAFF MEMBER,2018-12-09 12:02:25+00:00,2018-12-09 11:02:25+00:00
request for payment 177598,Request For Payment FINAL_APPROVED by SUPERVISOR,STAFF MEMBER,2018-12-09 16:02:09+00:00,2018-12-09 15:21:09+00:00
request for payment 174122,Request For Payment FINAL_APPROVED by SUPERVISOR,STAFF MEMBER,2018-12-09 16:49:07+00:00,2018-12-09 15:55:07+00:00
request for payment 177258,Request For Payment REJECTED by EMPLOYEE,STAFF MEMBER,2018-12-09 16:35:39+00:00,2018-12-09 15:56:39+00:00
request for payment 183879,Request For Payment APPROVED by BUDGET OWNER,STAFF MEMBER,2018-12-09 16:30:30+00:00,2018-12-09 15:58:30+00:00
request for payment 177635,Request For Payment FINAL_APPROVED by SUPERVISOR,STAFF MEMBER,2018-12-09 16:47:34+00:00,2018-12-09 15:59:34+00:00
request for payment 177594,Request For Payment REJECTED by EMPLOYEE,STAFF MEMBER,2018-12-09 17:00:13+00:00,2018-12-09 16:07:13+00:00
request for payment 184183,Request For Payment SUBMITTED by EMPLOYEE,STAFF MEMBER,2018-12-09 19:21:17+00:00,2018-12-09 18:26:17+00:00
request for payment 184183,Request For Payment REJECTED by ADMINISTRATION,STAFF MEMBER,2018-12-09 18:58:31+00:00,2018-12-09 18:26:31+00:00
request for payment 177687,Request For Payment SUBMITTED by EMPLOYEE,STAFF MEMBER,2018-12-09 21:29:00+00:00,2018-12-09 20:31:00+00:00
request for payment 177687,Request For Payment APPROVED by ADMINISTRATION,STAFF MEMBER,2018-12-09 21:10:28+00:00,2018-12-09 20:31:28+00:00
request for payment 177693,Request For Payment SAVED by EMPLOYEE,STAFF MEMBER,2018-12-09 22:03:04+00:00,2018-12-09 21:04:04+00:00
request for payment 172649,Request For Payment APPROVED by ADMINISTRATION,STAFF MEMBER,2018-12-09 22:03:35+00:00,2018-12-09 21:26:35+00:00
request for payment 183406,Request For Payment FINAL_APPROVED by SUPERVISOR,STAFF MEMBER,2018-12-10 04:58:36+00:00,2018-12-10 04:15:36+00:00
request for payment 183996,Request For Payment FINAL_APPROVED by SUPERVISOR,STAFF MEMBER,2018-12-10 04:59:36+00:00,2018-12-10 04:15:36+00:00
request for payment 180038,Request For Payment FINAL_APPROVED by SUPERVISOR,STAFF MEMBER,2018-12-10 05:03:36+00:00,2018-12-10 04:15:36+00:00
request for payment 171928,Request For Payment SUBMITTED by EMPLOYEE,STAFF MEMBER,2018-12-10 07:42:46+00:00,2018-12-10 06:53:46+00:00
request for payment 171928,Request For Payment APPROVED by ADMINISTRATION,STAFF MEMBER,2018-12-10 07:42:13+00:00,2018-12-10 06:54:13+00:00
request for payment 183840,Request For Payment FINAL_APPROVED by SUPERVISOR,STAFF MEMBER,2018-12-10 07:39:00+00:00,2018-12-10 07:07:00+00:00
request for payment 183474,Request For Payment FINAL_APPROVED by SUPERVISOR,STAFF MEMBER,2018-12-10 07:59:43+00:00,2018-12-10 07:07:43+00:00
request for payment 178794,Request For Payment FINAL_APPROVED by SUPERVISOR,STAFF MEMBER,2018-12-10 07:54:19+00:00,2018-12-10 07:09:19+00:00
request for payment 171933,Request For Payment SUBMITTED by EMPLOYEE,STAFF MEMBER,2018-12-10 08:05:27+00:00,2018-12-10 07:28:27+00:00
request for payment 171933,Request For Payment REJECTED by ADMINISTRATION,STAFF MEMBER,2018-12-10 08:24:59+00:00,2018-12-10 07:28:59+00:00
request for payment 175942,Request Payment,SYSTEM,2018-12-10 08:08:24+00:00,2018-12-10 07:30:24+00:00
request for payment 177629,Request For Payment APPROVED by BUDGET OWNER,STAFF MEMBER,2018-12-10 08:20:52+00:00,2018-12-10 07:43:52+00:00
request for payment 178724,Request For Payment REJECTED by EMPLOYEE,STAFF MEMBER,2018-12-10 08:48:07+00:00,2018-12-10 07:56:07+00:00
request for payment 176848,Request Payment,SYSTEM,2018-12-10 08:31:03+00:00,2018-12-10 07:57:03+00:00
request for payment 177635,Request Payment,SYSTEM,2018-12-10 08:41:28+00:00,2018-12-10 07:57:28+00:00
request for payment 177807,Request Payment,SYSTEM,2018-12-10 08:53:14+00:00,2018-12-10 08:10:14+00:00
request for payment 171793,Request For Payment SUBMITTED by EMPLOYEE,STAFF MEMBER,2018-12-10 09:10:59+00:00,2018-12-10 08:10:59+00:00
request for payment 171793,Request For Payment APPROVED by ADMINISTRATION,STAFF MEMBER,2018-12-10 09:08:04+00:00,2018-12-10 08:11:04+00:00
request for payment 174127,Request For Payment SUBMITTED by EMPLOYEE,STAFF MEMBER,2018-12-10 08:58:55+00:00,2018-12-10 08:14:55+00:00
request for payment 174127,Request For Payment APPROVED by ADMINISTRATION,STAFF MEMBER,2018-12-10 08:53:59+00:00,2018-12-10 08:14:59+00:00
request for payment 175878,Request Payment,SYSTEM,2018-12-10 08:54:18+00:00,2018-12-10 08:20:18+00:00
request for payment 183867,Request For Payment APPROVED by BUDGET OWNER,STAFF MEMBER,2018-12-10 09:19:40+00:00,2018-12-10 08:21:40+00:00
request for payment 184183,Request For Payment REJECTED by EMPLOYEE,STAFF MEMBER,2018-12-10 09:21:32+00:00,2018-12-10 08:26:32+00:00
request for payment 184049,Request For Payment SUBMITTED by EMPLOYEE,STAFF MEMBER,2018-12-10 09:27:24+00:00,2018-12-10 08:29:24+00:00
request for payment 177658,Request For Payment FINAL_APPROVED by SUPERVISOR,STAFF MEMBER,2018-12-10 09:17:25+00:00,2018-12-10 08:29:25+00:00
request for payment 183423,Request Payment,SYSTEM,2018-12-10 09:26:20+00:00,2018-12-10 08:30:20+00:00
request for payment 183433,Request Payment,SYSTEM,2018-12-10 09:26:21+00:00,2018-12-10 08:30:21+00:00
request for payment 183428,Request Payment,SYSTEM,2018-12-10 09:13:22+00:00,2018-12-10 08:30:22+00:00
request for payment 184049,Request For Payment REJECTED by ADMINISTRATION,STAFF MEMBER,2018-12-10 09:13:33+00:00,2018-12-10 08:30:33+00:00
request for payment 184187,Request For Payment SUBMITTED by EMPLOYEE,STAFF MEMBER,2018-12-10 09:03:17+00:00,2018-12-10 08:33:17+00:00
request for payment 184187,Request For Payment APPROVED by ADMINISTRATION,STAFF MEMBER,2018-12-10 09:19:32+00:00,2018-12-10 08:33:32+00:00
request for payment 171793,Request For Payment FINAL_APPROVED by SUPERVISOR,STAFF MEMBER,2018-12-10 09:19:51+00:00,2018-12-10 08:41:51+00:00
request for payment 178773,Request For Payment FINAL_APPROVED by SUPERVISOR,STAFF MEMBER,2018-12-10 09:18:10+00:00,2018-12-10 08:43:10+00:00
request for payment 178783,Request For Payment FINAL_APPROVED by SUPERVISOR,STAFF MEMBER,2018-12-10 09:21:25+00:00,2018-12-10 08:44:25+00:00
request for payment 177165,Request For Payment FINAL_APPROVED by SUPERVISOR,STAFF MEMBER,2018-12-10 09:26:25+00:00,2018-12-10 08:48:25+00:00
request for payment 177165,Request Payment,SYSTEM,2018-12-10 09:22:26+00:00,2018-12-10 08:48:26+00:00
request for payment 176868,Request For Payment FINAL_APPROVED by SUPERVISOR,STAFF MEMBER,2018-12-10 09:45:46+00:00,2018-12-10 08:48:46+00:00
request for payment 176868,Request Payment,SYSTEM,2018-12-10 09:26:47+00:00,2018-12-10 08:48:47+00:00
request for payment 177652,Request For Payment APPROVED by BUDGET OWNER,STAFF MEMBER,2018-12-10 09:49:53+00:00,2018-12-10 08:50:53+00:00
request for payment 177646,Request For Payment APPROVED by BUDGET OWNER,STAFF MEMBER,2018-12-10 09:31:57+00:00,2018-12-10 08:54:57+00:00
request for payment 177172,Request Payment,SYSTEM,2018-12-10 09:53:49+00:00,2018-12-10 08:56:49+00:00
request for payment 171937,Request For Payment SUBMITTED by EMPLOYEE,STAFF MEMBER,2018-12-10 09:48:14+00:00,2018-12-10 08:57:14+00:00
request for payment 171937,Request For Payment APPROVED by ADMINISTRATION,STAFF MEMBER,2018-12-10 09:50:12+00:00,2018-12-10 08:58:12+00:00
request for payment 184038,Request For Payment FINAL_APPROVED by SUPERVISOR,STAFF MEMBER,2018-12-10 09:53:33+00:00,2018-12-10 09:03:33+00:00
request for payment 177252,Request For Payment APPROVED by BUDGET OWNER,STAFF MEMBER,2018-12-10 09:54:43+00:00,2018-12-10 09:04:43+00:00
request for payment 171937,Request For Payment FINAL_APPROVED by SUPERVISOR,STAFF MEMBER,2018-12-10 09:59:06+00:00,2018-12-10 09:12:06+00:00
request for payment 178756,Request For Payment FINAL_APPROVED by SUPERVISOR,STAFF MEMBER,2018-12-10 09:45:33+00:00,2018-12-10 09:13:33+00:00
request for payment 183867,Request For Payment FINAL_APPROVED by SUPERVISOR,STAFF MEMBER,2018-12-10 09:55:00+00:00,2018-12-10 09:14:00+00:00
request for payment 177603,Request For Payment APPROVED by BUDGET OWNER,STAFF MEMBER,2018-12-10 09:58:22+00:00,2018-12-10 09:19:22+00:00
request for payment 184038,Request Payment,SYSTEM,2018-12-10 10:08:16+00:00,2018-12-10 09:28:16+00:00
request for payment 178799,Request For Payment SUBMITTED by EMPLOYEE,STAFF MEMBER,2018-12-10 10:09:36+00:00,2018-12-10 09:32:36+00:00
request for payment 184323,Request For Payment SUBMITTED by EMPLOYEE,STAFF MEMBER,2018-12-10 10:29:04+00:00,2018-12-10 09:33:04+00:00
request for payment 184323,Request For Payment APPROVED by ADMINISTRATION,STAFF MEMBER,2018-12-10 10:23:07+00:00,2018-12-10 09:33:07+00:00
request for payment 178799,Request For Payment REJECTED by ADMINISTRATION,STAFF MEMBER,2018-12-10 10:04:37+00:00,2018-12-10 09:33:37+00:00
request for payment 184049,Request For Payment REJECTED by EMPLOYEE,STAFF MEMBER,2018-12-10 10:18:08+00:00,2018-12-10 09:40:08+00:00
request for payment 178724,Request For Payment SUBMITTED by EMPLOYEE,STAFF MEMBER,2018-12-10 10:12:11+00:00,2018-12-10 09:40:11+00:00
request for payment 178724,Request For Payment APPROVED by ADMINISTRATION,STAFF MEMBER,2018-12-10 10:25:14+00:00,2018-12-10 09:40:14+00:00
request for payment 178799,Request For Payment REJECTED by EMPLOYEE,STAFF MEMBER,2018-12-10 10:31:06+00:00,2018-12-10 09:43:06+00:00
request for payment 171942,Request For Payment SUBMITTED by EMPLOYEE,STAFF MEMBER,2018-12-10 10:33:58+00:00,2018-12-10 09:53:58+00:00
request for payment 171942,Request For Payment APPROVED by ADMINISTRATION,STAFF MEMBER,2018-12-10 10:40:01+00:00,2018-12-10 09:54:01+00:00
request for payment 183855,Request For Payment APPROVED by BUDGET OWNER,STAFF MEMBER,2018-12-10 11:01:35+00:00,2018-12-10 10:17:35+00:00
request for payment 177611,Request For Payment FINAL_APPROVED by SUPERVISOR,STAFF MEMBER,2018-12-10 11:02:10+00:00,2018-12-10 10:19:10+00:00
request for payment 177235,Request For Payment FINAL_APPROVED by SUPERVISOR,STAFF MEMBER,2018-12-10 10:58:53+00:00,2018-12-10 10:21:53+00:00
request for payment 178778,Request For Payment FINAL_APPROVED by SUPERVISOR,STAFF MEMBER,2018-12-10 11:02:45+00:00,2018-12-10 10:23:45+00:00
request for payment 171947,Request For Payment SUBMITTED by EMPLOYEE,STAFF MEMBER,2018-12-10 11:20:27+00:00,2018-12-10 10:27:27+00:00
request for payment 171947,Request For Payment APPROVED by ADMINISTRATION,STAFF MEMBER,2018-12-10 11:12:35+00:00,2018-12-10 10:27:35+00:00
request for payment 183468,Request For Payment APPROVED by BUDGET OWNER,STAFF MEMBER,2018-12-10 11:00:49+00:00,2018-12-10 10:30:49+00:00
request for payment 171957,Request For Payment SUBMITTED by EMPLOYEE,STAFF MEMBER,2018-12-10 11:23:45+00:00,2018-12-10 10:35:45+00:00
request for payment 171957,Request For Payment REJECTED by ADMINISTRATION,STAFF MEMBER,2018-12-10 11:26:52+00:00,2018-12-10 10:35:52+00:00
request for payment 176837,Request Payment,SYSTEM,2018-12-10 12:12:58+00:00,2018-12-10 11:14:58+00:00
request for payment 184187,Request For Payment FINAL_APPROVED by SUPERVISOR,STAFF MEMBER,2018-12-10 12:14:02+00:00,2018-12-10 11:20:02+00:00
request for payment 178778,Request Payment,SYSTEM,2018-12-10 11:53:25+00:00,2018-12-10 11:21:25+00:00
request for payment 179653,Request For Payment FINAL_APPROVED by SUPERVISOR,STAFF MEMBER,2018-12-10 12:05:28+00:00,2018-12-10 11:29:28+00:00
request for payment 177598,Request Payment,SYSTEM,2018-12-10 12:19:51+00:00,2018-12-10 11:34:51+00:00
request for payment 184193,Request For Payment SUBMITTED by EMPLOYEE,STAFF MEMBER,2018-12-10 12:43:29+00:00,2018-12-10 11:56:29+00:00
request for payment 184193,Request For Payment APPROVED by ADMINISTRATION,STAFF MEMBER,2018-12-10 12:46:34+00:00,2018-12-10 11:56:34+00:00
request for payment 178803,Request For Payment SUBMITTED by EMPLOYEE,STAFF MEMBER,2018-12-10 13:00:41+00:00,2018-12-10 12:12:41+00:00
request for payment 178803,Request For Payment APPROVED by ADMINISTRATION,STAFF MEMBER,2018-12-10 13:09:44+00:00,2018-12-10 12:12:44+00:00
request for payment 178808,Request For Payment SUBMITTED by EMPLOYEE,STAFF MEMBER,2018-12-10 12:55:30+00:00,2018-12-10 12:18:30+00:00
request for payment 178813,Request For Payment SUBMITTED by EMPLOYEE,STAFF MEMBER,2018-12-10 13:17:46+00:00,2018-12-10 12:19:46+00:00
request for payment 178808,Request For Payment APPROVED by ADMINISTRATION,STAFF MEMBER,2018-12-10 12:54:48+00:00,2018-12-10 12:19:48+00:00
request for payment 178813,Request For Payment APPROVED by ADMINISTRATION,STAFF MEMBER,2018-12-10 13:15:09+00:00,2018-12-10 12:21:09+00:00
request for payment 171952,Request For Payment SUBMITTED by EMPLOYEE,STAFF MEMBER,2018-12-10 13:03:58+00:00,2018-12-10 12:32:58+00:00
request for payment 171952,Request For Payment APPROVED by ADMINISTRATION,STAFF MEMBER,2018-12-10 13:25:23+00:00,2018-12-10 12:33:23+00:00
request for payment 179064,Request For Payment SUBMITTED by EMPLOYEE,STAFF MEMBER,2018-12-10 13:26:58+00:00,2018-12-10 12:41:58+00:00
request for payment 179064,Request For Payment APPROVED by ADMINISTRATION,STAFF MEMBER,2018-12-10 13:36:36+00:00,2018-12-10 12:42:36+00:00
request for payment 184198,Request For Payment SUBMITTED by EMPLOYEE,STAFF MEMBER,2018-12-10 13:23:12+00:00,2018-12-10 12:44:12+00:00
request for payment 184198,Request For Payment APPROVED by ADMINISTRATION,STAFF MEMBER,2018-12-10 13:42:19+00:00,2018-12-10 12:44:19+00:00
request for payment 175889,Request Payment,SYSTEM,2018-12-10 13:53:46+00:00,2018-12-10 12:53:46+00:00
request for payment 182178,Request Payment,SYSTEM,2018-12-10 13:34:59+00:00,2018-12-10 12:53:59+00:00
request for payment 175524,Request Payment,SYSTEM,2018-12-10 13:24:01+00:00,2018-12-10 12:54:01+00:00
request for payment 176316,Request Payment,SYSTEM,2018-12-10 13:28:07+00:00,2018-12-10 12:54:07+00:00
request for payment 178312,Request Payment,SYSTEM,2018-12-10 13:26:11+00:00,2018-12-10 12:55:11+00:00
request for payment 184203,Request For Payment SUBMITTED by EMPLOYEE,STAFF MEMBER,2018-12-10 13:31:20+00:00,2018-12-10 12:55:20+00:00
request for payment 184203,Request For Payment APPROVED by ADMINISTRATION,STAFF MEMBER,2018-12-10 13:37:44+00:00,2018-12-10 12:58:44+00:00
request for payment 177658,Request Payment,SYSTEM,2018-12-10 13:56:30+00:00,2018-12-10 13:02:30+00:00
request for payment 178364,Request For Payment FINAL_APPROVED by SUPERVISOR,STAFF MEMBER,2018-12-10 13:38:58+00:00,2018-12-10 13:02:58+00:00
request for payment 174325,Request Payment,SYSTEM,2018-12-10 13:44:29+00:00,2018-12-10 13:04:29+00:00
request for payment 184208,Request For Payment SUBMITTED by EMPLOYEE,STAFF MEMBER,2018-12-10 13:48:44+00:00,2018-12-10 13:05:44+00:00
request for payment 184208,Request For Payment APPROVED by ADMINISTRATION,STAFF MEMBER,2018-12-10 13:46:48+00:00,2018-12-10 13:05:48+00:00
request for payment 171961,Request For Payment SUBMITTED by EMPLOYEE,STAFF MEMBER,2018-12-10 13:54:30+00:00,2018-12-10 13:06:30+00:00
request for payment 171961,Request For Payment APPROVED by ADMINISTRATION,STAFF MEMBER,2018-12-10 13:41:14+00:00,2018-12-10 13:07:14+00:00
request for payment 184187,Request Payment,SYSTEM,2018-12-10 14:03:50+00:00,2018-12-10 13:12:50+00:00
request for payment 184213,Request For Payment SUBMITTED by EMPLOYEE,STAFF MEMBER,2018-12-10 13:48:12+00:00,2018-12-10 13:17:12+00:00
request for payment 184213,Request For Payment APPROVED by ADMINISTRATION,STAFF MEMBER,2018-12-10 13:54:16+00:00,2018-12-10 13:17:16+00:00
request for payment 184220,Request For Payment SUBMITTED by EMPLOYEE,STAFF MEMBER,2018-12-10 14:05:53+00:00,2018-12-10 13:17:53+00:00
request for payment 184220,Request For Payment APPROVED by ADMINISTRATION,STAFF MEMBER,2018-12-10 14:00:54+00:00,2018-12-10 13:17:54+00:00
request for payment 171798,Request For Payment SUBMITTED by EMPLOYEE,STAFF MEMBER,2018-12-10 13:50:36+00:00,2018-12-10 13:18:36+00:00
request for payment 171798,Request For Payment APPROVED by ADMINISTRATION,STAFF MEMBER,2018-12-10 13:52:57+00:00,2018-12-10 13:18:57+00:00
request for payment 184053,Request For Payment SUBMITTED by EMPLOYEE,STAFF MEMBER,2018-12-10 14:11:54+00:00,2018-12-10 13:40:54+00:00
request for payment 184053,Request For Payment APPROVED by ADMINISTRATION,STAFF MEMBER,2018-12-10 14:37:02+00:00,2018-12-10 13:41:02+00:00
request for payment 177160,Request For Payment APPROVED by ADMINISTRATION,STAFF MEMBER,2018-12-10 14:40:14+00:00,2018-12-10 13:54:14+00:00
request for payment 183455,Request Payment,SYSTEM,2018-12-10 14:51:22+00:00,2018-12-10 14:00:22+00:00
request for payment 184226,Request For Payment SUBMITTED by EMPLOYEE,STAFF MEMBER,2018-12-10 15:02:50+00:00,2018-12-10 14:09:50+00:00
request for payment 184226,Request For Payment APPROVED by ADMINISTRATION,STAFF MEMBER,2018-12-10 15:09:34+00:00,2018-12-10 14:12:34+00:00
request for payment 171793,Request Payment,SYSTEM,2018-12-10 15:12:49+00:00,2018-12-10 14:34:49+00:00
request for payment 178788,Request For Payment FINAL_APPROVED by SUPERVISOR,STAFF MEMBER,2018-12-10 15:23:40+00:00,2018-12-10 14:35:40+00:00
request for payment 178788,Request Payment,SYSTEM,2018-12-10 15:35:41+00:00,2018-12-10 14:35:41+00:00
request for payment 172875,Request For Payment FINAL_APPROVED by SUPERVISOR,STAFF MEMBER,2018-12-10 15:27:48+00:00,2018-12-10 14:36:48+00:00
request for payment 184033,Request For Payment FINAL_APPROVED by SUPERVISOR,STAFF MEMBER,2018-12-10 15:31:15+00:00,2018-12-10 14:38:15+00:00
request for payment 172891,Request For Payment SUBMITTED by EMPLOYEE,STAFF MEMBER,2018-12-10 15:37:13+00:00,2018-12-10 14:43:13+00:00
request for payment 172891,Request For Payment APPROVED by ADMINISTRATION,STAFF MEMBER,2018-12-10 15:16:20+00:00,2018-12-10 14:43:20+00:00
request for payment 171966,Request For Payment SUBMITTED by EMPLOYEE,STAFF MEMBER,2018-12-10 15:37:22+00:00,2018-12-10 14:53:22+00:00
request for payment 171966,Request For Payment APPROVED by ADMINISTRATION,STAFF MEMBER,2018-12-10 15:33:46+00:00,2018-12-10 14:53:46+00:00
request for payment 171947,Request For Payment FINAL_APPROVED by SUPERVISOR,STAFF MEMBER,2018-12-10 15:55:42+00:00,2018-12-10 15:02:42+00:00
request for payment 178768,Request For Payment FINAL_APPROVED by SUPERVISOR,STAFF MEMBER,2018-12-10 15:32:47+00:00,2018-12-10 15:02:47+00:00
request for payment 178803,Request For Payment FINAL_APPROVED by SUPERVISOR,STAFF MEMBER,2018-12-10 16:03:31+00:00,2018-12-10 15:04:31+00:00
request for payment 177672,Request For Payment APPROVED by BUDGET OWNER,STAFF MEMBER,2018-12-10 15:44:38+00:00,2018-12-10 15:04:38+00:00
request for payment 171972,Request For Payment SUBMITTED by EMPLOYEE,STAFF MEMBER,2018-12-10 15:51:57+00:00,2018-12-10 15:05:57+00:00
request for payment 171972,Request For Payment APPROVED by ADMINISTRATION,STAFF MEMBER,2018-12-10 15:59:06+00:00,2018-12-10 15:07:06+00:00
request for payment 171933,Request For Payment REJECTED by EMPLOYEE,STAFF MEMBER,2018-12-10 15:59:52+00:00,2018-12-10 15:07:52+00:00
request for payment 174133,Request For Payment SUBMITTED by EMPLOYEE,STAFF MEMBER,2018-12-10 15:48:19+00:00,2018-12-10 15:08:19+00:00
request for payment 174133,Request For Payment APPROVED by ADMINISTRATION,STAFF MEMBER,2018-12-10 15:56:31+00:00,2018-12-10 15:08:31+00:00
request for payment 177678,Request For Payment REJECTED by EMPLOYEE,STAFF MEMBER,2018-12-10 16:13:41+00:00,2018-12-10 15:14:41+00:00
request for payment 171977,Request For Payment SUBMITTED by EMPLOYEE,STAFF MEMBER,2018-12-10 16:02:32+00:00,2018-12-10 15:17:32+00:00
request for payment 171977,Request For Payment APPROVED by ADMINISTRATION,STAFF MEMBER,2018-12-10 16:17:57+00:00,2018-12-10 15:17:57+00:00
request for payment 174139,Request For Payment SUBMITTED by EMPLOYEE,STAFF MEMBER,2018-12-10 16:06:43+00:00,2018-12-10 15:23:43+00:00
request for payment 174139,Request For Payment APPROVED by ADMINISTRATION,STAFF MEMBER,2018-12-10 16:20:16+00:00,2018-12-10 15:25:16+00:00
request for payment 171982,Request For Payment SUBMITTED by EMPLOYEE,STAFF MEMBER,2018-12-10 16:02:05+00:00,2018-12-10 15:26:05+00:00
request for payment 171982,Request For Payment APPROVED by ADMINISTRATION,STAFF MEMBER,2018-12-10 16:27:32+00:00,2018-12-10 15:27:32+00:00
request for payment 179069,Request For Payment SUBMITTED by EMPLOYEE,STAFF MEMBER,2018-12-10 16:37:38+00:00,2018-12-10 15:56:38+00:00
request for payment 179069,Request For Payment APPROVED by ADMINISTRATION,STAFF MEMBER,2018-12-10 16:43:43+00:00,2018-12-10 15:56:43+00:00
request for payment 183646,Request Payment,SYSTEM,2018-12-10 16:37:54+00:00,2018-12-10 15:56:54+00:00
request for payment 178089,Payment Handled,SYSTEM,2018-12-10 17:06:28+00:00,2018-12-10 16:31:28+00:00
request for payment 177851,Payment Handled,SYSTEM,2018-12-10 17:02:28+00:00,2018-12-10 16:31:28+00:00
request for payment 178130,Payment Handled,SYSTEM,2018-12-10 17:02:28+00:00,2018-12-10 16:31:28+00:00
request for payment 184557,Payment Handled,SYSTEM,2018-12-10 17:02:28+00:00,2018-12-10 16:31:28+00:00
request for payment 176325,Payment Handled,SYSTEM,2018-12-10 17:30:28+00:00,2018-12-10 16:31:28+00:00
request for payment 179630,Payment Handled,SYSTEM,2018-12-10 17:01:28+00:00,2018-12-10 16:31:28+00:00
request for payment 178099,Payment Handled,SYSTEM,2018-12-10 17:29:28+00:00,2018-12-10 16:31:28+00:00
request for payment 179980,Payment Handled,SYSTEM,2018-12-10 17:17:28+00:00,2018-12-10 16:31:28+00:00
request for payment 180033,Payment Handled,SYSTEM,2018-12-10 17:01:28+00:00,2018-12-10 16:31:28+00:00
request for payment 183022,Payment Handled,SYSTEM,2018-12-10 17:06:28+00:00,2018-12-10 16:31:28+00:00
request for payment 178094,Payment Handled,SYSTEM,2018-12-10 17:28:28+00:00,2018-12-10 16:31:28+00:00
request for payment 184007,Payment Handled,SYSTEM,2018-12-10 17:30:28+00:00,2018-12-10 16:31:28+00:00
request for payment 174367,Payment Handled,SYSTEM,2018-12-10 17:28:28+00:00,2018-12-10 16:31:28+00:00
request for payment 175904,Payment Handled,SYSTEM,2018-12-10 17:31:28+00:00,2018-12-10 16:31:28+00:00
request for payment 176832,Payment Handled,SYSTEM,2018-12-10 17:06:28+00:00,2018-12-10 16:31:28+00:00
request for payment 178071,Payment Handled,SYSTEM,2018-12-10 17:27:28+00:00,2018-12-10 16:31:28+00:00
request for payment 178019,Payment Handled,SYSTEM,2018-12-10 17:27:28+00:00,2018-12-10 16:31:28+00:00
request for payment 179645,Payment Handled,SYSTEM,2018-12-10 17:05:28+00:00,2018-12-10 16:31:28+00:00
request for payment 183366,Payment Handled,SYSTEM,2018-12-10 17:27:28+00:00,2018-12-10 16:31:28+00:00
request for payment 175925,Payment Handled,SYSTEM,2018-12-10 17:27:28+00:00,2018-12-10 16:31:28+00:00
request for payment 183985,Payment Handled,SYSTEM,2018-12-10 17:05:28+00:00,2018-12-10 16:31:28+00:00
request for payment 174339,Payment Handled,SYSTEM,2018-12-10 17:04:28+00:00,2018-12-10 16:31:28+00:00
request for payment 179547,Payment Handled,SYSTEM,2018-12-10 17:03:28+00:00,2018-12-10 16:31:28+00:00
request for payment 176399,Payment Handled,SYSTEM,2018-12-10 17:03:28+00:00,2018-12-10 16:31:28+00:00
request for payment 178050,Payment Handled,SYSTEM,2018-12-10 17:04:28+00:00,2018-12-10 16:31:28+00:00
request for payment 176290,Payment Handled,SYSTEM,2018-12-10 17:17:28+00:00,2018-12-10 16:31:28+00:00
request for payment 175535,Payment Handled,SYSTEM,2018-12-10 17:02:28+00:00,2018-12-10 16:31:28+00:00
request for payment 179885,Payment Handled,SYSTEM,2018-12-10 17:22:28+00:00,2018-12-10 16:31:28+00:00
request for payment 179995,Payment Handled,SYSTEM,2018-12-10 17:01:28+00:00,2018-12-10 16:31:28+00:00
request for payment 179685,Payment Handled,SYSTEM,2018-12-10 17:19:28+00:00,2018-12-10 16:31:28+00:00
request for payment 176802,Payment Handled,SYSTEM,2018-12-10 17:06:28+00:00,2018-12-10 16:31:28+00:00
request for payment 176405,Payment Handled,SYSTEM,2018-12-10 17:22:28+00:00,2018-12-10 16:31:28+00:00
request for payment 177193,Payment Handled,SYSTEM,2018-12-10 17:08:28+00:00,2018-12-10 16:31:28+00:00
request for payment 176863,Payment Handled,SYSTEM,2018-12-10 17:23:28+00:00,2018-12-10 16:31:28+00:00
request for payment 176370,Payment Handled,SYSTEM,2018-12-10 17:24:28+00:00,2018-12-10 16:31:28+00:00
request for payment 174277,Payment Handled,SYSTEM,2018-12-10 17:07:28+00:00,2018-12-10 16:31:28+00:00
request for payment 174111,Payment Handled,SYSTEM,2018-12-10 17:24:28+00:00,2018-12-10 16:31:28+00:00
request for payment 177845,Payment Handled,SYSTEM,2018-12-10 17:30:28+00:00,2018-12-10 16:31:28+00:00
request for payment 171778,Payment Handled,SYSTEM,2018-12-10 17:25:28+00:00,2018-12-10 16:31:28+00:00
request for payment 184563,Payment Handled,SYSTEM,2018-12-10 17:25:28+00:00,2018-12-10 16:31:28+00:00
request for payment 178740,Payment Handled,SYSTEM,2018-12-10 17:06:28+00:00,2018-12-10 16:31:28+00:00
request for payment 178024,Payment Handled,SYSTEM,2018-12-10 17:07:28+00:00,2018-12-10 16:31:28+00:00
request for payment 179640,Payment Handled,SYSTEM,2018-12-10 17:09:28+00:00,2018-12-10 16:31:28+00:00
request for payment 176342,Payment Handled,SYSTEM,2018-12-10 17:25:28+00:00,2018-12-10 16:31:28+00:00
request for payment 179496,Payment Handled,SYSTEM,2018-12-10 17:10:28+00:00,2018-12-10 16:31:28+00:00
request for payment 176381,Payment Handled,SYSTEM,2018-12-10 17:15:28+00:00,2018-12-10 16:31:28+00:00
request for payment 178040,Payment Handled,SYSTEM,2018-12-10 17:10:28+00:00,2018-12-10 16:31:28+00:00
request for payment 183400,Payment Handled,SYSTEM,2018-12-10 17:21:28+00:00,2018-12-10 16:31:28+00:00
request for payment 184541,Payment Handled,SYSTEM,2018-12-10 17:14:28+00:00,2018-12-10 16:31:28+00:00
request for payment 183438,Payment Handled,SYSTEM,2018-12-10 17:14:28+00:00,2018-12-10 16:31:28+00:00
request for payment 179527,Payment Handled,SYSTEM,2018-12-10 17:15:28+00:00,2018-12-10 16:31:28+00:00
request for payment 178104,Payment Handled,SYSTEM,2018-12-10 17:21:28+00:00,2018-12-10 16:31:28+00:00
request for payment 182397,Payment Handled,SYSTEM,2018-12-10 17:12:28+00:00,2018-12-10 16:31:28+00:00
request for payment 178078,Payment Handled,SYSTEM,2018-12-10 17:12:28+00:00,2018-12-10 16:31:28+00:00
request for payment 183418,Payment Handled,SYSTEM,2018-12-10 17:22:28+00:00,2018-12-10 16:31:28+00:00
request for payment 176791,Payment Handled,SYSTEM,2018-12-10 17:21:28+00:00,2018-12-10 16:31:28+00:00
request for payment 178348,Payment Handled,SYSTEM,2018-12-10 17:19:28+00:00,2018-12-10 16:31:28+00:00
request for payment 179074,Request For Payment SUBMITTED by EMPLOYEE,STAFF MEMBER,2018-12-10 17:31:15+00:00,2018-12-10 16:39:15+00:00
request for payment 179074,Request For Payment REJECTED by ADMINISTRATION,STAFF MEMBER,2018-12-10 17:19:37+00:00,2018-12-10 16:39:37+00:00
request for payment 179078,Request For Payment SUBMITTED by EMPLOYEE,STAFF MEMBER,2018-12-10 17:21:41+00:00,2018-12-10 16:39:41+00:00
request for payment 179078,Request For Payment APPROVED by ADMINISTRATION,STAFF MEMBER,2018-12-10 17:16:43+00:00,2018-12-10 16:39:43+00:00
request for payment 179083,Request For Payment SUBMITTED by EMPLOYEE,STAFF MEMBER,2018-12-10 17:41:42+00:00,2018-12-10 16:42:42+00:00
request for payment 179083,Request For Payment APPROVED by ADMINISTRATION,STAFF MEMBER,2018-12-10 17:29:45+00:00,2018-12-10 16:42:45+00:00
request for payment 174145,Request For Payment SUBMITTED by EMPLOYEE,STAFF MEMBER,2018-12-10 21:45:26+00:00,2018-12-10 20:47:26+00:00
request for payment 174145,Request For Payment APPROVED by ADMINISTRATION,STAFF MEMBER,2018-12-10 21:27:03+00:00,2018-12-10 20:51:03+00:00
request for payment 171804,Request For Payment SUBMITTED by EMPLOYEE,STAFF MEMBER,2018-12-10 21:53:58+00:00,2018-12-10 20:57:58+00:00
request for payment 171804,Request For Payment APPROVED by ADMINISTRATION,STAFF MEMBER,2018-12-10 21:41:05+00:00,2018-12-10 20:58:05+00:00
request for payment 171809,Request For Payment SUBMITTED by EMPLOYEE,STAFF MEMBER,2018-12-10 22:05:43+00:00,2018-12-10 21:12:43+00:00
request for payment 171809,Request For Payment APPROVED by ADMINISTRATION,STAFF MEMBER,2018-12-10 21:47:02+00:00,2018-12-10 21:13:02+00:00
request for payment 177672,Request For Payment FINAL_APPROVED by SUPERVISOR,STAFF MEMBER,2018-12-10 23:20:57+00:00,2018-12-10 22:26:57+00:00
request for payment 178768,Request Payment,SYSTEM,2018-12-10 23:22:34+00:00,2018-12-10 22:27:34+00:00
request for payment 179088,Request For Payment SUBMITTED by EMPLOYEE,STAFF MEMBER,2018-12-10 23:24:34+00:00,2018-12-10 22:45:34+00:00
request for payment 179088,Request For Payment APPROVED by ADMINISTRATION,STAFF MEMBER,2018-12-10 23:30:04+00:00,2018-12-10 22:46:04+00:00
request for payment 178803,Request Payment,SYSTEM,2018-12-11 05:11:46+00:00,2018-12-11 04:33:46+00:00
request for payment 175948,Request For Payment FINAL_APPROVED by SUPERVISOR,STAFF MEMBER,2018-12-11 07:15:39+00:00,2018-12-11 06:32:39+00:00
request for payment 174087,Request For Payment REJECTED by EMPLOYEE,STAFF MEMBER,2018-12-11 07:38:12+00:00,2018-12-11 06:54:12+00:00
request for payment 171987,Request For Payment SUBMITTED by EMPLOYEE,STAFF MEMBER,2018-12-11 07:38:36+00:00,2018-12-11 06:55:36+00:00
request for payment 171987,Request For Payment APPROVED by ADMINISTRATION,STAFF MEMBER,2018-12-11 07:31:40+00:00,2018-12-11 06:55:40+00:00
request for payment 183867,Request Payment,SYSTEM,2018-12-11 07:44:13+00:00,2018-12-11 07:01:13+00:00
request for payment 183855,Request For Payment FINAL_APPROVED by SUPERVISOR,STAFF MEMBER,2018-12-11 07:54:55+00:00,2018-12-11 07:06:55+00:00
request for payment 171798,Request For Payment APPROVED by BUDGET OWNER,STAFF MEMBER,2018-12-11 08:18:38+00:00,2018-12-11 07:25:38+00:00
request for payment 177240,Request For Payment APPROVED by BUDGET OWNER,STAFF MEMBER,2018-12-11 08:01:54+00:00,2018-12-11 07:26:54+00:00
request for payment 184323,Request For Payment APPROVED by BUDGET OWNER,STAFF MEMBER,2018-12-11 08:02:43+00:00,2018-12-11 07:27:43+00:00
request for payment 176786,Request Payment,SYSTEM,2018-12-11 08:23:05+00:00,2018-12-11 07:46:05+00:00
request for payment 174082,Request Payment,SYSTEM,2018-12-11 08:37:52+00:00,2018-12-11 07:46:52+00:00
request for payment 174133,Request For Payment APPROVED by BUDGET OWNER,STAFF MEMBER,2018-12-11 08:29:37+00:00,2018-12-11 07:49:37+00:00
request for payment 183486,Request For Payment FINAL_APPROVED by SUPERVISOR,STAFF MEMBER,2018-12-11 08:31:10+00:00,2018-12-11 07:57:10+00:00
request for payment 172875,Request Payment,SYSTEM,2018-12-11 08:37:31+00:00,2018-12-11 07:57:31+00:00
request for payment 184033,Request Payment,SYSTEM,2018-12-11 08:39:32+00:00,2018-12-11 07:57:32+00:00
request for payment 177177,Request For Payment FINAL_APPROVED by SUPERVISOR,STAFF MEMBER,2018-12-11 08:55:21+00:00,2018-12-11 07:58:21+00:00
request for payment 183486,Request Payment,SYSTEM,2018-12-11 08:31:25+00:00,2018-12-11 08:00:25+00:00
request for payment 177177,Request Payment,SYSTEM,2018-12-11 08:54:15+00:00,2018-12-11 08:04:15+00:00
request for payment 184058,Request For Payment SUBMITTED by EMPLOYEE,STAFF MEMBER,2018-12-11 08:43:47+00:00,2018-12-11 08:06:47+00:00
request for payment 184058,Request For Payment APPROVED by ADMINISTRATION,STAFF MEMBER,2018-12-11 08:57:59+00:00,2018-12-11 08:06:59+00:00
request for payment 171947,Request Payment,SYSTEM,2018-12-11 09:07:49+00:00,2018-12-11 08:08:49+00:00
request for payment 171993,Request For Payment SUBMITTED by EMPLOYEE,STAFF MEMBER,2018-12-11 08:53:21+00:00,2018-12-11 08:10:21+00:00
request for payment 171993,Request For Payment APPROVED by ADMINISTRATION,STAFF MEMBER,2018-12-11 08:56:34+00:00,2018-12-11 08:10:34+00:00
request for payment 178773,Request Payment,SYSTEM,2018-12-11 08:54:06+00:00,2018-12-11 08:11:06+00:00
request for payment 171998,Request For Payment SUBMITTED by EMPLOYEE,STAFF MEMBER,2018-12-11 09:06:55+00:00,2018-12-11 08:11:55+00:00
request for payment 171998,Request For Payment APPROVED by ADMINISTRATION,STAFF MEMBER,2018-12-11 09:02:59+00:00,2018-12-11 08:11:59+00:00
request for payment 179653,Request Payment,SYSTEM,2018-12-11 08:43:54+00:00,2018-12-11 08:12:54+00:00
request for payment 175948,Request Payment,SYSTEM,2018-12-11 09:14:09+00:00,2018-12-11 08:18:09+00:00
request for payment 177148,Request For Payment FINAL_APPROVED by SUPERVISOR,STAFF MEMBER,2018-12-11 08:57:42+00:00,2018-12-11 08:21:42+00:00
request for payment 175494,Request For Payment FINAL_APPROVED by SUPERVISOR,STAFF MEMBER,2018-12-11 09:09:42+00:00,2018-12-11 08:21:42+00:00
request for payment 174282,Request For Payment APPROVED by BUDGET OWNER,STAFF MEMBER,2018-12-11 09:07:22+00:00,2018-12-11 08:22:22+00:00
request for payment 183879,Request For Payment FINAL_APPROVED by SUPERVISOR,STAFF MEMBER,2018-12-11 08:55:38+00:00,2018-12-11 08:22:38+00:00
request for payment 174282,Request For Payment FINAL_APPROVED by SUPERVISOR,STAFF MEMBER,2018-12-11 09:00:07+00:00,2018-12-11 08:25:07+00:00
request for payment 183879,Request Payment,SYSTEM,2018-12-11 09:24:34+00:00,2018-12-11 08:26:34+00:00
request for payment 179876,Request For Payment FINAL_APPROVED by SUPERVISOR,STAFF MEMBER,2018-12-11 09:44:46+00:00,2018-12-11 08:46:46+00:00
request for payment 176331,Request For Payment APPROVED by BUDGET OWNER,STAFF MEMBER,2018-12-11 09:23:55+00:00,2018-12-11 08:47:55+00:00
request for payment 171993,Request For Payment FINAL_APPROVED by SUPERVISOR,STAFF MEMBER,2018-12-11 09:41:39+00:00,2018-12-11 08:48:39+00:00
request for payment 179957,Request Payment,SYSTEM,2018-12-11 09:48:32+00:00,2018-12-11 08:51:32+00:00
request for payment 177672,Request Payment,SYSTEM,2018-12-11 09:30:42+00:00,2018-12-11 08:52:42+00:00
request for payment 178327,Request For Payment FINAL_APPROVED by SUPERVISOR,STAFF MEMBER,2018-12-11 09:30:00+00:00,2018-12-11 08:53:00+00:00
request for payment 176337,Request For Payment FINAL_APPROVED by SUPERVISOR,STAFF MEMBER,2018-12-11 09:56:51+00:00,2018-12-11 08:58:51+00:00
request for payment 178745,Request Payment,SYSTEM,2018-12-11 09:41:52+00:00,2018-12-11 08:59:52+00:00
request for payment 179901,Request For Payment FINAL_APPROVED by SUPERVISOR,STAFF MEMBER,2018-12-11 09:46:16+00:00,2018-12-11 09:04:16+00:00
request for payment 177188,Request For Payment FINAL_APPROVED by SUPERVISOR,STAFF MEMBER,2018-12-11 09:46:37+00:00,2018-12-11 09:13:37+00:00
request for payment 179930,Request For Payment REJECTED by EMPLOYEE,STAFF MEMBER,2018-12-11 09:59:53+00:00,2018-12-11 09:14:53+00:00
request for payment 179093,Request For Payment SUBMITTED by EMPLOYEE,STAFF MEMBER,2018-12-11 10:11:14+00:00,2018-12-11 09:15:14+00:00
request for payment 179093,Request For Payment APPROVED by ADMINISTRATION,STAFF MEMBER,2018-12-11 09:45:18+00:00,2018-12-11 09:15:18+00:00
request for payment 178698,Request For Payment FINAL_APPROVED by SUPERVISOR,STAFF MEMBER,2018-12-11 10:03:01+00:00,2018-12-11 09:16:01+00:00
request for payment 176775,Request For Payment APPROVED by BUDGET OWNER,STAFF MEMBER,2018-12-11 10:11:12+00:00,2018-12-11 09:17:12+00:00
request for payment 178708,Request For Payment FINAL_APPROVED by SUPERVISOR,STAFF MEMBER,2018-12-11 10:11:04+00:00,2018-12-11 09:21:04+00:00
request for payment 176826,Request For Payment APPROVED by BUDGET OWNER,STAFF MEMBER,2018-12-11 09:52:15+00:00,2018-12-11 09:22:15+00:00
request for payment 179074,Request For Payment REJECTED by EMPLOYEE,STAFF MEMBER,2018-12-11 10:16:03+00:00,2018-12-11 09:34:03+00:00
request for payment 174127,Request For Payment APPROVED by BUDGET OWNER,STAFF MEMBER,2018-12-11 10:14:27+00:00,2018-12-11 09:37:27+00:00
request for payment 179093,Request For Payment FINAL_APPROVED by SUPERVISOR,STAFF MEMBER,2018-12-11 10:13:57+00:00,2018-12-11 09:42:57+00:00
request for payment 172896,Request For Payment SUBMITTED by EMPLOYEE,STAFF MEMBER,2018-12-11 10:42:51+00:00,2018-12-11 09:44:51+00:00
request for payment 177148,Request Payment,SYSTEM,2018-12-11 10:47:28+00:00,2018-12-11 09:47:28+00:00
request for payment 183444,Request For Payment FINAL_APPROVED by SUPERVISOR,STAFF MEMBER,2018-12-11 10:44:34+00:00,2018-12-11 09:47:34+00:00
request for payment 172896,Request For Payment APPROVED by ADMINISTRATION,STAFF MEMBER,2018-12-11 10:48:17+00:00,2018-12-11 09:48:17+00:00
request for payment 178083,Request For Payment APPROVED by BUDGET OWNER,STAFF MEMBER,2018-12-11 10:31:30+00:00,2018-12-11 09:49:30+00:00
request for payment 174106,Request For Payment FINAL_APPROVED by SUPERVISOR,STAFF MEMBER,2018-12-11 10:35:31+00:00,2018-12-11 09:50:31+00:00
request for payment 179098,Request For Payment SUBMITTED by EMPLOYEE,STAFF MEMBER,2018-12-11 10:46:47+00:00,2018-12-11 09:54:47+00:00
request for payment 179098,Request For Payment APPROVED by ADMINISTRATION,STAFF MEMBER,2018-12-11 10:52:54+00:00,2018-12-11 09:54:54+00:00
request for payment 177160,Request For Payment FINAL_APPROVED by SUPERVISOR,STAFF MEMBER,2018-12-11 10:30:42+00:00,2018-12-11 10:00:42+00:00
request for payment 178121,Request For Payment REJECTED by SUPERVISOR,STAFF MEMBER,2018-12-11 10:43:37+00:00,2018-12-11 10:01:37+00:00
request for payment 176859,Request For Payment REJECTED by EMPLOYEE,STAFF MEMBER,2018-12-11 10:58:35+00:00,2018-12-11 10:03:35+00:00
request for payment 183996,Request Payment,SYSTEM,2018-12-11 10:47:45+00:00,2018-12-11 10:03:45+00:00
request for payment 178783,Request Payment,SYSTEM,2018-12-11 10:58:27+00:00,2018-12-11 10:04:27+00:00
request for payment 179103,Request For Payment SUBMITTED by EMPLOYEE,STAFF MEMBER,2018-12-11 10:42:30+00:00,2018-12-11 10:04:30+00:00
request for payment 178751,Request For Payment FINAL_APPROVED by SUPERVISOR,STAFF MEMBER,2018-12-11 11:04:36+00:00,2018-12-11 10:04:36+00:00
request for payment 179103,Request For Payment APPROVED by ADMINISTRATION,STAFF MEMBER,2018-12-11 10:46:40+00:00,2018-12-11 10:04:40+00:00
request for payment 177198,Request For Payment FINAL_APPROVED by SUPERVISOR,STAFF MEMBER,2018-12-11 10:55:04+00:00,2018-12-11 10:08:04+00:00
request for payment 177208,Request For Payment FINAL_APPROVED by SUPERVISOR,STAFF MEMBER,2018-12-11 10:48:06+00:00,2018-12-11 10:09:06+00:00
request for payment 177252,Request For Payment FINAL_APPROVED by SUPERVISOR,STAFF MEMBER,2018-12-11 11:01:31+00:00,2018-12-11 10:10:31+00:00
request for payment 178121,Request For Payment REJECTED by EMPLOYEE,STAFF MEMBER,2018-12-11 10:56:17+00:00,2018-12-11 10:25:17+00:00
request for payment 171998,Request For Payment APPROVED by BUDGET OWNER,STAFF MEMBER,2018-12-11 11:08:52+00:00,2018-12-11 10:26:52+00:00
request for payment 179109,Request For Payment SUBMITTED by EMPLOYEE,STAFF MEMBER,2018-12-11 11:07:08+00:00,2018-12-11 10:33:08+00:00
request for payment 179109,Request For Payment APPROVED by ADMINISTRATION,STAFF MEMBER,2018-12-11 11:31:19+00:00,2018-12-11 10:33:19+00:00
request for payment 176807,Request Payment,SYSTEM,2018-12-11 11:10:00+00:00,2018-12-11 10:38:00+00:00
request for payment 183474,Request Payment,SYSTEM,2018-12-11 11:18:12+00:00,2018-12-11 10:39:12+00:00
request for payment 178116,Request Payment,SYSTEM,2018-12-11 11:36:27+00:00,2018-12-11 10:43:27+00:00
request for payment 174122,Request Payment,SYSTEM,2018-12-11 11:17:52+00:00,2018-12-11 10:47:52+00:00
request for payment 178121,Request For Payment SUBMITTED by EMPLOYEE,STAFF MEMBER,2018-12-11 11:30:04+00:00,2018-12-11 10:48:04+00:00
request for payment 179093,Request Payment,SYSTEM,2018-12-11 11:35:05+00:00,2018-12-11 10:48:05+00:00
request for payment 178121,Request For Payment APPROVED by ADMINISTRATION,STAFF MEMBER,2018-12-11 11:23:22+00:00,2018-12-11 10:48:22+00:00
request for payment 171815,Request For Payment SUBMITTED by EMPLOYEE,STAFF MEMBER,2018-12-11 11:57:20+00:00,2018-12-11 11:07:20+00:00
request for payment 171815,Request For Payment APPROVED by ADMINISTRATION,STAFF MEMBER,2018-12-11 11:58:25+00:00,2018-12-11 11:07:25+00:00
request for payment 177203,Request Payment,SYSTEM,2018-12-11 11:43:57+00:00,2018-12-11 11:11:57+00:00
request for payment 178794,Request Payment,SYSTEM,2018-12-11 12:02:00+00:00,2018-12-11 11:12:00+00:00
request for payment 176331,Request For Payment FINAL_APPROVED by SUPERVISOR,STAFF MEMBER,2018-12-11 11:44:09+00:00,2018-12-11 11:14:09+00:00
request for payment 179930,Request For Payment SUBMITTED by EMPLOYEE,STAFF MEMBER,2018-12-11 11:48:48+00:00,2018-12-11 11:18:48+00:00
request for payment 179930,Request For Payment APPROVED by ADMINISTRATION,STAFF MEMBER,2018-12-11 12:05:23+00:00,2018-12-11 11:19:23+00:00
request for payment 184231,Request For Payment SUBMITTED by EMPLOYEE,STAFF MEMBER,2018-12-11 11:54:50+00:00,2018-12-11 11:22:50+00:00
request for payment 172172,Request For Payment SUBMITTED by EMPLOYEE,STAFF MEMBER,2018-12-11 12:01:58+00:00,2018-12-11 11:22:58+00:00
request for payment 184231,Request For Payment APPROVED by ADMINISTRATION,STAFF MEMBER,2018-12-11 12:07:08+00:00,2018-12-11 11:23:08+00:00
request for payment 172172,Request For Payment APPROVED by ADMINISTRATION,STAFF MEMBER,2018-12-11 12:02:58+00:00,2018-12-11 11:26:58+00:00
request for payment 184236,Request For Payment SUBMITTED by EMPLOYEE,STAFF MEMBER,2018-12-11 12:23:18+00:00,2018-12-11 11:46:18+00:00
request for payment 184236,Request For Payment REJECTED by ADMINISTRATION,STAFF MEMBER,2018-12-11 12:34:40+00:00,2018-12-11 11:47:40+00:00
request for payment 172901,Request For Payment SUBMITTED by EMPLOYEE,STAFF MEMBER,2018-12-11 13:03:24+00:00,2018-12-11 12:08:24+00:00
request for payment 172901,Request For Payment APPROVED by ADMINISTRATION,STAFF MEMBER,2018-12-11 13:04:30+00:00,2018-12-11 12:08:30+00:00
request for payment 172906,Request For Payment SUBMITTED by EMPLOYEE,STAFF MEMBER,2018-12-11 12:45:06+00:00,2018-12-11 12:10:06+00:00
request for payment 172906,Request For Payment APPROVED by ADMINISTRATION,STAFF MEMBER,2018-12-11 12:46:27+00:00,2018-12-11 12:11:27+00:00
request for payment 179901,Request Payment,SYSTEM,2018-12-11 13:18:18+00:00,2018-12-11 12:21:18+00:00
request for payment 183444,Request Payment,SYSTEM,2018-12-11 13:15:26+00:00,2018-12-11 12:24:26+00:00
request for payment 184240,Request For Payment SUBMITTED by EMPLOYEE,STAFF MEMBER,2018-12-11 13:03:23+00:00,2018-12-11 12:25:23+00:00
request for payment 184245,Request For Payment SUBMITTED by EMPLOYEE,STAFF MEMBER,2018-12-11 13:09:33+00:00,2018-12-11 12:25:33+00:00
request for payment 184240,Request For Payment APPROVED by ADMINISTRATION,STAFF MEMBER,2018-12-11 13:09:11+00:00,2018-12-11 12:26:11+00:00
request for payment 177827,Request For Payment FINAL_APPROVED by SUPERVISOR,STAFF MEMBER,2018-12-11 13:20:41+00:00,2018-12-11 12:33:41+00:00
request for payment 184251,Request For Payment SUBMITTED by EMPLOYEE,STAFF MEMBER,2018-12-11 13:39:07+00:00,2018-12-11 12:40:07+00:00
request for payment 184251,Request For Payment REJECTED by ADMINISTRATION,STAFF MEMBER,2018-12-11 13:34:10+00:00,2018-12-11 12:40:10+00:00
request for payment 178327,Request Payment,SYSTEM,2018-12-11 13:40:49+00:00,2018-12-11 12:41:49+00:00
request for payment 177611,Request Payment,SYSTEM,2018-12-11 13:30:02+00:00,2018-12-11 12:45:02+00:00
request for payment 171815,Request For Payment APPROVED by BUDGET OWNER,STAFF MEMBER,2018-12-11 13:36:31+00:00,2018-12-11 12:51:31+00:00
request for payment 184240,Request For Payment FINAL_APPROVED by SUPERVISOR,STAFF MEMBER,2018-12-11 13:38:20+00:00,2018-12-11 12:56:20+00:00
request for payment 179109,Request For Payment FINAL_APPROVED by SUPERVISOR,STAFF MEMBER,2018-12-11 13:55:32+00:00,2018-12-11 13:00:32+00:00
request for payment 172004,Request For Payment SUBMITTED by EMPLOYEE,STAFF MEMBER,2018-12-11 13:37:44+00:00,2018-12-11 13:01:44+00:00
request for payment 172004,Request For Payment REJECTED by ADMINISTRATION,STAFF MEMBER,2018-12-11 13:37:48+00:00,2018-12-11 13:01:48+00:00
request for payment 184236,Request For Payment REJECTED by EMPLOYEE,STAFF MEMBER,2018-12-11 13:57:47+00:00,2018-12-11 13:02:47+00:00
request for payment 172013,Request For Payment SUBMITTED by EMPLOYEE,STAFF MEMBER,2018-12-11 13:38:57+00:00,2018-12-11 13:04:57+00:00
request for payment 172013,Request For Payment APPROVED by ADMINISTRATION,STAFF MEMBER,2018-12-11 13:40:21+00:00,2018-12-11 13:10:21+00:00
request for payment 172912,Request For Payment SUBMITTED by EMPLOYEE,STAFF MEMBER,2018-12-11 14:07:16+00:00,2018-12-11 13:19:16+00:00
request for payment 172912,Request For Payment REJECTED by ADMINISTRATION,STAFF MEMBER,2018-12-11 13:52:28+00:00,2018-12-11 13:19:28+00:00
request for payment 172917,Request For Payment SUBMITTED by EMPLOYEE,STAFF MEMBER,2018-12-11 13:56:53+00:00,2018-12-11 13:20:53+00:00
request for payment 172917,Request For Payment APPROVED by ADMINISTRATION,STAFF MEMBER,2018-12-11 14:18:55+00:00,2018-12-11 13:20:55+00:00
request for payment 183840,Request Payment,SYSTEM,2018-12-11 14:06:37+00:00,2018-12-11 13:25:37+00:00
request for payment 183855,Request Payment,SYSTEM,2018-12-11 14:10:27+00:00,2018-12-11 13:26:27+00:00
request for payment 184255,Request For Payment SUBMITTED by EMPLOYEE,STAFF MEMBER,2018-12-11 14:08:50+00:00,2018-12-11 13:31:50+00:00
request for payment 184255,Request For Payment APPROVED by ADMINISTRATION,STAFF MEMBER,2018-12-11 14:07:53+00:00,2018-12-11 13:31:53+00:00
request for payment 172004,Request For Payment REJECTED by EMPLOYEE,STAFF MEMBER,2018-12-11 14:06:58+00:00,2018-12-11 13:32:58+00:00
request for payment 184255,Request For Payment FINAL_APPROVED by SUPERVISOR,STAFF MEMBER,2018-12-11 14:12:31+00:00,2018-12-11 13:34:31+00:00
request for payment 184260,Request For Payment SUBMITTED by EMPLOYEE,STAFF MEMBER,2018-12-11 14:20:08+00:00,2018-12-11 13:36:08+00:00
request for payment 184260,Request For Payment APPROVED by ADMINISTRATION,STAFF MEMBER,2018-12-11 14:08:21+00:00,2018-12-11 13:36:21+00:00
request for payment 172922,Request For Payment SUBMITTED by EMPLOYEE,STAFF MEMBER,2018-12-11 14:28:48+00:00,2018-12-11 13:37:48+00:00
request for payment 172922,Request For Payment APPROVED by ADMINISTRATION,STAFF MEMBER,2018-12-11 14:36:01+00:00,2018-12-11 13:38:01+00:00
request for payment 171937,Request Payment,SYSTEM,2018-12-11 14:18:46+00:00,2018-12-11 13:43:46+00:00
request for payment 184265,Request For Payment SUBMITTED by EMPLOYEE,STAFF MEMBER,2018-12-11 14:25:39+00:00,2018-12-11 13:44:39+00:00
request for payment 184265,Request For Payment REJECTED by ADMINISTRATION,STAFF MEMBER,2018-12-11 14:43:42+00:00,2018-12-11 13:44:42+00:00
request for payment 176411,Request For Payment SUBMITTED by EMPLOYEE,STAFF MEMBER,2018-12-11 14:41:30+00:00,2018-12-11 14:11:30+00:00
request for payment 176411,Request For Payment APPROVED by ADMINISTRATION,STAFF MEMBER,2018-12-11 14:54:26+00:00,2018-12-11 14:13:26+00:00
request for payment 172004,Request For Payment SUBMITTED by EMPLOYEE,STAFF MEMBER,2018-12-11 15:00:19+00:00,2018-12-11 14:14:19+00:00
request for payment 176331,Request Payment,SYSTEM,2018-12-11 15:07:28+00:00,2018-12-11 14:16:28+00:00
request for payment 172004,Request For Payment APPROVED by ADMINISTRATION,STAFF MEMBER,2018-12-11 14:57:57+00:00,2018-12-11 14:23:57+00:00
request for payment 178698,Request Payment,SYSTEM,2018-12-11 15:04:26+00:00,2018-12-11 14:24:26+00:00
request for payment 175977,Request Payment,SYSTEM,2018-12-11 15:11:27+00:00,2018-12-11 14:24:27+00:00
request for payment 174282,Request Payment,SYSTEM,2018-12-11 15:10:30+00:00,2018-12-11 14:24:30+00:00
request for payment 184276,Request For Payment SUBMITTED by EMPLOYEE,STAFF MEMBER,2018-12-11 15:13:58+00:00,2018-12-11 14:24:58+00:00
request for payment 176390,Request For Payment SUBMITTED by EMPLOYEE,STAFF MEMBER,2018-12-11 15:04:35+00:00,2018-12-11 14:27:35+00:00
request for payment 176390,Request For Payment APPROVED by ADMINISTRATION,STAFF MEMBER,2018-12-11 15:04:37+00:00,2018-12-11 14:27:37+00:00
request for payment 184276,Request For Payment REJECTED by ADMINISTRATION,STAFF MEMBER,2018-12-11 15:08:44+00:00,2018-12-11 14:27:44+00:00
request for payment 179109,Request Payment,SYSTEM,2018-12-11 15:17:46+00:00,2018-12-11 14:27:46+00:00
request for payment 184619,Request For Payment SUBMITTED by EMPLOYEE,STAFF MEMBER,2018-12-11 15:30:14+00:00,2018-12-11 14:30:14+00:00
request for payment 184619,Request For Payment APPROVED by ADMINISTRATION,STAFF MEMBER,2018-12-11 15:21:16+00:00,2018-12-11 14:30:16+00:00
request for payment 184609,Request For Payment SUBMITTED by EMPLOYEE,STAFF MEMBER,2018-12-11 15:18:49+00:00,2018-12-11 14:32:49+00:00
request for payment 184609,Request For Payment APPROVED by ADMINISTRATION,STAFF MEMBER,2018-12-11 15:22:52+00:00,2018-12-11 14:32:52+00:00
request for payment 184600,Request For Payment SUBMITTED by EMPLOYEE,STAFF MEMBER,2018-12-11 15:27:21+00:00,2018-12-11 14:35:21+00:00
request for payment 184600,Request For Payment APPROVED by ADMINISTRATION,STAFF MEMBER,2018-12-11 15:15:25+00:00,2018-12-11 14:35:25+00:00
request for payment 176411,Request For Payment FINAL_APPROVED by SUPERVISOR,STAFF MEMBER,2018-12-11 15:29:36+00:00,2018-12-11 14:36:36+00:00
request for payment 184600,Request For Payment APPROVED by BUDGET OWNER,STAFF MEMBER,2018-12-11 15:14:55+00:00,2018-12-11 14:36:55+00:00
request for payment 184609,Request For Payment APPROVED by BUDGET OWNER,STAFF MEMBER,2018-12-11 15:35:11+00:00,2018-12-11 14:37:11+00:00
request for payment 184619,Request For Payment APPROVED by BUDGET OWNER,STAFF MEMBER,2018-12-11 15:26:29+00:00,2018-12-11 14:37:29+00:00
request for payment 176390,Request For Payment APPROVED by BUDGET OWNER,STAFF MEMBER,2018-12-11 15:15:48+00:00,2018-12-11 14:37:48+00:00
request for payment 176361,Request For Payment SUBMITTED by EMPLOYEE,STAFF MEMBER,2018-12-11 15:20:50+00:00,2018-12-11 14:37:50+00:00
request for payment 176361,Request For Payment APPROVED by ADMINISTRATION,STAFF MEMBER,2018-12-11 15:35:53+00:00,2018-12-11 14:37:53+00:00
request for payment 171753,Request For Payment SUBMITTED by EMPLOYEE,STAFF MEMBER,2018-12-11 15:22:13+00:00,2018-12-11 14:40:13+00:00
request for payment 171753,Request For Payment APPROVED by ADMINISTRATION,STAFF MEMBER,2018-12-11 15:15:16+00:00,2018-12-11 14:40:16+00:00
request for payment 172004,Request For Payment APPROVED by BUDGET OWNER,STAFF MEMBER,2018-12-11 15:30:15+00:00,2018-12-11 14:41:15+00:00
request for payment 171753,Request For Payment APPROVED by BUDGET OWNER,STAFF MEMBER,2018-12-11 15:25:36+00:00,2018-12-11 14:41:36+00:00
request for payment 176361,Request For Payment APPROVED by BUDGET OWNER,STAFF MEMBER,2018-12-11 15:37:52+00:00,2018-12-11 14:41:52+00:00
request for payment 176352,Request For Payment SUBMITTED by EMPLOYEE,STAFF MEMBER,2018-12-11 15:34:15+00:00,2018-12-11 14:42:15+00:00
request for payment 176352,Request For Payment APPROVED by ADMINISTRATION,STAFF MEMBER,2018-12-11 15:19:16+00:00,2018-12-11 14:42:16+00:00
request for payment 171744,Request For Payment SUBMITTED by EMPLOYEE,STAFF MEMBER,2018-12-11 15:45:12+00:00,2018-12-11 14:45:12+00:00
request for payment 171744,Request For Payment APPROVED by ADMINISTRATION,STAFF MEMBER,2018-12-11 15:28:14+00:00,2018-12-11 14:45:14+00:00
request for payment 185059,Request For Payment SUBMITTED by EMPLOYEE,STAFF MEMBER,2018-12-11 15:26:22+00:00,2018-12-11 14:47:22+00:00
request for payment 185059,Request For Payment APPROVED by ADMINISTRATION,STAFF MEMBER,2018-12-11 15:41:24+00:00,2018-12-11 14:47:24+00:00
request for payment 179114,Request For Payment SUBMITTED by EMPLOYEE,STAFF MEMBER,2018-12-11 15:44:38+00:00,2018-12-11 14:48:38+00:00
request for payment 171735,Request For Payment SUBMITTED by EMPLOYEE,STAFF MEMBER,2018-12-11 15:37:18+00:00,2018-12-11 14:49:18+00:00
request for payment 171735,Request For Payment APPROVED by ADMINISTRATION,STAFF MEMBER,2018-12-11 15:35:20+00:00,2018-12-11 14:49:20+00:00
request for payment 171726,Request For Payment SUBMITTED by EMPLOYEE,STAFF MEMBER,2018-12-11 15:50:37+00:00,2018-12-11 14:52:37+00:00
request for payment 171726,Request For Payment APPROVED by ADMINISTRATION,STAFF MEMBER,2018-12-11 15:23:40+00:00,2018-12-11 14:52:40+00:00
request for payment 179114,Request For Payment APPROVED by ADMINISTRATION,STAFF MEMBER,2018-12-11 15:34:40+00:00,2018-12-11 14:54:40+00:00
request for payment 179938,Request For Payment SUBMITTED by EMPLOYEE,STAFF MEMBER,2018-12-11 15:51:02+00:00,2018-12-11 14:55:02+00:00
request for payment 179938,Request For Payment APPROVED by ADMINISTRATION,STAFF MEMBER,2018-12-11 15:38:05+00:00,2018-12-11 14:55:05+00:00
request for payment 179921,Request For Payment SUBMITTED by EMPLOYEE,STAFF MEMBER,2018-12-11 15:45:48+00:00,2018-12-11 14:57:48+00:00
request for payment 179921,Request For Payment APPROVED by ADMINISTRATION,STAFF MEMBER,2018-12-11 15:29:50+00:00,2018-12-11 14:57:50+00:00
request for payment 171717,Request For Payment SUBMITTED by EMPLOYEE,STAFF MEMBER,2018-12-11 15:29:16+00:00,2018-12-11 14:59:16+00:00
request for payment 171717,Request For Payment APPROVED by ADMINISTRATION,STAFF MEMBER,2018-12-11 15:37:18+00:00,2018-12-11 14:59:18+00:00
request for payment 179906,Request For Payment SUBMITTED by EMPLOYEE,STAFF MEMBER,2018-12-11 15:36:08+00:00,2018-12-11 15:01:08+00:00
request for payment 179906,Request For Payment APPROVED by ADMINISTRATION,STAFF MEMBER,2018-12-11 15:49:10+00:00,2018-12-11 15:01:10+00:00
request for payment 177160,Request Payment,SYSTEM,2018-12-11 16:17:47+00:00,2018-12-11 15:27:47+00:00
request for payment 177208,Request Payment,SYSTEM,2018-12-11 16:21:36+00:00,2018-12-11 15:30:36+00:00
request for payment 184058,Request For Payment FINAL_APPROVED by SUPERVISOR,STAFF MEMBER,2018-12-11 16:16:12+00:00,2018-12-11 15:32:12+00:00
request for payment 174139,Request For Payment APPROVED by BUDGET OWNER,STAFF MEMBER,2018-12-11 16:05:20+00:00,2018-12-11 15:33:20+00:00
request for payment 172862,Request For Payment APPROVED by BUDGET OWNER,STAFF MEMBER,2018-12-11 16:20:10+00:00,2018-12-11 15:35:10+00:00
request for payment 179120,Request For Payment SUBMITTED by EMPLOYEE,STAFF MEMBER,2018-12-11 16:14:52+00:00,2018-12-11 15:39:52+00:00
request for payment 179120,Request For Payment APPROVED by ADMINISTRATION,STAFF MEMBER,2018-12-11 16:18:13+00:00,2018-12-11 15:40:13+00:00
request for payment 172018,Request For Payment SUBMITTED by EMPLOYEE,STAFF MEMBER,2018-12-11 16:26:10+00:00,2018-12-11 15:55:10+00:00
request for payment 172018,Request For Payment APPROVED by ADMINISTRATION,STAFF MEMBER,2018-12-11 16:27:13+00:00,2018-12-11 15:55:13+00:00
request for payment 172024,Request For Payment SUBMITTED by EMPLOYEE,STAFF MEMBER,2018-12-11 16:49:02+00:00,2018-12-11 16:12:02+00:00
request for payment 172024,Request For Payment APPROVED by ADMINISTRATION,STAFF MEMBER,2018-12-11 17:05:05+00:00,2018-12-11 16:12:05+00:00
request for payment 177240,Request For Payment FINAL_APPROVED by SUPERVISOR,STAFF MEMBER,2018-12-11 16:55:36+00:00,2018-12-11 16:21:36+00:00
request for payment 179125,Request For Payment SUBMITTED by EMPLOYEE,STAFF MEMBER,2018-12-11 18:35:46+00:00,2018-12-11 17:39:46+00:00
request for payment 179125,Request For Payment APPROVED by ADMINISTRATION,STAFF MEMBER,2018-12-11 18:24:51+00:00,2018-12-11 17:39:51+00:00
request for payment 177213,Request For Payment FINAL_APPROVED by SUPERVISOR,STAFF MEMBER,2018-12-11 18:34:00+00:00,2018-12-11 17:41:00+00:00
request for payment 171798,Request For Payment FINAL_APPROVED by SUPERVISOR,STAFF MEMBER,2018-12-11 18:30:11+00:00,2018-12-11 17:41:11+00:00
request for payment 179130,Request For Payment SUBMITTED by EMPLOYEE,STAFF MEMBER,2018-12-11 18:34:58+00:00,2018-12-11 17:58:58+00:00
request for payment 179130,Request For Payment APPROVED by ADMINISTRATION,STAFF MEMBER,2018-12-11 18:37:04+00:00,2018-12-11 17:59:04+00:00
request for payment 179135,Request For Payment SUBMITTED by EMPLOYEE,STAFF MEMBER,2018-12-11 20:08:54+00:00,2018-12-11 19:13:54+00:00
request for payment 179135,Request For Payment APPROVED by ADMINISTRATION,STAFF MEMBER,2018-12-11 19:47:56+00:00,2018-12-11 19:13:56+00:00
request for payment 176853,Request For Payment FINAL_APPROVED by SUPERVISOR,STAFF MEMBER,2018-12-12 04:47:31+00:00,2018-12-12 04:15:31+00:00
request for payment 184240,Request Payment,SYSTEM,2018-12-12 06:34:13+00:00,2018-12-12 05:54:13+00:00
request for payment 178708,Request Payment,SYSTEM,2018-12-12 07:36:18+00:00,2018-12-12 06:44:18+00:00
request for payment 172030,Request For Payment SUBMITTED by EMPLOYEE,STAFF MEMBER,2018-12-12 08:13:45+00:00,2018-12-12 07:34:45+00:00
request for payment 172030,Request For Payment APPROVED by ADMINISTRATION,STAFF MEMBER,2018-12-12 08:19:17+00:00,2018-12-12 07:35:17+00:00
request for payment 177188,Request Payment,SYSTEM,2018-12-12 08:35:57+00:00,2018-12-12 07:39:57+00:00
request for payment 184280,Request For Payment SUBMITTED by EMPLOYEE,STAFF MEMBER,2018-12-12 08:35:20+00:00,2018-12-12 07:47:20+00:00
request for payment 184280,Request For Payment APPROVED by ADMINISTRATION,STAFF MEMBER,2018-12-12 08:42:42+00:00,2018-12-12 07:47:42+00:00
request for payment 178734,Request For Payment FINAL_APPROVED by SUPERVISOR,STAFF MEMBER,2018-12-12 09:09:45+00:00,2018-12-12 08:15:45+00:00
request for payment 171788,Request Payment,SYSTEM,2018-12-12 08:59:45+00:00,2018-12-12 08:15:45+00:00
request for payment 184058,Request Payment,SYSTEM,2018-12-12 09:09:53+00:00,2018-12-12 08:17:53+00:00
request for payment 179140,Request For Payment SUBMITTED by EMPLOYEE,STAFF MEMBER,2018-12-12 09:13:39+00:00,2018-12-12 08:19:39+00:00
request for payment 179140,Request For Payment APPROVED by ADMINISTRATION,STAFF MEMBER,2018-12-12 08:53:04+00:00,2018-12-12 08:23:04+00:00
request for payment 177240,Request Payment,SYSTEM,2018-12-12 09:09:53+00:00,2018-12-12 08:25:53+00:00
request for payment 179135,Request For Payment FINAL_APPROVED by SUPERVISOR,STAFF MEMBER,2018-12-12 08:59:35+00:00,2018-12-12 08:28:35+00:00
request for payment 184285,Request For Payment SUBMITTED by EMPLOYEE,STAFF MEMBER,2018-12-12 09:03:57+00:00,2018-12-12 08:28:57+00:00
request for payment 184285,Request For Payment APPROVED by ADMINISTRATION,STAFF MEMBER,2018-12-12 09:29:02+00:00,2018-12-12 08:29:02+00:00
request for payment 172013,Request For Payment FINAL_APPROVED by SUPERVISOR,STAFF MEMBER,2018-12-12 09:03:53+00:00,2018-12-12 08:29:53+00:00
request for payment 184292,Request For Payment SUBMITTED by EMPLOYEE,STAFF MEMBER,2018-12-12 09:09:34+00:00,2018-12-12 08:30:34+00:00
request for payment 184292,Request For Payment APPROVED by ADMINISTRATION,STAFF MEMBER,2018-12-12 09:01:49+00:00,2018-12-12 08:30:49+00:00
request for payment 172906,Request For Payment APPROVED by BUDGET OWNER,STAFF MEMBER,2018-12-12 09:27:04+00:00,2018-12-12 08:31:04+00:00
request for payment 171809,Request For Payment APPROVED by BUDGET OWNER,STAFF MEMBER,2018-12-12 09:04:20+00:00,2018-12-12 08:33:20+00:00
request for payment 171804,Request For Payment FINAL_APPROVED by SUPERVISOR,STAFF MEMBER,2018-12-12 09:09:16+00:00,2018-12-12 08:34:16+00:00
request for payment 174145,Request For Payment APPROVED by BUDGET OWNER,STAFF MEMBER,2018-12-12 09:23:37+00:00,2018-12-12 08:44:37+00:00
request for payment 179064,Request For Payment FINAL_APPROVED by SUPERVISOR,STAFF MEMBER,2018-12-12 09:16:39+00:00,2018-12-12 08:45:39+00:00
request for payment 172922,Request For Payment FINAL_APPROVED by SUPERVISOR,STAFF MEMBER,2018-12-12 09:31:27+00:00,2018-12-12 08:48:27+00:00
request for payment 171804,Request Payment,SYSTEM,2018-12-12 09:47:41+00:00,2018-12-12 08:48:41+00:00
request for payment 183406,Request Payment,SYSTEM,2018-12-12 09:45:12+00:00,2018-12-12 08:49:12+00:00
request for payment 179098,Request For Payment FINAL_APPROVED by SUPERVISOR,STAFF MEMBER,2018-12-12 09:24:14+00:00,2018-12-12 08:50:14+00:00
request for payment 171966,Request For Payment APPROVED by BUDGET OWNER,STAFF MEMBER,2018-12-12 09:48:35+00:00,2018-12-12 08:51:35+00:00
request for payment 184220,Request For Payment APPROVED by BUDGET OWNER,STAFF MEMBER,2018-12-12 09:50:54+00:00,2018-12-12 08:53:54+00:00
request for payment 184213,Request For Payment APPROVED by BUDGET OWNER,STAFF MEMBER,2018-12-12 09:25:50+00:00,2018-12-12 08:55:50+00:00
request for payment 178724,Request For Payment APPROVED by BUDGET OWNER,STAFF MEMBER,2018-12-12 09:32:17+00:00,2018-12-12 08:57:17+00:00
request for payment 172018,Request For Payment APPROVED by BUDGET OWNER,STAFF MEMBER,2018-12-12 09:58:03+00:00,2018-12-12 08:58:03+00:00
request for payment 179120,Request For Payment FINAL_APPROVED by SUPERVISOR,STAFF MEMBER,2018-12-12 09:48:42+00:00,2018-12-12 08:58:42+00:00
request for payment 179103,Request For Payment APPROVED by BUDGET OWNER,STAFF MEMBER,2018-12-12 10:00:57+00:00,2018-12-12 09:06:57+00:00
request for payment 184226,Request For Payment FINAL_APPROVED by SUPERVISOR,STAFF MEMBER,2018-12-12 09:49:06+00:00,2018-12-12 09:08:06+00:00
request for payment 171957,Request For Payment REJECTED by EMPLOYEE,STAFF MEMBER,2018-12-12 10:06:50+00:00,2018-12-12 09:10:50+00:00
request for payment 179145,Request For Payment SUBMITTED by EMPLOYEE,STAFF MEMBER,2018-12-12 10:01:36+00:00,2018-12-12 09:17:36+00:00
request for payment 179145,Request For Payment APPROVED by ADMINISTRATION,STAFF MEMBER,2018-12-12 10:13:42+00:00,2018-12-12 09:17:42+00:00
request for payment 174087,Request For Payment SUBMITTED by EMPLOYEE,STAFF MEMBER,2018-12-12 10:09:18+00:00,2018-12-12 09:18:18+00:00
request for payment 174087,Request For Payment APPROVED by ADMINISTRATION,STAFF MEMBER,2018-12-12 10:19:49+00:00,2018-12-12 09:22:49+00:00
request for payment 184292,Request For Payment FINAL_APPROVED by SUPERVISOR,STAFF MEMBER,2018-12-12 10:50:11+00:00,2018-12-12 09:52:11+00:00
request for payment 184231,Request For Payment FINAL_APPROVED by SUPERVISOR,STAFF MEMBER,2018-12-12 10:33:50+00:00,2018-12-12 09:55:50+00:00
request for payment 179069,Request For Payment FINAL_APPROVED by SUPERVISOR,STAFF MEMBER,2018-12-12 10:37:28+00:00,2018-12-12 09:58:28+00:00
request for payment 179088,Request For Payment FINAL_APPROVED by SUPERVISOR,STAFF MEMBER,2018-12-12 10:37:28+00:00,2018-12-12 09:58:28+00:00
request for payment 171977,Request For Payment FINAL_APPROVED by SUPERVISOR,STAFF MEMBER,2018-12-12 10:29:21+00:00,2018-12-12 09:59:21+00:00
request for payment 184260,Request For Payment FINAL_APPROVED by SUPERVISOR,STAFF MEMBER,2018-12-12 10:52:35+00:00,2018-12-12 09:59:35+00:00
request for payment 179130,Request For Payment FINAL_APPROVED by SUPERVISOR,STAFF MEMBER,2018-12-12 10:52:34+00:00,2018-12-12 10:00:34+00:00
request for payment 172891,Request For Payment FINAL_APPROVED by SUPERVISOR,STAFF MEMBER,2018-12-12 10:36:42+00:00,2018-12-12 10:00:42+00:00
request for payment 172901,Request For Payment FINAL_APPROVED by SUPERVISOR,STAFF MEMBER,2018-12-12 10:42:18+00:00,2018-12-12 10:01:18+00:00
request for payment 179140,Request For Payment FINAL_APPROVED by SUPERVISOR,STAFF MEMBER,2018-12-12 10:33:54+00:00,2018-12-12 10:01:54+00:00
request for payment 179145,Request For Payment FINAL_APPROVED by SUPERVISOR,STAFF MEMBER,2018-12-12 11:00:31+00:00,2018-12-12 10:02:31+00:00
request for payment 184208,Request For Payment FINAL_APPROVED by SUPERVISOR,STAFF MEMBER,2018-12-12 10:49:32+00:00,2018-12-12 10:09:32+00:00
request for payment 184198,Request For Payment FINAL_APPROVED by SUPERVISOR,STAFF MEMBER,2018-12-12 11:07:40+00:00,2018-12-12 10:10:40+00:00
request for payment 177678,Request For Payment SUBMITTED by EMPLOYEE,STAFF MEMBER,2018-12-12 10:55:29+00:00,2018-12-12 10:16:29+00:00
request for payment 177678,Request For Payment APPROVED by ADMINISTRATION,STAFF MEMBER,2018-12-12 11:09:32+00:00,2018-12-12 10:16:32+00:00
request for payment 171942,Request For Payment FINAL_APPROVED by SUPERVISOR,STAFF MEMBER,2018-12-12 11:02:52+00:00,2018-12-12 10:19:52+00:00
request for payment 171928,Request For Payment FINAL_APPROVED by SUPERVISOR,STAFF MEMBER,2018-12-12 10:58:03+00:00,2018-12-12 10:21:03+00:00
request for payment 184177,Request For Payment APPROVED by BUDGET OWNER,STAFF MEMBER,2018-12-12 11:07:02+00:00,2018-12-12 10:23:02+00:00
request for payment 183885,Request For Payment FINAL_APPROVED by SUPERVISOR,STAFF MEMBER,2018-12-12 11:05:01+00:00,2018-12-12 10:24:01+00:00
request for payment 172880,Request For Payment FINAL_APPROVED by SUPERVISOR,STAFF MEMBER,2018-12-12 11:22:09+00:00,2018-12-12 10:27:09+00:00
request for payment 171783,Request For Payment FINAL_APPROVED by SUPERVISOR,STAFF MEMBER,2018-12-12 11:08:33+00:00,2018-12-12 10:28:33+00:00
request for payment 175894,Request For Payment APPROVED by BUDGET OWNER,STAFF MEMBER,2018-12-12 11:11:59+00:00,2018-12-12 10:33:59+00:00
request for payment 178808,Request For Payment FINAL_APPROVED by SUPERVISOR,STAFF MEMBER,2018-12-12 11:10:04+00:00,2018-12-12 10:37:04+00:00
request for payment 171798,Request Payment,SYSTEM,2018-12-12 11:14:46+00:00,2018-12-12 10:37:46+00:00
request for payment 172035,Request For Payment SUBMITTED by EMPLOYEE,STAFF MEMBER,2018-12-12 11:43:49+00:00,2018-12-12 10:44:49+00:00
request for payment 172035,Request For Payment REJECTED by ADMINISTRATION,STAFF MEMBER,2018-12-12 11:40:51+00:00,2018-12-12 10:44:51+00:00
request for payment 172172,Request For Payment APPROVED by BUDGET OWNER,STAFF MEMBER,2018-12-12 11:46:51+00:00,2018-12-12 10:50:51+00:00
request for payment 179088,Request Payment,SYSTEM,2018-12-12 11:25:59+00:00,2018-12-12 10:50:59+00:00
request for payment 171942,Request Payment,SYSTEM,2018-12-12 11:26:10+00:00,2018-12-12 10:52:10+00:00
request for payment 177224,Request For Payment APPROVED by BUDGET OWNER,STAFF MEMBER,2018-12-12 11:26:47+00:00,2018-12-12 10:53:47+00:00
request for payment 172018,Request For Payment FINAL_APPROVED by SUPERVISOR,STAFF MEMBER,2018-12-12 11:54:07+00:00,2018-12-12 10:56:07+00:00
request for payment 177262,Request For Payment REJECTED by EMPLOYEE,STAFF MEMBER,2018-12-12 12:11:08+00:00,2018-12-12 11:11:08+00:00
request for payment 184251,Request For Payment REJECTED by EMPLOYEE,STAFF MEMBER,2018-12-12 11:47:56+00:00,2018-12-12 11:12:56+00:00
request for payment 172004,Request For Payment FINAL_APPROVED by SUPERVISOR,STAFF MEMBER,2018-12-12 12:21:35+00:00,2018-12-12 11:26:35+00:00
request for payment 184600,Request For Payment FINAL_APPROVED by SUPERVISOR,STAFF MEMBER,2018-12-12 12:17:35+00:00,2018-12-12 11:26:35+00:00
request for payment 176390,Request For Payment FINAL_APPROVED by SUPERVISOR,STAFF MEMBER,2018-12-12 12:26:35+00:00,2018-12-12 11:26:35+00:00
request for payment 171753,Request For Payment FINAL_APPROVED by SUPERVISOR,STAFF MEMBER,2018-12-12 12:02:35+00:00,2018-12-12 11:26:35+00:00
request for payment 184609,Request For Payment APPROVED by SUPERVISOR,STAFF MEMBER,2018-12-12 12:26:35+00:00,2018-12-12 11:26:35+00:00
request for payment 184619,Request For Payment FINAL_APPROVED by SUPERVISOR,STAFF MEMBER,2018-12-12 11:59:35+00:00,2018-12-12 11:26:35+00:00
request for payment 176361,Request For Payment FINAL_APPROVED by SUPERVISOR,STAFF MEMBER,2018-12-12 11:59:35+00:00,2018-12-12 11:26:35+00:00
request for payment 180025,Request For Payment SUBMITTED by EMPLOYEE,STAFF MEMBER,2018-12-12 12:17:58+00:00,2018-12-12 11:35:58+00:00
request for payment 180025,Request For Payment APPROVED by ADMINISTRATION,STAFF MEMBER,2018-12-12 12:15:00+00:00,2018-12-12 11:36:00+00:00
request for payment 179672,Request For Payment SUBMITTED by EMPLOYEE,STAFF MEMBER,2018-12-12 12:54:55+00:00,2018-12-12 11:54:55+00:00
request for payment 179672,Request For Payment REJECTED by ADMINISTRATION,STAFF MEMBER,2018-12-12 12:53:00+00:00,2018-12-12 11:55:00+00:00
request for payment 172927,Request For Payment SUBMITTED by EMPLOYEE,STAFF MEMBER,2018-12-12 12:55:22+00:00,2018-12-12 12:01:22+00:00
request for payment 172927,Request For Payment APPROVED by ADMINISTRATION,STAFF MEMBER,2018-12-12 13:01:41+00:00,2018-12-12 12:01:41+00:00
request for payment 180025,Request For Payment FINAL_APPROVED by SUPERVISOR,STAFF MEMBER,2018-12-12 13:08:24+00:00,2018-12-12 12:11:24+00:00
request for payment 172018,Request Payment,SYSTEM,2018-12-12 12:50:39+00:00,2018-12-12 12:15:39+00:00
request for payment 179672,Request For Payment REJECTED by EMPLOYEE,STAFF MEMBER,2018-12-12 13:16:45+00:00,2018-12-12 12:17:45+00:00
request for payment 177198,Request Payment,SYSTEM,2018-12-12 12:58:54+00:00,2018-12-12 12:18:54+00:00
request for payment 171987,Request For Payment APPROVED by BUDGET OWNER,STAFF MEMBER,2018-12-12 13:26:52+00:00,2018-12-12 12:36:52+00:00
request for payment 177640,Request For Payment APPROVED by BUDGET OWNER,STAFF MEMBER,2018-12-12 13:20:38+00:00,2018-12-12 12:39:38+00:00
request for payment 183861,Request For Payment APPROVED by BUDGET OWNER,STAFF MEMBER,2018-12-12 13:43:43+00:00,2018-12-12 12:43:43+00:00
request for payment 184043,Request For Payment APPROVED by BUDGET OWNER,STAFF MEMBER,2018-12-12 13:23:33+00:00,2018-12-12 12:44:33+00:00
request for payment 178135,Request For Payment SUBMITTED by EMPLOYEE,STAFF MEMBER,2018-12-12 13:44:06+00:00,2018-12-12 12:45:06+00:00
request for payment 178135,Request For Payment APPROVED by ADMINISTRATION,STAFF MEMBER,2018-12-12 13:30:48+00:00,2018-12-12 12:45:48+00:00
request for payment 183449,Request For Payment APPROVED by BUDGET OWNER,STAFF MEMBER,2018-12-12 13:26:06+00:00,2018-12-12 12:49:06+00:00
request for payment 179672,Request For Payment SUBMITTED by EMPLOYEE,STAFF MEMBER,2018-12-12 13:40:50+00:00,2018-12-12 12:50:50+00:00
request for payment 179672,Request For Payment APPROVED by ADMINISTRATION,STAFF MEMBER,2018-12-12 13:30:53+00:00,2018-12-12 12:50:53+00:00
request for payment 172043,Request For Payment SUBMITTED by EMPLOYEE,STAFF MEMBER,2018-12-12 13:47:41+00:00,2018-12-12 13:07:41+00:00
request for payment 172043,Request For Payment APPROVED by ADMINISTRATION,STAFF MEMBER,2018-12-12 14:03:49+00:00,2018-12-12 13:07:49+00:00
request for payment 183255,Request For Payment APPROVED by BUDGET OWNER,STAFF MEMBER,2018-12-12 13:49:15+00:00,2018-12-12 13:09:15+00:00
request for payment 183239,Request For Payment APPROVED by BUDGET OWNER,STAFF MEMBER,2018-12-12 13:44:29+00:00,2018-12-12 13:12:29+00:00
request for payment 176296,Request For Payment APPROVED by BUDGET OWNER,STAFF MEMBER,2018-12-12 14:14:36+00:00,2018-12-12 13:14:36+00:00
request for payment 183207,Request For Payment APPROVED by BUDGET OWNER,STAFF MEMBER,2018-12-12 13:56:24+00:00,2018-12-12 13:16:24+00:00
request for payment 183218,Request For Payment APPROVED by BUDGET OWNER,STAFF MEMBER,2018-12-12 14:10:26+00:00,2018-12-12 13:17:26+00:00
request for payment 177901,Request Payment,SYSTEM,2018-12-12 14:12:15+00:00,2018-12-12 13:24:15+00:00
request for payment 184063,Request For Payment SUBMITTED by EMPLOYEE,STAFF MEMBER,2018-12-12 14:22:19+00:00,2018-12-12 13:27:19+00:00
request for payment 184063,Request For Payment APPROVED by ADMINISTRATION,STAFF MEMBER,2018-12-12 14:23:33+00:00,2018-12-12 13:27:33+00:00
request for payment 177664,Request For Payment REJECTED by EMPLOYEE,STAFF MEMBER,2018-12-12 14:17:44+00:00,2018-12-12 13:36:44+00:00
request for payment 179150,Request For Payment SUBMITTED by EMPLOYEE,STAFF MEMBER,2018-12-12 14:12:21+00:00,2018-12-12 13:37:21+00:00
request for payment 179150,Request For Payment APPROVED by ADMINISTRATION,STAFF MEMBER,2018-12-12 14:36:27+00:00,2018-12-12 13:37:27+00:00
request for payment 179155,Request For Payment SUBMITTED by EMPLOYEE,STAFF MEMBER,2018-12-12 14:41:10+00:00,2018-12-12 14:00:10+00:00
request for payment 179160,Request For Payment SUBMITTED by EMPLOYEE,STAFF MEMBER,2018-12-12 14:58:25+00:00,2018-12-12 14:01:25+00:00
request for payment 179160,Request For Payment APPROVED by ADMINISTRATION,STAFF MEMBER,2018-12-12 15:00:32+00:00,2018-12-12 14:01:32+00:00
request for payment 179906,Request For Payment APPROVED by BUDGET OWNER,STAFF MEMBER,2018-12-12 15:06:06+00:00,2018-12-12 14:13:06+00:00
request for payment 171717,Request For Payment APPROVED by BUDGET OWNER,STAFF MEMBER,2018-12-12 14:50:28+00:00,2018-12-12 14:13:28+00:00
request for payment 179921,Request For Payment APPROVED by BUDGET OWNER,STAFF MEMBER,2018-12-12 15:08:58+00:00,2018-12-12 14:13:58+00:00
request for payment 179938,Request For Payment APPROVED by BUDGET OWNER,STAFF MEMBER,2018-12-12 15:10:13+00:00,2018-12-12 14:14:13+00:00
request for payment 171726,Request For Payment APPROVED by BUDGET OWNER,STAFF MEMBER,2018-12-12 14:56:26+00:00,2018-12-12 14:14:26+00:00
request for payment 171735,Request For Payment APPROVED by BUDGET OWNER,STAFF MEMBER,2018-12-12 15:09:42+00:00,2018-12-12 14:14:42+00:00
request for payment 185059,Request For Payment APPROVED by BUDGET OWNER,STAFF MEMBER,2018-12-12 15:08:58+00:00,2018-12-12 14:14:58+00:00
request for payment 171744,Request For Payment APPROVED by BUDGET OWNER,STAFF MEMBER,2018-12-12 15:00:11+00:00,2018-12-12 14:18:11+00:00
request for payment 176352,Request For Payment APPROVED by BUDGET OWNER,STAFF MEMBER,2018-12-12 15:06:24+00:00,2018-12-12 14:18:24+00:00
request for payment 179672,Request For Payment FINAL_APPROVED by SUPERVISOR,STAFF MEMBER,2018-12-12 15:19:51+00:00,2018-12-12 14:19:51+00:00
request for payment 172373,Request For Payment SUBMITTED by EMPLOYEE,STAFF MEMBER,2018-12-12 15:26:23+00:00,2018-12-12 14:35:23+00:00
request for payment 172373,Request For Payment APPROVED by ADMINISTRATION,STAFF MEMBER,2018-12-12 15:20:26+00:00,2018-12-12 14:35:26+00:00
request for payment 172378,Request For Payment SUBMITTED by EMPLOYEE,STAFF MEMBER,2018-12-12 15:27:37+00:00,2018-12-12 14:41:37+00:00
request for payment 172378,Request For Payment APPROVED by ADMINISTRATION,STAFF MEMBER,2018-12-12 15:42:10+00:00,2018-12-12 14:45:10+00:00
request for payment 172183,Request For Payment SUBMITTED by EMPLOYEE,STAFF MEMBER,2018-12-12 15:24:56+00:00,2018-12-12 14:50:56+00:00
request for payment 172043,Request For Payment APPROVED by BUDGET OWNER,STAFF MEMBER,2018-12-12 15:35:30+00:00,2018-12-12 14:57:30+00:00
request for payment 172183,Request For Payment APPROVED by ADMINISTRATION,STAFF MEMBER,2018-12-12 15:45:48+00:00,2018-12-12 15:05:48+00:00
request for payment 179150,Request For Payment FINAL_APPROVED by SUPERVISOR,STAFF MEMBER,2018-12-12 15:44:54+00:00,2018-12-12 15:06:54+00:00
request for payment 179165,Request For Payment SUBMITTED by EMPLOYEE,STAFF MEMBER,2018-12-12 16:03:48+00:00,2018-12-12 15:15:48+00:00
request for payment 179165,Request For Payment REJECTED by ADMINISTRATION,STAFF MEMBER,2018-12-12 16:10:53+00:00,2018-12-12 15:15:53+00:00
request for payment 177678,Request For Payment APPROVED by BUDGET OWNER,STAFF MEMBER,2018-12-12 15:56:06+00:00,2018-12-12 15:19:06+00:00
request for payment 184068,Request For Payment SUBMITTED by EMPLOYEE,STAFF MEMBER,2018-12-12 16:12:09+00:00,2018-12-12 15:32:09+00:00
request for payment 184068,Request For Payment APPROVED by ADMINISTRATION,STAFF MEMBER,2018-12-12 16:14:12+00:00,2018-12-12 15:32:12+00:00
request for payment 178141,Request For Payment SUBMITTED by EMPLOYEE,STAFF MEMBER,2018-12-12 16:36:27+00:00,2018-12-12 15:57:27+00:00
request for payment 184073,Request For Payment SUBMITTED by EMPLOYEE,STAFF MEMBER,2018-12-12 16:51:42+00:00,2018-12-12 15:58:42+00:00
request for payment 184073,Request For Payment APPROVED by ADMINISTRATION,STAFF MEMBER,2018-12-12 16:51:47+00:00,2018-12-12 15:58:47+00:00
request for payment 184079,Request For Payment SUBMITTED by EMPLOYEE,STAFF MEMBER,2018-12-12 16:39:28+00:00,2018-12-12 16:02:28+00:00
request for payment 184079,Request For Payment APPROVED by ADMINISTRATION,STAFF MEMBER,2018-12-12 16:52:41+00:00,2018-12-12 16:02:41+00:00
request for payment 178141,Request For Payment APPROVED by ADMINISTRATION,STAFF MEMBER,2018-12-12 16:54:44+00:00,2018-12-12 16:02:44+00:00
request for payment 178146,Request For Payment SUBMITTED by EMPLOYEE,STAFF MEMBER,2018-12-12 17:05:51+00:00,2018-12-12 16:11:51+00:00
request for payment 178146,Request For Payment APPROVED by ADMINISTRATION,STAFF MEMBER,2018-12-12 17:11:55+00:00,2018-12-12 16:11:55+00:00
request for payment 172024,Request For Payment APPROVED by BUDGET OWNER,STAFF MEMBER,2018-12-12 17:03:00+00:00,2018-12-12 16:15:00+00:00
request for payment 184068,Request For Payment FINAL_APPROVED by SUPERVISOR,STAFF MEMBER,2018-12-12 17:01:22+00:00,2018-12-12 16:19:22+00:00
request for payment 178151,Request For Payment SUBMITTED by EMPLOYEE,STAFF MEMBER,2018-12-12 16:52:43+00:00,2018-12-12 16:19:43+00:00
request for payment 178151,Request For Payment APPROVED by ADMINISTRATION,STAFF MEMBER,2018-12-12 16:53:46+00:00,2018-12-12 16:19:46+00:00
request for payment 178156,Request For Payment SUBMITTED by EMPLOYEE,STAFF MEMBER,2018-12-12 17:01:59+00:00,2018-12-12 16:28:59+00:00
request for payment 178156,Request For Payment APPROVED by ADMINISTRATION,STAFF MEMBER,2018-12-12 17:15:01+00:00,2018-12-12 16:29:01+00:00
request for payment 172932,Request For Payment SUBMITTED by EMPLOYEE,STAFF MEMBER,2018-12-12 17:06:48+00:00,2018-12-12 16:29:48+00:00
request for payment 172932,Request For Payment APPROVED by ADMINISTRATION,STAFF MEMBER,2018-12-12 17:24:14+00:00,2018-12-12 16:32:14+00:00
request for payment 172937,Request For Payment SUBMITTED by EMPLOYEE,STAFF MEMBER,2018-12-12 17:25:27+00:00,2018-12-12 16:42:27+00:00
request for payment 172937,Request For Payment APPROVED by ADMINISTRATION,STAFF MEMBER,2018-12-12 17:37:34+00:00,2018-12-12 16:42:34+00:00
request for payment 172383,Request For Payment SUBMITTED by EMPLOYEE,STAFF MEMBER,2018-12-12 18:06:29+00:00,2018-12-12 17:35:29+00:00
request for payment 172383,Request For Payment APPROVED by ADMINISTRATION,STAFF MEMBER,2018-12-12 18:26:40+00:00,2018-12-12 17:35:40+00:00
request for payment 172389,Request For Payment SUBMITTED by EMPLOYEE,STAFF MEMBER,2018-12-12 19:47:04+00:00,2018-12-12 19:03:04+00:00
request for payment 172389,Request For Payment APPROVED by ADMINISTRATION,STAFF MEMBER,2018-12-12 20:00:44+00:00,2018-12-12 19:03:44+00:00
request for payment 174127,Request For Payment FINAL_APPROVED by SUPERVISOR,STAFF MEMBER,2018-12-12 21:02:37+00:00,2018-12-12 20:14:37+00:00
request for payment 177678,Request For Payment FINAL_APPROVED by SUPERVISOR,STAFF MEMBER,2018-12-12 20:54:28+00:00,2018-12-12 20:15:28+00:00
request for payment 177827,Request Payment,SYSTEM,2018-12-12 21:53:07+00:00,2018-12-12 21:21:07+00:00
request for payment 177154,Request For Payment FINAL_APPROVED by SUPERVISOR,STAFF MEMBER,2018-12-13 05:15:23+00:00,2018-12-13 04:15:23+00:00
request for payment 177182,Request For Payment FINAL_APPROVED by SUPERVISOR,STAFF MEMBER,2018-12-13 04:57:23+00:00,2018-12-13 04:15:23+00:00
request for payment 178762,Request For Payment FINAL_APPROVED by SUPERVISOR,STAFF MEMBER,2018-12-13 04:47:23+00:00,2018-12-13 04:15:23+00:00
request for payment 184171,Request For Payment APPROVED by ADMINISTRATION,STAFF MEMBER,2018-12-13 06:24:28+00:00,2018-12-13 05:51:28+00:00
request for payment 184208,Request Payment,SYSTEM,2018-12-13 06:38:17+00:00,2018-12-13 05:53:17+00:00
request for payment 171987,Request For Payment FINAL_APPROVED by SUPERVISOR,STAFF MEMBER,2018-12-13 06:30:29+00:00,2018-12-13 05:57:29+00:00
request for payment 179098,Request Payment,SYSTEM,2018-12-13 07:00:01+00:00,2018-12-13 06:12:01+00:00
request for payment 179135,Request Payment,SYSTEM,2018-12-13 07:03:57+00:00,2018-12-13 06:29:57+00:00
request for payment 179145,Request Payment,SYSTEM,2018-12-13 08:08:45+00:00,2018-12-13 07:15:45+00:00
request for payment 179130,Request Payment,SYSTEM,2018-12-13 08:16:40+00:00,2018-12-13 07:17:40+00:00
request for payment 184177,Request For Payment FINAL_APPROVED by SUPERVISOR,STAFF MEMBER,2018-12-13 08:01:59+00:00,2018-12-13 07:18:59+00:00
request for payment 175894,Request For Payment FINAL_APPROVED by SUPERVISOR,STAFF MEMBER,2018-12-13 07:52:01+00:00,2018-12-13 07:21:01+00:00
request for payment 172024,Request For Payment FINAL_APPROVED by SUPERVISOR,STAFF MEMBER,2018-12-13 08:13:27+00:00,2018-12-13 07:26:27+00:00
request for payment 184068,Request Payment,SYSTEM,2018-12-13 08:20:27+00:00,2018-12-13 07:26:27+00:00
request for payment 178055,Request Payment,SYSTEM,2018-12-13 07:59:49+00:00,2018-12-13 07:29:49+00:00
request for payment 179140,Request Payment,SYSTEM,2018-12-13 08:25:38+00:00,2018-12-13 07:41:38+00:00
request for payment 178762,Request Payment,SYSTEM,2018-12-13 08:22:57+00:00,2018-12-13 07:41:57+00:00
request for payment 176296,Request For Payment FINAL_APPROVED by SUPERVISOR,STAFF MEMBER,2018-12-13 08:24:28+00:00,2018-12-13 07:50:28+00:00
request for payment 172189,Request For Payment SUBMITTED by EMPLOYEE,STAFF MEMBER,2018-12-13 08:42:53+00:00,2018-12-13 08:03:53+00:00
request for payment 172189,Request For Payment APPROVED by ADMINISTRATION,STAFF MEMBER,2018-12-13 08:55:58+00:00,2018-12-13 08:03:58+00:00
request for payment 175894,Request Payment,SYSTEM,2018-12-13 09:02:44+00:00,2018-12-13 08:08:44+00:00
request for payment 172395,Request For Payment SUBMITTED by EMPLOYEE,STAFF MEMBER,2018-12-13 09:07:51+00:00,2018-12-13 08:08:51+00:00
request for payment 172395,Request For Payment APPROVED by ADMINISTRATION,STAFF MEMBER,2018-12-13 08:46:22+00:00,2018-12-13 08:09:22+00:00
request for payment 179876,Request Payment,SYSTEM,2018-12-13 08:42:44+00:00,2018-12-13 08:09:44+00:00
request for payment 179069,Request Payment,SYSTEM,2018-12-13 08:47:05+00:00,2018-12-13 08:11:05+00:00
request for payment 184177,Request Payment,SYSTEM,2018-12-13 09:04:12+00:00,2018-12-13 08:13:12+00:00
request for payment 184414,Request For Payment SUBMITTED by EMPLOYEE,STAFF MEMBER,2018-12-13 09:01:58+00:00,2018-12-13 08:13:58+00:00
request for payment 184414,Request For Payment APPROVED by ADMINISTRATION,STAFF MEMBER,2018-12-13 09:03:00+00:00,2018-12-13 08:14:00+00:00
request for payment 183885,Request Payment,SYSTEM,2018-12-13 08:48:24+00:00,2018-12-13 08:14:24+00:00
request for payment 184231,Request Payment,SYSTEM,2018-12-13 08:51:36+00:00,2018-12-13 08:15:36+00:00
request for payment 172891,Request Payment,SYSTEM,2018-12-13 09:16:12+00:00,2018-12-13 08:23:12+00:00
request for payment 184292,Request Payment,SYSTEM,2018-12-13 09:04:50+00:00,2018-12-13 08:23:50+00:00
request for payment 184323,Request For Payment FINAL_APPROVED by SUPERVISOR,STAFF MEMBER,2018-12-13 09:05:12+00:00,2018-12-13 08:24:12+00:00
request for payment 176775,Request For Payment FINAL_APPROVED by SUPERVISOR,STAFF MEMBER,2018-12-13 09:19:05+00:00,2018-12-13 08:26:05+00:00
request for payment 178083,Request For Payment FINAL_APPROVED by SUPERVISOR,STAFF MEMBER,2018-12-13 08:58:52+00:00,2018-12-13 08:26:52+00:00
request for payment 184260,Request Payment,SYSTEM,2018-12-13 09:31:06+00:00,2018-12-13 08:39:06+00:00
request for payment 184419,Request For Payment SUBMITTED by EMPLOYEE,STAFF MEMBER,2018-12-13 09:20:31+00:00,2018-12-13 08:39:31+00:00
request for payment 184419,Request For Payment APPROVED by ADMINISTRATION,STAFF MEMBER,2018-12-13 09:14:36+00:00,2018-12-13 08:39:36+00:00
request for payment 172922,Request Payment,SYSTEM,2018-12-13 09:39:35+00:00,2018-12-13 08:44:35+00:00
request for payment 179169,Request For Payment SUBMITTED by EMPLOYEE,STAFF MEMBER,2018-12-13 09:46:06+00:00,2018-12-13 08:48:06+00:00
request for payment 179169,Request For Payment APPROVED by ADMINISTRATION,STAFF MEMBER,2018-12-13 09:42:11+00:00,2018-12-13 08:48:11+00:00
request for payment 179150,Request Payment,SYSTEM,2018-12-13 09:30:00+00:00,2018-12-13 08:59:00+00:00
request for payment 174139,Request For Payment FINAL_APPROVED by SUPERVISOR,STAFF MEMBER,2018-12-13 09:59:00+00:00,2018-12-13 09:00:00+00:00
request for payment 172862,Request For Payment FINAL_APPROVED by SUPERVISOR,STAFF MEMBER,2018-12-13 09:32:27+00:00,2018-12-13 09:01:27+00:00
request for payment 172401,Request For Payment SUBMITTED by EMPLOYEE,STAFF MEMBER,2018-12-13 09:43:33+00:00,2018-12-13 09:08:33+00:00
request for payment 172401,Request For Payment APPROVED by ADMINISTRATION,STAFF MEMBER,2018-12-13 09:43:52+00:00,2018-12-13 09:08:52+00:00
request for payment 172172,Request For Payment FINAL_APPROVED by SUPERVISOR,STAFF MEMBER,2018-12-13 09:52:52+00:00,2018-12-13 09:12:52+00:00
request for payment 172172,Request Payment,SYSTEM,2018-12-13 09:43:52+00:00,2018-12-13 09:12:52+00:00
request for payment 178734,Request Payment,SYSTEM,2018-12-13 10:09:41+00:00,2018-12-13 09:13:41+00:00
request for payment 176296,Request Payment,SYSTEM,2018-12-13 09:45:46+00:00,2018-12-13 09:14:46+00:00
request for payment 183449,Request For Payment FINAL_APPROVED by SUPERVISOR,STAFF MEMBER,2018-12-13 10:11:07+00:00,2018-12-13 09:15:07+00:00
request for payment 183449,Request Payment,SYSTEM,2018-12-13 10:13:08+00:00,2018-12-13 09:15:08+00:00
request for payment 177640,Request For Payment FINAL_APPROVED by SUPERVISOR,STAFF MEMBER,2018-12-13 09:56:40+00:00,2018-12-13 09:15:40+00:00
request for payment 177640,Request Payment,SYSTEM,2018-12-13 09:48:40+00:00,2018-12-13 09:15:40+00:00
request for payment 184043,Request For Payment FINAL_APPROVED by SUPERVISOR,STAFF MEMBER,2018-12-13 10:00:49+00:00,2018-12-13 09:15:49+00:00
request for payment 184043,Request Payment,SYSTEM,2018-12-13 09:45:50+00:00,2018-12-13 09:15:50+00:00
request for payment 179603,Request Payment,SYSTEM,2018-12-13 10:06:53+00:00,2018-12-13 09:15:53+00:00
request for payment 177813,Request Payment,SYSTEM,2018-12-13 09:47:59+00:00,2018-12-13 09:15:59+00:00
request for payment 179513,Request Payment,SYSTEM,2018-12-13 09:52:04+00:00,2018-12-13 09:16:04+00:00
request for payment 175508,Request Payment,SYSTEM,2018-12-13 10:03:06+00:00,2018-12-13 09:16:06+00:00
request for payment 175503,Request Payment,SYSTEM,2018-12-13 09:52:08+00:00,2018-12-13 09:16:08+00:00
request for payment 179930,Request For Payment FINAL_APPROVED by SUPERVISOR,STAFF MEMBER,2018-12-13 09:51:32+00:00,2018-12-13 09:20:32+00:00
request for payment 183468,Request For Payment FINAL_APPROVED by SUPERVISOR,STAFF MEMBER,2018-12-13 10:12:12+00:00,2018-12-13 09:24:12+00:00
request for payment 172013,Request Payment,SYSTEM,2018-12-13 10:16:56+00:00,2018-12-13 09:36:56+00:00
request for payment 177224,Request For Payment FINAL_APPROVED by SUPERVISOR,STAFF MEMBER,2018-12-13 10:16:20+00:00,2018-12-13 09:42:20+00:00
request for payment 172194,Request For Payment SUBMITTED by EMPLOYEE,STAFF MEMBER,2018-12-13 10:45:02+00:00,2018-12-13 09:45:02+00:00
request for payment 172194,Request For Payment REJECTED by ADMINISTRATION,STAFF MEMBER,2018-12-13 10:27:08+00:00,2018-12-13 09:45:08+00:00
request for payment 172202,Request For Payment SUBMITTED by EMPLOYEE,STAFF MEMBER,2018-12-13 10:23:30+00:00,2018-12-13 09:48:30+00:00
request for payment 172202,Request For Payment APPROVED by ADMINISTRATION,STAFF MEMBER,2018-12-13 10:24:13+00:00,2018-12-13 09:49:13+00:00
request for payment 184023,Request For Payment FINAL_APPROVED by SUPERVISOR,STAFF MEMBER,2018-12-13 10:36:49+00:00,2018-12-13 09:51:49+00:00
request for payment 172406,Request For Payment SUBMITTED by EMPLOYEE,STAFF MEMBER,2018-12-13 10:33:06+00:00,2018-12-13 09:54:06+00:00
request for payment 172406,Request For Payment APPROVED by ADMINISTRATION,STAFF MEMBER,2018-12-13 10:28:42+00:00,2018-12-13 09:54:42+00:00
request for payment 172411,Request For Payment SUBMITTED by EMPLOYEE,STAFF MEMBER,2018-12-13 10:34:04+00:00,2018-12-13 09:59:04+00:00
request for payment 172411,Request For Payment APPROVED by ADMINISTRATION,STAFF MEMBER,2018-12-13 10:45:05+00:00,2018-12-13 10:03:05+00:00
request for payment 178151,Request For Payment FINAL_APPROVED by SUPERVISOR,STAFF MEMBER,2018-12-13 10:38:51+00:00,2018-12-13 10:06:51+00:00
request for payment 178146,Request For Payment FINAL_APPROVED by SUPERVISOR,STAFF MEMBER,2018-12-13 10:40:18+00:00,2018-12-13 10:08:18+00:00
request for payment 184171,Request For Payment APPROVED by BUDGET OWNER,STAFF MEMBER,2018-12-13 11:11:18+00:00,2018-12-13 10:11:18+00:00
request for payment 184079,Request For Payment FINAL_APPROVED by SUPERVISOR,STAFF MEMBER,2018-12-13 10:49:23+00:00,2018-12-13 10:13:23+00:00
request for payment 172373,Request For Payment FINAL_APPROVED by SUPERVISOR,STAFF MEMBER,2018-12-13 11:05:33+00:00,2018-12-13 10:15:33+00:00
request for payment 172417,Request For Payment SUBMITTED by EMPLOYEE,STAFF MEMBER,2018-12-13 11:08:51+00:00,2018-12-13 10:30:51+00:00
request for payment 172417,Request For Payment APPROVED by ADMINISTRATION,STAFF MEMBER,2018-12-13 11:18:56+00:00,2018-12-13 10:30:56+00:00
request for payment 171762,Request Payment,SYSTEM,2018-12-13 11:35:20+00:00,2018-12-13 10:44:20+00:00
request for payment 179174,Request For Payment SUBMITTED by EMPLOYEE,STAFF MEMBER,2018-12-13 11:51:20+00:00,2018-12-13 10:51:20+00:00
request for payment 179174,Request For Payment APPROVED by ADMINISTRATION,STAFF MEMBER,2018-12-13 11:27:26+00:00,2018-12-13 10:51:26+00:00
request for payment 184425,Request For Payment SUBMITTED by EMPLOYEE,STAFF MEMBER,2018-12-13 11:46:48+00:00,2018-12-13 11:16:48+00:00
request for payment 184425,Request For Payment APPROVED by ADMINISTRATION,STAFF MEMBER,2018-12-13 12:10:30+00:00,2018-12-13 11:18:30+00:00
request for payment 177182,Request Payment,SYSTEM,2018-12-13 12:14:14+00:00,2018-12-13 11:23:14+00:00
request for payment 172024,Request Payment,SYSTEM,2018-12-13 12:17:33+00:00,2018-12-13 11:23:33+00:00
request for payment 172423,Request For Payment SUBMITTED by EMPLOYEE,STAFF MEMBER,2018-12-13 12:05:45+00:00,2018-12-13 11:29:45+00:00
request for payment 172423,Request For Payment APPROVED by ADMINISTRATION,STAFF MEMBER,2018-12-13 12:10:19+00:00,2018-12-13 11:31:19+00:00
request for payment 184430,Request For Payment SUBMITTED by EMPLOYEE,STAFF MEMBER,2018-12-13 13:05:03+00:00,2018-12-13 12:07:03+00:00
request for payment 184430,Request For Payment REJECTED by ADMINISTRATION,STAFF MEMBER,2018-12-13 13:03:26+00:00,2018-12-13 12:07:26+00:00
request for payment 179930,Request Payment,SYSTEM,2018-12-13 12:50:37+00:00,2018-12-13 12:09:37+00:00
request for payment 172207,Request For Payment SUBMITTED by EMPLOYEE,STAFF MEMBER,2018-12-13 13:02:56+00:00,2018-12-13 12:16:56+00:00
request for payment 172207,Request For Payment APPROVED by ADMINISTRATION,STAFF MEMBER,2018-12-13 13:10:49+00:00,2018-12-13 12:21:49+00:00
request for payment 172212,Request For Payment SUBMITTED by EMPLOYEE,STAFF MEMBER,2018-12-13 13:20:48+00:00,2018-12-13 12:50:48+00:00
request for payment 172212,Request For Payment APPROVED by ADMINISTRATION,STAFF MEMBER,2018-12-13 13:28:51+00:00,2018-12-13 12:50:51+00:00
request for payment 179180,Request For Payment SUBMITTED by EMPLOYEE,STAFF MEMBER,2018-12-13 13:22:41+00:00,2018-12-13 12:52:41+00:00
request for payment 179180,Request For Payment APPROVED by ADMINISTRATION,STAFF MEMBER,2018-12-13 13:49:42+00:00,2018-12-13 12:52:42+00:00
request for payment 172218,Request For Payment SUBMITTED by EMPLOYEE,STAFF MEMBER,2018-12-13 13:47:36+00:00,2018-12-13 12:53:36+00:00
request for payment 172218,Request For Payment APPROVED by ADMINISTRATION,STAFF MEMBER,2018-12-13 13:39:37+00:00,2018-12-13 12:53:37+00:00
request for payment 184265,Request For Payment REJECTED by EMPLOYEE,STAFF MEMBER,2018-12-13 13:50:30+00:00,2018-12-13 12:54:30+00:00
request for payment 172224,Request For Payment SUBMITTED by EMPLOYEE,STAFF MEMBER,2018-12-13 13:48:45+00:00,2018-12-13 12:54:45+00:00
request for payment 172224,Request For Payment REJECTED by ADMINISTRATION,STAFF MEMBER,2018-12-13 13:51:47+00:00,2018-12-13 12:54:47+00:00
request for payment 184280,Request For Payment FINAL_APPROVED by SUPERVISOR,STAFF MEMBER,2018-12-13 13:48:21+00:00,2018-12-13 12:55:21+00:00
request for payment 172233,Request For Payment SUBMITTED by EMPLOYEE,STAFF MEMBER,2018-12-13 13:44:58+00:00,2018-12-13 12:55:58+00:00
request for payment 172233,Request For Payment APPROVED by ADMINISTRATION,STAFF MEMBER,2018-12-13 13:48:03+00:00,2018-12-13 12:56:03+00:00
request for payment 172239,Request For Payment SUBMITTED by EMPLOYEE,STAFF MEMBER,2018-12-13 13:46:54+00:00,2018-12-13 12:56:54+00:00
request for payment 172239,Request For Payment APPROVED by ADMINISTRATION,STAFF MEMBER,2018-12-13 13:47:55+00:00,2018-12-13 12:56:55+00:00
request for payment 177235,Request Payment,SYSTEM,2018-12-13 13:29:04+00:00,2018-12-13 12:57:04+00:00
request for payment 179186,Request For Payment SUBMITTED by EMPLOYEE,STAFF MEMBER,2018-12-13 13:46:49+00:00,2018-12-13 12:57:49+00:00
request for payment 179186,Request For Payment APPROVED by ADMINISTRATION,STAFF MEMBER,2018-12-13 13:50:50+00:00,2018-12-13 12:57:50+00:00
request for payment 179891,Request For Payment SUBMITTED by EMPLOYEE,STAFF MEMBER,2018-12-13 13:33:33+00:00,2018-12-13 12:58:33+00:00
request for payment 179891,Request For Payment APPROVED by ADMINISTRATION,STAFF MEMBER,2018-12-13 13:42:34+00:00,2018-12-13 12:58:34+00:00
request for payment 179165,Request For Payment REJECTED by EMPLOYEE,STAFF MEMBER,2018-12-13 13:52:22+00:00,2018-12-13 13:00:22+00:00
request for payment 172224,Request For Payment REJECTED by EMPLOYEE,STAFF MEMBER,2018-12-13 13:46:57+00:00,2018-12-13 13:06:57+00:00
request for payment 178141,Request For Payment FINAL_APPROVED by SUPERVISOR,STAFF MEMBER,2018-12-13 13:46:22+00:00,2018-12-13 13:08:22+00:00
request for payment 172224,Request For Payment SUBMITTED by EMPLOYEE,STAFF MEMBER,2018-12-13 13:46:19+00:00,2018-12-13 13:10:19+00:00
request for payment 172224,Request For Payment APPROVED by ADMINISTRATION,STAFF MEMBER,2018-12-13 14:05:38+00:00,2018-12-13 13:10:38+00:00
request for payment 178045,Request Payment,SYSTEM,2018-12-13 13:57:07+00:00,2018-12-13 13:18:07+00:00
request for payment 172212,Request For Payment APPROVED by BUDGET OWNER,STAFF MEMBER,2018-12-13 14:02:16+00:00,2018-12-13 13:18:16+00:00
request for payment 172430,Request For Payment SUBMITTED by EMPLOYEE,STAFF MEMBER,2018-12-13 14:24:35+00:00,2018-12-13 13:29:35+00:00
request for payment 172430,Request For Payment APPROVED by ADMINISTRATION,STAFF MEMBER,2018-12-13 14:06:41+00:00,2018-12-13 13:31:41+00:00
request for payment 172401,Request For Payment FINAL_APPROVED by SUPERVISOR,STAFF MEMBER,2018-12-13 14:09:31+00:00,2018-12-13 13:35:31+00:00
request for payment 178162,Request For Payment SUBMITTED by EMPLOYEE,STAFF MEMBER,2018-12-13 14:23:56+00:00,2018-12-13 13:35:56+00:00
request for payment 178162,Request For Payment APPROVED by ADMINISTRATION,STAFF MEMBER,2018-12-13 14:10:00+00:00,2018-12-13 13:36:00+00:00
request for payment 178167,Request For Payment SUBMITTED by EMPLOYEE,STAFF MEMBER,2018-12-13 14:34:01+00:00,2018-12-13 13:36:01+00:00
request for payment 178167,Request For Payment APPROVED by ADMINISTRATION,STAFF MEMBER,2018-12-13 14:18:08+00:00,2018-12-13 13:36:08+00:00
request for payment 179180,Request For Payment APPROVED by BUDGET OWNER,STAFF MEMBER,2018-12-13 14:18:25+00:00,2018-12-13 13:37:25+00:00
request for payment 172218,Request For Payment APPROVED by BUDGET OWNER,STAFF MEMBER,2018-12-13 14:28:51+00:00,2018-12-13 13:37:51+00:00
request for payment 172224,Request For Payment APPROVED by BUDGET OWNER,STAFF MEMBER,2018-12-13 14:29:15+00:00,2018-12-13 13:38:15+00:00
request for payment 172233,Request For Payment APPROVED by BUDGET OWNER,STAFF MEMBER,2018-12-13 14:36:35+00:00,2018-12-13 13:38:35+00:00
request for payment 172239,Request For Payment APPROVED by BUDGET OWNER,STAFF MEMBER,2018-12-13 14:15:01+00:00,2018-12-13 13:39:01+00:00
request for payment 178172,Request For Payment SUBMITTED by EMPLOYEE,STAFF MEMBER,2018-12-13 14:14:30+00:00,2018-12-13 13:40:30+00:00
request for payment 179186,Request For Payment APPROVED by BUDGET OWNER,STAFF MEMBER,2018-12-13 14:20:50+00:00,2018-12-13 13:40:50+00:00
request for payment 172401,Request Payment,SYSTEM,2018-12-13 14:39:08+00:00,2018-12-13 13:41:08+00:00
request for payment 179891,Request For Payment APPROVED by BUDGET OWNER,STAFF MEMBER,2018-12-13 14:40:31+00:00,2018-12-13 13:41:31+00:00
request for payment 178162,Request For Payment FINAL_APPROVED by SUPERVISOR,STAFF MEMBER,2018-12-13 14:12:05+00:00,2018-12-13 13:42:05+00:00
request for payment 178172,Request For Payment APPROVED by ADMINISTRATION,STAFF MEMBER,2018-12-13 14:38:13+00:00,2018-12-13 13:43:13+00:00
request for payment 178162,Request Payment,SYSTEM,2018-12-13 14:29:17+00:00,2018-12-13 13:46:17+00:00
request for payment 184285,Request For Payment APPROVED by BUDGET OWNER,STAFF MEMBER,2018-12-13 14:21:51+00:00,2018-12-13 13:46:51+00:00
request for payment 172183,Request For Payment APPROVED by BUDGET OWNER,STAFF MEMBER,2018-12-13 14:45:12+00:00,2018-12-13 13:56:12+00:00
request for payment 178177,Request For Payment SUBMITTED by EMPLOYEE,STAFF MEMBER,2018-12-13 14:51:32+00:00,2018-12-13 14:01:32+00:00
request for payment 178183,Request For Payment SUBMITTED by EMPLOYEE,STAFF MEMBER,2018-12-13 14:36:31+00:00,2018-12-13 14:02:31+00:00
request for payment 178183,Request For Payment APPROVED by ADMINISTRATION,STAFF MEMBER,2018-12-13 14:50:36+00:00,2018-12-13 14:02:36+00:00
request for payment 178177,Request For Payment APPROVED by ADMINISTRATION,STAFF MEMBER,2018-12-13 14:43:55+00:00,2018-12-13 14:02:55+00:00
request for payment 172189,Request For Payment FINAL_APPROVED by SUPERVISOR,STAFF MEMBER,2018-12-13 14:47:26+00:00,2018-12-13 14:16:26+00:00
request for payment 184414,Request For Payment FINAL_APPROVED by SUPERVISOR,STAFF MEMBER,2018-12-13 15:10:06+00:00,2018-12-13 14:21:06+00:00
request for payment 172245,Request For Payment SUBMITTED by EMPLOYEE,STAFF MEMBER,2018-12-13 15:01:31+00:00,2018-12-13 14:21:31+00:00
request for payment 184419,Request For Payment APPROVED by BUDGET OWNER,STAFF MEMBER,2018-12-13 15:11:35+00:00,2018-12-13 14:22:35+00:00
request for payment 179169,Request For Payment FINAL_APPROVED by SUPERVISOR,STAFF MEMBER,2018-12-13 14:57:44+00:00,2018-12-13 14:24:44+00:00
request for payment 172417,Request For Payment APPROVED by BUDGET OWNER,STAFF MEMBER,2018-12-13 15:23:48+00:00,2018-12-13 14:25:48+00:00
request for payment 172245,Request For Payment APPROVED by ADMINISTRATION,STAFF MEMBER,2018-12-13 15:25:07+00:00,2018-12-13 14:26:07+00:00
request for payment 179174,Request For Payment APPROVED by BUDGET OWNER,STAFF MEMBER,2018-12-13 15:26:29+00:00,2018-12-13 14:27:29+00:00
request for payment 172202,Request For Payment FINAL_APPROVED by SUPERVISOR,STAFF MEMBER,2018-12-13 14:58:25+00:00,2018-12-13 14:28:25+00:00
request for payment 172435,Request For Payment SUBMITTED by EMPLOYEE,STAFF MEMBER,2018-12-13 15:23:19+00:00,2018-12-13 14:29:19+00:00
request for payment 178156,Request For Payment APPROVED by BUDGET OWNER,STAFF MEMBER,2018-12-13 15:15:08+00:00,2018-12-13 14:31:08+00:00
request for payment 172435,Request For Payment APPROVED by ADMINISTRATION,STAFF MEMBER,2018-12-13 15:15:06+00:00,2018-12-13 14:32:06+00:00
request for payment 184414,Request Payment,SYSTEM,2018-12-13 15:36:26+00:00,2018-12-13 14:58:26+00:00
request for payment 172189,Request Payment,SYSTEM,2018-12-13 15:53:27+00:00,2018-12-13 14:58:27+00:00
request for payment 178188,Request For Payment SUBMITTED by EMPLOYEE,STAFF MEMBER,2018-12-13 15:56:18+00:00,2018-12-13 15:08:18+00:00
request for payment 178188,Request For Payment APPROVED by ADMINISTRATION,STAFF MEMBER,2018-12-13 15:48:23+00:00,2018-12-13 15:08:23+00:00
request for payment 178193,Request For Payment SUBMITTED by EMPLOYEE,STAFF MEMBER,2018-12-13 16:01:54+00:00,2018-12-13 15:09:54+00:00
request for payment 178193,Request For Payment APPROVED by ADMINISTRATION,STAFF MEMBER,2018-12-13 15:57:57+00:00,2018-12-13 15:09:57+00:00
request for payment 175494,Request Payment,SYSTEM,2018-12-13 15:55:46+00:00,2018-12-13 15:14:46+00:00
request for payment 171993,Request Payment,SYSTEM,2018-12-13 16:06:59+00:00,2018-12-13 15:14:59+00:00
request for payment 184419,Request For Payment FINAL_APPROVED by SUPERVISOR,STAFF MEMBER,2018-12-13 15:57:51+00:00,2018-12-13 15:17:51+00:00
request for payment 172183,Request For Payment FINAL_APPROVED by SUPERVISOR,STAFF MEMBER,2018-12-13 15:49:18+00:00,2018-12-13 15:18:18+00:00
request for payment 178198,Request For Payment SUBMITTED by EMPLOYEE,STAFF MEMBER,2018-12-13 15:57:16+00:00,2018-12-13 15:20:16+00:00
request for payment 178198,Request For Payment APPROVED by ADMINISTRATION,STAFF MEMBER,2018-12-13 16:04:24+00:00,2018-12-13 15:20:24+00:00
request for payment 172440,Request For Payment SUBMITTED by EMPLOYEE,STAFF MEMBER,2018-12-13 16:11:16+00:00,2018-12-13 15:21:16+00:00
request for payment 172440,Request For Payment APPROVED by ADMINISTRATION,STAFF MEMBER,2018-12-13 16:04:19+00:00,2018-12-13 15:21:19+00:00
request for payment 178204,Request For Payment SUBMITTED by EMPLOYEE,STAFF MEMBER,2018-12-13 16:01:36+00:00,2018-12-13 15:22:36+00:00
request for payment 178204,Request For Payment APPROVED by ADMINISTRATION,STAFF MEMBER,2018-12-13 16:13:38+00:00,2018-12-13 15:22:38+00:00
request for payment 178210,Request For Payment SUBMITTED by EMPLOYEE,STAFF MEMBER,2018-12-13 16:06:49+00:00,2018-12-13 15:23:49+00:00
request for payment 178210,Request For Payment APPROVED by ADMINISTRATION,STAFF MEMBER,2018-12-13 16:05:52+00:00,2018-12-13 15:23:52+00:00
request for payment 178216,Request For Payment SUBMITTED by EMPLOYEE,STAFF MEMBER,2018-12-13 16:13:46+00:00,2018-12-13 15:24:46+00:00
request for payment 178216,Request For Payment APPROVED by ADMINISTRATION,STAFF MEMBER,2018-12-13 16:10:48+00:00,2018-12-13 15:24:48+00:00
request for payment 172942,Request For Payment SUBMITTED by EMPLOYEE,STAFF MEMBER,2018-12-13 16:06:12+00:00,2018-12-13 15:26:12+00:00
request for payment 172942,Request For Payment APPROVED by ADMINISTRATION,STAFF MEMBER,2018-12-13 15:59:15+00:00,2018-12-13 15:26:15+00:00
request for payment 178222,Request For Payment SUBMITTED by EMPLOYEE,STAFF MEMBER,2018-12-13 16:04:09+00:00,2018-12-13 15:27:09+00:00
request for payment 178222,Request For Payment APPROVED by ADMINISTRATION,STAFF MEMBER,2018-12-13 16:17:11+00:00,2018-12-13 15:27:11+00:00
request for payment 178228,Request For Payment SUBMITTED by EMPLOYEE,STAFF MEMBER,2018-12-13 16:00:01+00:00,2018-12-13 15:29:01+00:00
request for payment 178228,Request For Payment APPROVED by ADMINISTRATION,STAFF MEMBER,2018-12-13 16:08:03+00:00,2018-12-13 15:30:03+00:00
request for payment 178233,Request For Payment SUBMITTED by EMPLOYEE,STAFF MEMBER,2018-12-13 16:27:25+00:00,2018-12-13 15:30:25+00:00
request for payment 178233,Request For Payment APPROVED by ADMINISTRATION,STAFF MEMBER,2018-12-13 16:07:28+00:00,2018-12-13 15:30:28+00:00
request for payment 172446,Request For Payment SUBMITTED by EMPLOYEE,STAFF MEMBER,2018-12-13 16:44:55+00:00,2018-12-13 15:48:55+00:00
request for payment 172446,Request For Payment APPROVED by ADMINISTRATION,STAFF MEMBER,2018-12-13 16:38:59+00:00,2018-12-13 15:48:59+00:00
request for payment 184265,Request For Payment SUBMITTED by EMPLOYEE,STAFF MEMBER,2018-12-13 16:37:31+00:00,2018-12-13 16:07:31+00:00
request for payment 184265,Request For Payment REJECTED by ADMINISTRATION,STAFF MEMBER,2018-12-13 16:52:44+00:00,2018-12-13 16:08:44+00:00
request for payment 172906,Request For Payment FINAL_APPROVED by SUPERVISOR,STAFF MEMBER,2018-12-13 17:03:35+00:00,2018-12-13 16:16:35+00:00
request for payment 173241,Request For Payment SUBMITTED by EMPLOYEE,STAFF MEMBER,2018-12-13 16:54:31+00:00,2018-12-13 16:20:31+00:00
request for payment 173245,Request For Payment SUBMITTED by EMPLOYEE,STAFF MEMBER,2018-12-13 17:23:36+00:00,2018-12-13 16:27:36+00:00
request for payment 173245,Request For Payment APPROVED by ADMINISTRATION,STAFF MEMBER,2018-12-13 17:03:28+00:00,2018-12-13 16:28:28+00:00
request for payment 179093,Payment Handled,SYSTEM,2018-12-13 17:26:08+00:00,2018-12-13 16:31:08+00:00
request for payment 176331,Payment Handled,SYSTEM,2018-12-13 17:27:08+00:00,2018-12-13 16:31:08+00:00
request for payment 178778,Payment Handled,SYSTEM,2018-12-13 17:31:08+00:00,2018-12-13 16:31:08+00:00
request for payment 182178,Payment Handled,SYSTEM,2018-12-13 17:01:08+00:00,2018-12-13 16:31:08+00:00
request for payment 183646,Payment Handled,SYSTEM,2018-12-13 17:01:08+00:00,2018-12-13 16:31:08+00:00
request for payment 172018,Payment Handled,SYSTEM,2018-12-13 17:30:08+00:00,2018-12-13 16:31:08+00:00
request for payment 183855,Payment Handled,SYSTEM,2018-12-13 17:30:08+00:00,2018-12-13 16:31:08+00:00
request for payment 183455,Payment Handled,SYSTEM,2018-12-13 17:02:08+00:00,2018-12-13 16:31:08+00:00
request for payment 177219,Payment Handled,SYSTEM,2018-12-13 17:28:08+00:00,2018-12-13 16:31:08+00:00
request for payment 175878,Payment Handled,SYSTEM,2018-12-13 17:02:08+00:00,2018-12-13 16:31:08+00:00
request for payment 177672,Payment Handled,SYSTEM,2018-12-13 17:28:08+00:00,2018-12-13 16:31:08+00:00
request for payment 177598,Payment Handled,SYSTEM,2018-12-13 17:26:08+00:00,2018-12-13 16:31:08+00:00
request for payment 184187,Payment Handled,SYSTEM,2018-12-13 17:27:08+00:00,2018-12-13 16:31:08+00:00
request for payment 179109,Payment Handled,SYSTEM,2018-12-13 17:03:08+00:00,2018-12-13 16:31:08+00:00
request for payment 183840,Payment Handled,SYSTEM,2018-12-13 17:27:08+00:00,2018-12-13 16:31:08+00:00
request for payment 183406,Payment Handled,SYSTEM,2018-12-13 17:04:08+00:00,2018-12-13 16:31:08+00:00
request for payment 178803,Payment Handled,SYSTEM,2018-12-13 17:04:08+00:00,2018-12-13 16:31:08+00:00
request for payment 178745,Payment Handled,SYSTEM,2018-12-13 17:02:08+00:00,2018-12-13 16:31:08+00:00
request for payment 176786,Payment Handled,SYSTEM,2018-12-13 17:26:08+00:00,2018-12-13 16:31:08+00:00
request for payment 177198,Payment Handled,SYSTEM,2018-12-13 17:05:08+00:00,2018-12-13 16:31:08+00:00
request for payment 178312,Payment Handled,SYSTEM,2018-12-13 17:15:08+00:00,2018-12-13 16:31:08+00:00
request for payment 174122,Payment Handled,SYSTEM,2018-12-13 17:15:08+00:00,2018-12-13 16:31:08+00:00
request for payment 174082,Payment Handled,SYSTEM,2018-12-13 17:25:08+00:00,2018-12-13 16:31:08+00:00
request for payment 177177,Payment Handled,SYSTEM,2018-12-13 17:04:08+00:00,2018-12-13 16:31:08+00:00
request for payment 171937,Payment Handled,SYSTEM,2018-12-13 17:05:08+00:00,2018-12-13 16:31:08+00:00
request for payment 178768,Payment Handled,SYSTEM,2018-12-13 17:05:08+00:00,2018-12-13 16:31:08+00:00
request for payment 183433,Payment Handled,SYSTEM,2018-12-13 17:05:08+00:00,2018-12-13 16:31:08+00:00
request for payment 183428,Payment Handled,SYSTEM,2018-12-13 17:26:08+00:00,2018-12-13 16:31:08+00:00
request for payment 177172,Payment Handled,SYSTEM,2018-12-13 17:26:08+00:00,2018-12-13 16:31:08+00:00
request for payment 177901,Payment Handled,SYSTEM,2018-12-13 17:23:08+00:00,2018-12-13 16:31:08+00:00
request for payment 178698,Payment Handled,SYSTEM,2018-12-13 17:26:08+00:00,2018-12-13 16:31:08+00:00
request for payment 184240,Payment Handled,SYSTEM,2018-12-13 17:06:08+00:00,2018-12-13 16:31:08+00:00
request for payment 179957,Payment Handled,SYSTEM,2018-12-13 17:22:08+00:00,2018-12-13 16:31:08+00:00
request for payment 178773,Payment Handled,SYSTEM,2018-12-13 17:06:08+00:00,2018-12-13 16:31:08+00:00
request for payment 175942,Payment Handled,SYSTEM,2018-12-13 17:06:08+00:00,2018-12-13 16:31:08+00:00
request for payment 184038,Payment Handled,SYSTEM,2018-12-13 17:06:08+00:00,2018-12-13 16:31:08+00:00
request for payment 174282,Payment Handled,SYSTEM,2018-12-13 17:06:08+00:00,2018-12-13 16:31:08+00:00
request for payment 183486,Payment Handled,SYSTEM,2018-12-13 17:06:08+00:00,2018-12-13 16:31:08+00:00
request for payment 177635,Payment Handled,SYSTEM,2018-12-13 17:24:08+00:00,2018-12-13 16:31:08+00:00
request for payment 176868,Payment Handled,SYSTEM,2018-12-13 17:25:08+00:00,2018-12-13 16:31:08+00:00
request for payment 177160,Payment Handled,SYSTEM,2018-12-13 17:04:08+00:00,2018-12-13 16:31:08+00:00
request for payment 176316,Payment Handled,SYSTEM,2018-12-13 17:08:08+00:00,2018-12-13 16:31:08+00:00
request for payment 178783,Payment Handled,SYSTEM,2018-12-13 17:23:08+00:00,2018-12-13 16:31:08+00:00
request for payment 179901,Payment Handled,SYSTEM,2018-12-13 17:20:08+00:00,2018-12-13 16:31:08+00:00
request for payment 177188,Payment Handled,SYSTEM,2018-12-13 17:08:08+00:00,2018-12-13 16:31:08+00:00
request for payment 183474,Payment Handled,SYSTEM,2018-12-13 17:07:08+00:00,2018-12-13 16:31:08+00:00
request for payment 175524,Payment Handled,SYSTEM,2018-12-13 17:07:08+00:00,2018-12-13 16:31:08+00:00
request for payment 171804,Payment Handled,SYSTEM,2018-12-13 17:22:08+00:00,2018-12-13 16:31:08+00:00
request for payment 183423,Payment Handled,SYSTEM,2018-12-13 17:22:08+00:00,2018-12-13 16:31:08+00:00
request for payment 175948,Payment Handled,SYSTEM,2018-12-13 17:22:08+00:00,2018-12-13 16:31:08+00:00
request for payment 183444,Payment Handled,SYSTEM,2018-12-13 17:22:08+00:00,2018-12-13 16:31:08+00:00
request for payment 176848,Payment Handled,SYSTEM,2018-12-13 17:08:08+00:00,2018-12-13 16:31:08+00:00
request for payment 183867,Payment Handled,SYSTEM,2018-12-13 17:23:08+00:00,2018-12-13 16:31:08+00:00
request for payment 177203,Payment Handled,SYSTEM,2018-12-13 17:08:08+00:00,2018-12-13 16:31:08+00:00
request for payment 174325,Payment Handled,SYSTEM,2018-12-13 17:22:08+00:00,2018-12-13 16:31:08+00:00
request for payment 183879,Payment Handled,SYSTEM,2018-12-13 17:21:08+00:00,2018-12-13 16:31:08+00:00
request for payment 177240,Payment Handled,SYSTEM,2018-12-13 17:21:08+00:00,2018-12-13 16:31:08+00:00
request for payment 171942,Payment Handled,SYSTEM,2018-12-13 17:20:08+00:00,2018-12-13 16:31:08+00:00
request for payment 179088,Payment Handled,SYSTEM,2018-12-13 17:09:08+00:00,2018-12-13 16:31:08+00:00
request for payment 177807,Payment Handled,SYSTEM,2018-12-13 17:09:08+00:00,2018-12-13 16:31:08+00:00
request for payment 172875,Payment Handled,SYSTEM,2018-12-13 17:11:08+00:00,2018-12-13 16:31:08+00:00
request for payment 184033,Payment Handled,SYSTEM,2018-12-13 17:19:08+00:00,2018-12-13 16:31:08+00:00
request for payment 179653,Payment Handled,SYSTEM,2018-12-13 17:09:08+00:00,2018-12-13 16:31:08+00:00
request for payment 178788,Payment Handled,SYSTEM,2018-12-13 17:17:08+00:00,2018-12-13 16:31:08+00:00
request for payment 184058,Payment Handled,SYSTEM,2018-12-13 17:19:08+00:00,2018-12-13 16:31:08+00:00
request for payment 171947,Payment Handled,SYSTEM,2018-12-13 17:07:08+00:00,2018-12-13 16:31:08+00:00
request for payment 177658,Payment Handled,SYSTEM,2018-12-13 17:11:08+00:00,2018-12-13 16:31:08+00:00
request for payment 171793,Payment Handled,SYSTEM,2018-12-13 17:19:08+00:00,2018-12-13 16:31:08+00:00
request for payment 171798,Payment Handled,SYSTEM,2018-12-13 17:19:08+00:00,2018-12-13 16:31:08+00:00
request for payment 178708,Payment Handled,SYSTEM,2018-12-13 17:12:08+00:00,2018-12-13 16:31:08+00:00
request for payment 178327,Payment Handled,SYSTEM,2018-12-13 17:12:08+00:00,2018-12-13 16:31:08+00:00
request for payment 183996,Payment Handled,SYSTEM,2018-12-13 17:15:08+00:00,2018-12-13 16:31:08+00:00
request for payment 177148,Payment Handled,SYSTEM,2018-12-13 17:07:08+00:00,2018-12-13 16:31:08+00:00
request for payment 176807,Payment Handled,SYSTEM,2018-12-13 17:12:08+00:00,2018-12-13 16:31:08+00:00
request for payment 175889,Payment Handled,SYSTEM,2018-12-13 17:19:08+00:00,2018-12-13 16:31:08+00:00
request for payment 178116,Payment Handled,SYSTEM,2018-12-13 17:19:08+00:00,2018-12-13 16:31:08+00:00
request for payment 178794,Payment Handled,SYSTEM,2018-12-13 17:18:08+00:00,2018-12-13 16:31:08+00:00
request for payment 175977,Payment Handled,SYSTEM,2018-12-13 17:18:08+00:00,2018-12-13 16:31:08+00:00
request for payment 177611,Payment Handled,SYSTEM,2018-12-13 17:13:08+00:00,2018-12-13 16:31:08+00:00
request for payment 171788,Payment Handled,SYSTEM,2018-12-13 17:13:08+00:00,2018-12-13 16:31:08+00:00
request for payment 177208,Payment Handled,SYSTEM,2018-12-13 17:13:08+00:00,2018-12-13 16:31:08+00:00
request for payment 176837,Payment Handled,SYSTEM,2018-12-13 17:17:08+00:00,2018-12-13 16:31:08+00:00
request for payment 177165,Payment Handled,SYSTEM,2018-12-13 17:12:08+00:00,2018-12-13 16:31:08+00:00
request for payment 173250,Request For Payment SUBMITTED by EMPLOYEE,STAFF MEMBER,2018-12-13 17:33:20+00:00,2018-12-13 16:40:20+00:00
request for payment 173250,Request For Payment APPROVED by ADMINISTRATION,STAFF MEMBER,2018-12-13 17:19:23+00:00,2018-12-13 16:40:23+00:00
request for payment 179897,Request For Payment SUBMITTED by EMPLOYEE,STAFF MEMBER,2018-12-13 17:42:13+00:00,2018-12-13 16:44:13+00:00
request for payment 179897,Request For Payment REJECTED by ADMINISTRATION,STAFF MEMBER,2018-12-13 17:17:28+00:00,2018-12-13 16:44:28+00:00
request for payment 179953,Request For Payment SUBMITTED by EMPLOYEE,STAFF MEMBER,2018-12-13 17:46:52+00:00,2018-12-13 17:05:52+00:00
request for payment 179953,Request For Payment REJECTED by ADMINISTRATION,STAFF MEMBER,2018-12-13 18:03:27+00:00,2018-12-13 17:16:27+00:00
request for payment 179964,Request For Payment SUBMITTED by EMPLOYEE,STAFF MEMBER,2018-12-13 18:29:57+00:00,2018-12-13 17:32:57+00:00
request for payment 179964,Request For Payment REJECTED by ADMINISTRATION,STAFF MEMBER,2018-12-13 19:19:52+00:00,2018-12-13 18:36:52+00:00
request for payment 172451,Request For Payment SUBMITTED by EMPLOYEE,STAFF MEMBER,2018-12-13 19:38:47+00:00,2018-12-13 18:55:47+00:00
request for payment 172451,Request For Payment APPROVED by ADMINISTRATION,STAFF MEMBER,2018-12-13 19:43:32+00:00,2018-12-13 18:56:32+00:00
request for payment 179064,Request Payment,SYSTEM,2018-12-13 22:29:56+00:00,2018-12-13 21:44:56+00:00
request for payment 184255,Request Payment,SYSTEM,2018-12-13 22:29:05+00:00,2018-12-13 21:46:05+00:00
request for payment 179906,Request For Payment FINAL_APPROVED by SUPERVISOR,STAFF MEMBER,2018-12-14 01:59:15+00:00,2018-12-14 00:59:15+00:00
request for payment 179938,Request For Payment FINAL_APPROVED by SUPERVISOR,STAFF MEMBER,2018-12-14 01:58:15+00:00,2018-12-14 00:59:15+00:00
request for payment 171717,Request For Payment FINAL_APPROVED by SUPERVISOR,STAFF MEMBER,2018-12-14 01:55:15+00:00,2018-12-14 00:59:15+00:00
request for payment 185059,Request For Payment FINAL_APPROVED by SUPERVISOR,STAFF MEMBER,2018-12-14 01:54:15+00:00,2018-12-14 00:59:15+00:00
request for payment 179921,Request For Payment FINAL_APPROVED by SUPERVISOR,STAFF MEMBER,2018-12-14 01:56:15+00:00,2018-12-14 00:59:15+00:00
request for payment 172043,Request For Payment FINAL_APPROVED by SUPERVISOR,STAFF MEMBER,2018-12-14 01:42:15+00:00,2018-12-14 00:59:15+00:00
request for payment 171735,Request For Payment FINAL_APPROVED by SUPERVISOR,STAFF MEMBER,2018-12-14 01:41:15+00:00,2018-12-14 00:59:15+00:00
request for payment 171726,Request For Payment FINAL_APPROVED by SUPERVISOR,STAFF MEMBER,2018-12-14 01:36:15+00:00,2018-12-14 00:59:15+00:00
request for payment 171744,Request For Payment FINAL_APPROVED by SUPERVISOR,STAFF MEMBER,2018-12-14 01:35:15+00:00,2018-12-14 00:59:15+00:00
request for payment 176352,Request For Payment FINAL_APPROVED by SUPERVISOR,STAFF MEMBER,2018-12-14 01:42:15+00:00,2018-12-14 00:59:15+00:00
request for payment 183468,Request Payment,SYSTEM,2018-12-14 08:12:15+00:00,2018-12-14 07:13:15+00:00
request for payment 176775,Request Payment,SYSTEM,2018-12-14 07:56:05+00:00,2018-12-14 07:14:05+00:00
request for payment 178083,Request Payment,SYSTEM,2018-12-14 08:13:19+00:00,2018-12-14 07:14:19+00:00
request for payment 178109,Request Payment,SYSTEM,2018-12-14 08:01:45+00:00,2018-12-14 07:21:45+00:00
request for payment 178719,Request Payment,SYSTEM,2018-12-14 08:15:46+00:00,2018-12-14 07:21:46+00:00
request for payment 184028,Request Payment,SYSTEM,2018-12-14 08:12:48+00:00,2018-12-14 07:21:48+00:00
request for payment 176821,Request Payment,SYSTEM,2018-12-14 08:05:50+00:00,2018-12-14 07:21:50+00:00
request for payment 178141,Request Payment,SYSTEM,2018-12-14 08:53:39+00:00,2018-12-14 07:54:39+00:00
request for payment 184371,Request Payment,SYSTEM,2018-12-14 08:32:55+00:00,2018-12-14 07:54:55+00:00
request for payment 178228,Request For Payment FINAL_APPROVED by SUPERVISOR,STAFF MEMBER,2018-12-14 09:18:43+00:00,2018-12-14 08:30:43+00:00
request for payment 178193,Request For Payment FINAL_APPROVED by SUPERVISOR,STAFF MEMBER,2018-12-14 09:15:48+00:00,2018-12-14 08:33:48+00:00
request for payment 178183,Request For Payment FINAL_APPROVED by SUPERVISOR,STAFF MEMBER,2018-12-14 09:13:33+00:00,2018-12-14 08:34:33+00:00
request for payment 184073,Request For Payment APPROVED by BUDGET OWNER,STAFF MEMBER,2018-12-14 09:09:07+00:00,2018-12-14 08:35:07+00:00
request for payment 178233,Request For Payment APPROVED by BUDGET OWNER,STAFF MEMBER,2018-12-14 09:27:42+00:00,2018-12-14 08:35:42+00:00
request for payment 178222,Request For Payment APPROVED by BUDGET OWNER,STAFF MEMBER,2018-12-14 09:23:41+00:00,2018-12-14 08:36:41+00:00
request for payment 172942,Request For Payment APPROVED by BUDGET OWNER,STAFF MEMBER,2018-12-14 09:13:41+00:00,2018-12-14 08:37:41+00:00
request for payment 178216,Request For Payment APPROVED by BUDGET OWNER,STAFF MEMBER,2018-12-14 09:08:37+00:00,2018-12-14 08:38:37+00:00
request for payment 178210,Request For Payment APPROVED by BUDGET OWNER,STAFF MEMBER,2018-12-14 09:11:41+00:00,2018-12-14 08:39:41+00:00
request for payment 178204,Request For Payment APPROVED by BUDGET OWNER,STAFF MEMBER,2018-12-14 09:34:25+00:00,2018-12-14 08:40:25+00:00
request for payment 172440,Request For Payment APPROVED by BUDGET OWNER,STAFF MEMBER,2018-12-14 09:15:55+00:00,2018-12-14 08:40:55+00:00
request for payment 178198,Request For Payment APPROVED by BUDGET OWNER,STAFF MEMBER,2018-12-14 09:32:51+00:00,2018-12-14 08:41:51+00:00
request for payment 173245,Request For Payment FINAL_APPROVED by SUPERVISOR,STAFF MEMBER,2018-12-14 09:49:09+00:00,2018-12-14 08:54:09+00:00
request for payment 172207,Request For Payment FINAL_APPROVED by SUPERVISOR,STAFF MEMBER,2018-12-14 09:43:22+00:00,2018-12-14 08:55:22+00:00
request for payment 178563,Request For Payment SUBMITTED by EMPLOYEE,STAFF MEMBER,2018-12-14 09:54:16+00:00,2018-12-14 08:56:16+00:00
request for payment 178563,Request For Payment APPROVED by ADMINISTRATION,STAFF MEMBER,2018-12-14 09:27:14+00:00,2018-12-14 08:57:14+00:00
request for payment 173255,Request For Payment SUBMITTED by EMPLOYEE,STAFF MEMBER,2018-12-14 09:50:13+00:00,2018-12-14 09:17:13+00:00
request for payment 179968,Request For Payment SUBMITTED by EMPLOYEE,STAFF MEMBER,2018-12-14 09:55:43+00:00,2018-12-14 09:24:43+00:00
request for payment 179968,Request For Payment APPROVED by ADMINISTRATION,STAFF MEMBER,2018-12-14 10:06:55+00:00,2018-12-14 09:24:55+00:00
request for payment 173255,Request For Payment APPROVED by ADMINISTRATION,STAFF MEMBER,2018-12-14 10:34:03+00:00,2018-12-14 09:48:03+00:00
request for payment 179620,Request For Payment APPROVED by ADMINISTRATION,STAFF MEMBER,2018-12-14 10:40:53+00:00,2018-12-14 09:50:53+00:00
request for payment 179974,Request For Payment SUBMITTED by EMPLOYEE,STAFF MEMBER,2018-12-14 10:50:34+00:00,2018-12-14 09:54:34+00:00
request for payment 179974,Request For Payment APPROVED by ADMINISTRATION,STAFF MEMBER,2018-12-14 10:50:38+00:00,2018-12-14 09:54:38+00:00
request for payment 184438,Request For Payment SUBMITTED by EMPLOYEE,STAFF MEMBER,2018-12-14 10:46:58+00:00,2018-12-14 10:04:58+00:00
request for payment 184438,Request For Payment APPROVED by ADMINISTRATION,STAFF MEMBER,2018-12-14 10:40:18+00:00,2018-12-14 10:05:18+00:00
request for payment 184079,Request Payment,SYSTEM,2018-12-14 10:55:42+00:00,2018-12-14 10:11:42+00:00
request for payment 178183,Request Payment,SYSTEM,2018-12-14 10:44:43+00:00,2018-12-14 10:11:43+00:00
request for payment 184443,Request For Payment SUBMITTED by EMPLOYEE,STAFF MEMBER,2018-12-14 11:17:01+00:00,2018-12-14 10:18:01+00:00
request for payment 184443,Request For Payment APPROVED by ADMINISTRATION,STAFF MEMBER,2018-12-14 11:17:04+00:00,2018-12-14 10:18:04+00:00
request for payment 172456,Request For Payment SUBMITTED by EMPLOYEE,STAFF MEMBER,2018-12-14 11:06:46+00:00,2018-12-14 10:21:46+00:00
request for payment 172456,Request For Payment APPROVED by ADMINISTRATION,STAFF MEMBER,2018-12-14 10:58:49+00:00,2018-12-14 10:21:49+00:00
request for payment 173261,Request For Payment SUBMITTED by EMPLOYEE,STAFF MEMBER,2018-12-14 11:01:58+00:00,2018-12-14 10:21:58+00:00
request for payment 173266,Request For Payment SUBMITTED by EMPLOYEE,STAFF MEMBER,2018-12-14 11:15:39+00:00,2018-12-14 10:25:39+00:00
request for payment 173266,Request For Payment APPROVED by ADMINISTRATION,STAFF MEMBER,2018-12-14 11:07:48+00:00,2018-12-14 10:25:48+00:00
request for payment 173271,Request For Payment SUBMITTED by EMPLOYEE,STAFF MEMBER,2018-12-14 11:25:34+00:00,2018-12-14 10:43:34+00:00
request for payment 173271,Request For Payment APPROVED by ADMINISTRATION,STAFF MEMBER,2018-12-14 11:36:38+00:00,2018-12-14 10:43:38+00:00
request for payment 173277,Request For Payment SUBMITTED by EMPLOYEE,STAFF MEMBER,2018-12-14 11:37:15+00:00,2018-12-14 10:48:15+00:00
request for payment 173277,Request For Payment APPROVED by ADMINISTRATION,STAFF MEMBER,2018-12-14 11:31:46+00:00,2018-12-14 10:48:46+00:00
request for payment 173283,Request For Payment SUBMITTED by EMPLOYEE,STAFF MEMBER,2018-12-14 11:39:56+00:00,2018-12-14 10:48:56+00:00
request for payment 176853,Request Payment,SYSTEM,2018-12-14 11:56:56+00:00,2018-12-14 10:56:56+00:00
request for payment 173289,Request For Payment SUBMITTED by EMPLOYEE,STAFF MEMBER,2018-12-14 11:56:29+00:00,2018-12-14 10:57:29+00:00
request for payment 173289,Request For Payment APPROVED by ADMINISTRATION,STAFF MEMBER,2018-12-14 11:40:34+00:00,2018-12-14 10:57:34+00:00
request for payment 173295,Request For Payment SUBMITTED by EMPLOYEE,STAFF MEMBER,2018-12-14 11:36:29+00:00,2018-12-14 11:00:29+00:00
request for payment 173295,Request For Payment APPROVED by ADMINISTRATION,STAFF MEMBER,2018-12-14 11:35:31+00:00,2018-12-14 11:00:31+00:00
request for payment 173300,Request For Payment SUBMITTED by EMPLOYEE,STAFF MEMBER,2018-12-14 11:34:28+00:00,2018-12-14 11:02:28+00:00
request for payment 173300,Request For Payment APPROVED by ADMINISTRATION,STAFF MEMBER,2018-12-14 11:33:30+00:00,2018-12-14 11:02:30+00:00
request for payment 178193,Request Payment,SYSTEM,2018-12-14 11:43:34+00:00,2018-12-14 11:06:34+00:00
request for payment 184220,Request For Payment FINAL_APPROVED by SUPERVISOR,STAFF MEMBER,2018-12-14 11:47:50+00:00,2018-12-14 11:08:50+00:00
request for payment 184213,Request For Payment FINAL_APPROVED by SUPERVISOR,STAFF MEMBER,2018-12-14 11:39:57+00:00,2018-12-14 11:08:57+00:00
request for payment 173307,Request For Payment SUBMITTED by EMPLOYEE,STAFF MEMBER,2018-12-14 11:46:56+00:00,2018-12-14 11:10:56+00:00
request for payment 173307,Request For Payment APPROVED by ADMINISTRATION,STAFF MEMBER,2018-12-14 12:06:00+00:00,2018-12-14 11:11:00+00:00
request for payment 173313,Request For Payment SUBMITTED by EMPLOYEE,STAFF MEMBER,2018-12-14 12:17:50+00:00,2018-12-14 11:17:50+00:00
request for payment 173313,Request For Payment APPROVED by ADMINISTRATION,STAFF MEMBER,2018-12-14 12:04:12+00:00,2018-12-14 11:18:12+00:00
request for payment 179155,Request For Payment APPROVED by ADMINISTRATION,STAFF MEMBER,2018-12-14 12:13:07+00:00,2018-12-14 11:23:07+00:00
request for payment 184449,Request For Payment SUBMITTED by EMPLOYEE,STAFF MEMBER,2018-12-14 12:22:15+00:00,2018-12-14 11:25:15+00:00
request for payment 184449,Request For Payment APPROVED by ADMINISTRATION,STAFF MEMBER,2018-12-14 12:17:28+00:00,2018-12-14 11:25:28+00:00
request for payment 184455,Request For Payment SUBMITTED by EMPLOYEE,STAFF MEMBER,2018-12-14 12:30:09+00:00,2018-12-14 11:33:09+00:00
request for payment 184455,Request For Payment APPROVED by ADMINISTRATION,STAFF MEMBER,2018-12-14 12:22:11+00:00,2018-12-14 11:33:11+00:00
request for payment 178167,Request For Payment FINAL_APPROVED by SUPERVISOR,STAFF MEMBER,2018-12-14 12:14:31+00:00,2018-12-14 11:33:31+00:00
request for payment 178172,Request For Payment FINAL_APPROVED by SUPERVISOR,STAFF MEMBER,2018-12-14 12:24:20+00:00,2018-12-14 11:35:20+00:00
request for payment 183624,Request For Payment SUBMITTED by EMPLOYEE,STAFF MEMBER,2018-12-14 12:30:14+00:00,2018-12-14 11:42:14+00:00
request for payment 178156,Request For Payment FINAL_APPROVED by SUPERVISOR,STAFF MEMBER,2018-12-14 12:42:23+00:00,2018-12-14 11:42:23+00:00
request for payment 183624,Request For Payment APPROVED by ADMINISTRATION,STAFF MEMBER,2018-12-14 12:31:54+00:00,2018-12-14 11:44:54+00:00
request for payment 171783,Request Payment,SYSTEM,2018-12-14 12:51:08+00:00,2018-12-14 12:07:08+00:00
request for payment 178146,Request Payment,SYSTEM,2018-12-14 13:02:09+00:00,2018-12-14 12:07:09+00:00
request for payment 178151,Request Payment,SYSTEM,2018-12-14 12:39:09+00:00,2018-12-14 12:07:09+00:00
request for payment 184198,Request Payment,SYSTEM,2018-12-14 12:53:10+00:00,2018-12-14 12:07:10+00:00
request for payment 172880,Request Payment,SYSTEM,2018-12-14 12:42:11+00:00,2018-12-14 12:07:11+00:00
request for payment 172373,Request Payment,SYSTEM,2018-12-14 12:41:14+00:00,2018-12-14 12:07:14+00:00
request for payment 179180,Request For Payment FINAL_APPROVED by SUPERVISOR,STAFF MEMBER,2018-12-14 13:00:27+00:00,2018-12-14 12:11:27+00:00
request for payment 172218,Request For Payment FINAL_APPROVED by SUPERVISOR,STAFF MEMBER,2018-12-14 12:52:27+00:00,2018-12-14 12:11:27+00:00
request for payment 179891,Request For Payment FINAL_APPROVED by SUPERVISOR,STAFF MEMBER,2018-12-14 12:56:27+00:00,2018-12-14 12:11:27+00:00
request for payment 172239,Request For Payment FINAL_APPROVED by SUPERVISOR,STAFF MEMBER,2018-12-14 12:46:27+00:00,2018-12-14 12:11:27+00:00
request for payment 172233,Request For Payment FINAL_APPROVED by SUPERVISOR,STAFF MEMBER,2018-12-14 12:46:27+00:00,2018-12-14 12:11:27+00:00
request for payment 178156,Request Payment,SYSTEM,2018-12-14 12:57:27+00:00,2018-12-14 12:11:27+00:00
request for payment 179186,Request For Payment FINAL_APPROVED by SUPERVISOR,STAFF MEMBER,2018-12-14 12:54:27+00:00,2018-12-14 12:11:27+00:00
request for payment 172224,Request For Payment FINAL_APPROVED by SUPERVISOR,STAFF MEMBER,2018-12-14 12:55:27+00:00,2018-12-14 12:11:27+00:00
request for payment 172212,Request For Payment FINAL_APPROVED by SUPERVISOR,STAFF MEMBER,2018-12-14 12:41:27+00:00,2018-12-14 12:11:27+00:00
request for payment 172178,Request For Payment SUBMITTED by EMPLOYEE,STAFF MEMBER,2018-12-14 13:12:51+00:00,2018-12-14 12:18:51+00:00
request for payment 172178,Request For Payment APPROVED by ADMINISTRATION,STAFF MEMBER,2018-12-14 13:03:07+00:00,2018-12-14 12:20:07+00:00
request for payment 178228,Request Payment,SYSTEM,2018-12-14 13:10:02+00:00,2018-12-14 12:23:02+00:00
request for payment 172250,Request For Payment SUBMITTED by EMPLOYEE,STAFF MEMBER,2018-12-14 13:12:31+00:00,2018-12-14 12:23:31+00:00
request for payment 172250,Request For Payment APPROVED by ADMINISTRATION,STAFF MEMBER,2018-12-14 13:02:18+00:00,2018-12-14 12:24:18+00:00
request for payment 172256,Request For Payment SUBMITTED by EMPLOYEE,STAFF MEMBER,2018-12-14 13:22:11+00:00,2018-12-14 12:32:11+00:00
request for payment 172178,Request For Payment FINAL_APPROVED by SUPERVISOR,STAFF MEMBER,2018-12-14 13:28:40+00:00,2018-12-14 12:40:40+00:00
request for payment 172250,Request For Payment APPROVED by BUDGET OWNER,STAFF MEMBER,2018-12-14 13:32:44+00:00,2018-12-14 12:44:44+00:00
request for payment 184063,Request For Payment FINAL_APPROVED by SUPERVISOR,STAFF MEMBER,2018-12-14 13:34:06+00:00,2018-12-14 12:45:06+00:00
request for payment 171952,Request For Payment FINAL_APPROVED by SUPERVISOR,STAFF MEMBER,2018-12-14 13:21:40+00:00,2018-12-14 12:46:40+00:00
request for payment 178135,Request For Payment APPROVED by BUDGET OWNER,STAFF MEMBER,2018-12-14 13:39:15+00:00,2018-12-14 12:49:15+00:00
request for payment 173261,Request For Payment APPROVED by ADMINISTRATION,STAFF MEMBER,2018-12-14 13:49:05+00:00,2018-12-14 12:55:05+00:00
request for payment 184213,Request Payment,SYSTEM,2018-12-14 13:51:49+00:00,2018-12-14 13:12:49+00:00
request for payment 172261,Request For Payment SUBMITTED by EMPLOYEE,STAFF MEMBER,2018-12-14 14:29:43+00:00,2018-12-14 13:37:43+00:00
request for payment 172261,Request For Payment APPROVED by ADMINISTRATION,STAFF MEMBER,2018-12-14 14:47:53+00:00,2018-12-14 14:11:53+00:00
request for payment 172256,Request For Payment REJECTED by ADMINISTRATION,STAFF MEMBER,2018-12-14 14:50:13+00:00,2018-12-14 14:15:13+00:00
request for payment 174139,Request Payment,SYSTEM,2018-12-14 15:10:23+00:00,2018-12-14 14:22:23+00:00
request for payment 172862,Request Payment,SYSTEM,2018-12-14 15:03:23+00:00,2018-12-14 14:22:23+00:00
request for payment 173319,Request For Payment SUBMITTED by EMPLOYEE,STAFF MEMBER,2018-12-14 15:01:04+00:00,2018-12-14 14:30:04+00:00
request for payment 173319,Request For Payment APPROVED by ADMINISTRATION,STAFF MEMBER,2018-12-14 15:07:06+00:00,2018-12-14 14:30:06+00:00
request for payment 173325,Request For Payment SUBMITTED by EMPLOYEE,STAFF MEMBER,2018-12-14 15:08:48+00:00,2018-12-14 14:38:48+00:00
request for payment 173325,Request For Payment APPROVED by ADMINISTRATION,STAFF MEMBER,2018-12-14 15:47:41+00:00,2018-12-14 14:54:41+00:00
request for payment 184460,Request For Payment SUBMITTED by EMPLOYEE,STAFF MEMBER,2018-12-14 16:15:05+00:00,2018-12-14 15:23:05+00:00
request for payment 184460,Request For Payment APPROVED by ADMINISTRATION,STAFF MEMBER,2018-12-14 15:53:26+00:00,2018-12-14 15:23:26+00:00
request for payment 178568,Request For Payment SUBMITTED by EMPLOYEE,STAFF MEMBER,2018-12-14 17:41:15+00:00,2018-12-14 16:42:15+00:00
request for payment 178568,Request For Payment APPROVED by ADMINISTRATION,STAFF MEMBER,2018-12-14 17:18:19+00:00,2018-12-14 16:42:19+00:00
request for payment 179666,Request For Payment APPROVED by ADMINISTRATION,STAFF MEMBER,2018-12-14 19:50:27+00:00,2018-12-14 19:02:27+00:00
request for payment 173330,Request For Payment SUBMITTED by EMPLOYEE,STAFF MEMBER,2018-12-14 20:38:45+00:00,2018-12-14 19:58:45+00:00
request for payment 173330,Request For Payment REJECTED by ADMINISTRATION,STAFF MEMBER,2018-12-14 20:35:00+00:00,2018-12-14 19:59:00+00:00
request for payment 172901,Request Payment,SYSTEM,2018-12-14 22:34:03+00:00,2018-12-14 21:34:03+00:00
request for payment 172906,Request Payment,SYSTEM,2018-12-14 23:13:04+00:00,2018-12-14 22:24:04+00:00
request for payment 184465,Request For Payment SUBMITTED by EMPLOYEE,STAFF MEMBER,2018-12-14 23:19:42+00:00,2018-12-14 22:39:42+00:00
request for payment 184465,Request For Payment APPROVED by ADMINISTRATION,STAFF MEMBER,2018-12-14 23:40:10+00:00,2018-12-14 22:50:10+00:00
request for payment 173338,Request For Payment SUBMITTED by EMPLOYEE,STAFF MEMBER,2018-12-15 10:01:49+00:00,2018-12-15 09:26:49+00:00
request for payment 173338,Request For Payment APPROVED by ADMINISTRATION,STAFF MEMBER,2018-12-15 10:04:57+00:00,2018-12-15 09:26:57+00:00
request for payment 184280,Request Payment,SYSTEM,2018-12-15 11:03:34+00:00,2018-12-15 10:08:34+00:00
request for payment 178573,Request For Payment SUBMITTED by EMPLOYEE,STAFF MEMBER,2018-12-15 21:22:21+00:00,2018-12-15 20:24:21+00:00
request for payment 178573,Request For Payment APPROVED by ADMINISTRATION,STAFF MEMBER,2018-12-15 21:01:24+00:00,2018-12-15 20:24:24+00:00
request for payment 184073,Request For Payment FINAL_APPROVED by SUPERVISOR,STAFF MEMBER,2018-12-15 23:41:52+00:00,2018-12-15 22:41:52+00:00
request for payment 183480,Request For Payment FINAL_APPROVED by SUPERVISOR,STAFF MEMBER,2018-12-16 05:05:17+00:00,2018-12-16 04:15:17+00:00
request for payment 173343,Request For Payment SUBMITTED by EMPLOYEE,STAFF MEMBER,2018-12-16 08:56:11+00:00,2018-12-16 07:57:11+00:00
request for payment 173343,Request For Payment APPROVED by ADMINISTRATION,STAFF MEMBER,2018-12-16 08:38:19+00:00,2018-12-16 07:57:19+00:00
request for payment 173349,Request For Payment SUBMITTED by EMPLOYEE,STAFF MEMBER,2018-12-16 12:21:08+00:00,2018-12-16 11:38:08+00:00
request for payment 173349,Request For Payment APPROVED by ADMINISTRATION,STAFF MEMBER,2018-12-16 12:34:12+00:00,2018-12-16 11:38:12+00:00
request for payment 173354,Request For Payment SUBMITTED by EMPLOYEE,STAFF MEMBER,2018-12-16 12:58:53+00:00,2018-12-16 12:07:53+00:00
request for payment 173354,Request For Payment APPROVED by ADMINISTRATION,STAFF MEMBER,2018-12-16 13:02:05+00:00,2018-12-16 12:08:05+00:00
request for payment 184265,Request For Payment REJECTED by EMPLOYEE,STAFF MEMBER,2018-12-16 13:53:18+00:00,2018-12-16 12:56:18+00:00
request for payment 178177,Request For Payment APPROVED by BUDGET OWNER,STAFF MEMBER,2018-12-16 13:47:00+00:00,2018-12-16 12:59:00+00:00
request for payment 172245,Request For Payment FINAL_APPROVED by SUPERVISOR,STAFF MEMBER,2018-12-16 13:56:49+00:00,2018-12-16 12:59:49+00:00
request for payment 172435,Request For Payment FINAL_APPROVED by SUPERVISOR,STAFF MEMBER,2018-12-16 13:37:03+00:00,2018-12-16 13:01:03+00:00
request for payment 173255,Request For Payment APPROVED by BUDGET OWNER,STAFF MEMBER,2018-12-16 13:45:02+00:00,2018-12-16 13:05:02+00:00
request for payment 179974,Request For Payment APPROVED by BUDGET OWNER,STAFF MEMBER,2018-12-16 13:56:46+00:00,2018-12-16 13:05:46+00:00
request for payment 173300,Request For Payment APPROVED by BUDGET OWNER,STAFF MEMBER,2018-12-16 13:47:42+00:00,2018-12-16 13:08:42+00:00
request for payment 173307,Request For Payment APPROVED by BUDGET OWNER,STAFF MEMBER,2018-12-16 13:43:35+00:00,2018-12-16 13:10:35+00:00
request for payment 173338,Request For Payment FINAL_APPROVED by SUPERVISOR,STAFF MEMBER,2018-12-16 13:54:32+00:00,2018-12-16 13:17:32+00:00
request for payment 173343,Request For Payment APPROVED by BUDGET OWNER,STAFF MEMBER,2018-12-16 14:06:44+00:00,2018-12-16 13:19:44+00:00
request for payment 172268,Request For Payment SUBMITTED by EMPLOYEE,STAFF MEMBER,2018-12-16 14:35:01+00:00,2018-12-16 14:04:01+00:00
request for payment 172268,Request For Payment APPROVED by ADMINISTRATION,STAFF MEMBER,2018-12-16 14:39:20+00:00,2018-12-16 14:08:20+00:00
request for payment 173728,Request For Payment SUBMITTED by EMPLOYEE,STAFF MEMBER,2018-12-16 16:25:51+00:00,2018-12-16 15:33:51+00:00
request for payment 173728,Request For Payment REJECTED by ADMINISTRATION,STAFF MEMBER,2018-12-16 16:17:04+00:00,2018-12-16 15:34:04+00:00
request for payment 173760,Request For Payment SUBMITTED by EMPLOYEE,STAFF MEMBER,2018-12-16 16:49:23+00:00,2018-12-16 15:53:23+00:00
request for payment 173760,Request For Payment APPROVED by ADMINISTRATION,STAFF MEMBER,2018-12-16 16:37:27+00:00,2018-12-16 15:53:27+00:00
request for payment 173765,Request For Payment SUBMITTED by EMPLOYEE,STAFF MEMBER,2018-12-16 17:52:19+00:00,2018-12-16 17:15:19+00:00
request for payment 173765,Request For Payment APPROVED by ADMINISTRATION,STAFF MEMBER,2018-12-16 18:14:22+00:00,2018-12-16 17:17:22+00:00
request for payment 178578,Request For Payment SUBMITTED by EMPLOYEE,STAFF MEMBER,2018-12-16 20:22:29+00:00,2018-12-16 19:35:29+00:00
request for payment 178585,Request For Payment SUBMITTED by EMPLOYEE,STAFF MEMBER,2018-12-16 20:27:22+00:00,2018-12-16 19:38:22+00:00
request for payment 177678,Request Payment,SYSTEM,2018-12-16 20:52:00+00:00,2018-12-16 20:00:00+00:00
request for payment 173770,Request For Payment SUBMITTED by EMPLOYEE,STAFF MEMBER,2018-12-16 22:34:16+00:00,2018-12-16 21:34:16+00:00
request for payment 173770,Request For Payment APPROVED by ADMINISTRATION,STAFF MEMBER,2018-12-16 22:10:21+00:00,2018-12-16 21:34:21+00:00
request for payment 172245,Request Payment,SYSTEM,2018-12-17 00:29:52+00:00,2018-12-16 23:29:52+00:00
request for payment 172435,Request Payment,SYSTEM,2018-12-17 00:02:36+00:00,2018-12-16 23:31:36+00:00
request for payment 177629,Request For Payment FINAL_APPROVED by SUPERVISOR,STAFF MEMBER,2018-12-17 04:55:43+00:00,2018-12-17 04:15:43+00:00
request for payment 177646,Request For Payment FINAL_APPROVED by SUPERVISOR,STAFF MEMBER,2018-12-17 04:47:44+00:00,2018-12-17 04:15:44+00:00
request for payment 177652,Request For Payment FINAL_APPROVED by SUPERVISOR,STAFF MEMBER,2018-12-17 05:01:44+00:00,2018-12-17 04:15:44+00:00
request for payment 177603,Request For Payment FINAL_APPROVED by SUPERVISOR,STAFF MEMBER,2018-12-17 05:03:44+00:00,2018-12-17 04:15:44+00:00
request for payment 172423,Request For Payment APPROVED by BUDGET OWNER,STAFF MEMBER,2018-12-17 07:22:10+00:00,2018-12-17 06:43:10+00:00
request for payment 172456,Request For Payment FINAL_APPROVED by SUPERVISOR,STAFF MEMBER,2018-12-17 07:48:54+00:00,2018-12-17 06:52:54+00:00
request for payment 173780,Request For Payment SUBMITTED by EMPLOYEE,STAFF MEMBER,2018-12-17 07:52:41+00:00,2018-12-17 07:09:41+00:00
request for payment 184323,Request Payment,SYSTEM,2018-12-17 07:54:00+00:00,2018-12-17 07:16:00+00:00
request for payment 173780,Request For Payment APPROVED by ADMINISTRATION,STAFF MEMBER,2018-12-17 08:16:31+00:00,2018-12-17 07:18:31+00:00
request for payment 173283,Request For Payment APPROVED by ADMINISTRATION,STAFF MEMBER,2018-12-17 07:53:38+00:00,2018-12-17 07:18:38+00:00
request for payment 178591,Request For Payment SUBMITTED by EMPLOYEE,STAFF MEMBER,2018-12-17 08:17:25+00:00,2018-12-17 07:27:25+00:00
request for payment 178591,Request For Payment APPROVED by ADMINISTRATION,STAFF MEMBER,2018-12-17 08:01:13+00:00,2018-12-17 07:28:13+00:00
request for payment 178597,Request For Payment SUBMITTED by EMPLOYEE,STAFF MEMBER,2018-12-17 08:41:15+00:00,2018-12-17 07:42:15+00:00
request for payment 178597,Request For Payment REJECTED by ADMINISTRATION,STAFF MEMBER,2018-12-17 08:37:18+00:00,2018-12-17 07:42:18+00:00
request for payment 172273,Request For Payment SUBMITTED by EMPLOYEE,STAFF MEMBER,2018-12-17 08:32:37+00:00,2018-12-17 07:53:37+00:00
request for payment 172273,Request For Payment APPROVED by ADMINISTRATION,STAFF MEMBER,2018-12-17 08:53:57+00:00,2018-12-17 07:53:57+00:00
request for payment 172279,Request For Payment SUBMITTED by EMPLOYEE,STAFF MEMBER,2018-12-17 08:46:03+00:00,2018-12-17 08:10:03+00:00
request for payment 172279,Request For Payment APPROVED by ADMINISTRATION,STAFF MEMBER,2018-12-17 08:44:16+00:00,2018-12-17 08:10:16+00:00
request for payment 179897,Request For Payment REJECTED by EMPLOYEE,STAFF MEMBER,2018-12-17 09:09:23+00:00,2018-12-17 08:17:23+00:00
request for payment 184460,Request For Payment FINAL_APPROVED by SUPERVISOR,STAFF MEMBER,2018-12-17 08:51:28+00:00,2018-12-17 08:20:28+00:00
request for payment 173300,Request For Payment APPROVED by SUPERVISOR,STAFF MEMBER,2018-12-17 08:56:07+00:00,2018-12-17 08:21:07+00:00
request for payment 173765,Request For Payment FINAL_APPROVED by SUPERVISOR,STAFF MEMBER,2018-12-17 08:59:12+00:00,2018-12-17 08:22:12+00:00
request for payment 173307,Request For Payment FINAL_APPROVED by SUPERVISOR,STAFF MEMBER,2018-12-17 09:01:42+00:00,2018-12-17 08:22:42+00:00
request for payment 173271,Request For Payment APPROVED by BUDGET OWNER,STAFF MEMBER,2018-12-17 09:01:51+00:00,2018-12-17 08:22:51+00:00
request for payment 178568,Request For Payment FINAL_APPROVED by SUPERVISOR,STAFF MEMBER,2018-12-17 09:16:19+00:00,2018-12-17 08:23:19+00:00
request for payment 173349,Request For Payment FINAL_APPROVED by SUPERVISOR,STAFF MEMBER,2018-12-17 09:20:22+00:00,2018-12-17 08:25:22+00:00
request for payment 172279,Request For Payment FINAL_APPROVED by SUPERVISOR,STAFF MEMBER,2018-12-17 09:17:28+00:00,2018-12-17 08:26:28+00:00
request for payment 173266,Request For Payment FINAL_APPROVED by SUPERVISOR,STAFF MEMBER,2018-12-17 09:05:36+00:00,2018-12-17 08:26:36+00:00
request for payment 179155,Request For Payment FINAL_APPROVED by SUPERVISOR,STAFF MEMBER,2018-12-17 09:15:20+00:00,2018-12-17 08:28:20+00:00
request for payment 184443,Request For Payment APPROVED by BUDGET OWNER,STAFF MEMBER,2018-12-17 09:14:41+00:00,2018-12-17 08:29:41+00:00
request for payment 173728,Request For Payment REJECTED by EMPLOYEE,STAFF MEMBER,2018-12-17 09:13:12+00:00,2018-12-17 08:38:12+00:00
request for payment 178610,Request For Payment SUBMITTED by EMPLOYEE,STAFF MEMBER,2018-12-17 09:22:56+00:00,2018-12-17 08:47:56+00:00
request for payment 178610,Request For Payment REJECTED by ADMINISTRATION,STAFF MEMBER,2018-12-17 09:24:03+00:00,2018-12-17 08:48:03+00:00
request for payment 173313,Request For Payment APPROVED by BUDGET OWNER,STAFF MEMBER,2018-12-17 09:47:34+00:00,2018-12-17 08:48:34+00:00
request for payment 178610,Request For Payment REJECTED by EMPLOYEE,STAFF MEMBER,2018-12-17 09:49:54+00:00,2018-12-17 08:51:54+00:00
request for payment 172284,Request For Payment SUBMITTED by EMPLOYEE,STAFF MEMBER,2018-12-17 09:29:53+00:00,2018-12-17 08:52:53+00:00
request for payment 172284,Request For Payment APPROVED by ADMINISTRATION,STAFF MEMBER,2018-12-17 09:45:05+00:00,2018-12-17 08:53:05+00:00
request for payment 178172,Request Payment,SYSTEM,2018-12-17 09:38:46+00:00,2018-12-17 09:04:46+00:00
request for payment 178167,Request Payment,SYSTEM,2018-12-17 09:51:48+00:00,2018-12-17 09:04:48+00:00
request for payment 184471,Request For Payment SUBMITTED by EMPLOYEE,STAFF MEMBER,2018-12-17 09:56:19+00:00,2018-12-17 09:09:19+00:00
request for payment 184471,Request For Payment APPROVED by ADMINISTRATION,STAFF MEMBER,2018-12-17 10:06:22+00:00,2018-12-17 09:09:22+00:00
request for payment 172592,Request For Payment SUBMITTED by EMPLOYEE,STAFF MEMBER,2018-12-17 10:11:52+00:00,2018-12-17 09:13:52+00:00
request for payment 172592,Request For Payment REJECTED by ADMINISTRATION,STAFF MEMBER,2018-12-17 09:48:58+00:00,2018-12-17 09:13:58+00:00
request for payment 172592,Request For Payment REJECTED by EMPLOYEE,STAFF MEMBER,2018-12-17 10:06:48+00:00,2018-12-17 09:22:48+00:00
request for payment 172202,Request Payment,SYSTEM,2018-12-17 10:04:39+00:00,2018-12-17 09:23:39+00:00
request for payment 184477,Request For Payment SUBMITTED by EMPLOYEE,STAFF MEMBER,2018-12-17 10:13:34+00:00,2018-12-17 09:27:34+00:00
request for payment 184477,Request For Payment APPROVED by ADMINISTRATION,STAFF MEMBER,2018-12-17 10:12:46+00:00,2018-12-17 09:27:46+00:00
request for payment 172273,Request For Payment APPROVED by BUDGET OWNER,STAFF MEMBER,2018-12-17 10:22:13+00:00,2018-12-17 09:28:13+00:00
request for payment 171966,Request For Payment FINAL_APPROVED by SUPERVISOR,STAFF MEMBER,2018-12-17 10:10:43+00:00,2018-12-17 09:28:43+00:00
request for payment 178614,Request For Payment SUBMITTED by EMPLOYEE,STAFF MEMBER,2018-12-17 10:38:17+00:00,2018-12-17 09:45:17+00:00
request for payment 178614,Request For Payment APPROVED by ADMINISTRATION,STAFF MEMBER,2018-12-17 10:45:20+00:00,2018-12-17 09:45:20+00:00
request for payment 172261,Request For Payment APPROVED by BUDGET OWNER,STAFF MEMBER,2018-12-17 10:26:38+00:00,2018-12-17 09:53:38+00:00
request for payment 172600,Request For Payment SUBMITTED by EMPLOYEE,STAFF MEMBER,2018-12-17 10:54:11+00:00,2018-12-17 09:54:11+00:00
request for payment 172600,Request For Payment REJECTED by ADMINISTRATION,STAFF MEMBER,2018-12-17 10:53:50+00:00,2018-12-17 09:55:50+00:00
request for payment 183624,Request For Payment APPROVED by BUDGET OWNER,STAFF MEMBER,2018-12-17 10:59:25+00:00,2018-12-17 10:03:25+00:00
request for payment 178619,Request For Payment SUBMITTED by EMPLOYEE,STAFF MEMBER,2018-12-17 11:05:13+00:00,2018-12-17 10:22:13+00:00
request for payment 178625,Request For Payment SUBMITTED by EMPLOYEE,STAFF MEMBER,2018-12-17 11:10:48+00:00,2018-12-17 10:22:48+00:00
request for payment 178625,Request For Payment APPROVED by ADMINISTRATION,STAFF MEMBER,2018-12-17 10:58:02+00:00,2018-12-17 10:23:02+00:00
request for payment 178619,Request For Payment APPROVED by ADMINISTRATION,STAFF MEMBER,2018-12-17 11:17:04+00:00,2018-12-17 10:23:04+00:00
request for payment 178631,Request For Payment SUBMITTED by EMPLOYEE,STAFF MEMBER,2018-12-17 11:11:01+00:00,2018-12-17 10:24:01+00:00
request for payment 178631,Request For Payment APPROVED by ADMINISTRATION,STAFF MEMBER,2018-12-17 11:13:09+00:00,2018-12-17 10:27:09+00:00
request for payment 178619,Request For Payment APPROVED by BUDGET OWNER,STAFF MEMBER,2018-12-17 11:20:58+00:00,2018-12-17 10:30:58+00:00
request for payment 178637,Request For Payment SUBMITTED by EMPLOYEE,STAFF MEMBER,2018-12-17 11:24:01+00:00,2018-12-17 10:46:01+00:00
request for payment 178637,Request For Payment APPROVED by ADMINISTRATION,STAFF MEMBER,2018-12-17 11:23:31+00:00,2018-12-17 10:46:31+00:00
request for payment 178642,Request For Payment SUBMITTED by EMPLOYEE,STAFF MEMBER,2018-12-17 11:21:11+00:00,2018-12-17 10:47:11+00:00
request for payment 178642,Request For Payment APPROVED by ADMINISTRATION,STAFF MEMBER,2018-12-17 11:31:40+00:00,2018-12-17 10:47:40+00:00
request for payment 173775,Request For Payment SUBMITTED by EMPLOYEE,STAFF MEMBER,2018-12-17 11:21:30+00:00,2018-12-17 10:48:30+00:00
request for payment 173775,Request For Payment APPROVED by ADMINISTRATION,STAFF MEMBER,2018-12-17 11:32:35+00:00,2018-12-17 10:48:35+00:00
request for payment 176337,Request Payment,SYSTEM,2018-12-17 11:43:17+00:00,2018-12-17 10:55:17+00:00
request for payment 178751,Request Payment,SYSTEM,2018-12-17 11:38:08+00:00,2018-12-17 10:59:08+00:00
request for payment 173775,Request For Payment FINAL_APPROVED by SUPERVISOR,STAFF MEMBER,2018-12-17 12:03:20+00:00,2018-12-17 11:04:20+00:00
request for payment 174106,Request Payment,SYSTEM,2018-12-17 12:24:59+00:00,2018-12-17 11:29:59+00:00
request for payment 171952,Request Payment,SYSTEM,2018-12-17 12:03:43+00:00,2018-12-17 11:30:43+00:00
request for payment 184063,Request Payment,SYSTEM,2018-12-17 12:29:44+00:00,2018-12-17 11:30:44+00:00
request for payment 172423,Request For Payment FINAL_APPROVED by SUPERVISOR,STAFF MEMBER,2018-12-17 12:16:51+00:00,2018-12-17 11:37:51+00:00
request for payment 172592,Request For Payment SUBMITTED by EMPLOYEE,STAFF MEMBER,2018-12-17 12:38:16+00:00,2018-12-17 11:45:16+00:00
request for payment 172592,Request For Payment APPROVED by ADMINISTRATION,STAFF MEMBER,2018-12-17 12:37:48+00:00,2018-12-17 11:48:48+00:00
request for payment 173775,Request Payment,SYSTEM,2018-12-17 12:45:24+00:00,2018-12-17 11:59:24+00:00
request for payment 172600,Request For Payment REJECTED by EMPLOYEE,STAFF MEMBER,2018-12-17 12:57:26+00:00,2018-12-17 12:12:26+00:00
request for payment 172608,Request For Payment SUBMITTED by EMPLOYEE,STAFF MEMBER,2018-12-17 12:45:59+00:00,2018-12-17 12:12:59+00:00
request for payment 172608,Request For Payment APPROVED by ADMINISTRATION,STAFF MEMBER,2018-12-17 12:54:04+00:00,2018-12-17 12:13:04+00:00
request for payment 184477,Request For Payment APPROVED by BUDGET OWNER,STAFF MEMBER,2018-12-17 12:56:39+00:00,2018-12-17 12:16:39+00:00
request for payment 173780,Request For Payment APPROVED by BUDGET OWNER,STAFF MEMBER,2018-12-17 13:13:04+00:00,2018-12-17 12:20:04+00:00
request for payment 172600,Request For Payment SUBMITTED by EMPLOYEE,STAFF MEMBER,2018-12-17 13:06:51+00:00,2018-12-17 12:21:51+00:00
request for payment 172600,Request For Payment APPROVED by ADMINISTRATION,STAFF MEMBER,2018-12-17 13:03:54+00:00,2018-12-17 12:21:54+00:00
request for payment 172600,Request For Payment FINAL_APPROVED by SUPERVISOR,STAFF MEMBER,2018-12-17 13:05:05+00:00,2018-12-17 12:32:05+00:00
request for payment 184465,Request For Payment FINAL_APPROVED by SUPERVISOR,STAFF MEMBER,2018-12-17 13:12:02+00:00,2018-12-17 12:41:02+00:00
request for payment 172592,Request For Payment FINAL_APPROVED by SUPERVISOR,STAFF MEMBER,2018-12-17 13:34:24+00:00,2018-12-17 12:41:24+00:00
request for payment 172608,Request For Payment APPROVED by BUDGET OWNER,STAFF MEMBER,2018-12-17 13:30:19+00:00,2018-12-17 12:42:19+00:00
request for payment 184455,Request For Payment FINAL_APPROVED by SUPERVISOR,STAFF MEMBER,2018-12-17 13:33:05+00:00,2018-12-17 12:49:05+00:00
request for payment 184438,Request For Payment FINAL_APPROVED by SUPERVISOR,STAFF MEMBER,2018-12-17 13:39:10+00:00,2018-12-17 12:51:10+00:00
request for payment 173250,Request For Payment FINAL_APPROVED by SUPERVISOR,STAFF MEMBER,2018-12-17 13:38:00+00:00,2018-12-17 12:52:00+00:00
request for payment 184425,Request For Payment FINAL_APPROVED by SUPERVISOR,STAFF MEMBER,2018-12-17 13:40:44+00:00,2018-12-17 12:53:44+00:00
request for payment 179155,Request Payment,SYSTEM,2018-12-17 13:32:01+00:00,2018-12-17 12:55:01+00:00
request for payment 172456,Request Payment,SYSTEM,2018-12-17 13:35:25+00:00,2018-12-17 12:55:25+00:00
request for payment 172406,Request For Payment FINAL_APPROVED by SUPERVISOR,STAFF MEMBER,2018-12-17 13:29:29+00:00,2018-12-17 12:55:29+00:00
request for payment 172395,Request For Payment APPROVED by BUDGET OWNER,STAFF MEMBER,2018-12-17 13:45:48+00:00,2018-12-17 12:56:48+00:00
request for payment 172383,Request For Payment APPROVED by BUDGET OWNER,STAFF MEMBER,2018-12-17 13:56:47+00:00,2018-12-17 12:57:47+00:00
request for payment 179620,Request For Payment FINAL_APPROVED by SUPERVISOR,STAFF MEMBER,2018-12-17 13:57:38+00:00,2018-12-17 13:02:38+00:00
request for payment 178591,Request For Payment APPROVED by BUDGET OWNER,STAFF MEMBER,2018-12-17 14:02:01+00:00,2018-12-17 13:04:01+00:00
request for payment 178188,Request For Payment FINAL_APPROVED by SUPERVISOR,STAFF MEMBER,2018-12-17 13:49:02+00:00,2018-12-17 13:09:02+00:00
request for payment 184483,Request For Payment SUBMITTED by EMPLOYEE,STAFF MEMBER,2018-12-17 13:56:30+00:00,2018-12-17 13:09:30+00:00
request for payment 184483,Request For Payment APPROVED by ADMINISTRATION,STAFF MEMBER,2018-12-17 13:59:44+00:00,2018-12-17 13:09:44+00:00
request for payment 178637,Request For Payment FINAL_APPROVED by SUPERVISOR,STAFF MEMBER,2018-12-17 14:05:05+00:00,2018-12-17 13:11:05+00:00
request for payment 184488,Request For Payment SUBMITTED by EMPLOYEE,STAFF MEMBER,2018-12-17 13:50:18+00:00,2018-12-17 13:11:18+00:00
request for payment 184488,Request For Payment APPROVED by ADMINISTRATION,STAFF MEMBER,2018-12-17 13:52:21+00:00,2018-12-17 13:11:21+00:00
request for payment 178631,Request For Payment APPROVED by BUDGET OWNER,STAFF MEMBER,2018-12-17 13:47:55+00:00,2018-12-17 13:14:55+00:00
request for payment 178625,Request For Payment APPROVED by BUDGET OWNER,STAFF MEMBER,2018-12-17 13:46:00+00:00,2018-12-17 13:16:00+00:00
request for payment 172614,Request For Payment SUBMITTED by EMPLOYEE,STAFF MEMBER,2018-12-17 14:09:21+00:00,2018-12-17 13:16:21+00:00
request for payment 172614,Request For Payment APPROVED by ADMINISTRATION,STAFF MEMBER,2018-12-17 14:07:28+00:00,2018-12-17 13:16:28+00:00
request for payment 173770,Request For Payment FINAL_APPROVED by SUPERVISOR,STAFF MEMBER,2018-12-17 13:52:59+00:00,2018-12-17 13:16:59+00:00
request for payment 173760,Request For Payment FINAL_APPROVED by SUPERVISOR,STAFF MEMBER,2018-12-17 14:11:41+00:00,2018-12-17 13:17:41+00:00
request for payment 173319,Request For Payment APPROVED by BUDGET OWNER,STAFF MEMBER,2018-12-17 14:17:06+00:00,2018-12-17 13:19:06+00:00
request for payment 172256,Request For Payment REJECTED by EMPLOYEE,STAFF MEMBER,2018-12-17 14:06:40+00:00,2018-12-17 13:20:40+00:00
request for payment 173289,Request For Payment APPROVED by BUDGET OWNER,STAFF MEMBER,2018-12-17 14:19:35+00:00,2018-12-17 13:24:35+00:00
request for payment 172430,Request For Payment FINAL_APPROVED by SUPERVISOR,STAFF MEMBER,2018-12-17 14:02:45+00:00,2018-12-17 13:27:45+00:00
request for payment 178568,Request Payment,SYSTEM,2018-12-17 14:02:54+00:00,2018-12-17 13:27:54+00:00
request for payment 184430,Request For Payment REJECTED by EMPLOYEE,STAFF MEMBER,2018-12-17 14:02:53+00:00,2018-12-17 13:32:53+00:00
request for payment 173241,Request For Payment REJECTED by ADMINISTRATION,STAFF MEMBER,2018-12-17 14:06:20+00:00,2018-12-17 13:33:20+00:00
request for payment 172194,Request For Payment REJECTED by EMPLOYEE,STAFF MEMBER,2018-12-17 14:29:28+00:00,2018-12-17 13:36:28+00:00
request for payment 174127,Request Payment,SYSTEM,2018-12-17 14:34:35+00:00,2018-12-17 13:36:35+00:00
request for payment 172035,Request For Payment REJECTED by EMPLOYEE,STAFF MEMBER,2018-12-17 14:17:14+00:00,2018-12-17 13:39:14+00:00
request for payment 179666,Request For Payment APPROVED by BUDGET OWNER,STAFF MEMBER,2018-12-17 14:31:24+00:00,2018-12-17 13:40:24+00:00
request for payment 172620,Request For Payment SUBMITTED by EMPLOYEE,STAFF MEMBER,2018-12-17 14:16:30+00:00,2018-12-17 13:42:30+00:00
request for payment 172626,Request For Payment SUBMITTED by EMPLOYEE,STAFF MEMBER,2018-12-17 14:43:43+00:00,2018-12-17 13:43:43+00:00
request for payment 172626,Request For Payment APPROVED by ADMINISTRATION,STAFF MEMBER,2018-12-17 14:39:45+00:00,2018-12-17 13:43:45+00:00
request for payment 172633,Request For Payment SUBMITTED by EMPLOYEE,STAFF MEMBER,2018-12-17 14:23:40+00:00,2018-12-17 13:48:40+00:00
request for payment 172620,Request For Payment APPROVED by ADMINISTRATION,STAFF MEMBER,2018-12-17 14:46:50+00:00,2018-12-17 13:54:50+00:00
request for payment 184493,Request For Payment SUBMITTED by EMPLOYEE,STAFF MEMBER,2018-12-17 14:55:04+00:00,2018-12-17 13:59:04+00:00
request for payment 184493,Request For Payment APPROVED by ADMINISTRATION,STAFF MEMBER,2018-12-17 14:32:09+00:00,2018-12-17 13:59:09+00:00
request for payment 172633,Request For Payment APPROVED by ADMINISTRATION,STAFF MEMBER,2018-12-17 14:51:19+00:00,2018-12-17 14:02:19+00:00
request for payment 184493,Request For Payment FINAL_APPROVED by SUPERVISOR,STAFF MEMBER,2018-12-17 14:52:23+00:00,2018-12-17 14:18:23+00:00
request for payment 184498,Request For Payment SUBMITTED by EMPLOYEE,STAFF MEMBER,2018-12-17 15:02:39+00:00,2018-12-17 14:26:39+00:00
request for payment 184498,Request For Payment REJECTED by ADMINISTRATION,STAFF MEMBER,2018-12-17 15:05:44+00:00,2018-12-17 14:26:44+00:00
request for payment 172638,Request For Payment SUBMITTED by EMPLOYEE,STAFF MEMBER,2018-12-17 15:19:10+00:00,2018-12-17 14:30:10+00:00
request for payment 172638,Request For Payment APPROVED by ADMINISTRATION,STAFF MEMBER,2018-12-17 15:17:49+00:00,2018-12-17 14:31:49+00:00
request for payment 178713,Request For Payment APPROVED by BUDGET OWNER,STAFF MEMBER,2018-12-17 15:25:37+00:00,2018-12-17 14:39:37+00:00
request for payment 174087,Request For Payment FINAL_APPROVED by SUPERVISOR,STAFF MEMBER,2018-12-17 15:40:20+00:00,2018-12-17 14:40:20+00:00
request for payment 178121,Request For Payment FINAL_APPROVED by SUPERVISOR,STAFF MEMBER,2018-12-17 15:36:50+00:00,2018-12-17 14:40:50+00:00
request for payment 172868,Request For Payment FINAL_APPROVED by SUPERVISOR,STAFF MEMBER,2018-12-17 15:19:09+00:00,2018-12-17 14:41:09+00:00
request for payment 174116,Request For Payment FINAL_APPROVED by SUPERVISOR,STAFF MEMBER,2018-12-17 15:41:46+00:00,2018-12-17 14:41:46+00:00
request for payment 172885,Request For Payment APPROVED by BUDGET OWNER,STAFF MEMBER,2018-12-17 15:44:37+00:00,2018-12-17 14:44:37+00:00
request for payment 177230,Request For Payment FINAL_APPROVED by SUPERVISOR,STAFF MEMBER,2018-12-17 15:20:10+00:00,2018-12-17 14:45:10+00:00
request for payment 177246,Request For Payment APPROVED by BUDGET OWNER,STAFF MEMBER,2018-12-17 15:22:38+00:00,2018-12-17 14:45:38+00:00
request for payment 172644,Request For Payment SUBMITTED by EMPLOYEE,STAFF MEMBER,2018-12-17 15:21:05+00:00,2018-12-17 14:46:05+00:00
request for payment 172644,Request For Payment APPROVED by ADMINISTRATION,STAFF MEMBER,2018-12-17 15:26:23+00:00,2018-12-17 14:46:23+00:00
request for payment 183845,Request For Payment FINAL_APPROVED by SUPERVISOR,STAFF MEMBER,2018-12-17 15:20:40+00:00,2018-12-17 14:46:40+00:00
request for payment 184501,Request For Payment SUBMITTED by EMPLOYEE,STAFF MEMBER,2018-12-17 15:25:04+00:00,2018-12-17 14:47:04+00:00
request for payment 184501,Request For Payment APPROVED by ADMINISTRATION,STAFF MEMBER,2018-12-17 15:38:09+00:00,2018-12-17 14:47:09+00:00
request for payment 177687,Request For Payment APPROVED by SUPERVISOR,STAFF MEMBER,2018-12-17 15:38:12+00:00,2018-12-17 14:49:12+00:00
request for payment 177622,Request For Payment APPROVED by BUDGET OWNER,STAFF MEMBER,2018-12-17 15:32:56+00:00,2018-12-17 14:49:56+00:00
request for payment 177616,Request For Payment APPROVED by BUDGET OWNER,STAFF MEMBER,2018-12-17 15:21:47+00:00,2018-12-17 14:50:47+00:00
request for payment 172649,Request For Payment APPROVED by BUDGET OWNER,STAFF MEMBER,2018-12-17 15:32:15+00:00,2018-12-17 14:51:15+00:00
request for payment 177230,Request Payment,SYSTEM,2018-12-17 15:35:18+00:00,2018-12-17 14:52:18+00:00
request for payment 184276,Request For Payment REJECTED by EMPLOYEE,STAFF MEMBER,2018-12-17 15:51:30+00:00,2018-12-17 14:57:30+00:00
request for payment 172656,Request For Payment SUBMITTED by EMPLOYEE,STAFF MEMBER,2018-12-17 15:31:56+00:00,2018-12-17 15:01:56+00:00
request for payment 184203,Request For Payment FINAL_APPROVED by SUPERVISOR,STAFF MEMBER,2018-12-17 15:52:03+00:00,2018-12-17 15:02:03+00:00
request for payment 172656,Request For Payment APPROVED by ADMINISTRATION,STAFF MEMBER,2018-12-17 15:56:09+00:00,2018-12-17 15:02:09+00:00
request for payment 171972,Request For Payment FINAL_APPROVED by SUPERVISOR,STAFF MEMBER,2018-12-17 15:51:22+00:00,2018-12-17 15:02:22+00:00
request for payment 172662,Request For Payment SUBMITTED by EMPLOYEE,STAFF MEMBER,2018-12-17 15:41:05+00:00,2018-12-17 15:03:05+00:00
request for payment 178648,Request For Payment SUBMITTED by EMPLOYEE,STAFF MEMBER,2018-12-17 15:37:05+00:00,2018-12-17 15:03:05+00:00
request for payment 178648,Request For Payment APPROVED by ADMINISTRATION,STAFF MEMBER,2018-12-17 15:51:08+00:00,2018-12-17 15:03:08+00:00
request for payment 172662,Request For Payment APPROVED by ADMINISTRATION,STAFF MEMBER,2018-12-17 15:53:09+00:00,2018-12-17 15:03:09+00:00
request for payment 184506,Request For Payment SUBMITTED by EMPLOYEE,STAFF MEMBER,2018-12-17 15:58:29+00:00,2018-12-17 15:15:29+00:00
request for payment 184506,Request For Payment APPROVED by ADMINISTRATION,STAFF MEMBER,2018-12-17 15:58:34+00:00,2018-12-17 15:15:34+00:00
request for payment 171972,Request Payment,SYSTEM,2018-12-17 15:57:47+00:00,2018-12-17 15:15:47+00:00
request for payment 173271,Request For Payment FINAL_APPROVED by SUPERVISOR,STAFF MEMBER,2018-12-17 16:11:31+00:00,2018-12-17 15:17:31+00:00
request for payment 172423,Request Payment,SYSTEM,2018-12-17 16:04:23+00:00,2018-12-17 15:20:23+00:00
request for payment 177687,Request For Payment FINAL_APPROVED by DIRECTOR,STAFF MEMBER,2018-12-17 16:02:11+00:00,2018-12-17 15:29:11+00:00
request for payment 178654,Request For Payment SUBMITTED by EMPLOYEE,STAFF MEMBER,2018-12-17 16:32:12+00:00,2018-12-17 15:38:12+00:00
request for payment 178654,Request For Payment APPROVED by ADMINISTRATION,STAFF MEMBER,2018-12-17 16:22:54+00:00,2018-12-17 15:38:54+00:00
request for payment 178659,Request For Payment SUBMITTED by EMPLOYEE,STAFF MEMBER,2018-12-17 16:30:31+00:00,2018-12-17 15:45:31+00:00
request for payment 178659,Request For Payment REJECTED by ADMINISTRATION,STAFF MEMBER,2018-12-17 16:15:37+00:00,2018-12-17 15:45:37+00:00
request for payment 178667,Request For Payment SUBMITTED by EMPLOYEE,STAFF MEMBER,2018-12-17 16:35:13+00:00,2018-12-17 15:56:13+00:00
request for payment 178672,Request For Payment SUBMITTED by EMPLOYEE,STAFF MEMBER,2018-12-17 16:55:11+00:00,2018-12-17 16:08:11+00:00
request for payment 178672,Request For Payment APPROVED by ADMINISTRATION,STAFF MEMBER,2018-12-17 16:49:22+00:00,2018-12-17 16:08:22+00:00
request for payment 184511,Request For Payment SUBMITTED by EMPLOYEE,STAFF MEMBER,2018-12-17 16:54:49+00:00,2018-12-17 16:15:49+00:00
request for payment 184511,Request For Payment APPROVED by ADMINISTRATION,STAFF MEMBER,2018-12-17 16:57:52+00:00,2018-12-17 16:15:52+00:00
request for payment 178369,Request For Payment SUBMITTED by EMPLOYEE,STAFF MEMBER,2018-12-17 16:56:45+00:00,2018-12-17 16:20:45+00:00
request for payment 178369,Request For Payment APPROVED by ADMINISTRATION,STAFF MEMBER,2018-12-17 17:16:08+00:00,2018-12-17 16:21:08+00:00
request for payment 179098,Payment Handled,SYSTEM,2018-12-17 17:28:09+00:00,2018-12-17 16:31:09+00:00
request for payment 178156,Payment Handled,SYSTEM,2018-12-17 17:02:09+00:00,2018-12-17 16:31:09+00:00
request for payment 178083,Payment Handled,SYSTEM,2018-12-17 17:02:09+00:00,2018-12-17 16:31:09+00:00
request for payment 178151,Payment Handled,SYSTEM,2018-12-17 17:02:09+00:00,2018-12-17 16:31:09+00:00
request for payment 184231,Payment Handled,SYSTEM,2018-12-17 17:02:09+00:00,2018-12-17 16:31:09+00:00
request for payment 175508,Payment Handled,SYSTEM,2018-12-17 17:02:09+00:00,2018-12-17 16:31:09+00:00
request for payment 184292,Payment Handled,SYSTEM,2018-12-17 17:02:09+00:00,2018-12-17 16:31:09+00:00
request for payment 172891,Payment Handled,SYSTEM,2018-12-17 17:28:09+00:00,2018-12-17 16:31:09+00:00
request for payment 178762,Payment Handled,SYSTEM,2018-12-17 17:03:09+00:00,2018-12-17 16:31:09+00:00
request for payment 175503,Payment Handled,SYSTEM,2018-12-17 17:28:09+00:00,2018-12-17 16:31:09+00:00
request for payment 171993,Payment Handled,SYSTEM,2018-12-17 17:22:09+00:00,2018-12-17 16:31:09+00:00
request for payment 176853,Payment Handled,SYSTEM,2018-12-17 17:28:09+00:00,2018-12-17 16:31:09+00:00
request for payment 176821,Payment Handled,SYSTEM,2018-12-17 17:30:09+00:00,2018-12-17 16:31:09+00:00
request for payment 176775,Payment Handled,SYSTEM,2018-12-17 17:30:09+00:00,2018-12-17 16:31:09+00:00
request for payment 178228,Payment Handled,SYSTEM,2018-12-17 17:28:09+00:00,2018-12-17 16:31:09+00:00
request for payment 178162,Payment Handled,SYSTEM,2018-12-17 17:03:09+00:00,2018-12-17 16:31:09+00:00
request for payment 172922,Payment Handled,SYSTEM,2018-12-17 17:15:09+00:00,2018-12-17 16:31:09+00:00
request for payment 177827,Payment Handled,SYSTEM,2018-12-17 17:07:09+00:00,2018-12-17 16:31:09+00:00
request for payment 172880,Payment Handled,SYSTEM,2018-12-17 17:02:09+00:00,2018-12-17 16:31:09+00:00
request for payment 179140,Payment Handled,SYSTEM,2018-12-17 17:23:09+00:00,2018-12-17 16:31:09+00:00
request for payment 177235,Payment Handled,SYSTEM,2018-12-17 17:26:09+00:00,2018-12-17 16:31:09+00:00
request for payment 184208,Payment Handled,SYSTEM,2018-12-17 17:26:09+00:00,2018-12-17 16:31:09+00:00
request for payment 184260,Payment Handled,SYSTEM,2018-12-17 17:04:09+00:00,2018-12-17 16:31:09+00:00
request for payment 179130,Payment Handled,SYSTEM,2018-12-17 17:31:09+00:00,2018-12-17 16:31:09+00:00
request for payment 179603,Payment Handled,SYSTEM,2018-12-17 17:05:09+00:00,2018-12-17 16:31:09+00:00
request for payment 172172,Payment Handled,SYSTEM,2018-12-17 17:05:09+00:00,2018-12-17 16:31:09+00:00
request for payment 184414,Payment Handled,SYSTEM,2018-12-17 17:23:09+00:00,2018-12-17 16:31:09+00:00
request for payment 178183,Payment Handled,SYSTEM,2018-12-17 17:03:09+00:00,2018-12-17 16:31:09+00:00
request for payment 177640,Payment Handled,SYSTEM,2018-12-17 17:06:09+00:00,2018-12-17 16:31:09+00:00
request for payment 178146,Payment Handled,SYSTEM,2018-12-17 17:06:09+00:00,2018-12-17 16:31:09+00:00
request for payment 175894,Payment Handled,SYSTEM,2018-12-17 17:23:09+00:00,2018-12-17 16:31:09+00:00
request for payment 184043,Payment Handled,SYSTEM,2018-12-17 17:23:09+00:00,2018-12-17 16:31:09+00:00
request for payment 184177,Payment Handled,SYSTEM,2018-12-17 17:07:09+00:00,2018-12-17 16:31:09+00:00
request for payment 177182,Payment Handled,SYSTEM,2018-12-17 17:26:09+00:00,2018-12-17 16:31:09+00:00
request for payment 178045,Payment Handled,SYSTEM,2018-12-17 17:08:09+00:00,2018-12-17 16:31:09+00:00
request for payment 177813,Payment Handled,SYSTEM,2018-12-17 17:31:09+00:00,2018-12-17 16:31:09+00:00
request for payment 178719,Payment Handled,SYSTEM,2018-12-17 17:13:09+00:00,2018-12-17 16:31:09+00:00
request for payment 176296,Payment Handled,SYSTEM,2018-12-17 17:09:09+00:00,2018-12-17 16:31:09+00:00
request for payment 183468,Payment Handled,SYSTEM,2018-12-17 17:22:09+00:00,2018-12-17 16:31:09+00:00
request for payment 184028,Payment Handled,SYSTEM,2018-12-17 17:22:09+00:00,2018-12-17 16:31:09+00:00
request for payment 172024,Payment Handled,SYSTEM,2018-12-17 17:09:09+00:00,2018-12-17 16:31:09+00:00
request for payment 184371,Payment Handled,SYSTEM,2018-12-17 17:09:09+00:00,2018-12-17 16:31:09+00:00
request for payment 179069,Payment Handled,SYSTEM,2018-12-17 17:09:09+00:00,2018-12-17 16:31:09+00:00
request for payment 179876,Payment Handled,SYSTEM,2018-12-17 17:08:09+00:00,2018-12-17 16:31:09+00:00
request for payment 184213,Payment Handled,SYSTEM,2018-12-17 17:09:09+00:00,2018-12-17 16:31:09+00:00
request for payment 172373,Payment Handled,SYSTEM,2018-12-17 17:11:09+00:00,2018-12-17 16:31:09+00:00
request for payment 172189,Payment Handled,SYSTEM,2018-12-17 17:21:09+00:00,2018-12-17 16:31:09+00:00
request for payment 174139,Payment Handled,SYSTEM,2018-12-17 17:20:09+00:00,2018-12-17 16:31:09+00:00
request for payment 178055,Payment Handled,SYSTEM,2018-12-17 17:20:09+00:00,2018-12-17 16:31:09+00:00
request for payment 183885,Payment Handled,SYSTEM,2018-12-17 17:19:09+00:00,2018-12-17 16:31:09+00:00
request for payment 172862,Payment Handled,SYSTEM,2018-12-17 17:11:09+00:00,2018-12-17 16:31:09+00:00
request for payment 183449,Payment Handled,SYSTEM,2018-12-17 17:21:09+00:00,2018-12-17 16:31:09+00:00
request for payment 179064,Payment Handled,SYSTEM,2018-12-17 17:11:09+00:00,2018-12-17 16:31:09+00:00
request for payment 179513,Payment Handled,SYSTEM,2018-12-17 17:19:09+00:00,2018-12-17 16:31:09+00:00
request for payment 178734,Payment Handled,SYSTEM,2018-12-17 17:15:09+00:00,2018-12-17 16:31:09+00:00
request for payment 184255,Payment Handled,SYSTEM,2018-12-17 17:15:09+00:00,2018-12-17 16:31:09+00:00
request for payment 179135,Payment Handled,SYSTEM,2018-12-17 17:18:09+00:00,2018-12-17 16:31:09+00:00
request for payment 184198,Payment Handled,SYSTEM,2018-12-17 17:12:09+00:00,2018-12-17 16:31:09+00:00
request for payment 171783,Payment Handled,SYSTEM,2018-12-17 17:18:09+00:00,2018-12-17 16:31:09+00:00
request for payment 179150,Payment Handled,SYSTEM,2018-12-17 17:13:09+00:00,2018-12-17 16:31:09+00:00
request for payment 172013,Payment Handled,SYSTEM,2018-12-17 17:13:09+00:00,2018-12-17 16:31:09+00:00
request for payment 184068,Payment Handled,SYSTEM,2018-12-17 17:18:09+00:00,2018-12-17 16:31:09+00:00
request for payment 179930,Payment Handled,SYSTEM,2018-12-17 17:13:09+00:00,2018-12-17 16:31:09+00:00
request for payment 184079,Payment Handled,SYSTEM,2018-12-17 17:19:09+00:00,2018-12-17 16:31:09+00:00
request for payment 172401,Payment Handled,SYSTEM,2018-12-17 17:16:09+00:00,2018-12-17 16:31:09+00:00
request for payment 175494,Payment Handled,SYSTEM,2018-12-17 17:28:09+00:00,2018-12-17 16:31:09+00:00
request for payment 178193,Payment Handled,SYSTEM,2018-12-17 17:14:09+00:00,2018-12-17 16:31:09+00:00
request for payment 179145,Payment Handled,SYSTEM,2018-12-17 17:14:09+00:00,2018-12-17 16:31:09+00:00
request for payment 178109,Payment Handled,SYSTEM,2018-12-17 17:15:09+00:00,2018-12-17 16:31:09+00:00
request for payment 178141,Payment Handled,SYSTEM,2018-12-17 17:17:09+00:00,2018-12-17 16:31:09+00:00
request for payment 171762,Payment Handled,SYSTEM,2018-12-17 17:02:09+00:00,2018-12-17 16:31:09+00:00
request for payment 172868,Request Payment,SYSTEM,2018-12-17 17:04:17+00:00,2018-12-17 16:32:17+00:00
request for payment 178374,Request For Payment SUBMITTED by EMPLOYEE,STAFF MEMBER,2018-12-17 17:29:25+00:00,2018-12-17 16:32:25+00:00
request for payment 174087,Request Payment,SYSTEM,2018-12-17 17:36:46+00:00,2018-12-17 17:00:46+00:00
request for payment 178379,Request For Payment SUBMITTED by EMPLOYEE,STAFF MEMBER,2018-12-17 17:48:14+00:00,2018-12-17 17:11:14+00:00
request for payment 178578,Request For Payment APPROVED by ADMINISTRATION,STAFF MEMBER,2018-12-17 18:10:36+00:00,2018-12-17 17:12:36+00:00
request for payment 178585,Request For Payment APPROVED by ADMINISTRATION,STAFF MEMBER,2018-12-17 18:12:03+00:00,2018-12-17 17:14:03+00:00
request for payment 178379,Request For Payment APPROVED by ADMINISTRATION,STAFF MEMBER,2018-12-17 17:56:55+00:00,2018-12-17 17:17:55+00:00
request for payment 178678,Request For Payment SUBMITTED by EMPLOYEE,STAFF MEMBER,2018-12-17 19:15:23+00:00,2018-12-17 18:25:23+00:00
request for payment 178678,Request For Payment APPROVED by ADMINISTRATION,STAFF MEMBER,2018-12-17 19:05:26+00:00,2018-12-17 18:25:26+00:00
request for payment 178188,Request Payment,SYSTEM,2018-12-17 20:14:10+00:00,2018-12-17 19:20:10+00:00
request for payment 178683,Request For Payment SUBMITTED by EMPLOYEE,STAFF MEMBER,2018-12-17 20:19:40+00:00,2018-12-17 19:31:40+00:00
request for payment 178683,Request For Payment APPROVED by ADMINISTRATION,STAFF MEMBER,2018-12-17 20:20:22+00:00,2018-12-17 19:33:22+00:00
request for payment 178689,Request For Payment SUBMITTED by EMPLOYEE,STAFF MEMBER,2018-12-17 20:59:28+00:00,2018-12-17 20:20:28+00:00
request for payment 177664,Request For Payment SUBMITTED by EMPLOYEE,STAFF MEMBER,2018-12-17 21:20:23+00:00,2018-12-17 20:21:23+00:00
request for payment 177664,Request For Payment APPROVED by ADMINISTRATION,STAFF MEMBER,2018-12-17 21:02:22+00:00,2018-12-17 20:23:22+00:00
request for payment 178689,Request For Payment APPROVED by ADMINISTRATION,STAFF MEMBER,2018-12-17 21:18:45+00:00,2018-12-17 20:24:45+00:00
request for payment 183255,Request For Payment FINAL_APPROVED by SUPERVISOR,STAFF MEMBER,2018-12-17 21:11:41+00:00,2018-12-17 20:34:41+00:00
request for payment 183207,Request For Payment FINAL_APPROVED by SUPERVISOR,STAFF MEMBER,2018-12-17 21:22:41+00:00,2018-12-17 20:34:41+00:00
request for payment 183218,Request For Payment FINAL_APPROVED by SUPERVISOR,STAFF MEMBER,2018-12-17 21:23:41+00:00,2018-12-17 20:34:41+00:00
request for payment 183239,Request For Payment FINAL_APPROVED by SUPERVISOR,STAFF MEMBER,2018-12-17 21:17:41+00:00,2018-12-17 20:34:41+00:00
request for payment 178631,Request For Payment FINAL_APPROVED by SUPERVISOR,STAFF MEMBER,2018-12-17 21:48:00+00:00,2018-12-17 20:51:00+00:00
request for payment 178694,Request For Payment SUBMITTED by EMPLOYEE,STAFF MEMBER,2018-12-17 22:01:50+00:00,2018-12-17 21:23:50+00:00
request for payment 178694,Request For Payment REJECTED by ADMINISTRATION,STAFF MEMBER,2018-12-17 22:03:40+00:00,2018-12-17 21:24:40+00:00
request for payment 171998,Request For Payment FINAL_APPROVED by SUPERVISOR,STAFF MEMBER,2018-12-18 05:10:21+00:00,2018-12-18 04:15:21+00:00
request for payment 176826,Request For Payment FINAL_APPROVED by SUPERVISOR,STAFF MEMBER,2018-12-18 05:14:21+00:00,2018-12-18 04:15:21+00:00
request for payment 171815,Request For Payment FINAL_APPROVED by SUPERVISOR,STAFF MEMBER,2018-12-18 04:59:21+00:00,2018-12-18 04:15:21+00:00
request for payment 174133,Request For Payment FINAL_APPROVED by SUPERVISOR,STAFF MEMBER,2018-12-18 05:05:21+00:00,2018-12-18 04:15:21+00:00
request for payment 173343,Request For Payment FINAL_APPROVED by SUPERVISOR,STAFF MEMBER,2018-12-18 05:30:42+00:00,2018-12-18 04:38:42+00:00
request for payment 171998,Request Payment,SYSTEM,2018-12-18 07:17:09+00:00,2018-12-18 06:21:09+00:00
request for payment 178992,Request For Payment SUBMITTED by EMPLOYEE,STAFF MEMBER,2018-12-18 06:51:46+00:00,2018-12-18 06:21:46+00:00
request for payment 178992,Request For Payment APPROVED by ADMINISTRATION,STAFF MEMBER,2018-12-18 07:16:52+00:00,2018-12-18 06:21:52+00:00
request for payment 178121,Request Payment,SYSTEM,2018-12-18 07:24:20+00:00,2018-12-18 06:26:20+00:00
request for payment 172649,Request For Payment FINAL_APPROVED by SUPERVISOR,STAFF MEMBER,2018-12-18 07:15:40+00:00,2018-12-18 06:35:40+00:00
request for payment 177252,Request Payment,SYSTEM,2018-12-18 07:28:54+00:00,2018-12-18 06:40:54+00:00
request for payment 177246,Request For Payment FINAL_APPROVED by SUPERVISOR,STAFF MEMBER,2018-12-18 07:38:46+00:00,2018-12-18 06:42:46+00:00
request for payment 178619,Request For Payment FINAL_APPROVED by SUPERVISOR,STAFF MEMBER,2018-12-18 07:37:43+00:00,2018-12-18 06:44:43+00:00
request for payment 173765,Request Payment,SYSTEM,2018-12-18 07:19:47+00:00,2018-12-18 06:44:47+00:00
request for payment 172250,Request For Payment FINAL_APPROVED by SUPERVISOR,STAFF MEMBER,2018-12-18 07:45:57+00:00,2018-12-18 06:53:57+00:00
request for payment 178999,Request For Payment SUBMITTED by EMPLOYEE,STAFF MEMBER,2018-12-18 07:52:09+00:00,2018-12-18 07:06:09+00:00
request for payment 178999,Request For Payment APPROVED by ADMINISTRATION,STAFF MEMBER,2018-12-18 08:01:25+00:00,2018-12-18 07:06:25+00:00
request for payment 178591,Request For Payment FINAL_APPROVED by SUPERVISOR,STAFF MEMBER,2018-12-18 07:59:51+00:00,2018-12-18 07:09:51+00:00
request for payment 178637,Request Payment,SYSTEM,2018-12-18 07:42:11+00:00,2018-12-18 07:10:11+00:00
request for payment 184073,Request Payment,SYSTEM,2018-12-18 07:47:21+00:00,2018-12-18 07:10:21+00:00
request for payment 172600,Request Payment,SYSTEM,2018-12-18 08:08:03+00:00,2018-12-18 07:18:03+00:00
request for payment 172649,Request Payment,SYSTEM,2018-12-18 08:12:13+00:00,2018-12-18 07:20:13+00:00
request for payment 179005,Request For Payment SUBMITTED by EMPLOYEE,STAFF MEMBER,2018-12-18 08:20:23+00:00,2018-12-18 07:20:23+00:00
request for payment 179005,Request For Payment APPROVED by ADMINISTRATION,STAFF MEMBER,2018-12-18 07:55:33+00:00,2018-12-18 07:20:33+00:00
request for payment 178625,Request For Payment FINAL_APPROVED by SUPERVISOR,STAFF MEMBER,2018-12-18 08:12:29+00:00,2018-12-18 07:22:29+00:00
request for payment 177622,Request For Payment FINAL_APPROVED by SUPERVISOR,STAFF MEMBER,2018-12-18 08:15:28+00:00,2018-12-18 07:26:28+00:00
request for payment 178369,Request For Payment FINAL_APPROVED by SUPERVISOR,STAFF MEMBER,2018-12-18 08:25:22+00:00,2018-12-18 07:36:22+00:00
request for payment 172633,Request For Payment FINAL_APPROVED by SUPERVISOR,STAFF MEMBER,2018-12-18 08:34:53+00:00,2018-12-18 07:37:53+00:00
request for payment 178642,Request For Payment APPROVED by BUDGET OWNER,STAFF MEMBER,2018-12-18 08:27:50+00:00,2018-12-18 07:38:50+00:00
request for payment 172395,Request For Payment FINAL_APPROVED by SUPERVISOR,STAFF MEMBER,2018-12-18 08:13:00+00:00,2018-12-18 07:39:00+00:00
request for payment 172383,Request For Payment FINAL_APPROVED by SUPERVISOR,STAFF MEMBER,2018-12-18 08:37:15+00:00,2018-12-18 07:39:15+00:00
request for payment 178614,Request For Payment FINAL_APPROVED by SUPERVISOR,STAFF MEMBER,2018-12-18 08:31:25+00:00,2018-12-18 07:39:25+00:00
request for payment 178597,Request For Payment REJECTED by EMPLOYEE,STAFF MEMBER,2018-12-18 08:34:36+00:00,2018-12-18 07:40:36+00:00
request for payment 178585,Request For Payment APPROVED by BUDGET OWNER,STAFF MEMBER,2018-12-18 08:23:07+00:00,2018-12-18 07:41:07+00:00
request for payment 178578,Request For Payment APPROVED by BUDGET OWNER,STAFF MEMBER,2018-12-18 08:17:31+00:00,2018-12-18 07:41:31+00:00
request for payment 172268,Request For Payment FINAL_APPROVED by SUPERVISOR,STAFF MEMBER,2018-12-18 08:26:14+00:00,2018-12-18 07:42:14+00:00
request for payment 173354,Request For Payment FINAL_APPROVED by SUPERVISOR,STAFF MEMBER,2018-12-18 08:30:39+00:00,2018-12-18 07:42:39+00:00
request for payment 178573,Request For Payment FINAL_APPROVED by SUPERVISOR,STAFF MEMBER,2018-12-18 08:29:58+00:00,2018-12-18 07:42:58+00:00
request for payment 177616,Request For Payment FINAL_APPROVED by SUPERVISOR,STAFF MEMBER,2018-12-18 08:31:20+00:00,2018-12-18 07:43:20+00:00
request for payment 173325,Request For Payment FINAL_APPROVED by SUPERVISOR,STAFF MEMBER,2018-12-18 08:35:26+00:00,2018-12-18 07:43:26+00:00
request for payment 173295,Request For Payment FINAL_APPROVED by SUPERVISOR,STAFF MEMBER,2018-12-18 08:13:53+00:00,2018-12-18 07:43:53+00:00
request for payment 178135,Request For Payment FINAL_APPROVED by SUPERVISOR,STAFF MEMBER,2018-12-18 08:34:05+00:00,2018-12-18 07:44:05+00:00
request for payment 172250,Request Payment,SYSTEM,2018-12-18 08:30:40+00:00,2018-12-18 07:44:40+00:00
request for payment 178631,Request Payment,SYSTEM,2018-12-18 08:35:18+00:00,2018-12-18 07:45:18+00:00
request for payment 176826,Request Payment,SYSTEM,2018-12-18 08:46:16+00:00,2018-12-18 07:47:16+00:00
request for payment 179968,Request For Payment APPROVED by BUDGET OWNER,STAFF MEMBER,2018-12-18 08:26:39+00:00,2018-12-18 07:47:39+00:00
request for payment 178563,Request For Payment FINAL_APPROVED by SUPERVISOR,STAFF MEMBER,2018-12-18 08:21:14+00:00,2018-12-18 07:48:14+00:00
request for payment 173261,Request For Payment FINAL_APPROVED by SUPERVISOR,STAFF MEMBER,2018-12-18 08:41:47+00:00,2018-12-18 07:48:47+00:00
request for payment 172451,Request For Payment FINAL_APPROVED by SUPERVISOR,STAFF MEMBER,2018-12-18 08:34:28+00:00,2018-12-18 07:49:28+00:00
request for payment 171815,Request Payment,SYSTEM,2018-12-18 08:48:55+00:00,2018-12-18 07:50:55+00:00
request for payment 173343,Request Payment,SYSTEM,2018-12-18 08:26:08+00:00,2018-12-18 07:51:08+00:00
request for payment 179964,Request For Payment REJECTED by EMPLOYEE,STAFF MEMBER,2018-12-18 08:45:33+00:00,2018-12-18 07:58:33+00:00
request for payment 179953,Request For Payment REJECTED by EMPLOYEE,STAFF MEMBER,2018-12-18 08:33:01+00:00,2018-12-18 07:59:01+00:00
request for payment 173245,Request Payment,SYSTEM,2018-12-18 08:32:55+00:00,2018-12-18 08:00:55+00:00
request for payment 184023,Request Payment,SYSTEM,2018-12-18 08:34:08+00:00,2018-12-18 08:01:08+00:00
request for payment 183255,Request Payment,SYSTEM,2018-12-18 08:44:58+00:00,2018-12-18 08:01:58+00:00
request for payment 174116,Request Payment,SYSTEM,2018-12-18 08:48:02+00:00,2018-12-18 08:02:02+00:00
request for payment 183218,Request Payment,SYSTEM,2018-12-18 08:53:06+00:00,2018-12-18 08:02:06+00:00
request for payment 183239,Request Payment,SYSTEM,2018-12-18 08:53:13+00:00,2018-12-18 08:02:13+00:00
request for payment 183207,Request Payment,SYSTEM,2018-12-18 08:40:22+00:00,2018-12-18 08:02:22+00:00
request for payment 171987,Request Payment,SYSTEM,2018-12-18 08:32:36+00:00,2018-12-18 08:02:36+00:00
request for payment 178999,Request For Payment APPROVED by BUDGET OWNER,STAFF MEMBER,2018-12-18 08:44:55+00:00,2018-12-18 08:02:55+00:00
request for payment 183861,Request For Payment FINAL_APPROVED by SUPERVISOR,STAFF MEMBER,2018-12-18 08:35:02+00:00,2018-12-18 08:03:02+00:00
request for payment 183861,Request Payment,SYSTEM,2018-12-18 08:46:03+00:00,2018-12-18 08:03:03+00:00
request for payment 178992,Request For Payment APPROVED by BUDGET OWNER,STAFF MEMBER,2018-12-18 08:52:39+00:00,2018-12-18 08:03:39+00:00
request for payment 178678,Request For Payment FINAL_APPROVED by SUPERVISOR,STAFF MEMBER,2018-12-18 08:40:24+00:00,2018-12-18 08:04:24+00:00
request for payment 177687,Request Payment,SYSTEM,2018-12-18 08:48:20+00:00,2018-12-18 08:06:20+00:00
request for payment 171928,Request Payment,SYSTEM,2018-12-18 09:02:06+00:00,2018-12-18 08:08:06+00:00
request for payment 171977,Request Payment,SYSTEM,2018-12-18 08:55:08+00:00,2018-12-18 08:08:08+00:00
request for payment 172633,Request Payment,SYSTEM,2018-12-18 08:53:37+00:00,2018-12-18 08:12:37+00:00
request for payment 178135,Request Payment,SYSTEM,2018-12-18 09:04:52+00:00,2018-12-18 08:12:52+00:00
request for payment 173241,Request For Payment REJECTED by EMPLOYEE,STAFF MEMBER,2018-12-18 09:12:54+00:00,2018-12-18 08:12:54+00:00
request for payment 172224,Request Payment,SYSTEM,2018-12-18 09:00:14+00:00,2018-12-18 08:15:14+00:00
request for payment 172218,Request Payment,SYSTEM,2018-12-18 08:47:26+00:00,2018-12-18 08:15:26+00:00
request for payment 172212,Request Payment,SYSTEM,2018-12-18 09:10:26+00:00,2018-12-18 08:15:26+00:00
request for payment 172446,Request For Payment FINAL_APPROVED by SUPERVISOR,STAFF MEMBER,2018-12-18 08:47:27+00:00,2018-12-18 08:15:27+00:00
request for payment 172233,Request Payment,SYSTEM,2018-12-18 08:57:27+00:00,2018-12-18 08:15:27+00:00
request for payment 172239,Request Payment,SYSTEM,2018-12-18 09:15:28+00:00,2018-12-18 08:15:28+00:00
request for payment 179180,Request Payment,SYSTEM,2018-12-18 09:06:45+00:00,2018-12-18 08:15:45+00:00
request for payment 179186,Request Payment,SYSTEM,2018-12-18 08:52:46+00:00,2018-12-18 08:15:46+00:00
request for payment 179891,Request Payment,SYSTEM,2018-12-18 09:00:47+00:00,2018-12-18 08:15:47+00:00
request for payment 172411,Request For Payment APPROVED by BUDGET OWNER,STAFF MEMBER,2018-12-18 09:06:58+00:00,2018-12-18 08:15:58+00:00
request for payment 173300,Request For Payment FINAL_APPROVED by DIRECTOR,STAFF MEMBER,2018-12-18 09:05:09+00:00,2018-12-18 08:16:09+00:00
request for payment 173307,Request Payment,SYSTEM,2018-12-18 09:09:46+00:00,2018-12-18 08:16:46+00:00
request for payment 179011,Request For Payment SUBMITTED by EMPLOYEE,STAFF MEMBER,2018-12-18 08:52:43+00:00,2018-12-18 08:17:43+00:00
request for payment 179011,Request For Payment APPROVED by ADMINISTRATION,STAFF MEMBER,2018-12-18 08:59:49+00:00,2018-12-18 08:17:49+00:00
request for payment 172389,Request For Payment APPROVED by BUDGET OWNER,STAFF MEMBER,2018-12-18 08:52:57+00:00,2018-12-18 08:21:57+00:00
request for payment 172937,Request For Payment FINAL_APPROVED by SUPERVISOR,STAFF MEMBER,2018-12-18 09:21:36+00:00,2018-12-18 08:22:36+00:00
request for payment 179017,Request For Payment SUBMITTED by EMPLOYEE,STAFF MEMBER,2018-12-18 09:05:54+00:00,2018-12-18 08:23:54+00:00
request for payment 179017,Request For Payment APPROVED by ADMINISTRATION,STAFF MEMBER,2018-12-18 09:05:57+00:00,2018-12-18 08:23:57+00:00
request for payment 172932,Request For Payment FINAL_APPROVED by SUPERVISOR,STAFF MEMBER,2018-12-18 09:04:59+00:00,2018-12-18 08:23:59+00:00
request for payment 179022,Request For Payment SUBMITTED by EMPLOYEE,STAFF MEMBER,2018-12-18 09:22:15+00:00,2018-12-18 08:24:15+00:00
request for payment 179022,Request For Payment APPROVED by ADMINISTRATION,STAFF MEMBER,2018-12-18 08:55:24+00:00,2018-12-18 08:24:24+00:00
request for payment 172378,Request For Payment FINAL_APPROVED by SUPERVISOR,STAFF MEMBER,2018-12-18 09:23:39+00:00,2018-12-18 08:24:39+00:00
request for payment 179160,Request For Payment FINAL_APPROVED by SUPERVISOR,STAFF MEMBER,2018-12-18 09:11:19+00:00,2018-12-18 08:27:19+00:00
request for payment 178578,Request For Payment FINAL_APPROVED by SUPERVISOR,STAFF MEMBER,2018-12-18 09:27:55+00:00,2018-12-18 08:29:55+00:00
request for payment 178585,Request For Payment FINAL_APPROVED by SUPERVISOR,STAFF MEMBER,2018-12-18 09:20:55+00:00,2018-12-18 08:29:55+00:00
request for payment 172451,Request Payment,SYSTEM,2018-12-18 09:15:02+00:00,2018-12-18 08:33:02+00:00
request for payment 179120,Request Payment,SYSTEM,2018-12-18 09:14:04+00:00,2018-12-18 08:33:04+00:00
request for payment 177213,Request Payment,SYSTEM,2018-12-18 09:18:21+00:00,2018-12-18 08:33:21+00:00
request for payment 178066,Request Payment,SYSTEM,2018-12-18 09:03:29+00:00,2018-12-18 08:33:29+00:00
request for payment 184383,Request Payment,SYSTEM,2018-12-18 09:10:00+00:00,2018-12-18 08:34:00+00:00
request for payment 181753,Request Payment,SYSTEM,2018-12-18 09:27:09+00:00,2018-12-18 08:34:09+00:00
request for payment 177603,Request Payment,SYSTEM,2018-12-18 09:24:34+00:00,2018-12-18 08:34:34+00:00
request for payment 179620,Request Payment,SYSTEM,2018-12-18 09:23:47+00:00,2018-12-18 08:34:47+00:00
request for payment 184265,Request For Payment SUBMITTED by EMPLOYEE,STAFF MEMBER,2018-12-18 09:21:51+00:00,2018-12-18 08:38:51+00:00
request for payment 177616,Request Payment,SYSTEM,2018-12-18 09:32:04+00:00,2018-12-18 08:39:04+00:00
request for payment 184265,Request For Payment APPROVED by ADMINISTRATION,STAFF MEMBER,2018-12-18 09:13:13+00:00,2018-12-18 08:39:13+00:00
request for payment 173330,Request For Payment REJECTED by EMPLOYEE,STAFF MEMBER,2018-12-18 09:26:48+00:00,2018-12-18 08:39:48+00:00
request for payment 173338,Request Payment,SYSTEM,2018-12-18 09:39:45+00:00,2018-12-18 08:41:45+00:00
request for payment 184443,Request For Payment FINAL_APPROVED by SUPERVISOR,STAFF MEMBER,2018-12-18 09:26:04+00:00,2018-12-18 08:42:04+00:00
request for payment 184171,Request For Payment FINAL_APPROVED by SUPERVISOR,STAFF MEMBER,2018-12-18 09:14:08+00:00,2018-12-18 08:42:08+00:00
request for payment 178233,Request For Payment FINAL_APPROVED by SUPERVISOR,STAFF MEMBER,2018-12-18 09:40:17+00:00,2018-12-18 08:43:17+00:00
request for payment 178198,Request For Payment FINAL_APPROVED by SUPERVISOR,STAFF MEMBER,2018-12-18 09:37:30+00:00,2018-12-18 08:44:30+00:00
request for payment 178222,Request For Payment FINAL_APPROVED by SUPERVISOR,STAFF MEMBER,2018-12-18 09:41:36+00:00,2018-12-18 08:47:36+00:00
request for payment 184460,Request Payment,SYSTEM,2018-12-18 09:18:06+00:00,2018-12-18 08:48:06+00:00
request for payment 178204,Request For Payment FINAL_APPROVED by SUPERVISOR,STAFF MEMBER,2018-12-18 09:48:46+00:00,2018-12-18 08:48:46+00:00
request for payment 172942,Request For Payment FINAL_APPROVED by SUPERVISOR,STAFF MEMBER,2018-12-18 09:25:30+00:00,2018-12-18 08:49:30+00:00
request for payment 178683,Request For Payment APPROVED by BUDGET OWNER,STAFF MEMBER,2018-12-18 09:44:40+00:00,2018-12-18 08:49:40+00:00
request for payment 178385,Request For Payment SUBMITTED by EMPLOYEE,STAFF MEMBER,2018-12-18 09:25:26+00:00,2018-12-18 08:50:26+00:00
request for payment 178385,Request For Payment APPROVED by ADMINISTRATION,STAFF MEMBER,2018-12-18 09:28:30+00:00,2018-12-18 08:50:30+00:00
request for payment 184511,Request For Payment APPROVED by BUDGET OWNER,STAFF MEMBER,2018-12-18 09:28:42+00:00,2018-12-18 08:50:42+00:00
request for payment 178672,Request For Payment APPROVED by BUDGET OWNER,STAFF MEMBER,2018-12-18 09:42:37+00:00,2018-12-18 08:51:37+00:00
request for payment 172927,Request For Payment REJECTED by BUDGET OWNER,STAFF MEMBER,2018-12-18 09:25:11+00:00,2018-12-18 08:52:11+00:00
request for payment 178210,Request For Payment FINAL_APPROVED by SUPERVISOR,STAFF MEMBER,2018-12-18 09:32:43+00:00,2018-12-18 08:52:43+00:00
request for payment 172440,Request For Payment FINAL_APPROVED by SUPERVISOR,STAFF MEMBER,2018-12-18 09:49:30+00:00,2018-12-18 08:53:30+00:00
request for payment 172406,Request Payment,SYSTEM,2018-12-18 09:26:39+00:00,2018-12-18 08:53:39+00:00
request for payment 178216,Request For Payment FINAL_APPROVED by SUPERVISOR,STAFF MEMBER,2018-12-18 09:44:06+00:00,2018-12-18 08:54:06+00:00
request for payment 173250,Request Payment,SYSTEM,2018-12-18 09:45:16+00:00,2018-12-18 08:54:16+00:00
request for payment 179968,Request For Payment FINAL_APPROVED by SUPERVISOR,STAFF MEMBER,2018-12-18 09:33:25+00:00,2018-12-18 08:54:25+00:00
request for payment 178563,Request Payment,SYSTEM,2018-12-18 09:48:32+00:00,2018-12-18 08:54:32+00:00
request for payment 178614,Request Payment,SYSTEM,2018-12-18 09:24:44+00:00,2018-12-18 08:54:44+00:00
request for payment 173277,Request For Payment APPROVED by BUDGET OWNER,STAFF MEMBER,2018-12-18 09:51:18+00:00,2018-12-18 08:58:18+00:00
request for payment 184449,Request For Payment APPROVED by BUDGET OWNER,STAFF MEMBER,2018-12-18 09:55:37+00:00,2018-12-18 08:58:37+00:00
request for payment 178597,Request For Payment SUBMITTED by EMPLOYEE,STAFF MEMBER,2018-12-18 09:57:14+00:00,2018-12-18 09:01:14+00:00
request for payment 178597,Request For Payment APPROVED by ADMINISTRATION,STAFF MEMBER,2018-12-18 09:56:44+00:00,2018-12-18 09:02:44+00:00
request for payment 173319,Request For Payment FINAL_APPROVED by SUPERVISOR,STAFF MEMBER,2018-12-18 09:45:53+00:00,2018-12-18 09:02:53+00:00
request for payment 173300,Request Payment,SYSTEM,2018-12-18 09:40:54+00:00,2018-12-18 09:02:54+00:00
request for payment 179022,Request For Payment FINAL_APPROVED by SUPERVISOR,STAFF MEMBER,2018-12-18 09:34:46+00:00,2018-12-18 09:04:46+00:00
request for payment 173349,Request Payment,SYSTEM,2018-12-18 09:53:56+00:00,2018-12-18 09:04:56+00:00
request for payment 172030,Request For Payment FINAL_APPROVED by SUPERVISOR,STAFF MEMBER,2018-12-18 09:38:27+00:00,2018-12-18 09:06:27+00:00
request for payment 179125,Request For Payment FINAL_APPROVED by SUPERVISOR,STAFF MEMBER,2018-12-18 09:42:13+00:00,2018-12-18 09:07:13+00:00
request for payment 178597,Request For Payment REJECTED by SUPERVISOR,STAFF MEMBER,2018-12-18 09:49:35+00:00,2018-12-18 09:07:35+00:00
request for payment 178659,Request For Payment REJECTED by EMPLOYEE,STAFF MEMBER,2018-12-18 09:55:36+00:00,2018-12-18 09:08:36+00:00
request for payment 172917,Request For Payment FINAL_APPROVED by SUPERVISOR,STAFF MEMBER,2018-12-18 09:39:42+00:00,2018-12-18 09:09:42+00:00
request for payment 178654,Request For Payment FINAL_APPROVED by SUPERVISOR,STAFF MEMBER,2018-12-18 09:57:53+00:00,2018-12-18 09:09:53+00:00
request for payment 172912,Request For Payment REJECTED by EMPLOYEE,STAFF MEMBER,2018-12-18 09:46:14+00:00,2018-12-18 09:10:14+00:00
request for payment 172273,Request For Payment FINAL_APPROVED by SUPERVISOR,STAFF MEMBER,2018-12-18 09:44:02+00:00,2018-12-18 09:11:02+00:00
request for payment 178390,Request For Payment SUBMITTED by EMPLOYEE,STAFF MEMBER,2018-12-18 09:52:04+00:00,2018-12-18 09:11:04+00:00
request for payment 178390,Request For Payment APPROVED by ADMINISTRATION,STAFF MEMBER,2018-12-18 09:57:10+00:00,2018-12-18 09:11:10+00:00
request for payment 172896,Request For Payment FINAL_APPROVED by SUPERVISOR,STAFF MEMBER,2018-12-18 10:01:15+00:00,2018-12-18 09:11:15+00:00
request for payment 172430,Request Payment,SYSTEM,2018-12-18 10:10:23+00:00,2018-12-18 09:11:23+00:00
request for payment 179083,Request For Payment FINAL_APPROVED by SUPERVISOR,STAFF MEMBER,2018-12-18 09:58:40+00:00,2018-12-18 09:11:40+00:00
request for payment 184506,Request For Payment FINAL_APPROVED by SUPERVISOR,STAFF MEMBER,2018-12-18 09:59:57+00:00,2018-12-18 09:11:57+00:00
request for payment 177629,Request Payment,SYSTEM,2018-12-18 09:48:47+00:00,2018-12-18 09:12:47+00:00
request for payment 173760,Request Payment,SYSTEM,2018-12-18 09:56:46+00:00,2018-12-18 09:13:46+00:00
request for payment 178396,Request For Payment SUBMITTED by EMPLOYEE,STAFF MEMBER,2018-12-18 10:01:27+00:00,2018-12-18 09:14:27+00:00
request for payment 179078,Request For Payment FINAL_APPROVED by SUPERVISOR,STAFF MEMBER,2018-12-18 09:47:45+00:00,2018-12-18 09:15:45+00:00
request for payment 178396,Request For Payment REJECTED by ADMINISTRATION,STAFF MEMBER,2018-12-18 10:15:53+00:00,2018-12-18 09:17:53+00:00
request for payment 171982,Request For Payment FINAL_APPROVED by SUPERVISOR,STAFF MEMBER,2018-12-18 09:50:22+00:00,2018-12-18 09:18:22+00:00
request for payment 184053,Request For Payment FINAL_APPROVED by SUPERVISOR,STAFF MEMBER,2018-12-18 09:53:12+00:00,2018-12-18 09:23:12+00:00
request for payment 179103,Request For Payment FINAL_APPROVED by SUPERVISOR,STAFF MEMBER,2018-12-18 10:11:33+00:00,2018-12-18 09:23:33+00:00
request for payment 173770,Request Payment,SYSTEM,2018-12-18 10:19:34+00:00,2018-12-18 09:23:34+00:00
request for payment 171961,Request For Payment FINAL_APPROVED by SUPERVISOR,STAFF MEMBER,2018-12-18 10:20:44+00:00,2018-12-18 09:23:44+00:00
request for payment 178813,Request For Payment FINAL_APPROVED by SUPERVISOR,STAFF MEMBER,2018-12-18 10:12:00+00:00,2018-12-18 09:24:00+00:00
request for payment 184193,Request For Payment FINAL_APPROVED by SUPERVISOR,STAFF MEMBER,2018-12-18 10:18:22+00:00,2018-12-18 09:24:22+00:00
request for payment 183873,Request For Payment APPROVED by BUDGET OWNER,STAFF MEMBER,2018-12-18 10:26:50+00:00,2018-12-18 09:29:50+00:00
request for payment 178625,Request Payment,SYSTEM,2018-12-18 10:28:15+00:00,2018-12-18 09:30:15+00:00
request for payment 178404,Request For Payment SUBMITTED by EMPLOYEE,STAFF MEMBER,2018-12-18 10:30:54+00:00,2018-12-18 09:35:54+00:00
request for payment 184471,Request For Payment APPROVED by BUDGET OWNER,STAFF MEMBER,2018-12-18 10:22:33+00:00,2018-12-18 09:36:33+00:00
request for payment 184493,Request Payment,SYSTEM,2018-12-18 10:17:15+00:00,2018-12-18 09:37:15+00:00
request for payment 172284,Request For Payment APPROVED by BUDGET OWNER,STAFF MEMBER,2018-12-18 10:26:39+00:00,2018-12-18 09:37:39+00:00
request for payment 172194,Request For Payment SUBMITTED by EMPLOYEE,STAFF MEMBER,2018-12-18 10:16:16+00:00,2018-12-18 09:38:16+00:00
request for payment 178404,Request For Payment APPROVED by ADMINISTRATION,STAFF MEMBER,2018-12-18 10:09:30+00:00,2018-12-18 09:38:30+00:00
request for payment 172194,Request For Payment APPROVED by ADMINISTRATION,STAFF MEMBER,2018-12-18 10:15:46+00:00,2018-12-18 09:38:46+00:00
request for payment 172383,Request Payment,SYSTEM,2018-12-18 10:49:20+00:00,2018-12-18 09:51:20+00:00
request for payment 178409,Request For Payment SUBMITTED by EMPLOYEE,STAFF MEMBER,2018-12-18 10:47:26+00:00,2018-12-18 09:56:26+00:00
request for payment 178409,Request For Payment APPROVED by ADMINISTRATION,STAFF MEMBER,2018-12-18 10:52:35+00:00,2018-12-18 09:56:35+00:00
request for payment 178414,Request For Payment SUBMITTED by EMPLOYEE,STAFF MEMBER,2018-12-18 10:47:15+00:00,2018-12-18 09:58:15+00:00
request for payment 178414,Request For Payment APPROVED by ADMINISTRATION,STAFF MEMBER,2018-12-18 10:47:25+00:00,2018-12-18 09:58:25+00:00
request for payment 178420,Request For Payment SUBMITTED by EMPLOYEE,STAFF MEMBER,2018-12-18 10:55:34+00:00,2018-12-18 09:58:34+00:00
request for payment 178420,Request For Payment APPROVED by ADMINISTRATION,STAFF MEMBER,2018-12-18 10:51:35+00:00,2018-12-18 09:58:35+00:00
request for payment 173277,Request For Payment FINAL_APPROVED by SUPERVISOR,STAFF MEMBER,2018-12-18 10:32:43+00:00,2018-12-18 09:58:43+00:00
request for payment 184506,Request Payment,SYSTEM,2018-12-18 10:38:16+00:00,2018-12-18 09:59:16+00:00
request for payment 178654,Request Payment,SYSTEM,2018-12-18 10:48:23+00:00,2018-12-18 09:59:23+00:00
request for payment 184449,Request For Payment FINAL_APPROVED by SUPERVISOR,STAFF MEMBER,2018-12-18 10:39:26+00:00,2018-12-18 10:06:26+00:00
request for payment 183463,Request For Payment REJECTED by BUDGET OWNER,STAFF MEMBER,2018-12-18 10:47:06+00:00,2018-12-18 10:07:06+00:00
request for payment 173325,Request Payment,SYSTEM,2018-12-18 11:13:27+00:00,2018-12-18 10:20:27+00:00
request for payment 184455,Request Payment,SYSTEM,2018-12-18 11:21:38+00:00,2018-12-18 10:47:38+00:00
request for payment 184425,Request Payment,SYSTEM,2018-12-18 11:43:39+00:00,2018-12-18 10:47:39+00:00
request for payment 177652,Request Payment,SYSTEM,2018-12-18 11:36:40+00:00,2018-12-18 10:47:40+00:00
request for payment 177646,Request Payment,SYSTEM,2018-12-18 11:44:41+00:00,2018-12-18 10:47:41+00:00
request for payment 178678,Request Payment,SYSTEM,2018-12-18 11:29:44+00:00,2018-12-18 10:47:44+00:00
request for payment 179027,Request For Payment SUBMITTED by EMPLOYEE,STAFF MEMBER,2018-12-18 11:32:56+00:00,2018-12-18 10:49:56+00:00
request for payment 184438,Request Payment,SYSTEM,2018-12-18 11:49:23+00:00,2018-12-18 10:50:23+00:00
request for payment 179027,Request For Payment APPROVED by ADMINISTRATION,STAFF MEMBER,2018-12-18 11:49:09+00:00,2018-12-18 10:52:09+00:00
request for payment 172395,Request Payment,SYSTEM,2018-12-18 11:42:52+00:00,2018-12-18 11:01:52+00:00
request for payment 184465,Request Payment,SYSTEM,2018-12-18 11:42:58+00:00,2018-12-18 11:02:58+00:00
request for payment 178425,Request For Payment SUBMITTED by EMPLOYEE,STAFF MEMBER,2018-12-18 12:19:30+00:00,2018-12-18 11:20:30+00:00
request for payment 178425,Request For Payment APPROVED by ADMINISTRATION,STAFF MEMBER,2018-12-18 12:21:20+00:00,2018-12-18 11:21:20+00:00
request for payment 171961,Request Payment,SYSTEM,2018-12-18 12:20:19+00:00,2018-12-18 11:26:19+00:00
request for payment 184419,Request Payment,SYSTEM,2018-12-18 12:32:53+00:00,2018-12-18 11:39:53+00:00
request for payment 179974,Request For Payment FINAL_APPROVED by SUPERVISOR,STAFF MEMBER,2018-12-18 12:14:57+00:00,2018-12-18 11:44:57+00:00
request for payment 173255,Request For Payment FINAL_APPROVED by SUPERVISOR,STAFF MEMBER,2018-12-18 12:22:57+00:00,2018-12-18 11:44:57+00:00
request for payment 178430,Request For Payment SUBMITTED by EMPLOYEE,STAFF MEMBER,2018-12-18 13:08:38+00:00,2018-12-18 12:09:38+00:00
request for payment 178430,Request For Payment REJECTED by ADMINISTRATION,STAFF MEMBER,2018-12-18 12:39:54+00:00,2018-12-18 12:09:54+00:00
request for payment 184203,Request Payment,SYSTEM,2018-12-18 13:58:47+00:00,2018-12-18 13:06:47+00:00
request for payment 178439,Request For Payment SUBMITTED by EMPLOYEE,STAFF MEMBER,2018-12-18 14:01:31+00:00,2018-12-18 13:08:31+00:00
request for payment 178439,Request For Payment APPROVED by ADMINISTRATION,STAFF MEMBER,2018-12-18 13:50:45+00:00,2018-12-18 13:08:45+00:00
request for payment 178672,Request For Payment FINAL_APPROVED by SUPERVISOR,STAFF MEMBER,2018-12-18 14:03:02+00:00,2018-12-18 13:14:02+00:00
request for payment 184511,Request For Payment FINAL_APPROVED by SUPERVISOR,STAFF MEMBER,2018-12-18 13:46:32+00:00,2018-12-18 13:14:32+00:00
request for payment 179666,Request For Payment FINAL_APPROVED by SUPERVISOR,STAFF MEMBER,2018-12-18 13:54:42+00:00,2018-12-18 13:16:42+00:00
request for payment 172030,Request Payment,SYSTEM,2018-12-18 14:17:48+00:00,2018-12-18 13:17:48+00:00
request for payment 172446,Request Payment,SYSTEM,2018-12-18 14:10:00+00:00,2018-12-18 13:35:00+00:00
request for payment 179974,Request Payment,SYSTEM,2018-12-18 14:13:48+00:00,2018-12-18 13:42:48+00:00
request for payment 173255,Request Payment,SYSTEM,2018-12-18 14:29:54+00:00,2018-12-18 13:42:54+00:00
request for payment 178444,Request For Payment SUBMITTED by EMPLOYEE,STAFF MEMBER,2018-12-18 14:18:54+00:00,2018-12-18 13:45:54+00:00
request for payment 178444,Request For Payment APPROVED by ADMINISTRATION,STAFF MEMBER,2018-12-18 14:36:01+00:00,2018-12-18 13:48:01+00:00
request for payment 184477,Request For Payment FINAL_APPROVED by SUPERVISOR,STAFF MEMBER,2018-12-18 14:51:52+00:00,2018-12-18 13:59:52+00:00
request for payment 184285,Request For Payment FINAL_APPROVED by SUPERVISOR,STAFF MEMBER,2018-12-18 15:01:47+00:00,2018-12-18 14:10:47+00:00
request for payment 179032,Request For Payment SUBMITTED by EMPLOYEE,STAFF MEMBER,2018-12-18 15:00:28+00:00,2018-12-18 14:11:28+00:00
request for payment 179032,Request For Payment APPROVED by ADMINISTRATION,STAFF MEMBER,2018-12-18 14:54:27+00:00,2018-12-18 14:13:27+00:00
request for payment 184193,Request Payment,SYSTEM,2018-12-18 15:16:19+00:00,2018-12-18 14:18:19+00:00
request for payment 179125,Request Payment,SYSTEM,2018-12-18 15:01:46+00:00,2018-12-18 14:24:46+00:00
request for payment 173780,Request For Payment FINAL_APPROVED by SUPERVISOR,STAFF MEMBER,2018-12-18 15:02:46+00:00,2018-12-18 14:30:46+00:00
request for payment 172592,Request Payment,SYSTEM,2018-12-18 15:28:03+00:00,2018-12-18 14:31:03+00:00
request for payment 179037,Request For Payment SUBMITTED by EMPLOYEE,STAFF MEMBER,2018-12-18 15:38:32+00:00,2018-12-18 14:39:32+00:00
request for payment 179037,Request For Payment APPROVED by ADMINISTRATION,STAFF MEMBER,2018-12-18 15:39:36+00:00,2018-12-18 14:39:36+00:00
request for payment 178374,Request For Payment APPROVED by ADMINISTRATION,STAFF MEMBER,2018-12-18 15:20:46+00:00,2018-12-18 14:41:46+00:00
request for payment 171982,Request Payment,SYSTEM,2018-12-18 15:32:52+00:00,2018-12-18 14:54:52+00:00
request for payment 172927,Request For Payment REJECTED by EMPLOYEE,STAFF MEMBER,2018-12-18 15:52:38+00:00,2018-12-18 14:56:38+00:00
request for payment 178177,Request For Payment FINAL_APPROVED by SUPERVISOR,STAFF MEMBER,2018-12-18 15:49:55+00:00,2018-12-18 14:56:55+00:00
request for payment 178450,Request For Payment SAVED by EMPLOYEE,STAFF MEMBER,2018-12-18 15:41:01+00:00,2018-12-18 15:08:01+00:00
request for payment 179043,Request For Payment SUBMITTED by EMPLOYEE,STAFF MEMBER,2018-12-18 16:30:57+00:00,2018-12-18 15:43:57+00:00
request for payment 179048,Request For Payment SUBMITTED by EMPLOYEE,STAFF MEMBER,2018-12-18 16:42:33+00:00,2018-12-18 15:46:33+00:00
request for payment 179048,Request For Payment APPROVED by ADMINISTRATION,STAFF MEMBER,2018-12-18 16:32:09+00:00,2018-12-18 15:48:09+00:00
request for payment 179053,Request For Payment SUBMITTED by EMPLOYEE,STAFF MEMBER,2018-12-18 16:48:13+00:00,2018-12-18 15:50:13+00:00
request for payment 172279,Request Payment,SYSTEM,2018-12-18 16:36:33+00:00,2018-12-18 15:50:33+00:00
request for payment 179058,Request For Payment SUBMITTED by EMPLOYEE,STAFF MEMBER,2018-12-18 16:22:22+00:00,2018-12-18 15:51:22+00:00
request for payment 179043,Request For Payment APPROVED by ADMINISTRATION,STAFF MEMBER,2018-12-18 16:29:40+00:00,2018-12-18 15:51:40+00:00
request for payment 179058,Request For Payment APPROVED by ADMINISTRATION,STAFF MEMBER,2018-12-18 16:37:46+00:00,2018-12-18 15:51:46+00:00
request for payment 179053,Request For Payment APPROVED by ADMINISTRATION,STAFF MEMBER,2018-12-18 16:32:49+00:00,2018-12-18 15:53:49+00:00
request for payment 178452,Request For Payment SUBMITTED by EMPLOYEE,STAFF MEMBER,2018-12-18 17:21:02+00:00,2018-12-18 16:22:02+00:00
request for payment 178452,Request For Payment APPROVED by ADMINISTRATION,STAFF MEMBER,2018-12-18 16:53:07+00:00,2018-12-18 16:23:07+00:00
request for payment 178808,Payment Handled,SYSTEM,2018-12-18 17:31:14+00:00,2018-12-18 16:31:14+00:00
request for payment 178457,Request For Payment SUBMITTED by EMPLOYEE,STAFF MEMBER,2018-12-18 17:28:11+00:00,2018-12-18 16:43:11+00:00
request for payment 178457,Request For Payment APPROVED by ADMINISTRATION,STAFF MEMBER,2018-12-18 17:18:16+00:00,2018-12-18 16:43:16+00:00
request for payment 178462,Request For Payment SUBMITTED by EMPLOYEE,STAFF MEMBER,2018-12-18 17:41:00+00:00,2018-12-18 16:46:00+00:00
request for payment 178462,Request For Payment APPROVED by ADMINISTRATION,STAFF MEMBER,2018-12-18 17:17:17+00:00,2018-12-18 16:46:17+00:00
request for payment 178468,Request For Payment SUBMITTED by EMPLOYEE,STAFF MEMBER,2018-12-18 17:25:47+00:00,2018-12-18 16:49:47+00:00
request for payment 178468,Request For Payment APPROVED by ADMINISTRATION,STAFF MEMBER,2018-12-18 17:32:49+00:00,2018-12-18 16:49:49+00:00
request for payment 178642,Request For Payment FINAL_APPROVED by SUPERVISOR,STAFF MEMBER,2018-12-18 21:15:31+00:00,2018-12-18 20:31:31+00:00
request for payment 185068,Request For Payment SUBMITTED by EMPLOYEE,STAFF MEMBER,2018-12-18 22:10:02+00:00,2018-12-18 21:37:02+00:00
request for payment 185068,Request For Payment APPROVED by ADMINISTRATION,STAFF MEMBER,2018-12-18 22:08:59+00:00,2018-12-18 21:37:59+00:00
request for payment 184817,Request For Payment SUBMITTED by EMPLOYEE,STAFF MEMBER,2018-12-18 23:32:24+00:00,2018-12-18 22:53:24+00:00
request for payment 184817,Request For Payment APPROVED by ADMINISTRATION,STAFF MEMBER,2018-12-18 23:53:29+00:00,2018-12-18 22:53:29+00:00
request for payment 185291,Request For Payment SUBMITTED by EMPLOYEE,STAFF MEMBER,2018-12-19 08:59:51+00:00,2018-12-19 07:59:51+00:00
request for payment 185291,Request For Payment APPROVED by ADMINISTRATION,STAFF MEMBER,2018-12-19 08:30:57+00:00,2018-12-19 07:59:57+00:00
request for payment 184712,Request For Payment SUBMITTED by EMPLOYEE,STAFF MEMBER,2018-12-19 09:39:18+00:00,2018-12-19 08:48:18+00:00
request for payment 184712,Request For Payment APPROVED by ADMINISTRATION,STAFF MEMBER,2018-12-19 09:28:21+00:00,2018-12-19 08:48:21+00:00
request for payment 184718,Request For Payment SUBMITTED by EMPLOYEE,STAFF MEMBER,2018-12-19 09:50:07+00:00,2018-12-19 08:51:07+00:00
request for payment 184718,Request For Payment APPROVED by ADMINISTRATION,STAFF MEMBER,2018-12-19 09:33:13+00:00,2018-12-19 08:51:13+00:00
request for payment 185296,Request For Payment SUBMITTED by EMPLOYEE,STAFF MEMBER,2018-12-19 09:33:24+00:00,2018-12-19 08:58:24+00:00
request for payment 185296,Request For Payment APPROVED by ADMINISTRATION,STAFF MEMBER,2018-12-19 09:37:42+00:00,2018-12-19 08:58:42+00:00
request for payment 178659,Request For Payment SUBMITTED by EMPLOYEE,STAFF MEMBER,2018-12-19 09:28:59+00:00,2018-12-19 08:58:59+00:00
request for payment 178659,Request For Payment APPROVED by ADMINISTRATION,STAFF MEMBER,2018-12-19 09:46:01+00:00,2018-12-19 08:59:01+00:00
request for payment 172662,Request For Payment APPROVED by BUDGET OWNER,STAFF MEMBER,2018-12-19 09:50:16+00:00,2018-12-19 09:05:16+00:00
request for payment 179114,Request For Payment APPROVED by SUPERVISOR,STAFF MEMBER,2018-12-19 09:44:19+00:00,2018-12-19 09:07:19+00:00
request for payment 178694,Request For Payment REJECTED by EMPLOYEE,STAFF MEMBER,2018-12-19 09:50:40+00:00,2018-12-19 09:10:40+00:00
request for payment 179005,Request For Payment APPROVED by BUDGET OWNER,STAFF MEMBER,2018-12-19 09:46:30+00:00,2018-12-19 09:13:30+00:00
request for payment 184628,Request For Payment SUBMITTED by EMPLOYEE,STAFF MEMBER,2018-12-19 10:07:21+00:00,2018-12-19 09:33:21+00:00
request for payment 184628,Request For Payment APPROVED by ADMINISTRATION,STAFF MEMBER,2018-12-19 10:28:31+00:00,2018-12-19 09:33:31+00:00
request for payment 185006,Request For Payment SUBMITTED by EMPLOYEE,STAFF MEMBER,2018-12-19 10:35:21+00:00,2018-12-19 09:36:21+00:00
request for payment 185006,Request For Payment REJECTED by ADMINISTRATION,STAFF MEMBER,2018-12-19 10:17:24+00:00,2018-12-19 09:36:24+00:00
request for payment 178659,Request For Payment FINAL_APPROVED by SUPERVISOR,STAFF MEMBER,2018-12-19 10:35:25+00:00,2018-12-19 09:40:25+00:00
request for payment 172389,Request For Payment FINAL_APPROVED by SUPERVISOR,STAFF MEMBER,2018-12-19 10:38:10+00:00,2018-12-19 09:41:10+00:00
request for payment 172411,Request For Payment FINAL_APPROVED by SUPERVISOR,STAFF MEMBER,2018-12-19 10:21:10+00:00,2018-12-19 09:41:10+00:00
request for payment 184628,Request For Payment APPROVED by BUDGET OWNER,STAFF MEMBER,2018-12-19 10:38:28+00:00,2018-12-19 09:44:28+00:00
request for payment 178409,Request For Payment FINAL_APPROVED by SUPERVISOR,STAFF MEMBER,2018-12-19 10:42:52+00:00,2018-12-19 09:55:52+00:00
request for payment 185296,Request For Payment FINAL_APPROVED by SUPERVISOR,STAFF MEMBER,2018-12-19 10:56:27+00:00,2018-12-19 09:56:27+00:00
request for payment 178468,Request For Payment FINAL_APPROVED by SUPERVISOR,STAFF MEMBER,2018-12-19 10:38:09+00:00,2018-12-19 09:57:09+00:00
request for payment 178457,Request For Payment FINAL_APPROVED by SUPERVISOR,STAFF MEMBER,2018-12-19 10:40:33+00:00,2018-12-19 09:57:33+00:00
request for payment 178444,Request For Payment FINAL_APPROVED by SUPERVISOR,STAFF MEMBER,2018-12-19 10:57:10+00:00,2018-12-19 09:59:10+00:00
request for payment 179032,Request For Payment FINAL_APPROVED by SUPERVISOR,STAFF MEMBER,2018-12-19 10:49:42+00:00,2018-12-19 09:59:42+00:00
request for payment 178430,Request For Payment REJECTED by EMPLOYEE,STAFF MEMBER,2018-12-19 10:31:57+00:00,2018-12-19 10:00:57+00:00
request for payment 178439,Request For Payment FINAL_APPROVED by SUPERVISOR,STAFF MEMBER,2018-12-19 10:57:21+00:00,2018-12-19 10:03:21+00:00
request for payment 178425,Request For Payment FINAL_APPROVED by SUPERVISOR,STAFF MEMBER,2018-12-19 10:48:24+00:00,2018-12-19 10:04:24+00:00
request for payment 184718,Request For Payment FINAL_APPROVED by SUPERVISOR,STAFF MEMBER,2018-12-19 11:01:38+00:00,2018-12-19 10:05:38+00:00
request for payment 184712,Request For Payment APPROVED by BUDGET OWNER,STAFF MEMBER,2018-12-19 11:06:43+00:00,2018-12-19 10:06:43+00:00
request for payment 185206,Request For Payment SUBMITTED by EMPLOYEE,STAFF MEMBER,2018-12-19 10:57:40+00:00,2018-12-19 10:08:40+00:00
request for payment 185206,Request For Payment APPROVED by ADMINISTRATION,STAFF MEMBER,2018-12-19 10:51:48+00:00,2018-12-19 10:08:48+00:00
request for payment 179037,Request For Payment APPROVED by BUDGET OWNER,STAFF MEMBER,2018-12-19 11:10:42+00:00,2018-12-19 10:10:42+00:00
request for payment 185212,Request For Payment SUBMITTED by EMPLOYEE,STAFF MEMBER,2018-12-19 11:10:20+00:00,2018-12-19 10:11:20+00:00
request for payment 185212,Request For Payment APPROVED by ADMINISTRATION,STAFF MEMBER,2018-12-19 10:54:38+00:00,2018-12-19 10:11:38+00:00
request for payment 178414,Request For Payment APPROVED by BUDGET OWNER,STAFF MEMBER,2018-12-19 11:04:49+00:00,2018-12-19 10:11:49+00:00
request for payment 185218,Request For Payment SUBMITTED by EMPLOYEE,STAFF MEMBER,2018-12-19 11:16:56+00:00,2018-12-19 10:19:56+00:00
request for payment 185218,Request For Payment APPROVED by ADMINISTRATION,STAFF MEMBER,2018-12-19 11:05:45+00:00,2018-12-19 10:30:45+00:00
request for payment 178597,Request For Payment REJECTED by EMPLOYEE,STAFF MEMBER,2018-12-19 11:07:03+00:00,2018-12-19 10:32:03+00:00
request for payment 184823,Request For Payment SUBMITTED by EMPLOYEE,STAFF MEMBER,2018-12-19 11:12:04+00:00,2018-12-19 10:32:04+00:00
request for payment 184823,Request For Payment APPROVED by ADMINISTRATION,STAFF MEMBER,2018-12-19 11:09:06+00:00,2018-12-19 10:32:06+00:00
request for payment 184829,Request For Payment SUBMITTED by EMPLOYEE,STAFF MEMBER,2018-12-19 11:28:50+00:00,2018-12-19 10:37:50+00:00
request for payment 184829,Request For Payment APPROVED by ADMINISTRATION,STAFF MEMBER,2018-12-19 11:16:54+00:00,2018-12-19 10:37:54+00:00
request for payment 178420,Request For Payment FINAL_APPROVED by SUPERVISOR,STAFF MEMBER,2018-12-19 11:11:09+00:00,2018-12-19 10:38:09+00:00
request for payment 178364,Request Payment,SYSTEM,2018-12-19 11:10:46+00:00,2018-12-19 10:39:46+00:00
request for payment 178813,Request Payment,SYSTEM,2018-12-19 11:23:58+00:00,2018-12-19 10:39:58+00:00
request for payment 183845,Request Payment,SYSTEM,2018-12-19 11:23:25+00:00,2018-12-19 10:40:25+00:00
request for payment 172937,Request Payment,SYSTEM,2018-12-19 11:33:40+00:00,2018-12-19 10:40:40+00:00
request for payment 172932,Request Payment,SYSTEM,2018-12-19 11:32:57+00:00,2018-12-19 10:40:57+00:00
request for payment 184835,Request For Payment SUBMITTED by EMPLOYEE,STAFF MEMBER,2018-12-19 11:28:01+00:00,2018-12-19 10:43:01+00:00
request for payment 184835,Request For Payment APPROVED by ADMINISTRATION,STAFF MEMBER,2018-12-19 11:22:08+00:00,2018-12-19 10:43:08+00:00
request for payment 185212,Request For Payment APPROVED by BUDGET OWNER,STAFF MEMBER,2018-12-19 11:43:15+00:00,2018-12-19 10:49:15+00:00
request for payment 185206,Request For Payment APPROVED by BUDGET OWNER,STAFF MEMBER,2018-12-19 11:47:15+00:00,2018-12-19 10:50:15+00:00
request for payment 179043,Request For Payment FINAL_APPROVED by SUPERVISOR,STAFF MEMBER,2018-12-19 11:49:36+00:00,2018-12-19 10:55:36+00:00
request for payment 179027,Request For Payment FINAL_APPROVED by SUPERVISOR,STAFF MEMBER,2018-12-19 11:33:05+00:00,2018-12-19 10:56:05+00:00
request for payment 173277,Request Payment,SYSTEM,2018-12-19 11:54:58+00:00,2018-12-19 11:18:58+00:00
request for payment 184449,Request Payment,SYSTEM,2018-12-19 11:51:23+00:00,2018-12-19 11:19:23+00:00
request for payment 183873,Request For Payment FINAL_APPROVED by SUPERVISOR,STAFF MEMBER,2018-12-19 12:11:31+00:00,2018-12-19 11:31:31+00:00
request for payment 185170,Request For Payment SUBMITTED by EMPLOYEE,STAFF MEMBER,2018-12-19 12:12:31+00:00,2018-12-19 11:33:31+00:00
request for payment 185170,Request For Payment APPROVED by ADMINISTRATION,STAFF MEMBER,2018-12-19 12:20:37+00:00,2018-12-19 11:33:37+00:00
request for payment 178409,Request Payment,SYSTEM,2018-12-19 12:31:54+00:00,2018-12-19 11:44:54+00:00
request for payment 177622,Request Payment,SYSTEM,2018-12-19 12:21:21+00:00,2018-12-19 11:46:21+00:00
request for payment 172896,Request Payment,SYSTEM,2018-12-19 12:27:35+00:00,2018-12-19 11:47:35+00:00
request for payment 172268,Request Payment,SYSTEM,2018-12-19 12:30:12+00:00,2018-12-19 11:48:12+00:00
request for payment 178369,Request Payment,SYSTEM,2018-12-19 12:43:20+00:00,2018-12-19 11:48:20+00:00
request for payment 172273,Request Payment,SYSTEM,2018-12-19 12:24:26+00:00,2018-12-19 11:54:26+00:00
request for payment 178420,Request Payment,SYSTEM,2018-12-19 12:44:17+00:00,2018-12-19 11:57:17+00:00
request for payment 178667,Request For Payment APPROVED by ADMINISTRATION,STAFF MEMBER,2018-12-19 12:53:18+00:00,2018-12-19 12:02:18+00:00
request for payment 178597,Request For Payment SUBMITTED by EMPLOYEE,STAFF MEMBER,2018-12-19 12:51:34+00:00,2018-12-19 12:09:34+00:00
request for payment 178597,Request For Payment APPROVED by ADMINISTRATION,STAFF MEMBER,2018-12-19 12:53:43+00:00,2018-12-19 12:09:43+00:00
request for payment 185223,Request For Payment SUBMITTED by EMPLOYEE,STAFF MEMBER,2018-12-19 12:53:01+00:00,2018-12-19 12:13:01+00:00
request for payment 184635,Request For Payment SUBMITTED by EMPLOYEE,STAFF MEMBER,2018-12-19 12:57:15+00:00,2018-12-19 12:14:15+00:00
request for payment 185223,Request For Payment APPROVED by ADMINISTRATION,STAFF MEMBER,2018-12-19 12:55:19+00:00,2018-12-19 12:14:19+00:00
request for payment 184635,Request For Payment APPROVED by ADMINISTRATION,STAFF MEMBER,2018-12-19 12:54:20+00:00,2018-12-19 12:14:20+00:00
request for payment 185228,Request For Payment SUBMITTED by EMPLOYEE,STAFF MEMBER,2018-12-19 13:14:16+00:00,2018-12-19 12:18:16+00:00
request for payment 185234,Request For Payment SUBMITTED by EMPLOYEE,STAFF MEMBER,2018-12-19 13:04:44+00:00,2018-12-19 12:19:44+00:00
request for payment 185234,Request For Payment APPROVED by ADMINISTRATION,STAFF MEMBER,2018-12-19 13:16:00+00:00,2018-12-19 12:20:00+00:00
request for payment 172638,Request For Payment APPROVED by BUDGET OWNER,STAFF MEMBER,2018-12-19 13:11:20+00:00,2018-12-19 12:23:20+00:00
request for payment 179083,Request Payment,SYSTEM,2018-12-19 13:11:55+00:00,2018-12-19 12:30:55+00:00
request for payment 179078,Request Payment,SYSTEM,2018-12-19 13:03:08+00:00,2018-12-19 12:31:08+00:00
request for payment 184641,Request For Payment SUBMITTED by EMPLOYEE,STAFF MEMBER,2018-12-19 13:25:11+00:00,2018-12-19 12:32:11+00:00
request for payment 184641,Request For Payment APPROVED by ADMINISTRATION,STAFF MEMBER,2018-12-19 13:13:36+00:00,2018-12-19 12:32:36+00:00
request for payment 185228,Request For Payment APPROVED by ADMINISTRATION,STAFF MEMBER,2018-12-19 13:11:11+00:00,2018-12-19 12:34:11+00:00
request for payment 184646,Request For Payment SUBMITTED by EMPLOYEE,STAFF MEMBER,2018-12-19 13:29:22+00:00,2018-12-19 12:37:22+00:00
request for payment 184646,Request For Payment APPROVED by ADMINISTRATION,STAFF MEMBER,2018-12-19 13:33:51+00:00,2018-12-19 12:37:51+00:00
request for payment 184723,Request For Payment SUBMITTED by EMPLOYEE,STAFF MEMBER,2018-12-19 13:13:03+00:00,2018-12-19 12:42:03+00:00
request for payment 184723,Request For Payment APPROVED by ADMINISTRATION,STAFF MEMBER,2018-12-19 13:12:09+00:00,2018-12-19 12:42:09+00:00
request for payment 184728,Request For Payment SUBMITTED by EMPLOYEE,STAFF MEMBER,2018-12-19 13:24:05+00:00,2018-12-19 12:50:05+00:00
request for payment 184733,Request For Payment SUBMITTED by EMPLOYEE,STAFF MEMBER,2018-12-19 13:52:41+00:00,2018-12-19 12:53:41+00:00
request for payment 184728,Request For Payment APPROVED by ADMINISTRATION,STAFF MEMBER,2018-12-19 13:45:09+00:00,2018-12-19 12:54:09+00:00
request for payment 184738,Request For Payment SUBMITTED by EMPLOYEE,STAFF MEMBER,2018-12-19 13:48:11+00:00,2018-12-19 12:54:11+00:00
request for payment 184738,Request For Payment APPROVED by ADMINISTRATION,STAFF MEMBER,2018-12-19 13:39:20+00:00,2018-12-19 12:54:20+00:00
request for payment 184733,Request For Payment APPROVED by ADMINISTRATION,STAFF MEMBER,2018-12-19 13:52:23+00:00,2018-12-19 12:55:23+00:00
request for payment 184744,Request For Payment SUBMITTED by EMPLOYEE,STAFF MEMBER,2018-12-19 13:29:40+00:00,2018-12-19 12:55:40+00:00
request for payment 184744,Request For Payment APPROVED by ADMINISTRATION,STAFF MEMBER,2018-12-19 13:45:43+00:00,2018-12-19 12:55:43+00:00
request for payment 184750,Request For Payment SUBMITTED by EMPLOYEE,STAFF MEMBER,2018-12-19 13:49:56+00:00,2018-12-19 12:55:56+00:00
request for payment 185301,Request For Payment SUBMITTED by EMPLOYEE,STAFF MEMBER,2018-12-19 13:48:59+00:00,2018-12-19 12:55:59+00:00
request for payment 184750,Request For Payment APPROVED by ADMINISTRATION,STAFF MEMBER,2018-12-19 13:33:59+00:00,2018-12-19 12:55:59+00:00
request for payment 185301,Request For Payment REJECTED by ADMINISTRATION,STAFF MEMBER,2018-12-19 13:33:10+00:00,2018-12-19 12:56:10+00:00
request for payment 173261,Request Payment,SYSTEM,2018-12-19 14:05:32+00:00,2018-12-19 13:05:32+00:00
request for payment 172644,Request For Payment FINAL_APPROVED by SUPERVISOR,STAFF MEMBER,2018-12-19 13:50:00+00:00,2018-12-19 13:10:00+00:00
request for payment 178597,Request For Payment APPROVED by BUDGET OWNER,STAFF MEMBER,2018-12-19 13:43:05+00:00,2018-12-19 13:10:05+00:00
request for payment 184501,Request For Payment FINAL_APPROVED by SUPERVISOR,STAFF MEMBER,2018-12-19 13:53:33+00:00,2018-12-19 13:10:33+00:00
request for payment 185296,Request Payment,SYSTEM,2018-12-19 13:42:01+00:00,2018-12-19 13:11:01+00:00
request for payment 172207,Request Payment,SYSTEM,2018-12-19 14:12:43+00:00,2018-12-19 13:13:43+00:00
request for payment 172378,Request Payment,SYSTEM,2018-12-19 13:46:02+00:00,2018-12-19 13:14:02+00:00
request for payment 185240,Request For Payment SUBMITTED by EMPLOYEE,STAFF MEMBER,2018-12-19 14:02:09+00:00,2018-12-19 13:22:09+00:00
request for payment 185240,Request For Payment APPROVED by ADMINISTRATION,STAFF MEMBER,2018-12-19 14:10:36+00:00,2018-12-19 13:23:36+00:00
request for payment 178683,Request For Payment FINAL_APPROVED by SUPERVISOR,STAFF MEMBER,2018-12-19 14:11:40+00:00,2018-12-19 13:24:40+00:00
request for payment 173289,Request For Payment FINAL_APPROVED by SUPERVISOR,STAFF MEMBER,2018-12-19 13:58:52+00:00,2018-12-19 13:24:52+00:00
request for payment 179011,Request For Payment APPROVED by BUDGET OWNER,STAFF MEMBER,2018-12-19 14:11:41+00:00,2018-12-19 13:37:41+00:00
request for payment 179043,Request Payment,SYSTEM,2018-12-19 14:35:25+00:00,2018-12-19 13:47:25+00:00
request for payment 179027,Request Payment,SYSTEM,2018-12-19 14:18:05+00:00,2018-12-19 13:48:05+00:00
request for payment 179032,Request Payment,SYSTEM,2018-12-19 14:25:45+00:00,2018-12-19 13:49:45+00:00
request for payment 178444,Request Payment,SYSTEM,2018-12-19 14:49:13+00:00,2018-12-19 13:52:13+00:00
request for payment 180038,Request Payment,SYSTEM,2018-12-19 14:27:00+00:00,2018-12-19 13:54:00+00:00
request for payment 184430,Request For Payment SUBMITTED by EMPLOYEE,STAFF MEMBER,2018-12-19 14:37:51+00:00,2018-12-19 13:58:51+00:00
request for payment 184430,Request For Payment APPROVED by ADMINISTRATION,STAFF MEMBER,2018-12-19 14:44:53+00:00,2018-12-19 13:58:53+00:00
request for payment 172035,Request For Payment SUBMITTED by EMPLOYEE,STAFF MEMBER,2018-12-19 14:50:11+00:00,2018-12-19 13:59:11+00:00
request for payment 172035,Request For Payment APPROVED by ADMINISTRATION,STAFF MEMBER,2018-12-19 14:57:12+00:00,2018-12-19 13:59:12+00:00
request for payment 178808,Request Payment,SYSTEM,2018-12-19 14:31:30+00:00,2018-12-19 14:01:30+00:00
request for payment 173283,Request For Payment APPROVED by BUDGET OWNER,STAFF MEMBER,2018-12-19 14:46:45+00:00,2018-12-19 14:13:45+00:00
request for payment 185301,Request For Payment REJECTED by EMPLOYEE,STAFF MEMBER,2018-12-19 15:10:35+00:00,2018-12-19 14:21:35+00:00
request for payment 184744,Request For Payment APPROVED by BUDGET OWNER,STAFF MEMBER,2018-12-19 15:06:49+00:00,2018-12-19 14:22:49+00:00
request for payment 184723,Request For Payment FINAL_APPROVED by SUPERVISOR,STAFF MEMBER,2018-12-19 15:16:47+00:00,2018-12-19 14:23:47+00:00
request for payment 172656,Request For Payment APPROVED by BUDGET OWNER,STAFF MEMBER,2018-12-19 15:09:59+00:00,2018-12-19 14:25:59+00:00
request for payment 178648,Request For Payment APPROVED by BUDGET OWNER,STAFF MEMBER,2018-12-19 15:23:39+00:00,2018-12-19 14:26:39+00:00
request for payment 184646,Request For Payment FINAL_APPROVED by SUPERVISOR,STAFF MEMBER,2018-12-19 15:24:05+00:00,2018-12-19 14:27:05+00:00
request for payment 184840,Request For Payment SUBMITTED by EMPLOYEE,STAFF MEMBER,2018-12-19 15:18:17+00:00,2018-12-19 14:27:17+00:00
request for payment 184840,Request For Payment APPROVED by ADMINISTRATION,STAFF MEMBER,2018-12-19 15:06:41+00:00,2018-12-19 14:27:41+00:00
request for payment 173330,Request For Payment SUBMITTED by EMPLOYEE,STAFF MEMBER,2018-12-19 15:10:02+00:00,2018-12-19 14:28:02+00:00
request for payment 173330,Request For Payment APPROVED by ADMINISTRATION,STAFF MEMBER,2018-12-19 15:04:44+00:00,2018-12-19 14:28:44+00:00
request for payment 184641,Request For Payment FINAL_APPROVED by SUPERVISOR,STAFF MEMBER,2018-12-19 15:08:06+00:00,2018-12-19 14:32:06+00:00
request for payment 179058,Request For Payment APPROVED by BUDGET OWNER,STAFF MEMBER,2018-12-19 15:27:52+00:00,2018-12-19 14:33:52+00:00
request for payment 178404,Request For Payment FINAL_APPROVED by SUPERVISOR,STAFF MEMBER,2018-12-19 15:14:36+00:00,2018-12-19 14:34:36+00:00
request for payment 172662,Request For Payment FINAL_APPROVED by SUPERVISOR,STAFF MEMBER,2018-12-19 15:16:15+00:00,2018-12-19 14:42:15+00:00
request for payment 185234,Request For Payment APPROVED by BUDGET OWNER,STAFF MEMBER,2018-12-19 15:15:06+00:00,2018-12-19 14:43:06+00:00
request for payment 185246,Request For Payment SUBMITTED by EMPLOYEE,STAFF MEMBER,2018-12-19 15:29:47+00:00,2018-12-19 14:48:47+00:00
request for payment 185246,Request For Payment APPROVED by ADMINISTRATION,STAFF MEMBER,2018-12-19 15:23:12+00:00,2018-12-19 14:49:12+00:00
request for payment 185251,Request For Payment SUBMITTED by EMPLOYEE,STAFF MEMBER,2018-12-19 15:44:04+00:00,2018-12-19 15:11:04+00:00
request for payment 185251,Request For Payment APPROVED by ADMINISTRATION,STAFF MEMBER,2018-12-19 15:53:47+00:00,2018-12-19 15:11:47+00:00
request for payment 184690,Request For Payment SUBMITTED by EMPLOYEE,STAFF MEMBER,2018-12-19 16:26:35+00:00,2018-12-19 15:41:35+00:00
request for payment 184690,Request For Payment APPROVED by ADMINISTRATION,STAFF MEMBER,2018-12-19 16:22:40+00:00,2018-12-19 15:41:40+00:00
request for payment 185010,Request For Payment SUBMITTED by EMPLOYEE,STAFF MEMBER,2018-12-19 16:19:01+00:00,2018-12-19 15:47:01+00:00
request for payment 184265,Request For Payment FINAL_APPROVED by SUPERVISOR,STAFF MEMBER,2018-12-19 17:01:01+00:00,2018-12-19 16:07:01+00:00
request for payment 172614,Request For Payment APPROVED by BUDGET OWNER,STAFF MEMBER,2018-12-19 16:38:00+00:00,2018-12-19 16:08:00+00:00
request for payment 178667,Request For Payment FINAL_APPROVED by SUPERVISOR,STAFF MEMBER,2018-12-19 17:08:40+00:00,2018-12-19 16:17:40+00:00
request for payment 178379,Request For Payment APPROVED by BUDGET OWNER,STAFF MEMBER,2018-12-19 17:15:34+00:00,2018-12-19 16:19:34+00:00
request for payment 184635,Request For Payment APPROVED by BUDGET OWNER,STAFF MEMBER,2018-12-19 16:54:53+00:00,2018-12-19 16:19:53+00:00
request for payment 185256,Request For Payment SUBMITTED by EMPLOYEE,STAFF MEMBER,2018-12-19 17:18:04+00:00,2018-12-19 16:21:04+00:00
request for payment 185256,Request For Payment APPROVED by ADMINISTRATION,STAFF MEMBER,2018-12-19 17:11:06+00:00,2018-12-19 16:21:06+00:00
request for payment 178689,Request For Payment FINAL_APPROVED by SUPERVISOR,STAFF MEMBER,2018-12-19 17:09:16+00:00,2018-12-19 16:21:16+00:00
request for payment 184840,Request For Payment FINAL_APPROVED by SUPERVISOR,STAFF MEMBER,2018-12-19 16:59:14+00:00,2018-12-19 16:24:14+00:00
request for payment 178385,Request For Payment FINAL_APPROVED by SUPERVISOR,STAFF MEMBER,2018-12-19 17:11:46+00:00,2018-12-19 16:24:46+00:00
request for payment 185170,Request For Payment FINAL_APPROVED by SUPERVISOR,STAFF MEMBER,2018-12-19 17:05:19+00:00,2018-12-19 16:26:19+00:00
request for payment 178396,Request For Payment REJECTED by EMPLOYEE,STAFF MEMBER,2018-12-19 17:13:21+00:00,2018-12-19 16:26:21+00:00
request for payment 185223,Request For Payment FINAL_APPROVED by SUPERVISOR,STAFF MEMBER,2018-12-19 17:15:49+00:00,2018-12-19 16:26:49+00:00
request for payment 185228,Request For Payment APPROVED by BUDGET OWNER,STAFF MEMBER,2018-12-19 17:14:54+00:00,2018-12-19 16:27:54+00:00
request for payment 185240,Request For Payment APPROVED by BUDGET OWNER,STAFF MEMBER,2018-12-19 17:08:43+00:00,2018-12-19 16:28:43+00:00
request for payment 185068,Request For Payment APPROVED by BUDGET OWNER,STAFF MEMBER,2018-12-19 17:06:09+00:00,2018-12-19 16:29:09+00:00
request for payment 184651,Request For Payment SUBMITTED by EMPLOYEE,STAFF MEMBER,2018-12-19 17:19:50+00:00,2018-12-19 16:30:50+00:00
request for payment 184651,Request For Payment APPROVED by ADMINISTRATION,STAFF MEMBER,2018-12-19 17:02:58+00:00,2018-12-19 16:30:58+00:00
request for payment 185006,Request For Payment REJECTED by EMPLOYEE,STAFF MEMBER,2018-12-19 17:20:35+00:00,2018-12-19 16:31:35+00:00
request for payment 184823,Request For Payment APPROVED by BUDGET OWNER,STAFF MEMBER,2018-12-19 17:09:50+00:00,2018-12-19 16:33:50+00:00
request for payment 184829,Request For Payment APPROVED by BUDGET OWNER,STAFF MEMBER,2018-12-19 17:19:28+00:00,2018-12-19 16:35:28+00:00
request for payment 184835,Request For Payment FINAL_APPROVED by SUPERVISOR,STAFF MEMBER,2018-12-19 17:22:13+00:00,2018-12-19 16:37:13+00:00
request for payment 185251,Request For Payment FINAL_APPROVED by SUPERVISOR,STAFF MEMBER,2018-12-19 17:10:53+00:00,2018-12-19 16:37:53+00:00
request for payment 185246,Request For Payment FINAL_APPROVED by SUPERVISOR,STAFF MEMBER,2018-12-19 17:31:09+00:00,2018-12-19 16:39:09+00:00
request for payment 184483,Request For Payment FINAL_APPROVED by SUPERVISOR,STAFF MEMBER,2018-12-19 17:17:01+00:00,2018-12-19 16:40:01+00:00
request for payment 184488,Request For Payment FINAL_APPROVED by SUPERVISOR,STAFF MEMBER,2018-12-19 17:32:15+00:00,2018-12-19 16:41:15+00:00
request for payment 178462,Request For Payment APPROVED by BUDGET OWNER,STAFF MEMBER,2018-12-19 17:12:05+00:00,2018-12-19 16:42:05+00:00
request for payment 178396,Request For Payment SUBMITTED by EMPLOYEE,STAFF MEMBER,2018-12-19 18:24:26+00:00,2018-12-19 17:36:26+00:00
request for payment 173295,Request Payment,SYSTEM,2018-12-19 18:52:35+00:00,2018-12-19 18:13:35+00:00
request for payment 178667,Request Payment,SYSTEM,2018-12-19 18:58:36+00:00,2018-12-19 18:13:36+00:00
request for payment 185170,Request Payment,SYSTEM,2018-12-19 19:15:21+00:00,2018-12-19 18:24:21+00:00
request for payment 185301,Request For Payment SUBMITTED by EMPLOYEE,STAFF MEMBER,2018-12-19 19:43:56+00:00,2018-12-19 19:02:56+00:00
request for payment 185301,Request For Payment APPROVED by ADMINISTRATION,STAFF MEMBER,2018-12-19 19:52:34+00:00,2018-12-19 19:05:34+00:00
request for payment 172417,Request For Payment FINAL_APPROVED by SUPERVISOR,STAFF MEMBER,2018-12-19 20:31:41+00:00,2018-12-19 19:41:41+00:00
request for payment 179174,Request For Payment FINAL_APPROVED by SUPERVISOR,STAFF MEMBER,2018-12-19 20:18:47+00:00,2018-12-19 19:42:47+00:00
request for payment 183873,Request Payment,SYSTEM,2018-12-19 20:45:39+00:00,2018-12-19 20:14:39+00:00
request for payment 185074,Request For Payment SUBMITTED by EMPLOYEE,STAFF MEMBER,2018-12-19 21:49:11+00:00,2018-12-19 21:10:11+00:00
request for payment 185074,Request For Payment APPROVED by ADMINISTRATION,STAFF MEMBER,2018-12-19 21:48:14+00:00,2018-12-19 21:10:14+00:00
request for payment 185079,Request For Payment SUBMITTED by EMPLOYEE,STAFF MEMBER,2018-12-19 21:54:43+00:00,2018-12-19 21:13:43+00:00
request for payment 185079,Request For Payment APPROVED by ADMINISTRATION,STAFF MEMBER,2018-12-19 22:04:04+00:00,2018-12-19 21:14:04+00:00
request for payment 179672,Request Payment,SYSTEM,2018-12-19 21:52:14+00:00,2018-12-19 21:16:14+00:00
request for payment 171735,Request Payment,SYSTEM,2018-12-19 21:57:16+00:00,2018-12-19 21:16:16+00:00
request for payment 185084,Request For Payment SUBMITTED by EMPLOYEE,STAFF MEMBER,2018-12-19 21:52:24+00:00,2018-12-19 21:18:24+00:00
request for payment 185084,Request For Payment APPROVED by ADMINISTRATION,STAFF MEMBER,2018-12-19 21:58:45+00:00,2018-12-19 21:19:45+00:00
request for payment 179169,Request Payment,SYSTEM,2018-12-19 22:05:06+00:00,2018-12-19 21:20:06+00:00
request for payment 185089,Request For Payment SUBMITTED by EMPLOYEE,STAFF MEMBER,2018-12-19 23:30:44+00:00,2018-12-19 22:37:44+00:00
request for payment 174306,Request For Payment APPROVED by ADMINISTRATION,STAFF MEMBER,2018-12-20 02:35:57+00:00,2018-12-20 01:42:57+00:00
request for payment 171809,Request For Payment FINAL_APPROVED by SUPERVISOR,STAFF MEMBER,2018-12-20 05:12:19+00:00,2018-12-20 04:15:19+00:00
request for payment 174145,Request For Payment FINAL_APPROVED by SUPERVISOR,STAFF MEMBER,2018-12-20 05:13:19+00:00,2018-12-20 04:15:19+00:00
request for payment 178724,Request For Payment FINAL_APPROVED by SUPERVISOR,STAFF MEMBER,2018-12-20 05:14:19+00:00,2018-12-20 04:15:19+00:00
request for payment 184823,Request For Payment FINAL_APPROVED by SUPERVISOR,STAFF MEMBER,2018-12-20 05:35:04+00:00,2018-12-20 04:36:04+00:00
request for payment 184829,Request For Payment FINAL_APPROVED by SUPERVISOR,STAFF MEMBER,2018-12-20 05:35:02+00:00,2018-12-20 04:40:02+00:00
request for payment 178619,Request Payment,SYSTEM,2018-12-20 06:44:15+00:00,2018-12-20 06:03:15+00:00
request for payment 179022,Request Payment,SYSTEM,2018-12-20 07:09:56+00:00,2018-12-20 06:13:56+00:00
request for payment 179048,Request For Payment FINAL_APPROVED by SUPERVISOR,STAFF MEMBER,2018-12-20 07:41:44+00:00,2018-12-20 06:54:44+00:00
request for payment 184651,Request For Payment FINAL_APPROVED by SUPERVISOR,STAFF MEMBER,2018-12-20 07:33:32+00:00,2018-12-20 06:55:32+00:00
request for payment 179053,Request For Payment FINAL_APPROVED by SUPERVISOR,STAFF MEMBER,2018-12-20 07:39:54+00:00,2018-12-20 06:56:54+00:00
request for payment 178452,Request For Payment FINAL_APPROVED by SUPERVISOR,STAFF MEMBER,2018-12-20 07:47:41+00:00,2018-12-20 06:57:41+00:00
request for payment 172183,Request Payment,SYSTEM,2018-12-20 08:12:28+00:00,2018-12-20 07:17:28+00:00
request for payment 184488,Request Payment,SYSTEM,2018-12-20 08:10:03+00:00,2018-12-20 07:25:03+00:00
request for payment 184483,Request Payment,SYSTEM,2018-12-20 08:12:10+00:00,2018-12-20 07:25:10+00:00
request for payment 173283,Request For Payment FINAL_APPROVED by SUPERVISOR,STAFF MEMBER,2018-12-20 08:19:08+00:00,2018-12-20 07:30:08+00:00
request for payment 185138,Request For Payment SUBMITTED by EMPLOYEE,STAFF MEMBER,2018-12-20 08:30:37+00:00,2018-12-20 07:34:37+00:00
request for payment 185138,Request For Payment APPROVED by ADMINISTRATION,STAFF MEMBER,2018-12-20 08:29:40+00:00,2018-12-20 07:34:40+00:00
request for payment 184817,Request For Payment APPROVED by BUDGET OWNER,STAFF MEMBER,2018-12-20 08:15:26+00:00,2018-12-20 07:37:26+00:00
request for payment 178390,Request For Payment APPROVED by BUDGET OWNER,STAFF MEMBER,2018-12-20 08:13:08+00:00,2018-12-20 07:40:08+00:00
request for payment 172620,Request For Payment APPROVED by BUDGET OWNER,STAFF MEMBER,2018-12-20 08:23:23+00:00,2018-12-20 07:41:23+00:00
request for payment 172626,Request For Payment APPROVED by BUDGET OWNER,STAFF MEMBER,2018-12-20 08:24:32+00:00,2018-12-20 07:42:32+00:00
request for payment 177664,Request For Payment FINAL_APPROVED by SUPERVISOR,STAFF MEMBER,2018-12-20 08:28:09+00:00,2018-12-20 07:45:09+00:00
request for payment 185246,Request Payment,SYSTEM,2018-12-20 08:42:31+00:00,2018-12-20 07:45:31+00:00
request for payment 185143,Request For Payment SUBMITTED by EMPLOYEE,STAFF MEMBER,2018-12-20 08:26:42+00:00,2018-12-20 07:45:42+00:00
request for payment 172261,Request For Payment FINAL_APPROVED by SUPERVISOR,STAFF MEMBER,2018-12-20 08:39:44+00:00,2018-12-20 07:46:44+00:00
request for payment 185143,Request For Payment APPROVED by ADMINISTRATION,STAFF MEMBER,2018-12-20 08:35:05+00:00,2018-12-20 07:47:05+00:00
request for payment 173319,Request Payment,SYSTEM,2018-12-20 08:33:43+00:00,2018-12-20 07:50:43+00:00
request for payment 179011,Request For Payment FINAL_APPROVED by SUPERVISOR,STAFF MEMBER,2018-12-20 09:01:18+00:00,2018-12-20 08:01:18+00:00
request for payment 178659,Request Payment,SYSTEM,2018-12-20 08:53:36+00:00,2018-12-20 08:04:36+00:00
request for payment 184656,Request For Payment SUBMITTED by EMPLOYEE,STAFF MEMBER,2018-12-20 08:56:06+00:00,2018-12-20 08:08:06+00:00
request for payment 178597,Request For Payment FINAL_APPROVED by SUPERVISOR,STAFF MEMBER,2018-12-20 08:45:09+00:00,2018-12-20 08:08:09+00:00
request for payment 184656,Request For Payment APPROVED by ADMINISTRATION,STAFF MEMBER,2018-12-20 08:52:22+00:00,2018-12-20 08:08:22+00:00
request for payment 184635,Request For Payment FINAL_APPROVED by SUPERVISOR,STAFF MEMBER,2018-12-20 08:41:53+00:00,2018-12-20 08:08:53+00:00
request for payment 185301,Request For Payment FINAL_APPROVED by SUPERVISOR,STAFF MEMBER,2018-12-20 08:54:26+00:00,2018-12-20 08:14:26+00:00
request for payment 185261,Request For Payment SUBMITTED by EMPLOYEE,STAFF MEMBER,2018-12-20 09:20:51+00:00,2018-12-20 08:22:51+00:00
request for payment 184646,Request Payment,SYSTEM,2018-12-20 09:20:52+00:00,2018-12-20 08:22:52+00:00
request for payment 184641,Request Payment,SYSTEM,2018-12-20 08:55:53+00:00,2018-12-20 08:22:53+00:00
request for payment 185301,Request Payment,SYSTEM,2018-12-20 09:14:54+00:00,2018-12-20 08:22:54+00:00
request for payment 184723,Request Payment,SYSTEM,2018-12-20 08:59:55+00:00,2018-12-20 08:22:55+00:00
request for payment 185261,Request For Payment APPROVED by ADMINISTRATION,STAFF MEMBER,2018-12-20 09:15:59+00:00,2018-12-20 08:26:59+00:00
request for payment 179058,Request For Payment FINAL_APPROVED by SUPERVISOR,STAFF MEMBER,2018-12-20 09:14:51+00:00,2018-12-20 08:29:51+00:00
request for payment 179058,Request Payment,SYSTEM,2018-12-20 09:31:30+00:00,2018-12-20 08:32:30+00:00
request for payment 185143,Request For Payment FINAL_APPROVED by SUPERVISOR,STAFF MEMBER,2018-12-20 09:16:08+00:00,2018-12-20 08:37:08+00:00
request for payment 185186,Request For Payment SUBMITTED by EMPLOYEE,STAFF MEMBER,2018-12-20 09:17:34+00:00,2018-12-20 08:40:34+00:00
request for payment 185186,Request For Payment REJECTED by ADMINISTRATION,STAFF MEMBER,2018-12-20 09:26:25+00:00,2018-12-20 08:41:25+00:00
request for payment 173780,Request Payment,SYSTEM,2018-12-20 09:29:56+00:00,2018-12-20 08:43:56+00:00
request for payment 178597,Request Payment,SYSTEM,2018-12-20 09:31:20+00:00,2018-12-20 08:48:20+00:00
request for payment 184635,Request Payment,SYSTEM,2018-12-20 09:45:29+00:00,2018-12-20 08:48:29+00:00
request for payment 178642,Request Payment,SYSTEM,2018-12-20 09:49:32+00:00,2018-12-20 08:49:32+00:00
request for payment 171966,Request Payment,SYSTEM,2018-12-20 09:47:44+00:00,2018-12-20 08:50:44+00:00
request for payment 184511,Request Payment,SYSTEM,2018-12-20 09:50:45+00:00,2018-12-20 08:50:45+00:00
request for payment 178672,Request Payment,SYSTEM,2018-12-20 09:47:46+00:00,2018-12-20 08:50:46+00:00
request for payment 179666,Request Payment,SYSTEM,2018-12-20 09:35:48+00:00,2018-12-20 08:50:48+00:00
request for payment 184750,Request For Payment FINAL_APPROVED by SUPERVISOR,STAFF MEMBER,2018-12-20 09:39:04+00:00,2018-12-20 08:52:04+00:00
request for payment 184728,Request For Payment FINAL_APPROVED by SUPERVISOR,STAFF MEMBER,2018-12-20 09:32:41+00:00,2018-12-20 08:57:41+00:00
request for payment 172411,Request Payment,SYSTEM,2018-12-20 09:49:14+00:00,2018-12-20 08:58:14+00:00
request for payment 185218,Request For Payment FINAL_APPROVED by SUPERVISOR,STAFF MEMBER,2018-12-20 09:35:13+00:00,2018-12-20 09:02:13+00:00
request for payment 185318,Request For Payment SUBMITTED by EMPLOYEE,STAFF MEMBER,2018-12-20 09:39:59+00:00,2018-12-20 09:03:59+00:00
request for payment 185318,Request For Payment APPROVED by ADMINISTRATION,STAFF MEMBER,2018-12-20 09:47:05+00:00,2018-12-20 09:04:05+00:00
request for payment 184840,Request Payment,SYSTEM,2018-12-20 09:56:30+00:00,2018-12-20 09:05:30+00:00
request for payment 184656,Request For Payment APPROVED by BUDGET OWNER,STAFF MEMBER,2018-12-20 09:43:32+00:00,2018-12-20 09:07:32+00:00
request for payment 185261,Request For Payment FINAL_APPROVED by SUPERVISOR,STAFF MEMBER,2018-12-20 09:44:27+00:00,2018-12-20 09:08:27+00:00
request for payment 178404,Request Payment,SYSTEM,2018-12-20 09:54:30+00:00,2018-12-20 09:09:30+00:00
request for payment 185143,Request Payment,SYSTEM,2018-12-20 10:03:16+00:00,2018-12-20 09:11:16+00:00
request for payment 185148,Request For Payment SUBMITTED by EMPLOYEE,STAFF MEMBER,2018-12-20 10:03:53+00:00,2018-12-20 09:11:53+00:00
request for payment 185148,Request For Payment APPROVED by ADMINISTRATION,STAFF MEMBER,2018-12-20 09:48:02+00:00,2018-12-20 09:12:02+00:00
request for payment 173330,Request For Payment FINAL_APPROVED by SUPERVISOR,STAFF MEMBER,2018-12-20 10:09:39+00:00,2018-12-20 09:12:39+00:00
request for payment 185324,Request For Payment SUBMITTED by EMPLOYEE,STAFF MEMBER,2018-12-20 09:59:17+00:00,2018-12-20 09:13:17+00:00
request for payment 185324,Request For Payment APPROVED by ADMINISTRATION,STAFF MEMBER,2018-12-20 10:12:21+00:00,2018-12-20 09:13:21+00:00
request for payment 178177,Request Payment,SYSTEM,2018-12-20 10:14:01+00:00,2018-12-20 09:15:01+00:00
request for payment 173289,Request Payment,SYSTEM,2018-12-20 09:50:43+00:00,2018-12-20 09:15:43+00:00
request for payment 173271,Request Payment,SYSTEM,2018-12-20 10:08:51+00:00,2018-12-20 09:15:51+00:00
request for payment 178683,Request Payment,SYSTEM,2018-12-20 09:48:53+00:00,2018-12-20 09:15:53+00:00
request for payment 185329,Request For Payment SUBMITTED by EMPLOYEE,STAFF MEMBER,2018-12-20 10:20:46+00:00,2018-12-20 09:21:46+00:00
request for payment 185329,Request For Payment APPROVED by ADMINISTRATION,STAFF MEMBER,2018-12-20 09:52:50+00:00,2018-12-20 09:21:50+00:00
request for payment 178689,Request Payment,SYSTEM,2018-12-20 10:11:50+00:00,2018-12-20 09:24:50+00:00
request for payment 184845,Request For Payment SUBMITTED by EMPLOYEE,STAFF MEMBER,2018-12-20 10:13:10+00:00,2018-12-20 09:26:10+00:00
request for payment 184845,Request For Payment APPROVED by ADMINISTRATION,STAFF MEMBER,2018-12-20 10:24:12+00:00,2018-12-20 09:26:12+00:00
request for payment 184852,Request For Payment SUBMITTED by EMPLOYEE,STAFF MEMBER,2018-12-20 09:58:18+00:00,2018-12-20 09:26:18+00:00
request for payment 184852,Request For Payment APPROVED by ADMINISTRATION,STAFF MEMBER,2018-12-20 10:07:20+00:00,2018-12-20 09:26:20+00:00
request for payment 184738,Request For Payment APPROVED by BUDGET OWNER,STAFF MEMBER,2018-12-20 10:04:00+00:00,2018-12-20 09:27:00+00:00
request for payment 185291,Request For Payment FINAL_APPROVED by SUPERVISOR,STAFF MEMBER,2018-12-20 10:10:25+00:00,2018-12-20 09:28:25+00:00
request for payment 184857,Request For Payment SUBMITTED by EMPLOYEE,STAFF MEMBER,2018-12-20 10:18:11+00:00,2018-12-20 09:31:11+00:00
request for payment 184857,Request For Payment APPROVED by ADMINISTRATION,STAFF MEMBER,2018-12-20 10:16:16+00:00,2018-12-20 09:31:16+00:00
request for payment 184430,Request For Payment FINAL_APPROVED by SUPERVISOR,STAFF MEMBER,2018-12-20 10:27:23+00:00,2018-12-20 09:31:23+00:00
request for payment 172194,Request For Payment FINAL_APPROVED by SUPERVISOR,STAFF MEMBER,2018-12-20 10:10:15+00:00,2018-12-20 09:33:15+00:00
request for payment 172035,Request For Payment FINAL_APPROVED by SUPERVISOR,STAFF MEMBER,2018-12-20 10:20:54+00:00,2018-12-20 09:33:54+00:00
request for payment 184285,Request Payment,SYSTEM,2018-12-20 10:33:00+00:00,2018-12-20 09:38:00+00:00
request for payment 185148,Request For Payment FINAL_APPROVED by SUPERVISOR,STAFF MEMBER,2018-12-20 10:22:05+00:00,2018-12-20 09:45:05+00:00
request for payment 184845,Request For Payment APPROVED by BUDGET OWNER,STAFF MEMBER,2018-12-20 10:22:16+00:00,2018-12-20 09:47:16+00:00
request for payment 174306,Request For Payment FINAL_APPROVED by SUPERVISOR,STAFF MEMBER,2018-12-20 10:51:30+00:00,2018-12-20 09:53:30+00:00
request for payment 185291,Request Payment,SYSTEM,2018-12-20 10:43:34+00:00,2018-12-20 09:58:34+00:00
request for payment 178713,Request For Payment FINAL_APPROVED by SUPERVISOR,STAFF MEMBER,2018-12-20 10:57:32+00:00,2018-12-20 10:06:32+00:00
request for payment 185206,Request For Payment FINAL_APPROVED by SUPERVISOR,STAFF MEMBER,2018-12-20 10:51:49+00:00,2018-12-20 10:06:49+00:00
request for payment 185228,Request For Payment FINAL_APPROVED by SUPERVISOR,STAFF MEMBER,2018-12-20 10:44:05+00:00,2018-12-20 10:07:05+00:00
request for payment 185212,Request For Payment FINAL_APPROVED by SUPERVISOR,STAFF MEMBER,2018-12-20 10:42:26+00:00,2018-12-20 10:07:26+00:00
request for payment 172638,Request For Payment FINAL_APPROVED by SUPERVISOR,STAFF MEMBER,2018-12-20 10:56:06+00:00,2018-12-20 10:08:06+00:00
request for payment 172638,Request Payment,SYSTEM,2018-12-20 11:06:07+00:00,2018-12-20 10:08:07+00:00
request for payment 177664,Request Payment,SYSTEM,2018-12-20 11:01:04+00:00,2018-12-20 10:10:04+00:00
request for payment 172261,Request Payment,SYSTEM,2018-12-20 10:57:58+00:00,2018-12-20 10:10:58+00:00
request for payment 178379,Request For Payment FINAL_APPROVED by SUPERVISOR,STAFF MEMBER,2018-12-20 10:56:22+00:00,2018-12-20 10:12:22+00:00
request for payment 178573,Request Payment,SYSTEM,2018-12-20 11:05:25+00:00,2018-12-20 10:13:25+00:00
request for payment 185195,Request For Payment SUBMITTED by EMPLOYEE,STAFF MEMBER,2018-12-20 11:26:45+00:00,2018-12-20 10:30:45+00:00
request for payment 185195,Request For Payment APPROVED by ADMINISTRATION,STAFF MEMBER,2018-12-20 11:17:51+00:00,2018-12-20 10:30:51+00:00
request for payment 184171,Request Payment,SYSTEM,2018-12-20 11:05:29+00:00,2018-12-20 10:32:29+00:00
request for payment 184777,Request For Payment SUBMITTED by EMPLOYEE,STAFF MEMBER,2018-12-20 11:34:09+00:00,2018-12-20 10:43:09+00:00
request for payment 184777,Request For Payment APPROVED by ADMINISTRATION,STAFF MEMBER,2018-12-20 11:15:35+00:00,2018-12-20 10:43:35+00:00
request for payment 184766,Request For Payment SUBMITTED by EMPLOYEE,STAFF MEMBER,2018-12-20 11:50:53+00:00,2018-12-20 10:58:53+00:00
request for payment 184766,Request For Payment APPROVED by ADMINISTRATION,STAFF MEMBER,2018-12-20 11:37:56+00:00,2018-12-20 10:58:56+00:00
request for payment 179968,Request Payment,SYSTEM,2018-12-20 12:17:01+00:00,2018-12-20 11:23:01+00:00
request for payment 173330,Request Payment,SYSTEM,2018-12-20 12:09:40+00:00,2018-12-20 11:36:40+00:00
request for payment 172656,Request For Payment FINAL_APPROVED by SUPERVISOR,STAFF MEMBER,2018-12-20 12:43:29+00:00,2018-12-20 11:50:29+00:00
request for payment 178648,Request For Payment FINAL_APPROVED by SUPERVISOR,STAFF MEMBER,2018-12-20 12:39:36+00:00,2018-12-20 11:50:36+00:00
request for payment 184805,Request For Payment SUBMITTED by EMPLOYEE,STAFF MEMBER,2018-12-20 12:29:33+00:00,2018-12-20 11:53:33+00:00
request for payment 184805,Request For Payment APPROVED by ADMINISTRATION,STAFF MEMBER,2018-12-20 12:52:36+00:00,2018-12-20 11:53:36+00:00
request for payment 184811,Request For Payment SUBMITTED by EMPLOYEE,STAFF MEMBER,2018-12-20 12:49:43+00:00,2018-12-20 11:54:43+00:00
request for payment 184811,Request For Payment APPROVED by ADMINISTRATION,STAFF MEMBER,2018-12-20 12:49:44+00:00,2018-12-20 11:54:44+00:00
request for payment 184845,Request For Payment FINAL_APPROVED by SUPERVISOR,STAFF MEMBER,2018-12-20 12:56:57+00:00,2018-12-20 12:01:57+00:00
request for payment 184501,Request Payment,SYSTEM,2018-12-20 12:53:33+00:00,2018-12-20 12:03:33+00:00
request for payment 172644,Request Payment,SYSTEM,2018-12-20 12:40:57+00:00,2018-12-20 12:03:57+00:00
request for payment 184783,Request For Payment SUBMITTED by EMPLOYEE,STAFF MEMBER,2018-12-20 12:53:47+00:00,2018-12-20 12:07:47+00:00
request for payment 184783,Request For Payment APPROVED by ADMINISTRATION,STAFF MEMBER,2018-12-20 12:56:41+00:00,2018-12-20 12:08:41+00:00
request for payment 179005,Request For Payment FINAL_APPROVED by SUPERVISOR,STAFF MEMBER,2018-12-20 13:15:07+00:00,2018-12-20 12:19:07+00:00
request for payment 184788,Request For Payment SUBMITTED by EMPLOYEE,STAFF MEMBER,2018-12-20 13:03:18+00:00,2018-12-20 12:20:18+00:00
request for payment 184788,Request For Payment APPROVED by ADMINISTRATION,STAFF MEMBER,2018-12-20 13:11:20+00:00,2018-12-20 12:20:20+00:00
request for payment 184793,Request For Payment SUBMITTED by EMPLOYEE,STAFF MEMBER,2018-12-20 13:12:30+00:00,2018-12-20 12:34:30+00:00
request for payment 184793,Request For Payment APPROVED by ADMINISTRATION,STAFF MEMBER,2018-12-20 13:37:19+00:00,2018-12-20 12:40:19+00:00
request for payment 185153,Request For Payment SUBMITTED by EMPLOYEE,STAFF MEMBER,2018-12-20 13:23:56+00:00,2018-12-20 12:51:56+00:00
request for payment 185153,Request For Payment APPROVED by ADMINISTRATION,STAFF MEMBER,2018-12-20 13:45:09+00:00,2018-12-20 12:52:09+00:00
request for payment 183463,Request For Payment REJECTED by EMPLOYEE,STAFF MEMBER,2018-12-20 13:47:14+00:00,2018-12-20 12:54:14+00:00
request for payment 184799,Request For Payment SUBMITTED by EMPLOYEE,STAFF MEMBER,2018-12-20 13:53:51+00:00,2018-12-20 12:54:51+00:00
request for payment 184799,Request For Payment APPROVED by ADMINISTRATION,STAFF MEMBER,2018-12-20 13:29:54+00:00,2018-12-20 12:54:54+00:00
request for payment 185234,Request For Payment FINAL_APPROVED by SUPERVISOR,STAFF MEMBER,2018-12-20 13:31:45+00:00,2018-12-20 12:57:45+00:00
request for payment 185234,Request Payment,SYSTEM,2018-12-20 13:36:46+00:00,2018-12-20 12:57:46+00:00
request for payment 172608,Request For Payment FINAL_APPROVED by SUPERVISOR,STAFF MEMBER,2018-12-20 13:40:49+00:00,2018-12-20 12:57:49+00:00
request for payment 184718,Request Payment,SYSTEM,2018-12-20 13:56:49+00:00,2018-12-20 12:57:49+00:00
request for payment 172608,Request Payment,SYSTEM,2018-12-20 13:45:50+00:00,2018-12-20 12:57:50+00:00
request for payment 178414,Request For Payment FINAL_APPROVED by SUPERVISOR,STAFF MEMBER,2018-12-20 13:42:52+00:00,2018-12-20 12:57:52+00:00
request for payment 178414,Request Payment,SYSTEM,2018-12-20 13:35:53+00:00,2018-12-20 12:57:53+00:00
request for payment 184712,Request For Payment FINAL_APPROVED by SUPERVISOR,STAFF MEMBER,2018-12-20 13:41:10+00:00,2018-12-20 12:58:10+00:00
request for payment 184712,Request Payment,SYSTEM,2018-12-20 13:45:11+00:00,2018-12-20 12:58:11+00:00
request for payment 173313,Request For Payment FINAL_APPROVED by SUPERVISOR,STAFF MEMBER,2018-12-20 13:56:27+00:00,2018-12-20 12:58:27+00:00
request for payment 173313,Request Payment,SYSTEM,2018-12-20 13:46:28+00:00,2018-12-20 12:58:28+00:00
request for payment 185186,Request For Payment REJECTED by EMPLOYEE,STAFF MEMBER,2018-12-20 13:49:25+00:00,2018-12-20 13:03:25+00:00
request for payment 184772,Request For Payment SUBMITTED by EMPLOYEE,STAFF MEMBER,2018-12-20 14:04:55+00:00,2018-12-20 13:05:55+00:00
request for payment 184772,Request For Payment APPROVED by ADMINISTRATION,STAFF MEMBER,2018-12-20 13:39:19+00:00,2018-12-20 13:07:19+00:00
request for payment 185186,Request For Payment SUBMITTED by EMPLOYEE,STAFF MEMBER,2018-12-20 13:54:26+00:00,2018-12-20 13:07:26+00:00
request for payment 185186,Request For Payment APPROVED by ADMINISTRATION,STAFF MEMBER,2018-12-20 13:37:29+00:00,2018-12-20 13:07:29+00:00
request for payment 184733,Request For Payment FINAL_APPROVED by SUPERVISOR,STAFF MEMBER,2018-12-20 13:42:40+00:00,2018-12-20 13:10:40+00:00
request for payment 184728,Request Payment,SYSTEM,2018-12-20 14:15:57+00:00,2018-12-20 13:15:57+00:00
request for payment 179017,Request For Payment FINAL_APPROVED by SUPERVISOR,STAFF MEMBER,2018-12-20 13:57:14+00:00,2018-12-20 13:18:14+00:00
request for payment 185186,Request For Payment APPROVED by BUDGET OWNER,STAFF MEMBER,2018-12-20 13:57:31+00:00,2018-12-20 13:20:31+00:00
request for payment 184651,Request Payment,SYSTEM,2018-12-20 14:06:23+00:00,2018-12-20 13:22:23+00:00
request for payment 185175,Request For Payment SUBMITTED by EMPLOYEE,STAFF MEMBER,2018-12-20 14:23:28+00:00,2018-12-20 13:27:28+00:00
request for payment 185175,Request For Payment APPROVED by ADMINISTRATION,STAFF MEMBER,2018-12-20 14:09:30+00:00,2018-12-20 13:27:30+00:00
request for payment 184772,Request For Payment FINAL_APPROVED by SUPERVISOR,STAFF MEMBER,2018-12-20 14:06:34+00:00,2018-12-20 13:27:34+00:00
request for payment 172284,Request For Payment FINAL_APPROVED by SUPERVISOR,STAFF MEMBER,2018-12-20 14:06:28+00:00,2018-12-20 13:32:28+00:00
request for payment 172284,Request Payment,SYSTEM,2018-12-20 14:05:29+00:00,2018-12-20 13:32:29+00:00
request for payment 179037,Request For Payment FINAL_APPROVED by SUPERVISOR,STAFF MEMBER,2018-12-20 14:13:41+00:00,2018-12-20 13:32:41+00:00
request for payment 179037,Request Payment,SYSTEM,2018-12-20 14:14:42+00:00,2018-12-20 13:32:42+00:00
request for payment 185164,Request For Payment SUBMITTED by EMPLOYEE,STAFF MEMBER,2018-12-20 14:14:50+00:00,2018-12-20 13:36:50+00:00
request for payment 185164,Request For Payment APPROVED by ADMINISTRATION,STAFF MEMBER,2018-12-20 14:36:03+00:00,2018-12-20 13:38:03+00:00
request for payment 184863,Request For Payment SUBMITTED by EMPLOYEE,STAFF MEMBER,2018-12-20 14:45:01+00:00,2018-12-20 14:07:01+00:00
request for payment 184863,Request For Payment APPROVED by ADMINISTRATION,STAFF MEMBER,2018-12-20 15:06:35+00:00,2018-12-20 14:08:35+00:00
request for payment 185200,Request For Payment SUBMITTED by EMPLOYEE,STAFF MEMBER,2018-12-20 14:57:53+00:00,2018-12-20 14:09:53+00:00
request for payment 184695,Request For Payment SUBMITTED by EMPLOYEE,STAFF MEMBER,2018-12-20 14:44:53+00:00,2018-12-20 14:11:53+00:00
request for payment 184695,Request For Payment APPROVED by ADMINISTRATION,STAFF MEMBER,2018-12-20 14:43:01+00:00,2018-12-20 14:12:01+00:00
request for payment 184628,Request For Payment FINAL_APPROVED by SUPERVISOR,STAFF MEMBER,2018-12-20 14:47:02+00:00,2018-12-20 14:13:02+00:00
request for payment 185200,Request For Payment APPROVED by ADMINISTRATION,STAFF MEMBER,2018-12-20 15:05:58+00:00,2018-12-20 14:17:58+00:00
request for payment 184869,Request For Payment SUBMITTED by EMPLOYEE,STAFF MEMBER,2018-12-20 15:02:09+00:00,2018-12-20 14:22:09+00:00
request for payment 184869,Request For Payment APPROVED by ADMINISTRATION,STAFF MEMBER,2018-12-20 15:07:15+00:00,2018-12-20 14:22:15+00:00
request for payment 184700,Request For Payment SUBMITTED by EMPLOYEE,STAFF MEMBER,2018-12-20 15:20:20+00:00,2018-12-20 14:22:20+00:00
request for payment 174145,Request Payment,SYSTEM,2018-12-20 15:01:46+00:00,2018-12-20 14:26:46+00:00
request for payment 171809,Request Payment,SYSTEM,2018-12-20 15:04:19+00:00,2018-12-20 14:27:19+00:00
request for payment 184875,Request For Payment SUBMITTED by EMPLOYEE,STAFF MEMBER,2018-12-20 15:47:59+00:00,2018-12-20 15:07:59+00:00
request for payment 184875,Request For Payment APPROVED by ADMINISTRATION,STAFF MEMBER,2018-12-20 15:43:05+00:00,2018-12-20 15:08:05+00:00
request for payment 178591,Request Payment,SYSTEM,2018-12-20 16:10:24+00:00,2018-12-20 15:10:24+00:00
request for payment 184755,Request For Payment SUBMITTED by EMPLOYEE,STAFF MEMBER,2018-12-20 15:59:40+00:00,2018-12-20 15:10:40+00:00
request for payment 184755,Request For Payment APPROVED by ADMINISTRATION,STAFF MEMBER,2018-12-20 15:53:43+00:00,2018-12-20 15:10:43+00:00
request for payment 177154,Request Payment,SYSTEM,2018-12-20 15:59:45+00:00,2018-12-20 15:24:45+00:00
request for payment 178457,Request Payment,SYSTEM,2018-12-20 16:38:40+00:00,2018-12-20 15:40:40+00:00
request for payment 178468,Request Payment,SYSTEM,2018-12-20 16:38:41+00:00,2018-12-20 15:40:41+00:00
request for payment 184471,Request For Payment FINAL_APPROVED by SUPERVISOR,STAFF MEMBER,2018-12-20 16:49:20+00:00,2018-12-20 15:56:20+00:00
request for payment 184471,Request Payment,SYSTEM,2018-12-20 16:33:21+00:00,2018-12-20 15:56:21+00:00
request for payment 185127,Request For Payment SUBMITTED by EMPLOYEE,STAFF MEMBER,2018-12-20 16:41:53+00:00,2018-12-20 16:02:53+00:00
request for payment 185127,Request For Payment APPROVED by ADMINISTRATION,STAFF MEMBER,2018-12-20 16:39:32+00:00,2018-12-20 16:04:32+00:00
request for payment 179891,Payment Handled,SYSTEM,2018-12-20 17:11:30+00:00,2018-12-20 16:31:30+00:00
request for payment 171982,Payment Handled,SYSTEM,2018-12-20 17:23:30+00:00,2018-12-20 16:31:30+00:00
request for payment 183207,Payment Handled,SYSTEM,2018-12-20 17:11:30+00:00,2018-12-20 16:31:30+00:00
request for payment 179186,Payment Handled,SYSTEM,2018-12-20 17:09:30+00:00,2018-12-20 16:31:30+00:00
request for payment 172868,Payment Handled,SYSTEM,2018-12-20 17:03:30+00:00,2018-12-20 16:31:30+00:00
request for payment 184506,Payment Handled,SYSTEM,2018-12-20 17:03:30+00:00,2018-12-20 16:31:30+00:00
request for payment 178409,Payment Handled,SYSTEM,2018-12-20 17:08:30+00:00,2018-12-20 16:31:30+00:00
request for payment 177678,Payment Handled,SYSTEM,2018-12-20 17:09:30+00:00,2018-12-20 16:31:30+00:00
request for payment 180038,Payment Handled,SYSTEM,2018-12-20 17:09:30+00:00,2018-12-20 16:31:30+00:00
request for payment 172212,Payment Handled,SYSTEM,2018-12-20 17:06:30+00:00,2018-12-20 16:31:30+00:00
request for payment 171928,Payment Handled,SYSTEM,2018-12-20 17:20:30+00:00,2018-12-20 16:31:30+00:00
request for payment 179078,Payment Handled,SYSTEM,2018-12-20 17:08:30+00:00,2018-12-20 16:31:30+00:00
request for payment 172395,Payment Handled,SYSTEM,2018-12-20 17:04:30+00:00,2018-12-20 16:31:30+00:00
request for payment 174127,Payment Handled,SYSTEM,2018-12-20 17:09:30+00:00,2018-12-20 16:31:30+00:00
request for payment 184063,Payment Handled,SYSTEM,2018-12-20 17:28:30+00:00,2018-12-20 16:31:30+00:00
request for payment 172030,Payment Handled,SYSTEM,2018-12-20 17:26:30+00:00,2018-12-20 16:31:30+00:00
request for payment 184455,Payment Handled,SYSTEM,2018-12-20 17:27:30+00:00,2018-12-20 16:31:30+00:00
request for payment 184203,Payment Handled,SYSTEM,2018-12-20 17:26:30+00:00,2018-12-20 16:31:30+00:00
request for payment 176337,Payment Handled,SYSTEM,2018-12-20 17:04:30+00:00,2018-12-20 16:31:30+00:00
request for payment 179974,Payment Handled,SYSTEM,2018-12-20 17:26:30+00:00,2018-12-20 16:31:30+00:00
request for payment 184465,Payment Handled,SYSTEM,2018-12-20 17:26:30+00:00,2018-12-20 16:31:30+00:00
request for payment 172279,Payment Handled,SYSTEM,2018-12-20 17:26:30+00:00,2018-12-20 16:31:30+00:00
request for payment 178444,Payment Handled,SYSTEM,2018-12-20 17:25:30+00:00,2018-12-20 16:31:30+00:00
request for payment 178751,Payment Handled,SYSTEM,2018-12-20 17:25:30+00:00,2018-12-20 16:31:30+00:00
request for payment 179620,Payment Handled,SYSTEM,2018-12-20 17:24:30+00:00,2018-12-20 16:31:30+00:00
request for payment 178678,Payment Handled,SYSTEM,2018-12-20 17:24:30+00:00,2018-12-20 16:31:30+00:00
request for payment 183239,Payment Handled,SYSTEM,2018-12-20 17:24:30+00:00,2018-12-20 16:31:30+00:00
request for payment 177646,Payment Handled,SYSTEM,2018-12-20 17:11:30+00:00,2018-12-20 16:31:30+00:00
request for payment 173775,Payment Handled,SYSTEM,2018-12-20 17:23:30+00:00,2018-12-20 16:31:30+00:00
request for payment 183255,Payment Handled,SYSTEM,2018-12-20 17:23:30+00:00,2018-12-20 16:31:30+00:00
request for payment 183861,Payment Handled,SYSTEM,2018-12-20 17:27:30+00:00,2018-12-20 16:31:30+00:00
request for payment 172250,Payment Handled,SYSTEM,2018-12-20 17:04:30+00:00,2018-12-20 16:31:30+00:00
request for payment 184425,Payment Handled,SYSTEM,2018-12-20 17:07:30+00:00,2018-12-20 16:31:30+00:00
request for payment 179120,Payment Handled,SYSTEM,2018-12-20 17:07:30+00:00,2018-12-20 16:31:30+00:00
request for payment 172273,Payment Handled,SYSTEM,2018-12-20 17:03:30+00:00,2018-12-20 16:31:30+00:00
request for payment 172600,Payment Handled,SYSTEM,2018-12-20 17:02:30+00:00,2018-12-20 16:31:30+00:00
request for payment 171815,Payment Handled,SYSTEM,2018-12-20 17:10:30+00:00,2018-12-20 16:31:30+00:00
request for payment 171987,Payment Handled,SYSTEM,2018-12-20 17:10:30+00:00,2018-12-20 16:31:30+00:00
request for payment 172901,Payment Handled,SYSTEM,2018-12-20 17:02:30+00:00,2018-12-20 16:31:30+00:00
request for payment 177629,Payment Handled,SYSTEM,2018-12-20 17:02:30+00:00,2018-12-20 16:31:30+00:00
request for payment 172592,Payment Handled,SYSTEM,2018-12-20 17:03:30+00:00,2018-12-20 16:31:30+00:00
request for payment 179083,Payment Handled,SYSTEM,2018-12-20 17:02:30+00:00,2018-12-20 16:31:30+00:00
request for payment 173277,Payment Handled,SYSTEM,2018-12-20 17:10:30+00:00,2018-12-20 16:31:30+00:00
request for payment 178066,Payment Handled,SYSTEM,2018-12-20 17:10:30+00:00,2018-12-20 16:31:30+00:00
request for payment 172451,Payment Handled,SYSTEM,2018-12-20 17:10:30+00:00,2018-12-20 16:31:30+00:00
request for payment 178172,Payment Handled,SYSTEM,2018-12-20 17:01:30+00:00,2018-12-20 16:31:30+00:00
request for payment 179125,Payment Handled,SYSTEM,2018-12-20 17:01:30+00:00,2018-12-20 16:31:30+00:00
request for payment 179032,Payment Handled,SYSTEM,2018-12-20 17:01:30+00:00,2018-12-20 16:31:30+00:00
request for payment 172224,Payment Handled,SYSTEM,2018-12-20 17:09:30+00:00,2018-12-20 16:31:30+00:00
request for payment 172383,Payment Handled,SYSTEM,2018-12-20 17:03:30+00:00,2018-12-20 16:31:30+00:00
request for payment 178167,Payment Handled,SYSTEM,2018-12-20 17:03:30+00:00,2018-12-20 16:31:30+00:00
request for payment 174087,Payment Handled,SYSTEM,2018-12-20 17:04:30+00:00,2018-12-20 16:31:30+00:00
request for payment 183218,Payment Handled,SYSTEM,2018-12-20 17:06:30+00:00,2018-12-20 16:31:30+00:00
request for payment 173349,Payment Handled,SYSTEM,2018-12-20 17:06:30+00:00,2018-12-20 16:31:30+00:00
request for payment 173325,Payment Handled,SYSTEM,2018-12-20 17:06:30+00:00,2018-12-20 16:31:30+00:00
request for payment 172378,Payment Handled,SYSTEM,2018-12-20 17:06:30+00:00,2018-12-20 16:31:30+00:00
request for payment 184023,Payment Handled,SYSTEM,2018-12-20 17:05:30+00:00,2018-12-20 16:31:30+00:00
request for payment 178813,Payment Handled,SYSTEM,2018-12-20 17:05:30+00:00,2018-12-20 16:31:30+00:00
request for payment 171961,Payment Handled,SYSTEM,2018-12-20 17:05:30+00:00,2018-12-20 16:31:30+00:00
request for payment 179027,Payment Handled,SYSTEM,2018-12-20 17:05:30+00:00,2018-12-20 16:31:30+00:00
request for payment 172435,Payment Handled,SYSTEM,2018-12-20 17:05:30+00:00,2018-12-20 16:31:30+00:00
request for payment 171972,Payment Handled,SYSTEM,2018-12-20 17:07:30+00:00,2018-12-20 16:31:30+00:00
request for payment 172896,Payment Handled,SYSTEM,2018-12-20 17:23:30+00:00,2018-12-20 16:31:30+00:00
request for payment 179043,Payment Handled,SYSTEM,2018-12-20 17:07:30+00:00,2018-12-20 16:31:30+00:00
request for payment 172649,Payment Handled,SYSTEM,2018-12-20 17:08:30+00:00,2018-12-20 16:31:30+00:00
request for payment 178188,Payment Handled,SYSTEM,2018-12-20 17:22:30+00:00,2018-12-20 16:31:30+00:00
request for payment 184323,Payment Handled,SYSTEM,2018-12-20 17:31:30+00:00,2018-12-20 16:31:30+00:00
request for payment 172446,Payment Handled,SYSTEM,2018-12-20 17:28:30+00:00,2018-12-20 16:31:30+00:00
request for payment 172406,Payment Handled,SYSTEM,2018-12-20 17:13:30+00:00,2018-12-20 16:31:30+00:00
request for payment 178614,Payment Handled,SYSTEM,2018-12-20 17:13:30+00:00,2018-12-20 16:31:30+00:00
request for payment 178654,Payment Handled,SYSTEM,2018-12-20 17:13:30+00:00,2018-12-20 16:31:30+00:00
request for payment 185296,Payment Handled,SYSTEM,2018-12-20 17:13:30+00:00,2018-12-20 16:31:30+00:00
request for payment 178420,Payment Handled,SYSTEM,2018-12-20 17:12:30+00:00,2018-12-20 16:31:30+00:00
request for payment 184460,Payment Handled,SYSTEM,2018-12-20 17:12:30+00:00,2018-12-20 16:31:30+00:00
request for payment 172430,Payment Handled,SYSTEM,2018-12-20 17:12:30+00:00,2018-12-20 16:31:30+00:00
request for payment 172937,Payment Handled,SYSTEM,2018-12-20 17:20:30+00:00,2018-12-20 16:31:30+00:00
request for payment 173245,Payment Handled,SYSTEM,2018-12-20 17:12:30+00:00,2018-12-20 16:31:30+00:00
request for payment 172207,Payment Handled,SYSTEM,2018-12-20 17:11:30+00:00,2018-12-20 16:31:30+00:00
request for payment 173770,Payment Handled,SYSTEM,2018-12-20 17:16:30+00:00,2018-12-20 16:31:30+00:00
request for payment 176826,Payment Handled,SYSTEM,2018-12-20 17:12:30+00:00,2018-12-20 16:31:30+00:00
request for payment 184449,Payment Handled,SYSTEM,2018-12-20 17:16:30+00:00,2018-12-20 16:31:30+00:00
request for payment 172932,Payment Handled,SYSTEM,2018-12-20 17:18:30+00:00,2018-12-20 16:31:30+00:00
request for payment 177616,Payment Handled,SYSTEM,2018-12-20 17:13:30+00:00,2018-12-20 16:31:30+00:00
request for payment 172218,Payment Handled,SYSTEM,2018-12-20 17:20:30+00:00,2018-12-20 16:31:30+00:00
request for payment 177687,Payment Handled,SYSTEM,2018-12-20 17:19:30+00:00,2018-12-20 16:31:30+00:00
request for payment 178563,Payment Handled,SYSTEM,2018-12-20 17:19:30+00:00,2018-12-20 16:31:30+00:00
request for payment 171998,Payment Handled,SYSTEM,2018-12-20 17:18:30+00:00,2018-12-20 16:31:30+00:00
request for payment 179155,Payment Handled,SYSTEM,2018-12-20 17:18:30+00:00,2018-12-20 16:31:30+00:00
request for payment 173255,Payment Handled,SYSTEM,2018-12-20 17:18:30+00:00,2018-12-20 16:31:30+00:00
request for payment 173300,Payment Handled,SYSTEM,2018-12-20 17:18:30+00:00,2018-12-20 16:31:30+00:00
request for payment 178568,Payment Handled,SYSTEM,2018-12-20 17:18:30+00:00,2018-12-20 16:31:30+00:00
request for payment 172268,Payment Handled,SYSTEM,2018-12-20 17:18:30+00:00,2018-12-20 16:31:30+00:00
request for payment 184438,Payment Handled,SYSTEM,2018-12-20 17:17:30+00:00,2018-12-20 16:31:30+00:00
request for payment 178369,Payment Handled,SYSTEM,2018-12-20 17:17:30+00:00,2018-12-20 16:31:30+00:00
request for payment 172456,Payment Handled,SYSTEM,2018-12-20 17:17:30+00:00,2018-12-20 16:31:30+00:00
request for payment 184193,Payment Handled,SYSTEM,2018-12-20 17:17:30+00:00,2018-12-20 16:31:30+00:00
request for payment 173307,Payment Handled,SYSTEM,2018-12-20 17:16:30+00:00,2018-12-20 16:31:30+00:00
request for payment 173338,Payment Handled,SYSTEM,2018-12-20 17:17:30+00:00,2018-12-20 16:31:30+00:00
request for payment 172633,Payment Handled,SYSTEM,2018-12-20 17:19:30+00:00,2018-12-20 16:31:30+00:00
request for payment 184073,Payment Handled,SYSTEM,2018-12-20 17:16:30+00:00,2018-12-20 16:31:30+00:00
request for payment 173261,Payment Handled,SYSTEM,2018-12-20 17:13:30+00:00,2018-12-20 16:31:30+00:00
request for payment 172233,Payment Handled,SYSTEM,2018-12-20 17:14:30+00:00,2018-12-20 16:31:30+00:00
request for payment 173765,Payment Handled,SYSTEM,2018-12-20 17:28:30+00:00,2018-12-20 16:31:30+00:00
request for payment 172202,Payment Handled,SYSTEM,2018-12-20 17:28:30+00:00,2018-12-20 16:31:30+00:00
request for payment 173343,Payment Handled,SYSTEM,2018-12-20 17:30:30+00:00,2018-12-20 16:31:30+00:00
request for payment 171977,Payment Handled,SYSTEM,2018-12-20 17:31:30+00:00,2018-12-20 16:31:30+00:00
request for payment 177622,Payment Handled,SYSTEM,2018-12-20 17:31:30+00:00,2018-12-20 16:31:30+00:00
request for payment 174106,Payment Handled,SYSTEM,2018-12-20 17:31:30+00:00,2018-12-20 16:31:30+00:00
request for payment 177213,Payment Handled,SYSTEM,2018-12-20 17:22:30+00:00,2018-12-20 16:31:30+00:00
request for payment 183845,Payment Handled,SYSTEM,2018-12-20 17:31:30+00:00,2018-12-20 16:31:30+00:00
request for payment 172906,Payment Handled,SYSTEM,2018-12-20 17:31:30+00:00,2018-12-20 16:31:30+00:00
request for payment 184280,Payment Handled,SYSTEM,2018-12-20 17:30:30+00:00,2018-12-20 16:31:30+00:00
request for payment 172245,Payment Handled,SYSTEM,2018-12-20 17:30:30+00:00,2018-12-20 16:31:30+00:00
request for payment 178625,Payment Handled,SYSTEM,2018-12-20 17:30:30+00:00,2018-12-20 16:31:30+00:00
request for payment 171952,Payment Handled,SYSTEM,2018-12-20 17:28:30+00:00,2018-12-20 16:31:30+00:00
request for payment 173250,Payment Handled,SYSTEM,2018-12-20 17:30:30+00:00,2018-12-20 16:31:30+00:00
request for payment 179180,Payment Handled,SYSTEM,2018-12-20 17:13:30+00:00,2018-12-20 16:31:30+00:00
request for payment 173760,Payment Handled,SYSTEM,2018-12-20 17:30:30+00:00,2018-12-20 16:31:30+00:00
request for payment 178364,Payment Handled,SYSTEM,2018-12-20 17:29:30+00:00,2018-12-20 16:31:30+00:00
request for payment 172239,Payment Handled,SYSTEM,2018-12-20 17:29:30+00:00,2018-12-20 16:31:30+00:00
request for payment 184419,Payment Handled,SYSTEM,2018-12-20 17:29:30+00:00,2018-12-20 16:31:30+00:00
request for payment 172423,Payment Handled,SYSTEM,2018-12-20 17:29:30+00:00,2018-12-20 16:31:30+00:00
request for payment 177652,Payment Handled,SYSTEM,2018-12-20 17:28:30+00:00,2018-12-20 16:31:30+00:00
request for payment 178637,Payment Handled,SYSTEM,2018-12-20 17:20:30+00:00,2018-12-20 16:31:30+00:00
request for payment 178631,Payment Handled,SYSTEM,2018-12-20 17:27:30+00:00,2018-12-20 16:31:30+00:00
request for payment 178121,Payment Handled,SYSTEM,2018-12-20 17:20:30+00:00,2018-12-20 16:31:30+00:00
request for payment 174116,Payment Handled,SYSTEM,2018-12-20 17:16:30+00:00,2018-12-20 16:31:30+00:00
request for payment 178135,Payment Handled,SYSTEM,2018-12-20 17:16:30+00:00,2018-12-20 16:31:30+00:00
request for payment 177230,Payment Handled,SYSTEM,2018-12-20 17:16:30+00:00,2018-12-20 16:31:30+00:00
request for payment 184493,Payment Handled,SYSTEM,2018-12-20 17:15:30+00:00,2018-12-20 16:31:30+00:00
request for payment 177603,Payment Handled,SYSTEM,2018-12-20 17:15:30+00:00,2018-12-20 16:31:30+00:00
request for payment 181753,Payment Handled,SYSTEM,2018-12-20 17:14:30+00:00,2018-12-20 16:31:30+00:00
request for payment 177252,Payment Handled,SYSTEM,2018-12-20 17:29:30+00:00,2018-12-20 16:31:30+00:00
request for payment 185256,Request For Payment FINAL_APPROVED by SUPERVISOR,STAFF MEMBER,2018-12-20 17:22:26+00:00,2018-12-20 16:51:26+00:00
request for payment 184690,Request For Payment FINAL_APPROVED by SUPERVISOR,STAFF MEMBER,2018-12-20 17:42:23+00:00,2018-12-20 16:53:23+00:00
request for payment 185138,Request For Payment FINAL_APPROVED by SUPERVISOR,STAFF MEMBER,2018-12-20 17:51:02+00:00,2018-12-20 16:54:02+00:00
request for payment 184817,Request For Payment FINAL_APPROVED by SUPERVISOR,STAFF MEMBER,2018-12-20 18:01:32+00:00,2018-12-20 17:27:32+00:00
request for payment 185266,Request For Payment SUBMITTED by EMPLOYEE,STAFF MEMBER,2018-12-20 21:58:54+00:00,2018-12-20 21:20:54+00:00
request for payment 185266,Request For Payment APPROVED by ADMINISTRATION,STAFF MEMBER,2018-12-20 22:15:35+00:00,2018-12-20 21:22:35+00:00
request for payment 185271,Request For Payment SUBMITTED by EMPLOYEE,STAFF MEMBER,2018-12-20 22:38:07+00:00,2018-12-20 21:52:07+00:00
request for payment 185271,Request For Payment APPROVED by ADMINISTRATION,STAFF MEMBER,2018-12-20 22:31:12+00:00,2018-12-20 21:52:12+00:00
request for payment 178992,Request For Payment FINAL_APPROVED by SUPERVISOR,STAFF MEMBER,2018-12-20 23:44:41+00:00,2018-12-20 23:09:41+00:00
request for payment 185276,Request For Payment SUBMITTED by EMPLOYEE,STAFF MEMBER,2018-12-21 00:47:22+00:00,2018-12-20 23:49:22+00:00
request for payment 185276,Request For Payment APPROVED by ADMINISTRATION,STAFF MEMBER,2018-12-21 00:45:44+00:00,2018-12-20 23:49:44+00:00
request for payment 184881,Request For Payment SUBMITTED by EMPLOYEE,STAFF MEMBER,2018-12-21 06:23:00+00:00,2018-12-21 05:39:00+00:00
request for payment 184881,Request For Payment APPROVED by ADMINISTRATION,STAFF MEMBER,2018-12-21 06:28:32+00:00,2018-12-21 05:40:32+00:00
request for payment 185016,Request For Payment SUBMITTED by EMPLOYEE,STAFF MEMBER,2018-12-21 09:26:32+00:00,2018-12-21 08:39:32+00:00
request for payment 185016,Request For Payment APPROVED by ADMINISTRATION,STAFF MEMBER,2018-12-21 09:38:56+00:00,2018-12-21 08:39:56+00:00
request for payment 185021,Request For Payment SUBMITTED by EMPLOYEE,STAFF MEMBER,2018-12-21 09:44:18+00:00,2018-12-21 08:50:18+00:00
request for payment 185309,Request For Payment SUBMITTED by EMPLOYEE,STAFF MEMBER,2018-12-21 09:47:39+00:00,2018-12-21 08:59:39+00:00
request for payment 185309,Request For Payment APPROVED by ADMINISTRATION,STAFF MEMBER,2018-12-21 09:40:49+00:00,2018-12-21 08:59:49+00:00
request for payment 185021,Request For Payment APPROVED by ADMINISTRATION,STAFF MEMBER,2018-12-21 10:02:28+00:00,2018-12-21 09:04:28+00:00
request for payment 185314,Request For Payment SUBMITTED by EMPLOYEE,STAFF MEMBER,2018-12-21 10:27:20+00:00,2018-12-21 09:27:20+00:00
request for payment 185314,Request For Payment REJECTED by ADMINISTRATION,STAFF MEMBER,2018-12-21 10:13:23+00:00,2018-12-21 09:27:23+00:00
request for payment 184662,Request For Payment SUBMITTED by EMPLOYEE,STAFF MEMBER,2018-12-21 10:00:59+00:00,2018-12-21 09:27:59+00:00
request for payment 184750,Request Payment,SYSTEM,2018-12-21 10:19:06+00:00,2018-12-21 09:29:06+00:00
request for payment 184662,Request For Payment APPROVED by ADMINISTRATION,STAFF MEMBER,2018-12-21 10:28:31+00:00,2018-12-21 09:32:31+00:00
request for payment 185027,Request For Payment SUBMITTED by EMPLOYEE,STAFF MEMBER,2018-12-21 10:20:46+00:00,2018-12-21 09:48:46+00:00
request for payment 185027,Request For Payment APPROVED by ADMINISTRATION,STAFF MEMBER,2018-12-21 10:33:58+00:00,2018-12-21 09:49:58+00:00
request for payment 185032,Request For Payment SUBMITTED by EMPLOYEE,STAFF MEMBER,2018-12-21 10:46:11+00:00,2018-12-21 09:53:11+00:00
request for payment 185032,Request For Payment REJECTED by ADMINISTRATION,STAFF MEMBER,2018-12-21 10:40:18+00:00,2018-12-21 09:53:18+00:00
request for payment 179011,Request Payment,SYSTEM,2018-12-21 10:46:09+00:00,2018-12-21 10:02:09+00:00
request for payment 185095,Request For Payment SUBMITTED by EMPLOYEE,STAFF MEMBER,2018-12-21 10:59:02+00:00,2018-12-21 10:08:02+00:00
request for payment 185095,Request For Payment APPROVED by ADMINISTRATION,STAFF MEMBER,2018-12-21 11:06:04+00:00,2018-12-21 10:08:04+00:00
request for payment 185068,Request For Payment FINAL_APPROVED by SUPERVISOR,STAFF MEMBER,2018-12-21 10:47:15+00:00,2018-12-21 10:09:15+00:00
request for payment 185100,Request For Payment SUBMITTED by EMPLOYEE,STAFF MEMBER,2018-12-21 11:07:29+00:00,2018-12-21 10:11:29+00:00
request for payment 185100,Request For Payment APPROVED by ADMINISTRATION,STAFF MEMBER,2018-12-21 10:43:33+00:00,2018-12-21 10:11:33+00:00
request for payment 184668,Request For Payment SUBMITTED by EMPLOYEE,STAFF MEMBER,2018-12-21 11:01:03+00:00,2018-12-21 10:15:03+00:00
request for payment 184668,Request For Payment APPROVED by ADMINISTRATION,STAFF MEMBER,2018-12-21 11:02:05+00:00,2018-12-21 10:15:05+00:00
request for payment 184674,Request For Payment SUBMITTED by EMPLOYEE,STAFF MEMBER,2018-12-21 11:12:20+00:00,2018-12-21 10:15:20+00:00
request for payment 184674,Request For Payment APPROVED by ADMINISTRATION,STAFF MEMBER,2018-12-21 10:59:22+00:00,2018-12-21 10:15:22+00:00
request for payment 177833,Request Payment,SYSTEM,2018-12-21 10:50:28+00:00,2018-12-21 10:18:28+00:00
request for payment 179477,Request Payment,SYSTEM,2018-12-21 11:05:14+00:00,2018-12-21 10:20:14+00:00
request for payment 185223,Request Payment,SYSTEM,2018-12-21 11:03:07+00:00,2018-12-21 10:26:07+00:00
request for payment 178578,Request Payment,SYSTEM,2018-12-21 11:23:24+00:00,2018-12-21 10:26:24+00:00
request for payment 178585,Request Payment,SYSTEM,2018-12-21 11:22:21+00:00,2018-12-21 10:27:21+00:00
request for payment 185132,Request For Payment SAVED by EMPLOYEE,STAFF MEMBER,2018-12-21 11:02:16+00:00,2018-12-21 10:32:16+00:00
request for payment 185105,Request For Payment SUBMITTED by EMPLOYEE,STAFF MEMBER,2018-12-21 11:32:17+00:00,2018-12-21 10:33:17+00:00
request for payment 185105,Request For Payment APPROVED by ADMINISTRATION,STAFF MEMBER,2018-12-21 11:18:03+00:00,2018-12-21 10:38:03+00:00
request for payment 184886,Request For Payment SUBMITTED by EMPLOYEE,STAFF MEMBER,2018-12-21 11:48:15+00:00,2018-12-21 10:49:15+00:00
request for payment 184886,Request For Payment APPROVED by ADMINISTRATION,STAFF MEMBER,2018-12-21 11:49:18+00:00,2018-12-21 10:49:18+00:00
request for payment 185079,Request For Payment FINAL_APPROVED by SUPERVISOR,STAFF MEMBER,2018-12-21 11:49:50+00:00,2018-12-21 11:13:50+00:00
request for payment 178452,Request Payment,SYSTEM,2018-12-21 11:48:58+00:00,2018-12-21 11:15:58+00:00
request for payment 185324,Request For Payment FINAL_APPROVED by SUPERVISOR,STAFF MEMBER,2018-12-21 12:05:45+00:00,2018-12-21 11:16:45+00:00
request for payment 184869,Request For Payment APPROVED by BUDGET OWNER,STAFF MEMBER,2018-12-21 12:01:40+00:00,2018-12-21 11:24:40+00:00
request for payment 184376,Request Payment,SYSTEM,2018-12-21 12:23:35+00:00,2018-12-21 11:45:35+00:00
request for payment 185027,Request For Payment FINAL_APPROVED by SUPERVISOR,STAFF MEMBER,2018-12-21 12:43:47+00:00,2018-12-21 11:50:47+00:00
request for payment 184628,Request Payment,SYSTEM,2018-12-21 12:36:34+00:00,2018-12-21 12:03:34+00:00
request for payment 184783,Request For Payment FINAL_APPROVED by SUPERVISOR,STAFF MEMBER,2018-12-21 13:03:57+00:00,2018-12-21 12:06:57+00:00
request for payment 185329,Request For Payment FINAL_APPROVED by SUPERVISOR,STAFF MEMBER,2018-12-21 12:54:41+00:00,2018-12-21 12:08:41+00:00
request for payment 172582,Request For Payment APPROVED by ADMINISTRATION,STAFF MEMBER,2018-12-21 13:46:50+00:00,2018-12-21 12:49:50+00:00
request for payment 178756,Request Payment,SYSTEM,2018-12-21 13:56:48+00:00,2018-12-21 13:01:48+00:00
request for payment 185148,Request Payment,SYSTEM,2018-12-21 13:58:12+00:00,2018-12-21 13:02:12+00:00
request for payment 177246,Request Payment,SYSTEM,2018-12-21 13:52:36+00:00,2018-12-21 13:02:36+00:00
request for payment 185159,Request For Payment SUBMITTED by EMPLOYEE,STAFF MEMBER,2018-12-21 14:06:41+00:00,2018-12-21 13:11:41+00:00
request for payment 185159,Request For Payment APPROVED by ADMINISTRATION,STAFF MEMBER,2018-12-21 13:48:53+00:00,2018-12-21 13:15:53+00:00
request for payment 184891,Request For Payment SUBMITTED by EMPLOYEE,STAFF MEMBER,2018-12-21 14:34:27+00:00,2018-12-21 13:35:27+00:00
request for payment 184891,Request For Payment APPROVED by ADMINISTRATION,STAFF MEMBER,2018-12-21 14:11:47+00:00,2018-12-21 13:35:47+00:00
request for payment 185074,Request For Payment FINAL_APPROVED by SUPERVISOR,STAFF MEMBER,2018-12-21 14:25:58+00:00,2018-12-21 13:40:58+00:00
request for payment 185084,Request For Payment FINAL_APPROVED by SUPERVISOR,STAFF MEMBER,2018-12-21 14:26:36+00:00,2018-12-21 13:42:36+00:00
request for payment 184477,Request Payment,SYSTEM,2018-12-21 14:45:21+00:00,2018-12-21 13:45:21+00:00
request for payment 183672,Request Payment,SYSTEM,2018-12-21 14:27:30+00:00,2018-12-21 13:45:30+00:00
request for payment 172917,Request Payment,SYSTEM,2018-12-21 14:22:38+00:00,2018-12-21 13:45:38+00:00
request for payment 172178,Request Payment,SYSTEM,2018-12-21 14:34:43+00:00,2018-12-21 13:45:43+00:00
request for payment 173354,Request Payment,SYSTEM,2018-12-21 14:39:59+00:00,2018-12-21 13:45:59+00:00
request for payment 185111,Request For Payment SUBMITTED by EMPLOYEE,STAFF MEMBER,2018-12-21 14:30:27+00:00,2018-12-21 13:55:27+00:00
request for payment 185111,Request For Payment APPROVED by ADMINISTRATION,STAFF MEMBER,2018-12-21 14:41:34+00:00,2018-12-21 13:55:34+00:00
request for payment 185117,Request For Payment SUBMITTED by EMPLOYEE,STAFF MEMBER,2018-12-21 14:40:58+00:00,2018-12-21 14:05:58+00:00
request for payment 185117,Request For Payment APPROVED by ADMINISTRATION,STAFF MEMBER,2018-12-21 14:59:07+00:00,2018-12-21 14:06:07+00:00
request for payment 185122,Request For Payment SUBMITTED by EMPLOYEE,STAFF MEMBER,2018-12-21 15:12:54+00:00,2018-12-21 14:36:54+00:00
request for payment 185122,Request For Payment APPROVED by ADMINISTRATION,STAFF MEMBER,2018-12-21 15:23:35+00:00,2018-12-21 14:37:35+00:00
request for payment 184690,Request Payment,SYSTEM,2018-12-21 15:10:24+00:00,2018-12-21 14:38:24+00:00
request for payment 185122,Request For Payment FINAL_APPROVED by SUPERVISOR,STAFF MEMBER,2018-12-21 15:33:12+00:00,2018-12-21 14:47:12+00:00
request for payment 185134,Request For Payment SUBMITTED by EMPLOYEE,STAFF MEMBER,2018-12-21 15:51:23+00:00,2018-12-21 15:08:23+00:00
request for payment 185134,Request For Payment REJECTED by ADMINISTRATION,STAFF MEMBER,2018-12-21 16:05:36+00:00,2018-12-21 15:08:36+00:00
request for payment 177224,Request Payment,SYSTEM,2018-12-21 16:37:50+00:00,2018-12-21 15:44:50+00:00
request for payment 184897,Request For Payment SUBMITTED by EMPLOYEE,STAFF MEMBER,2018-12-21 16:33:53+00:00,2018-12-21 16:00:53+00:00
request for payment 184897,Request For Payment APPROVED by ADMINISTRATION,STAFF MEMBER,2018-12-21 16:55:16+00:00,2018-12-21 16:01:16+00:00
request for payment 172942,Request Payment,SYSTEM,2018-12-21 17:11:40+00:00,2018-12-21 16:18:40+00:00
request for payment 172440,Request Payment,SYSTEM,2018-12-21 17:07:55+00:00,2018-12-21 16:18:55+00:00
request for payment 178222,Request Payment,SYSTEM,2018-12-21 17:16:07+00:00,2018-12-21 16:19:07+00:00
request for payment 178233,Request Payment,SYSTEM,2018-12-21 16:54:27+00:00,2018-12-21 16:19:27+00:00
request for payment 184443,Request Payment,SYSTEM,2018-12-21 17:09:45+00:00,2018-12-21 16:19:45+00:00
request for payment 178198,Request Payment,SYSTEM,2018-12-21 17:14:58+00:00,2018-12-21 16:19:58+00:00
request for payment 178204,Request Payment,SYSTEM,2018-12-21 16:55:08+00:00,2018-12-21 16:20:08+00:00
request for payment 178216,Request Payment,SYSTEM,2018-12-21 17:11:22+00:00,2018-12-21 16:20:22+00:00
request for payment 178210,Request Payment,SYSTEM,2018-12-21 17:11:37+00:00,2018-12-21 16:20:37+00:00
request for payment 184903,Request For Payment SUBMITTED by EMPLOYEE,STAFF MEMBER,2018-12-21 17:06:44+00:00,2018-12-21 16:21:44+00:00
request for payment 184903,Request For Payment REJECTED by ADMINISTRATION,STAFF MEMBER,2018-12-21 17:17:50+00:00,2018-12-21 16:21:50+00:00
request for payment 179114,Request For Payment FINAL_APPROVED by DIRECTOR,STAFF MEMBER,2018-12-21 17:28:03+00:00,2018-12-21 16:30:03+00:00
request for payment 184907,Request For Payment SUBMITTED by EMPLOYEE,STAFF MEMBER,2018-12-21 17:33:27+00:00,2018-12-21 17:01:27+00:00
request for payment 184907,Request For Payment APPROVED by ADMINISTRATION,STAFF MEMBER,2018-12-21 18:26:01+00:00,2018-12-21 17:48:01+00:00
request for payment 185281,Request For Payment SUBMITTED by EMPLOYEE,STAFF MEMBER,2018-12-22 02:47:32+00:00,2018-12-22 01:59:32+00:00
request for payment 185281,Request For Payment APPROVED by ADMINISTRATION,STAFF MEMBER,2018-12-22 02:34:32+00:00,2018-12-22 02:04:32+00:00
request for payment 185286,Request For Payment SUBMITTED by EMPLOYEE,STAFF MEMBER,2018-12-22 03:28:31+00:00,2018-12-22 02:35:31+00:00
request for payment 185286,Request For Payment APPROVED by ADMINISTRATION,STAFF MEMBER,2018-12-22 03:33:10+00:00,2018-12-22 02:38:10+00:00
request for payment 178430,Request For Payment SUBMITTED by EMPLOYEE,STAFF MEMBER,2018-12-22 09:38:04+00:00,2018-12-22 09:08:04+00:00
request for payment 178430,Request For Payment APPROVED by ADMINISTRATION,STAFF MEMBER,2018-12-22 09:44:11+00:00,2018-12-22 09:08:11+00:00
request for payment 184912,Request For Payment SUBMITTED by EMPLOYEE,STAFF MEMBER,2018-12-22 10:58:56+00:00,2018-12-22 10:01:56+00:00
request for payment 184912,Request For Payment APPROVED by ADMINISTRATION,STAFF MEMBER,2018-12-22 11:02:02+00:00,2018-12-22 10:02:02+00:00
request for payment 185036,Request For Payment SUBMITTED by EMPLOYEE,STAFF MEMBER,2018-12-22 12:26:55+00:00,2018-12-22 11:36:55+00:00
request for payment 185036,Request For Payment APPROVED by ADMINISTRATION,STAFF MEMBER,2018-12-22 12:34:38+00:00,2018-12-22 11:37:38+00:00
request for payment 184917,Request For Payment SUBMITTED by EMPLOYEE,STAFF MEMBER,2018-12-23 09:05:14+00:00,2018-12-23 08:21:14+00:00
request for payment 184917,Request For Payment APPROVED by ADMINISTRATION,STAFF MEMBER,2018-12-23 09:13:17+00:00,2018-12-23 08:25:17+00:00
request for payment 184761,Request For Payment SUBMITTED by EMPLOYEE,STAFF MEMBER,2018-12-23 09:58:09+00:00,2018-12-23 09:24:09+00:00
request for payment 184761,Request For Payment APPROVED by ADMINISTRATION,STAFF MEMBER,2018-12-23 10:12:21+00:00,2018-12-23 09:25:21+00:00
request for payment 185089,Request For Payment APPROVED by ADMINISTRATION,STAFF MEMBER,2018-12-23 12:27:11+00:00,2018-12-23 11:34:11+00:00
request for payment 185042,Request For Payment SUBMITTED by EMPLOYEE,STAFF MEMBER,2018-12-23 12:21:10+00:00,2018-12-23 11:38:10+00:00
request for payment 185042,Request For Payment APPROVED by ADMINISTRATION,STAFF MEMBER,2018-12-23 12:30:35+00:00,2018-12-23 11:42:35+00:00
request for payment 184922,Request For Payment SUBMITTED by EMPLOYEE,STAFF MEMBER,2018-12-23 13:42:55+00:00,2018-12-23 13:01:55+00:00
request for payment 184922,Request For Payment APPROVED by ADMINISTRATION,STAFF MEMBER,2018-12-23 13:34:45+00:00,2018-12-23 13:02:45+00:00
request for payment 184928,Request For Payment SUBMITTED by EMPLOYEE,STAFF MEMBER,2018-12-23 13:56:59+00:00,2018-12-23 13:03:59+00:00
request for payment 184928,Request For Payment APPROVED by ADMINISTRATION,STAFF MEMBER,2018-12-23 13:50:54+00:00,2018-12-23 13:04:54+00:00
request for payment 185048,Request For Payment SUBMITTED by EMPLOYEE,STAFF MEMBER,2018-12-23 20:36:55+00:00,2018-12-23 19:42:55+00:00
request for payment 185048,Request For Payment APPROVED by ADMINISTRATION,STAFF MEMBER,2018-12-23 20:46:09+00:00,2018-12-23 19:53:09+00:00
request for payment 183624,Request For Payment FINAL_APPROVED by SUPERVISOR,STAFF MEMBER,2018-12-24 05:12:23+00:00,2018-12-24 04:15:23+00:00
request for payment 185054,Request For Payment SUBMITTED by EMPLOYEE,STAFF MEMBER,2018-12-24 10:57:02+00:00,2018-12-24 10:03:02+00:00
request for payment 185054,Request For Payment APPROVED by ADMINISTRATION,STAFF MEMBER,2018-12-24 11:00:58+00:00,2018-12-24 10:04:58+00:00
request for payment 178999,Request For Payment FINAL_APPROVED by SUPERVISOR,STAFF MEMBER,2018-12-25 05:13:21+00:00,2018-12-25 04:15:21+00:00
request for payment 172614,Request For Payment FINAL_APPROVED by SUPERVISOR,STAFF MEMBER,2018-12-25 13:47:00+00:00,2018-12-25 12:55:00+00:00
request for payment 178390,Request For Payment FINAL_APPROVED by SUPERVISOR,STAFF MEMBER,2018-12-25 17:05:35+00:00,2018-12-25 16:11:35+00:00
request for payment 172626,Request For Payment FINAL_APPROVED by SUPERVISOR,STAFF MEMBER,2018-12-25 16:59:01+00:00,2018-12-25 16:12:01+00:00
request for payment 184933,Request For Payment SUBMITTED by EMPLOYEE,STAFF MEMBER,2018-12-25 19:32:33+00:00,2018-12-25 18:58:33+00:00
request for payment 184933,Request For Payment APPROVED by ADMINISTRATION,STAFF MEMBER,2018-12-25 19:49:40+00:00,2018-12-25 18:58:40+00:00
request for payment 184938,Request For Payment SUBMITTED by EMPLOYEE,STAFF MEMBER,2018-12-25 19:54:17+00:00,2018-12-25 19:01:17+00:00
request for payment 184938,Request For Payment APPROVED by ADMINISTRATION,STAFF MEMBER,2018-12-25 19:34:25+00:00,2018-12-25 19:01:25+00:00
request for payment 178462,Request For Payment FINAL_APPROVED by SUPERVISOR,STAFF MEMBER,2018-12-26 04:48:35+00:00,2018-12-26 04:15:35+00:00
request for payment 185240,Request For Payment FINAL_APPROVED by SUPERVISOR,STAFF MEMBER,2018-12-26 04:50:35+00:00,2018-12-26 04:15:35+00:00
request for payment 184744,Request For Payment FINAL_APPROVED by SUPERVISOR,STAFF MEMBER,2018-12-26 05:00:35+00:00,2018-12-26 04:15:35+00:00
request for payment 172620,Request For Payment FINAL_APPROVED by SUPERVISOR,STAFF MEMBER,2018-12-26 06:15:37+00:00,2018-12-26 05:33:37+00:00
request for payment 184943,Request For Payment SUBMITTED by EMPLOYEE,STAFF MEMBER,2018-12-27 05:02:01+00:00,2018-12-27 04:07:01+00:00
request for payment 184943,Request For Payment APPROVED by ADMINISTRATION,STAFF MEMBER,2018-12-27 04:55:04+00:00,2018-12-27 04:07:04+00:00
request for payment 184948,Request For Payment SUBMITTED by EMPLOYEE,STAFF MEMBER,2018-12-27 05:09:07+00:00,2018-12-27 04:09:07+00:00
request for payment 184948,Request For Payment APPROVED by ADMINISTRATION,STAFF MEMBER,2018-12-27 05:06:10+00:00,2018-12-27 04:09:10+00:00
request for payment 184953,Request For Payment SUBMITTED by EMPLOYEE,STAFF MEMBER,2018-12-27 04:59:05+00:00,2018-12-27 04:11:05+00:00
request for payment 184953,Request For Payment APPROVED by ADMINISTRATION,STAFF MEMBER,2018-12-27 04:56:08+00:00,2018-12-27 04:11:08+00:00
request for payment 184958,Request For Payment SUBMITTED by EMPLOYEE,STAFF MEMBER,2018-12-27 05:11:02+00:00,2018-12-27 04:14:02+00:00
request for payment 184958,Request For Payment APPROVED by ADMINISTRATION,STAFF MEMBER,2018-12-27 04:54:08+00:00,2018-12-27 04:14:08+00:00
request for payment 184656,Request For Payment FINAL_APPROVED by SUPERVISOR,STAFF MEMBER,2018-12-27 04:53:55+00:00,2018-12-27 04:15:55+00:00
request for payment 184738,Request For Payment FINAL_APPROVED by SUPERVISOR,STAFF MEMBER,2018-12-27 05:14:55+00:00,2018-12-27 04:15:55+00:00
request for payment 185186,Request For Payment FINAL_APPROVED by SUPERVISOR,STAFF MEMBER,2018-12-27 04:51:55+00:00,2018-12-27 04:15:55+00:00
request for payment 184679,Request For Payment SUBMITTED by EMPLOYEE,STAFF MEMBER,2018-12-27 12:40:34+00:00,2018-12-27 11:47:34+00:00
request for payment 184679,Request For Payment APPROVED by ADMINISTRATION,STAFF MEMBER,2018-12-27 12:30:41+00:00,2018-12-27 11:47:41+00:00
request for payment 184963,Request For Payment SUBMITTED by EMPLOYEE,STAFF MEMBER,2018-12-27 15:42:12+00:00,2018-12-27 14:56:12+00:00
request for payment 184963,Request For Payment APPROVED by ADMINISTRATION,STAFF MEMBER,2018-12-27 15:36:15+00:00,2018-12-27 14:56:15+00:00
request for payment 184609,Request For Payment FINAL_APPROVED by DIRECTOR,STAFF MEMBER,2018-12-27 17:20:30+00:00,2018-12-27 16:49:30+00:00
request for payment 184685,Request For Payment SUBMITTED by EMPLOYEE,STAFF MEMBER,2018-12-27 18:04:10+00:00,2018-12-27 17:31:10+00:00
request for payment 184685,Request For Payment APPROVED by ADMINISTRATION,STAFF MEMBER,2018-12-27 18:28:14+00:00,2018-12-27 17:31:14+00:00
request for payment 184968,Request For Payment SUBMITTED by EMPLOYEE,STAFF MEMBER,2018-12-27 18:56:48+00:00,2018-12-27 18:25:48+00:00
request for payment 184968,Request For Payment APPROVED by ADMINISTRATION,STAFF MEMBER,2018-12-27 19:04:55+00:00,2018-12-27 18:25:55+00:00
request for payment 184869,Request For Payment FINAL_APPROVED by SUPERVISOR,STAFF MEMBER,2018-12-28 05:03:50+00:00,2018-12-28 04:15:50+00:00
request for payment 184973,Request For Payment SUBMITTED by EMPLOYEE,STAFF MEMBER,2018-12-28 11:12:39+00:00,2018-12-28 10:38:39+00:00
request for payment 184973,Request For Payment APPROVED by ADMINISTRATION,STAFF MEMBER,2018-12-28 11:17:52+00:00,2018-12-28 10:38:52+00:00
request for payment 184706,Request For Payment SUBMITTED by EMPLOYEE,STAFF MEMBER,2018-12-28 20:46:50+00:00,2018-12-28 20:04:50+00:00
request for payment 184706,Request For Payment APPROVED by ADMINISTRATION,STAFF MEMBER,2018-12-28 20:36:57+00:00,2018-12-28 20:04:57+00:00
request for payment 184979,Request For Payment SUBMITTED by EMPLOYEE,STAFF MEMBER,2018-12-29 00:06:32+00:00,2018-12-28 23:11:32+00:00
request for payment 184979,Request For Payment APPROVED by ADMINISTRATION,STAFF MEMBER,2018-12-29 00:07:38+00:00,2018-12-28 23:12:38+00:00
request for payment 184984,Request For Payment SUBMITTED by EMPLOYEE,STAFF MEMBER,2018-12-29 00:07:47+00:00,2018-12-28 23:25:47+00:00
request for payment 184984,Request For Payment APPROVED by ADMINISTRATION,STAFF MEMBER,2018-12-29 00:20:59+00:00,2018-12-28 23:26:59+00:00
request for payment 185181,Request For Payment SUBMITTED by EMPLOYEE,STAFF MEMBER,2018-12-29 03:04:35+00:00,2018-12-29 02:20:35+00:00
request for payment 185181,Request For Payment APPROVED by ADMINISTRATION,STAFF MEMBER,2018-12-29 02:52:38+00:00,2018-12-29 02:20:38+00:00
request for payment 184989,Request For Payment SUBMITTED by EMPLOYEE,STAFF MEMBER,2018-12-29 08:02:38+00:00,2018-12-29 07:16:38+00:00
request for payment 184989,Request For Payment APPROVED by ADMINISTRATION,STAFF MEMBER,2018-12-29 08:09:49+00:00,2018-12-29 07:16:49+00:00
request for payment 184994,Request For Payment SUBMITTED by EMPLOYEE,STAFF MEMBER,2018-12-29 11:12:10+00:00,2018-12-29 10:35:10+00:00
request for payment 184994,Request For Payment APPROVED by ADMINISTRATION,STAFF MEMBER,2018-12-29 11:11:18+00:00,2018-12-29 10:35:18+00:00
request for payment 185000,Request For Payment SUBMITTED by EMPLOYEE,STAFF MEMBER,2018-12-29 12:05:52+00:00,2018-12-29 11:34:52+00:00
request for payment 185000,Request For Payment APPROVED by ADMINISTRATION,STAFF MEMBER,2018-12-29 12:27:02+00:00,2018-12-29 11:35:02+00:00
request for payment 184869,Request Payment,SYSTEM,2019-01-02 08:25:02+00:00,2019-01-02 07:55:02+00:00
request for payment 184053,Request Payment,SYSTEM,2019-01-02 08:54:46+00:00,2019-01-02 08:20:46+00:00
request for payment 178379,Request Payment,SYSTEM,2019-01-02 10:13:34+00:00,2019-01-02 09:27:34+00:00
request for payment 178385,Request Payment,SYSTEM,2019-01-02 10:24:17+00:00,2019-01-02 09:28:17+00:00
request for payment 185251,Request Payment,SYSTEM,2019-01-02 10:15:08+00:00,2019-01-02 09:29:08+00:00
request for payment 172614,Request Payment,SYSTEM,2019-01-02 10:25:38+00:00,2019-01-02 09:29:38+00:00
request for payment 184823,Request Payment,SYSTEM,2019-01-02 10:19:59+00:00,2019-01-02 09:29:59+00:00
request for payment 184829,Request Payment,SYSTEM,2019-01-02 09:59:59+00:00,2019-01-02 09:29:59+00:00
request for payment 184835,Request Payment,SYSTEM,2019-01-02 10:28:06+00:00,2019-01-02 09:30:06+00:00
request for payment 184984,Request For Payment FINAL_APPROVED by SUPERVISOR,STAFF MEMBER,2019-01-02 10:52:51+00:00,2019-01-02 10:10:51+00:00
request for payment 185105,Request For Payment APPROVED by BUDGET OWNER,STAFF MEMBER,2019-01-02 11:06:30+00:00,2019-01-02 10:12:30+00:00
request for payment 184766,Request For Payment APPROVED by BUDGET OWNER,STAFF MEMBER,2019-01-02 10:56:22+00:00,2019-01-02 10:13:22+00:00
request for payment 184979,Request For Payment FINAL_APPROVED by SUPERVISOR,STAFF MEMBER,2019-01-02 11:03:33+00:00,2019-01-02 10:17:33+00:00
request for payment 184963,Request For Payment FINAL_APPROVED by SUPERVISOR,STAFF MEMBER,2019-01-02 11:22:08+00:00,2019-01-02 10:26:08+00:00
request for payment 184679,Request For Payment APPROVED by BUDGET OWNER,STAFF MEMBER,2019-01-02 10:58:06+00:00,2019-01-02 10:27:06+00:00
request for payment 185117,Request For Payment FINAL_APPROVED by SUPERVISOR,STAFF MEMBER,2019-01-02 11:10:15+00:00,2019-01-02 10:34:15+00:00
request for payment 184674,Request For Payment FINAL_APPROVED by SUPERVISOR,STAFF MEMBER,2019-01-02 11:33:28+00:00,2019-01-02 10:35:28+00:00
request for payment 185100,Request For Payment FINAL_APPROVED by SUPERVISOR,STAFF MEMBER,2019-01-02 11:32:44+00:00,2019-01-02 10:36:44+00:00
request for payment 185032,Request For Payment REJECTED by EMPLOYEE,STAFF MEMBER,2019-01-02 11:36:38+00:00,2019-01-02 10:47:38+00:00
request for payment 185314,Request For Payment REJECTED by EMPLOYEE,STAFF MEMBER,2019-01-02 11:43:35+00:00,2019-01-02 10:50:35+00:00
request for payment 178648,Request Payment,SYSTEM,2019-01-02 11:32:44+00:00,2019-01-02 11:02:44+00:00
request for payment 172656,Request Payment,SYSTEM,2019-01-02 11:42:20+00:00,2019-01-02 11:03:20+00:00
request for payment 185134,Request For Payment REJECTED by EMPLOYEE,STAFF MEMBER,2019-01-02 14:03:20+00:00,2019-01-02 13:16:20+00:00
request for payment 184755,Request For Payment APPROVED by BUDGET OWNER,STAFF MEMBER,2019-01-02 14:51:12+00:00,2019-01-02 14:00:12+00:00
request for payment 184875,Request For Payment APPROVED by BUDGET OWNER,STAFF MEMBER,2019-01-02 14:46:00+00:00,2019-01-02 14:13:00+00:00
request for payment 185181,Request For Payment FINAL_APPROVED by SUPERVISOR,STAFF MEMBER,2019-01-02 14:53:30+00:00,2019-01-02 14:17:30+00:00
request for payment 185042,Request For Payment APPROVED by BUDGET OWNER,STAFF MEMBER,2019-01-02 14:54:36+00:00,2019-01-02 14:18:36+00:00
request for payment 184793,Request For Payment APPROVED by BUDGET OWNER,STAFF MEMBER,2019-01-02 15:02:07+00:00,2019-01-02 14:20:07+00:00
request for payment 184777,Request For Payment APPROVED by BUDGET OWNER,STAFF MEMBER,2019-01-02 15:02:41+00:00,2019-01-02 14:22:41+00:00
request for payment 185089,Request For Payment APPROVED by BUDGET OWNER,STAFF MEMBER,2019-01-02 15:21:08+00:00,2019-01-02 14:24:08+00:00
request for payment 172582,Request For Payment FINAL_APPROVED by SUPERVISOR,STAFF MEMBER,2019-01-02 16:31:37+00:00,2019-01-02 15:45:37+00:00
request for payment 173283,Request Payment,SYSTEM,2019-01-03 06:34:04+00:00,2019-01-03 06:00:04+00:00
request for payment 172662,Request Payment,SYSTEM,2019-01-03 09:12:14+00:00,2019-01-03 08:18:14+00:00
request for payment 185000,Request For Payment APPROVED by BUDGET OWNER,STAFF MEMBER,2019-01-03 08:57:20+00:00,2019-01-03 08:27:20+00:00
request for payment 184903,Request For Payment REJECTED by EMPLOYEE,STAFF MEMBER,2019-01-03 09:19:50+00:00,2019-01-03 08:32:50+00:00
request for payment 184875,Request For Payment FINAL_APPROVED by SUPERVISOR,STAFF MEMBER,2019-01-03 09:26:18+00:00,2019-01-03 08:34:18+00:00
request for payment 184755,Request For Payment FINAL_APPROVED by SUPERVISOR,STAFF MEMBER,2019-01-03 09:21:22+00:00,2019-01-03 08:35:22+00:00
request for payment 184863,Request For Payment APPROVED by BUDGET OWNER,STAFF MEMBER,2019-01-03 09:16:04+00:00,2019-01-03 08:36:04+00:00
request for payment 185027,Request Payment,SYSTEM,2019-01-03 09:26:31+00:00,2019-01-03 08:38:31+00:00
request for payment 184674,Request Payment,SYSTEM,2019-01-03 10:03:38+00:00,2019-01-03 09:31:38+00:00
request for payment 185240,Request Payment,SYSTEM,2019-01-03 10:23:17+00:00,2019-01-03 09:48:17+00:00
request for payment 184994,Request For Payment APPROVED by BUDGET OWNER,STAFF MEMBER,2019-01-03 10:41:06+00:00,2019-01-03 10:00:06+00:00
request for payment 184989,Request For Payment FINAL_APPROVED by SUPERVISOR,STAFF MEMBER,2019-01-03 10:50:45+00:00,2019-01-03 10:01:45+00:00
request for payment 184706,Request For Payment APPROVED by BUDGET OWNER,STAFF MEMBER,2019-01-03 11:00:55+00:00,2019-01-03 10:02:55+00:00
request for payment 184917,Request For Payment FINAL_APPROVED by SUPERVISOR,STAFF MEMBER,2019-01-03 10:34:39+00:00,2019-01-03 10:03:39+00:00
request for payment 185036,Request For Payment APPROVED by BUDGET OWNER,STAFF MEMBER,2019-01-03 10:40:25+00:00,2019-01-03 10:05:25+00:00
request for payment 184912,Request For Payment FINAL_APPROVED by SUPERVISOR,STAFF MEMBER,2019-01-03 11:02:24+00:00,2019-01-03 10:06:24+00:00
request for payment 185276,Request For Payment FINAL_APPROVED by SUPERVISOR,STAFF MEMBER,2019-01-03 10:58:07+00:00,2019-01-03 10:07:07+00:00
request for payment 184852,Request For Payment FINAL_APPROVED by SUPERVISOR,STAFF MEMBER,2019-01-03 11:03:07+00:00,2019-01-03 10:08:07+00:00
request for payment 178204,Payment Handled,SYSTEM,2019-01-03 11:30:16+00:00,2019-01-03 10:59:16+00:00
request for payment 178222,Payment Handled,SYSTEM,2019-01-03 11:30:16+00:00,2019-01-03 10:59:16+00:00
request for payment 177833,Payment Handled,SYSTEM,2019-01-03 11:30:16+00:00,2019-01-03 10:59:16+00:00
request for payment 172638,Payment Handled,SYSTEM,2019-01-03 11:59:16+00:00,2019-01-03 10:59:16+00:00
request for payment 177154,Payment Handled,SYSTEM,2019-01-03 11:58:16+00:00,2019-01-03 10:59:16+00:00
request for payment 177246,Payment Handled,SYSTEM,2019-01-03 11:58:16+00:00,2019-01-03 10:59:16+00:00
request for payment 184728,Payment Handled,SYSTEM,2019-01-03 11:31:16+00:00,2019-01-03 10:59:16+00:00
request for payment 178233,Payment Handled,SYSTEM,2019-01-03 11:31:16+00:00,2019-01-03 10:59:16+00:00
request for payment 173289,Payment Handled,SYSTEM,2019-01-03 11:31:16+00:00,2019-01-03 10:59:16+00:00
request for payment 172261,Payment Handled,SYSTEM,2019-01-03 11:29:16+00:00,2019-01-03 10:59:16+00:00
request for payment 184712,Payment Handled,SYSTEM,2019-01-03 11:57:16+00:00,2019-01-03 10:59:16+00:00
request for payment 172942,Payment Handled,SYSTEM,2019-01-03 11:32:16+00:00,2019-01-03 10:59:16+00:00
request for payment 179011,Payment Handled,SYSTEM,2019-01-03 11:30:16+00:00,2019-01-03 10:59:16+00:00
request for payment 173271,Payment Handled,SYSTEM,2019-01-03 11:32:16+00:00,2019-01-03 10:59:16+00:00
request for payment 179169,Payment Handled,SYSTEM,2019-01-03 11:32:16+00:00,2019-01-03 10:59:16+00:00
request for payment 178585,Payment Handled,SYSTEM,2019-01-03 11:57:16+00:00,2019-01-03 10:59:16+00:00
request for payment 172656,Payment Handled,SYSTEM,2019-01-03 11:57:16+00:00,2019-01-03 10:59:16+00:00
request for payment 178689,Payment Handled,SYSTEM,2019-01-03 11:29:16+00:00,2019-01-03 10:59:16+00:00
request for payment 178597,Payment Handled,SYSTEM,2019-01-03 11:46:16+00:00,2019-01-03 10:59:16+00:00
request for payment 183873,Payment Handled,SYSTEM,2019-01-03 11:29:16+00:00,2019-01-03 10:59:16+00:00
request for payment 173313,Payment Handled,SYSTEM,2019-01-03 11:53:16+00:00,2019-01-03 10:59:16+00:00
request for payment 178457,Payment Handled,SYSTEM,2019-01-03 11:49:16+00:00,2019-01-03 10:59:16+00:00
request for payment 184053,Payment Handled,SYSTEM,2019-01-03 11:57:16+00:00,2019-01-03 10:59:16+00:00
request for payment 178379,Payment Handled,SYSTEM,2019-01-03 11:59:16+00:00,2019-01-03 10:59:16+00:00
request for payment 184285,Payment Handled,SYSTEM,2019-01-03 11:33:16+00:00,2019-01-03 10:59:16+00:00
request for payment 178642,Payment Handled,SYSTEM,2019-01-03 11:42:16+00:00,2019-01-03 10:59:16+00:00
request for payment 178210,Payment Handled,SYSTEM,2019-01-03 11:37:16+00:00,2019-01-03 10:59:16+00:00
request for payment 184869,Payment Handled,SYSTEM,2019-01-03 11:46:16+00:00,2019-01-03 10:59:16+00:00
request for payment 172608,Payment Handled,SYSTEM,2019-01-03 11:56:16+00:00,2019-01-03 10:59:16+00:00
request for payment 172917,Payment Handled,SYSTEM,2019-01-03 11:29:16+00:00,2019-01-03 10:59:16+00:00
request for payment 178619,Payment Handled,SYSTEM,2019-01-03 11:55:16+00:00,2019-01-03 10:59:16+00:00
request for payment 184641,Payment Handled,SYSTEM,2019-01-03 11:34:16+00:00,2019-01-03 10:59:16+00:00
request for payment 185170,Payment Handled,SYSTEM,2019-01-03 11:54:16+00:00,2019-01-03 10:59:16+00:00
request for payment 184488,Payment Handled,SYSTEM,2019-01-03 11:34:16+00:00,2019-01-03 10:59:16+00:00
request for payment 178177,Payment Handled,SYSTEM,2019-01-03 11:34:16+00:00,2019-01-03 10:59:16+00:00
request for payment 184840,Payment Handled,SYSTEM,2019-01-03 11:55:16+00:00,2019-01-03 10:59:16+00:00
request for payment 184635,Payment Handled,SYSTEM,2019-01-03 11:55:16+00:00,2019-01-03 10:59:16+00:00
request for payment 178414,Payment Handled,SYSTEM,2019-01-03 11:55:16+00:00,2019-01-03 10:59:16+00:00
request for payment 171809,Payment Handled,SYSTEM,2019-01-03 11:35:16+00:00,2019-01-03 10:59:16+00:00
request for payment 174145,Payment Handled,SYSTEM,2019-01-03 11:35:16+00:00,2019-01-03 10:59:16+00:00
request for payment 173330,Payment Handled,SYSTEM,2019-01-03 11:29:16+00:00,2019-01-03 10:59:16+00:00
request for payment 185143,Payment Handled,SYSTEM,2019-01-03 11:54:16+00:00,2019-01-03 10:59:16+00:00
request for payment 185291,Payment Handled,SYSTEM,2019-01-03 11:37:16+00:00,2019-01-03 10:59:16+00:00
request for payment 172411,Payment Handled,SYSTEM,2019-01-03 11:54:16+00:00,2019-01-03 10:59:16+00:00
request for payment 184829,Payment Handled,SYSTEM,2019-01-03 11:37:16+00:00,2019-01-03 10:59:16+00:00
request for payment 178667,Payment Handled,SYSTEM,2019-01-03 11:37:16+00:00,2019-01-03 10:59:16+00:00
request for payment 178198,Payment Handled,SYSTEM,2019-01-03 11:33:16+00:00,2019-01-03 10:59:16+00:00
request for payment 178573,Payment Handled,SYSTEM,2019-01-03 11:29:16+00:00,2019-01-03 10:59:16+00:00
request for payment 179968,Payment Handled,SYSTEM,2019-01-03 11:33:16+00:00,2019-01-03 10:59:16+00:00
request for payment 172183,Payment Handled,SYSTEM,2019-01-03 11:59:16+00:00,2019-01-03 10:59:16+00:00
request for payment 177664,Payment Handled,SYSTEM,2019-01-03 11:42:16+00:00,2019-01-03 10:59:16+00:00
request for payment 178385,Payment Handled,SYSTEM,2019-01-03 11:37:16+00:00,2019-01-03 10:59:16+00:00
request for payment 184823,Payment Handled,SYSTEM,2019-01-03 11:49:16+00:00,2019-01-03 10:59:16+00:00
request for payment 179666,Payment Handled,SYSTEM,2019-01-03 11:39:16+00:00,2019-01-03 10:59:16+00:00
request for payment 184628,Payment Handled,SYSTEM,2019-01-03 11:39:16+00:00,2019-01-03 10:59:16+00:00
request for payment 185246,Payment Handled,SYSTEM,2019-01-03 11:39:16+00:00,2019-01-03 10:59:16+00:00
request for payment 185148,Payment Handled,SYSTEM,2019-01-03 11:49:16+00:00,2019-01-03 10:59:16+00:00
request for payment 185234,Payment Handled,SYSTEM,2019-01-03 11:39:16+00:00,2019-01-03 10:59:16+00:00
request for payment 185251,Payment Handled,SYSTEM,2019-01-03 11:39:16+00:00,2019-01-03 10:59:16+00:00
request for payment 173780,Payment Handled,SYSTEM,2019-01-03 11:39:16+00:00,2019-01-03 10:59:16+00:00
request for payment 172440,Payment Handled,SYSTEM,2019-01-03 11:52:16+00:00,2019-01-03 10:59:16+00:00
request for payment 172614,Payment Handled,SYSTEM,2019-01-03 11:52:16+00:00,2019-01-03 10:59:16+00:00
request for payment 179058,Payment Handled,SYSTEM,2019-01-03 11:52:16+00:00,2019-01-03 10:59:16+00:00
request for payment 184477,Payment Handled,SYSTEM,2019-01-03 11:53:16+00:00,2019-01-03 10:59:16+00:00
request for payment 179037,Payment Handled,SYSTEM,2019-01-03 11:38:16+00:00,2019-01-03 10:59:16+00:00
request for payment 179672,Payment Handled,SYSTEM,2019-01-03 11:40:16+00:00,2019-01-03 10:59:16+00:00
request for payment 184835,Payment Handled,SYSTEM,2019-01-03 11:41:16+00:00,2019-01-03 10:59:16+00:00
request for payment 184723,Payment Handled,SYSTEM,2019-01-03 11:41:16+00:00,2019-01-03 10:59:16+00:00
request for payment 172284,Payment Handled,SYSTEM,2019-01-03 11:50:16+00:00,2019-01-03 10:59:16+00:00
request for payment 185301,Payment Handled,SYSTEM,2019-01-03 11:50:16+00:00,2019-01-03 10:59:16+00:00
request for payment 184483,Payment Handled,SYSTEM,2019-01-03 11:51:16+00:00,2019-01-03 10:59:16+00:00
request for payment 184471,Payment Handled,SYSTEM,2019-01-03 11:40:16+00:00,2019-01-03 10:59:16+00:00
request for payment 171735,Payment Handled,SYSTEM,2019-01-03 11:40:16+00:00,2019-01-03 10:59:16+00:00
request for payment 184718,Payment Handled,SYSTEM,2019-01-03 11:40:16+00:00,2019-01-03 10:59:16+00:00
request for payment 171966,Payment Handled,SYSTEM,2019-01-03 11:40:16+00:00,2019-01-03 10:59:16+00:00
request for payment 173295,Payment Handled,SYSTEM,2019-01-03 11:51:16+00:00,2019-01-03 10:59:16+00:00
request for payment 178683,Payment Handled,SYSTEM,2019-01-03 11:41:16+00:00,2019-01-03 10:59:16+00:00
request for payment 177224,Payment Handled,SYSTEM,2019-01-03 11:50:16+00:00,2019-01-03 10:59:16+00:00
request for payment 184501,Payment Handled,SYSTEM,2019-01-03 11:49:16+00:00,2019-01-03 10:59:16+00:00
request for payment 185223,Payment Handled,SYSTEM,2019-01-03 11:48:16+00:00,2019-01-03 10:59:16+00:00
request for payment 184690,Payment Handled,SYSTEM,2019-01-03 11:43:16+00:00,2019-01-03 10:59:16+00:00
request for payment 178648,Payment Handled,SYSTEM,2019-01-03 11:43:16+00:00,2019-01-03 10:59:16+00:00
request for payment 184651,Payment Handled,SYSTEM,2019-01-03 11:43:16+00:00,2019-01-03 10:59:16+00:00
request for payment 179477,Payment Handled,SYSTEM,2019-01-03 11:43:16+00:00,2019-01-03 10:59:16+00:00
request for payment 178659,Payment Handled,SYSTEM,2019-01-03 11:43:16+00:00,2019-01-03 10:59:16+00:00
request for payment 184171,Payment Handled,SYSTEM,2019-01-03 11:43:16+00:00,2019-01-03 10:59:16+00:00
request for payment 178468,Payment Handled,SYSTEM,2019-01-03 11:51:16+00:00,2019-01-03 10:59:16+00:00
request for payment 173354,Payment Handled,SYSTEM,2019-01-03 11:48:16+00:00,2019-01-03 10:59:16+00:00
request for payment 172644,Payment Handled,SYSTEM,2019-01-03 11:48:16+00:00,2019-01-03 10:59:16+00:00
request for payment 178672,Payment Handled,SYSTEM,2019-01-03 11:47:16+00:00,2019-01-03 10:59:16+00:00
request for payment 172178,Payment Handled,SYSTEM,2019-01-03 11:48:16+00:00,2019-01-03 10:59:16+00:00
request for payment 184511,Payment Handled,SYSTEM,2019-01-03 11:45:16+00:00,2019-01-03 10:59:16+00:00
request for payment 184646,Payment Handled,SYSTEM,2019-01-03 11:48:16+00:00,2019-01-03 10:59:16+00:00
request for payment 173319,Payment Handled,SYSTEM,2019-01-03 11:42:16+00:00,2019-01-03 10:59:16+00:00
request for payment 178404,Payment Handled,SYSTEM,2019-01-03 11:38:16+00:00,2019-01-03 10:59:16+00:00
request for payment 183672,Payment Handled,SYSTEM,2019-01-03 11:46:16+00:00,2019-01-03 10:59:16+00:00
request for payment 184750,Payment Handled,SYSTEM,2019-01-03 11:46:16+00:00,2019-01-03 10:59:16+00:00
request for payment 178216,Payment Handled,SYSTEM,2019-01-03 11:46:16+00:00,2019-01-03 10:59:16+00:00
request for payment 178591,Payment Handled,SYSTEM,2019-01-03 11:46:16+00:00,2019-01-03 10:59:16+00:00
request for payment 178452,Payment Handled,SYSTEM,2019-01-03 11:45:16+00:00,2019-01-03 10:59:16+00:00
request for payment 184443,Payment Handled,SYSTEM,2019-01-03 11:45:16+00:00,2019-01-03 10:59:16+00:00
request for payment 178578,Payment Handled,SYSTEM,2019-01-03 11:45:16+00:00,2019-01-03 10:59:16+00:00
request for payment 179022,Payment Handled,SYSTEM,2019-01-03 11:46:16+00:00,2019-01-03 10:59:16+00:00
request for payment 179906,Request Payment,SYSTEM,2019-01-03 12:03:11+00:00,2019-01-03 11:17:11+00:00
request for payment 171717,Request Payment,SYSTEM,2019-01-03 12:17:19+00:00,2019-01-03 11:17:19+00:00
request for payment 179915,Request Payment,SYSTEM,2019-01-03 12:06:25+00:00,2019-01-03 11:17:25+00:00
request for payment 179921,Request Payment,SYSTEM,2019-01-03 11:53:32+00:00,2019-01-03 11:17:32+00:00
request for payment 179938,Request Payment,SYSTEM,2019-01-03 11:59:39+00:00,2019-01-03 11:17:39+00:00
request for payment 171726,Request Payment,SYSTEM,2019-01-03 12:09:46+00:00,2019-01-03 11:17:46+00:00
request for payment 179985,Request Payment,SYSTEM,2019-01-03 11:49:55+00:00,2019-01-03 11:17:55+00:00
request for payment 179690,Request Payment,SYSTEM,2019-01-03 12:00:02+00:00,2019-01-03 11:18:02+00:00
request for payment 176411,Request Payment,SYSTEM,2019-01-03 11:56:08+00:00,2019-01-03 11:18:08+00:00
request for payment 176390,Request Payment,SYSTEM,2019-01-03 11:54:14+00:00,2019-01-03 11:18:14+00:00
request for payment 178013,Request Payment,SYSTEM,2019-01-03 11:50:20+00:00,2019-01-03 11:18:20+00:00
request for payment 185059,Request Payment,SYSTEM,2019-01-03 11:56:28+00:00,2019-01-03 11:18:28+00:00
request for payment 184600,Request Payment,SYSTEM,2019-01-03 11:52:34+00:00,2019-01-03 11:18:34+00:00
request for payment 184619,Request Payment,SYSTEM,2019-01-03 12:11:41+00:00,2019-01-03 11:18:41+00:00
request for payment 184609,Request Payment,SYSTEM,2019-01-03 12:05:48+00:00,2019-01-03 11:18:48+00:00
request for payment 184594,Request Payment,SYSTEM,2019-01-03 12:11:54+00:00,2019-01-03 11:18:54+00:00
request for payment 184588,Request Payment,SYSTEM,2019-01-03 12:14:00+00:00,2019-01-03 11:19:00+00:00
request for payment 176361,Request Payment,SYSTEM,2019-01-03 11:51:07+00:00,2019-01-03 11:19:07+00:00
request for payment 171753,Request Payment,SYSTEM,2019-01-03 11:53:13+00:00,2019-01-03 11:19:13+00:00
request for payment 176352,Request Payment,SYSTEM,2019-01-03 12:00:24+00:00,2019-01-03 11:19:24+00:00
request for payment 171744,Request Payment,SYSTEM,2019-01-03 12:10:31+00:00,2019-01-03 11:19:31+00:00
request for payment 172389,Request Payment,SYSTEM,2019-01-03 12:15:41+00:00,2019-01-03 11:19:41+00:00
request for payment 179160,Request Payment,SYSTEM,2019-01-03 11:53:57+00:00,2019-01-03 11:19:57+00:00
request for payment 172043,Request Payment,SYSTEM,2019-01-03 11:53:11+00:00,2019-01-03 11:20:11+00:00
request for payment 172004,Request Payment,SYSTEM,2019-01-03 11:57:21+00:00,2019-01-03 11:20:21+00:00
request for payment 184226,Request Payment,SYSTEM,2019-01-03 11:53:28+00:00,2019-01-03 11:20:28+00:00
request for payment 180025,Request Payment,SYSTEM,2019-01-03 12:04:37+00:00,2019-01-03 11:20:37+00:00
request for payment 180020,Request Payment,SYSTEM,2019-01-03 12:15:43+00:00,2019-01-03 11:20:43+00:00
request for payment 180015,Request Payment,SYSTEM,2019-01-03 12:14:50+00:00,2019-01-03 11:20:50+00:00
request for payment 180010,Request Payment,SYSTEM,2019-01-03 12:06:56+00:00,2019-01-03 11:20:56+00:00
request for payment 180005,Request Payment,SYSTEM,2019-01-03 12:20:05+00:00,2019-01-03 11:21:05+00:00
request for payment 180000,Request Payment,SYSTEM,2019-01-03 11:51:13+00:00,2019-01-03 11:21:13+00:00
request for payment 179990,Request Payment,SYSTEM,2019-01-03 11:55:21+00:00,2019-01-03 11:21:21+00:00
request for payment 184845,Request Payment,SYSTEM,2019-01-03 12:22:51+00:00,2019-01-03 11:23:51+00:00
request for payment 185256,Request Payment,SYSTEM,2019-01-03 12:04:51+00:00,2019-01-03 11:23:51+00:00
request for payment 185329,Request Payment,SYSTEM,2019-01-03 12:08:57+00:00,2019-01-03 11:23:57+00:00
request for payment 178425,Request Payment,SYSTEM,2019-01-03 12:19:01+00:00,2019-01-03 11:24:01+00:00
request for payment 185261,Request Payment,SYSTEM,2019-01-03 11:55:02+00:00,2019-01-03 11:24:02+00:00
request for payment 184733,Request Payment,SYSTEM,2019-01-03 12:23:08+00:00,2019-01-03 11:24:08+00:00
request for payment 179017,Request Payment,SYSTEM,2019-01-03 12:11:09+00:00,2019-01-03 11:24:09+00:00
request for payment 185218,Request Payment,SYSTEM,2019-01-03 12:13:14+00:00,2019-01-03 11:24:14+00:00
request for payment 172194,Request Payment,SYSTEM,2019-01-03 12:11:21+00:00,2019-01-03 11:24:21+00:00
request for payment 179048,Request Payment,SYSTEM,2019-01-03 12:15:39+00:00,2019-01-03 11:24:39+00:00
request for payment 179053,Request Payment,SYSTEM,2019-01-03 12:08:40+00:00,2019-01-03 11:24:40+00:00
request for payment 178999,Request Payment,SYSTEM,2019-01-03 11:54:46+00:00,2019-01-03 11:24:46+00:00
request for payment 184963,Request Payment,SYSTEM,2019-01-03 13:02:32+00:00,2019-01-03 12:15:32+00:00
request for payment 184907,Request For Payment FINAL_APPROVED by SUPERVISOR,STAFF MEMBER,2019-01-03 15:39:07+00:00,2019-01-03 14:39:07+00:00
request for payment 184953,Request For Payment FINAL_APPROVED by SUPERVISOR,STAFF MEMBER,2019-01-03 15:18:44+00:00,2019-01-03 14:39:44+00:00
request for payment 184948,Request For Payment FINAL_APPROVED by SUPERVISOR,STAFF MEMBER,2019-01-03 15:27:03+00:00,2019-01-03 14:40:03+00:00
request for payment 184943,Request For Payment FINAL_APPROVED by SUPERVISOR,STAFF MEMBER,2019-01-03 15:12:19+00:00,2019-01-03 14:40:19+00:00
request for payment 185195,Request For Payment FINAL_APPROVED by SUPERVISOR,STAFF MEMBER,2019-01-03 16:29:01+00:00,2019-01-03 15:46:01+00:00
request for payment 172582,Request Payment,SYSTEM,2019-01-03 17:46:06+00:00,2019-01-03 17:00:06+00:00
request for payment 185186,Request Payment,SYSTEM,2019-01-03 19:45:40+00:00,2019-01-03 19:12:40+00:00
request for payment 184994,Request For Payment FINAL_APPROVED by SUPERVISOR,STAFF MEMBER,2019-01-03 23:26:28+00:00,2019-01-03 22:49:28+00:00
request for payment 184706,Request For Payment FINAL_APPROVED by SUPERVISOR,STAFF MEMBER,2019-01-03 23:29:38+00:00,2019-01-03 22:49:38+00:00
request for payment 178462,Request Payment,SYSTEM,2019-01-04 08:40:15+00:00,2019-01-04 07:50:15+00:00
request for payment 179114,Request Payment,SYSTEM,2019-01-04 08:43:26+00:00,2019-01-04 07:50:26+00:00
request for payment 179103,Request Payment,SYSTEM,2019-01-04 08:50:34+00:00,2019-01-04 07:50:34+00:00
request for payment 179553,Request Payment,SYSTEM,2019-01-04 08:45:43+00:00,2019-01-04 07:50:43+00:00
request for payment 185206,Request Payment,SYSTEM,2019-01-04 09:24:15+00:00,2019-01-04 08:50:15+00:00
request for payment 178713,Request Payment,SYSTEM,2019-01-04 09:21:35+00:00,2019-01-04 08:50:35+00:00
request for payment 185228,Request Payment,SYSTEM,2019-01-04 09:30:48+00:00,2019-01-04 08:50:48+00:00
request for payment 185212,Request Payment,SYSTEM,2019-01-04 09:26:03+00:00,2019-01-04 08:51:03+00:00
request for payment 184852,Request Payment,SYSTEM,2019-01-04 11:29:02+00:00,2019-01-04 10:54:02+00:00
request for payment 178439,Request Payment,SYSTEM,2019-01-04 16:53:49+00:00,2019-01-04 16:02:49+00:00
request for payment 185117,Request Payment,SYSTEM,2019-01-04 16:52:51+00:00,2019-01-04 16:02:51+00:00
request for payment 185100,Request Payment,SYSTEM,2019-01-04 16:36:52+00:00,2019-01-04 16:02:52+00:00
request for payment 173266,Request Payment,SYSTEM,2019-01-04 17:36:51+00:00,2019-01-04 16:36:51+00:00
request for payment 179005,Request Payment,SYSTEM,2019-01-04 19:09:29+00:00,2019-01-04 18:11:29+00:00
request for payment 185138,Request Payment,SYSTEM,2019-01-04 19:50:20+00:00,2019-01-04 19:06:20+00:00
request for payment 185105,Request For Payment FINAL_APPROVED by SUPERVISOR,STAFF MEMBER,2019-01-05 16:03:08+00:00,2019-01-05 15:15:08+00:00
request for payment 184706,Request Payment,SYSTEM,2019-01-05 17:12:11+00:00,2019-01-05 16:13:11+00:00
request for payment 184994,Request Payment,SYSTEM,2019-01-05 17:08:12+00:00,2019-01-05 16:13:12+00:00
request for payment 185084,Request Payment,SYSTEM,2019-01-07 09:41:46+00:00,2019-01-07 08:44:46+00:00
request for payment 185074,Request Payment,SYSTEM,2019-01-07 09:21:46+00:00,2019-01-07 08:44:46+00:00
request for payment 185079,Request Payment,SYSTEM,2019-01-07 09:25:47+00:00,2019-01-07 08:44:47+00:00
request for payment 184738,Request Payment,SYSTEM,2019-01-07 10:19:54+00:00,2019-01-07 09:25:54+00:00
request for payment 183850,Request For Payment APPROVED by ADMINISTRATION,STAFF MEMBER,2019-01-07 10:10:35+00:00,2019-01-07 09:26:35+00:00
request for payment 184783,Request Payment,SYSTEM,2019-01-07 10:14:40+00:00,2019-01-07 09:41:40+00:00
request for payment 184907,Request Payment,SYSTEM,2019-01-07 10:40:58+00:00,2019-01-07 09:41:58+00:00
request for payment 185276,Request Payment,SYSTEM,2019-01-07 11:49:38+00:00,2019-01-07 11:00:38+00:00
request for payment 184917,Request Payment,SYSTEM,2019-01-07 11:43:31+00:00,2019-01-07 11:02:31+00:00
request for payment 185095,Request For Payment FINAL_APPROVED by SUPERVISOR,STAFF MEMBER,2019-01-07 11:54:55+00:00,2019-01-07 11:03:55+00:00
request for payment 185036,Request For Payment FINAL_APPROVED by SUPERVISOR,STAFF MEMBER,2019-01-07 13:42:15+00:00,2019-01-07 12:46:15+00:00
request for payment 184245,Request For Payment APPROVED by ADMINISTRATION,STAFF MEMBER,2019-01-07 14:30:51+00:00,2019-01-07 13:36:51+00:00
request for payment 185195,Request Payment,SYSTEM,2019-01-07 15:30:23+00:00,2019-01-07 14:55:23+00:00
request for payment 172582,Payment Handled,SYSTEM,2019-01-07 17:20:13+00:00,2019-01-07 16:31:13+00:00
request for payment 179017,Payment Handled,SYSTEM,2019-01-07 17:20:13+00:00,2019-01-07 16:31:13+00:00
request for payment 172662,Payment Handled,SYSTEM,2019-01-07 17:20:13+00:00,2019-01-07 16:31:13+00:00
request for payment 172043,Payment Handled,SYSTEM,2019-01-07 17:20:13+00:00,2019-01-07 16:31:13+00:00
request for payment 184609,Payment Handled,SYSTEM,2019-01-07 17:24:13+00:00,2019-01-07 16:31:13+00:00
request for payment 176411,Payment Handled,SYSTEM,2019-01-07 17:12:13+00:00,2019-01-07 16:31:13+00:00
request for payment 171717,Payment Handled,SYSTEM,2019-01-07 17:24:13+00:00,2019-01-07 16:31:13+00:00
request for payment 180025,Payment Handled,SYSTEM,2019-01-07 17:06:13+00:00,2019-01-07 16:31:13+00:00
request for payment 184600,Payment Handled,SYSTEM,2019-01-07 17:04:13+00:00,2019-01-07 16:31:13+00:00
request for payment 185059,Payment Handled,SYSTEM,2019-01-07 17:10:13+00:00,2019-01-07 16:31:13+00:00
request for payment 176361,Payment Handled,SYSTEM,2019-01-07 17:10:13+00:00,2019-01-07 16:31:13+00:00
request for payment 179990,Payment Handled,SYSTEM,2019-01-07 17:03:13+00:00,2019-01-07 16:31:13+00:00
request for payment 180010,Payment Handled,SYSTEM,2019-01-07 17:03:13+00:00,2019-01-07 16:31:13+00:00
request for payment 185100,Payment Handled,SYSTEM,2019-01-07 17:10:13+00:00,2019-01-07 16:31:13+00:00
request for payment 185228,Payment Handled,SYSTEM,2019-01-07 17:01:13+00:00,2019-01-07 16:31:13+00:00
request for payment 178713,Payment Handled,SYSTEM,2019-01-07 17:02:13+00:00,2019-01-07 16:31:13+00:00
request for payment 185117,Payment Handled,SYSTEM,2019-01-07 17:01:13+00:00,2019-01-07 16:31:13+00:00
request for payment 185256,Payment Handled,SYSTEM,2019-01-07 17:10:13+00:00,2019-01-07 16:31:13+00:00
request for payment 179906,Payment Handled,SYSTEM,2019-01-07 17:07:13+00:00,2019-01-07 16:31:13+00:00
request for payment 184226,Payment Handled,SYSTEM,2019-01-07 17:05:13+00:00,2019-01-07 16:31:13+00:00
request for payment 178999,Payment Handled,SYSTEM,2019-01-07 17:11:13+00:00,2019-01-07 16:31:13+00:00
request for payment 178013,Payment Handled,SYSTEM,2019-01-07 17:22:13+00:00,2019-01-07 16:31:13+00:00
request for payment 185218,Payment Handled,SYSTEM,2019-01-07 17:01:13+00:00,2019-01-07 16:31:13+00:00
request for payment 172004,Payment Handled,SYSTEM,2019-01-07 17:01:13+00:00,2019-01-07 16:31:13+00:00
request for payment 176352,Payment Handled,SYSTEM,2019-01-07 17:01:13+00:00,2019-01-07 16:31:13+00:00
request for payment 185206,Payment Handled,SYSTEM,2019-01-07 17:11:13+00:00,2019-01-07 16:31:13+00:00
request for payment 184594,Payment Handled,SYSTEM,2019-01-07 17:11:13+00:00,2019-01-07 16:31:13+00:00
request for payment 185261,Payment Handled,SYSTEM,2019-01-07 17:11:13+00:00,2019-01-07 16:31:13+00:00
request for payment 171744,Payment Handled,SYSTEM,2019-01-07 17:10:13+00:00,2019-01-07 16:31:13+00:00
request for payment 184733,Payment Handled,SYSTEM,2019-01-07 17:23:13+00:00,2019-01-07 16:31:13+00:00
request for payment 185027,Payment Handled,SYSTEM,2019-01-07 17:15:13+00:00,2019-01-07 16:31:13+00:00
request for payment 179160,Payment Handled,SYSTEM,2019-01-07 17:26:13+00:00,2019-01-07 16:31:13+00:00
request for payment 172389,Payment Handled,SYSTEM,2019-01-07 17:16:13+00:00,2019-01-07 16:31:13+00:00
request for payment 184852,Payment Handled,SYSTEM,2019-01-07 17:16:13+00:00,2019-01-07 16:31:13+00:00
request for payment 178425,Payment Handled,SYSTEM,2019-01-07 17:12:13+00:00,2019-01-07 16:31:13+00:00
request for payment 185329,Payment Handled,SYSTEM,2019-01-07 17:17:13+00:00,2019-01-07 16:31:13+00:00
request for payment 184845,Payment Handled,SYSTEM,2019-01-07 17:18:13+00:00,2019-01-07 16:31:13+00:00
request for payment 173283,Payment Handled,SYSTEM,2019-01-07 17:23:13+00:00,2019-01-07 16:31:13+00:00
request for payment 185186,Payment Handled,SYSTEM,2019-01-07 17:17:13+00:00,2019-01-07 16:31:13+00:00
request for payment 180015,Payment Handled,SYSTEM,2019-01-07 17:13:13+00:00,2019-01-07 16:31:13+00:00
request for payment 179938,Payment Handled,SYSTEM,2019-01-07 17:15:13+00:00,2019-01-07 16:31:13+00:00
request for payment 179985,Payment Handled,SYSTEM,2019-01-07 17:14:13+00:00,2019-01-07 16:31:13+00:00
request for payment 184588,Payment Handled,SYSTEM,2019-01-07 17:14:13+00:00,2019-01-07 16:31:13+00:00
request for payment 179690,Payment Handled,SYSTEM,2019-01-07 17:13:13+00:00,2019-01-07 16:31:13+00:00
request for payment 180000,Payment Handled,SYSTEM,2019-01-07 17:19:13+00:00,2019-01-07 16:31:13+00:00
request for payment 179915,Payment Handled,SYSTEM,2019-01-07 17:13:13+00:00,2019-01-07 16:31:13+00:00
request for payment 172194,Payment Handled,SYSTEM,2019-01-07 17:15:13+00:00,2019-01-07 16:31:13+00:00
request for payment 171726,Payment Handled,SYSTEM,2019-01-07 17:13:13+00:00,2019-01-07 16:31:13+00:00
request for payment 184674,Payment Handled,SYSTEM,2019-01-07 17:15:13+00:00,2019-01-07 16:31:13+00:00
request for payment 185240,Payment Handled,SYSTEM,2019-01-07 17:19:13+00:00,2019-01-07 16:31:13+00:00
request for payment 180005,Payment Handled,SYSTEM,2019-01-07 17:20:13+00:00,2019-01-07 16:31:13+00:00
request for payment 184619,Payment Handled,SYSTEM,2019-01-07 17:20:13+00:00,2019-01-07 16:31:13+00:00
request for payment 179921,Payment Handled,SYSTEM,2019-01-07 17:31:13+00:00,2019-01-07 16:31:13+00:00
request for payment 180020,Payment Handled,SYSTEM,2019-01-07 17:31:13+00:00,2019-01-07 16:31:13+00:00
request for payment 185212,Payment Handled,SYSTEM,2019-01-07 17:31:13+00:00,2019-01-07 16:31:13+00:00
request for payment 176390,Payment Handled,SYSTEM,2019-01-07 17:31:13+00:00,2019-01-07 16:31:13+00:00
request for payment 171753,Payment Handled,SYSTEM,2019-01-07 17:28:13+00:00,2019-01-07 16:31:13+00:00
request for payment 179048,Payment Handled,SYSTEM,2019-01-07 17:28:13+00:00,2019-01-07 16:31:13+00:00
request for payment 184963,Payment Handled,SYSTEM,2019-01-07 17:26:13+00:00,2019-01-07 16:31:13+00:00
request for payment 179053,Payment Handled,SYSTEM,2019-01-07 17:19:13+00:00,2019-01-07 16:31:13+00:00
request for payment 178439,Payment Handled,SYSTEM,2019-01-07 17:13:13+00:00,2019-01-07 16:31:13+00:00
request for payment 185095,Request Payment,SYSTEM,2019-01-08 06:57:57+00:00,2019-01-08 06:00:57+00:00
request for payment 184755,Request Payment,SYSTEM,2019-01-08 07:38:01+00:00,2019-01-08 06:59:01+00:00
request for payment 184875,Request Payment,SYSTEM,2019-01-08 07:31:07+00:00,2019-01-08 06:59:07+00:00
request for payment 184953,Request Payment,SYSTEM,2019-01-08 08:22:21+00:00,2019-01-08 07:48:21+00:00
request for payment 184943,Request Payment,SYSTEM,2019-01-08 08:18:22+00:00,2019-01-08 07:48:22+00:00
request for payment 184948,Request Payment,SYSTEM,2019-01-08 08:22:23+00:00,2019-01-08 07:48:23+00:00
request for payment 185000,Request For Payment FINAL_APPROVED by SUPERVISOR,STAFF MEMBER,2019-01-08 08:50:39+00:00,2019-01-08 08:00:39+00:00
request for payment 185122,Request Payment,SYSTEM,2019-01-08 08:46:09+00:00,2019-01-08 08:06:09+00:00
request for payment 172626,Request Payment,SYSTEM,2019-01-08 09:09:17+00:00,2019-01-08 08:27:17+00:00
request for payment 178390,Request Payment,SYSTEM,2019-01-08 09:04:27+00:00,2019-01-08 08:27:27+00:00
request for payment 184817,Request Payment,SYSTEM,2019-01-08 09:17:42+00:00,2019-01-08 08:28:42+00:00
request for payment 185000,Request Payment,SYSTEM,2019-01-08 09:09:14+00:00,2019-01-08 08:29:14+00:00
request for payment 172620,Request Payment,SYSTEM,2019-01-08 09:11:21+00:00,2019-01-08 08:30:21+00:00
request for payment 185105,Request Payment,SYSTEM,2019-01-08 09:18:00+00:00,2019-01-08 08:32:00+00:00
request for payment 185089,Request For Payment FINAL_APPROVED by SUPERVISOR,STAFF MEMBER,2019-01-08 09:25:01+00:00,2019-01-08 08:32:01+00:00
request for payment 185042,Request For Payment FINAL_APPROVED by SUPERVISOR,STAFF MEMBER,2019-01-08 09:09:29+00:00,2019-01-08 08:32:29+00:00
request for payment 184989,Request Payment,SYSTEM,2019-01-08 10:31:08+00:00,2019-01-08 09:49:08+00:00
request for payment 185266,Request For Payment FINAL_APPROVED by SUPERVISOR,STAFF MEMBER,2019-01-08 11:05:20+00:00,2019-01-08 10:05:20+00:00
request for payment 185127,Request For Payment FINAL_APPROVED by SUPERVISOR,STAFF MEMBER,2019-01-08 10:56:14+00:00,2019-01-08 10:06:14+00:00
request for payment 184685,Request For Payment FINAL_APPROVED by SUPERVISOR,STAFF MEMBER,2019-01-08 10:55:10+00:00,2019-01-08 10:09:10+00:00
request for payment 178724,Request Payment,SYSTEM,2019-01-08 10:41:14+00:00,2019-01-08 10:10:14+00:00
request for payment 184938,Request For Payment FINAL_APPROVED by SUPERVISOR,STAFF MEMBER,2019-01-08 10:47:50+00:00,2019-01-08 10:14:50+00:00
request for payment 184933,Request For Payment FINAL_APPROVED by SUPERVISOR,STAFF MEMBER,2019-01-08 10:58:08+00:00,2019-01-08 10:16:08+00:00
request for payment 185054,Request For Payment FINAL_APPROVED by SUPERVISOR,STAFF MEMBER,2019-01-08 11:08:06+00:00,2019-01-08 10:17:06+00:00
request for payment 184891,Request For Payment APPROVED by BUDGET OWNER,STAFF MEMBER,2019-01-08 11:08:57+00:00,2019-01-08 10:25:57+00:00
request for payment 185159,Request For Payment FINAL_APPROVED by SUPERVISOR,STAFF MEMBER,2019-01-08 11:22:38+00:00,2019-01-08 10:27:38+00:00
request for payment 185021,Request For Payment APPROVED by BUDGET OWNER,STAFF MEMBER,2019-01-08 11:15:05+00:00,2019-01-08 10:30:05+00:00
request for payment 185200,Request For Payment APPROVED by BUDGET OWNER,STAFF MEMBER,2019-01-08 11:26:09+00:00,2019-01-08 10:31:09+00:00
request for payment 184788,Request For Payment FINAL_APPROVED by SUPERVISOR,STAFF MEMBER,2019-01-08 11:24:55+00:00,2019-01-08 10:39:55+00:00
request for payment 184811,Request For Payment APPROVED by BUDGET OWNER,STAFF MEMBER,2019-01-08 11:35:33+00:00,2019-01-08 10:40:33+00:00
request for payment 184805,Request For Payment APPROVED by BUDGET OWNER,STAFF MEMBER,2019-01-08 11:21:31+00:00,2019-01-08 10:41:31+00:00
request for payment 184958,Request For Payment FINAL_APPROVED by SUPERVISOR,STAFF MEMBER,2019-01-08 13:06:08+00:00,2019-01-08 12:25:08+00:00
request for payment 185318,Request For Payment APPROVED by BUDGET OWNER,STAFF MEMBER,2019-01-08 13:57:40+00:00,2019-01-08 13:25:40+00:00
request for payment 184857,Request For Payment FINAL_APPROVED by SUPERVISOR,STAFF MEMBER,2019-01-08 14:05:31+00:00,2019-01-08 13:29:31+00:00
request for payment 185164,Request For Payment APPROVED by BUDGET OWNER,STAFF MEMBER,2019-01-08 14:14:07+00:00,2019-01-08 13:32:07+00:00
request for payment 184695,Request For Payment FINAL_APPROVED by SUPERVISOR,STAFF MEMBER,2019-01-08 14:20:28+00:00,2019-01-08 13:33:28+00:00
request for payment 185153,Request For Payment APPROVED by BUDGET OWNER,STAFF MEMBER,2019-01-08 14:24:56+00:00,2019-01-08 13:39:56+00:00
request for payment 185016,Request For Payment FINAL_APPROVED by SUPERVISOR,STAFF MEMBER,2019-01-08 14:39:06+00:00,2019-01-08 13:41:06+00:00
request for payment 184799,Request For Payment APPROVED by BUDGET OWNER,STAFF MEMBER,2019-01-08 14:35:01+00:00,2019-01-08 13:47:01+00:00
request for payment 185111,Request For Payment APPROVED by SUPERVISOR,STAFF MEMBER,2019-01-08 14:32:11+00:00,2019-01-08 13:50:11+00:00
request for payment 184891,Request For Payment FINAL_APPROVED by SUPERVISOR,STAFF MEMBER,2019-01-08 14:37:14+00:00,2019-01-08 13:52:14+00:00
request for payment 185159,Request Payment,SYSTEM,2019-01-08 14:41:39+00:00,2019-01-08 14:03:39+00:00
request for payment 185054,Request Payment,SYSTEM,2019-01-08 14:43:54+00:00,2019-01-08 14:03:54+00:00
request for payment 185281,Request For Payment FINAL_APPROVED by SUPERVISOR,STAFF MEMBER,2019-01-08 15:15:01+00:00,2019-01-08 14:17:01+00:00
request for payment 184788,Request Payment,SYSTEM,2019-01-08 15:09:34+00:00,2019-01-08 14:33:34+00:00
request for payment 184685,Request Payment,SYSTEM,2019-01-08 15:25:35+00:00,2019-01-08 14:33:35+00:00
request for payment 184430,Request Payment,SYSTEM,2019-01-08 15:19:41+00:00,2019-01-08 14:33:41+00:00
request for payment 172035,Request Payment,SYSTEM,2019-01-08 15:17:42+00:00,2019-01-08 14:33:42+00:00
request for payment 185286,Request For Payment FINAL_APPROVED by SUPERVISOR,STAFF MEMBER,2019-01-08 15:23:27+00:00,2019-01-08 14:34:27+00:00
request for payment 184973,Request For Payment APPROVED by BUDGET OWNER,STAFF MEMBER,2019-01-08 15:13:26+00:00,2019-01-08 14:37:26+00:00
request for payment 185164,Request For Payment FINAL_APPROVED by SUPERVISOR,STAFF MEMBER,2019-01-08 15:47:32+00:00,2019-01-08 14:57:32+00:00
request for payment 184973,Request For Payment FINAL_APPROVED by SUPERVISOR,STAFF MEMBER,2019-01-08 15:49:32+00:00,2019-01-08 14:57:32+00:00
request for payment 185318,Request For Payment FINAL_APPROVED by SUPERVISOR,STAFF MEMBER,2019-01-08 15:54:32+00:00,2019-01-08 14:57:32+00:00
request for payment 184679,Request For Payment FINAL_APPROVED by SUPERVISOR,STAFF MEMBER,2019-01-09 05:03:36+00:00,2019-01-09 04:15:36+00:00
request for payment 184793,Request For Payment REJECTED by SUPERVISOR,STAFF MEMBER,2019-01-09 05:00:36+00:00,2019-01-09 04:15:36+00:00
request for payment 184777,Request For Payment FINAL_APPROVED by SUPERVISOR,STAFF MEMBER,2019-01-09 04:50:36+00:00,2019-01-09 04:15:36+00:00
request for payment 184766,Request For Payment FINAL_APPROVED by SUPERVISOR,STAFF MEMBER,2019-01-09 04:55:36+00:00,2019-01-09 04:15:36+00:00
request for payment 184857,Request Payment,SYSTEM,2019-01-09 07:04:26+00:00,2019-01-09 06:34:26+00:00
request for payment 185016,Request Payment,SYSTEM,2019-01-09 07:16:01+00:00,2019-01-09 06:35:01+00:00
request for payment 185111,Request For Payment FINAL_APPROVED by DIRECTOR,STAFF MEMBER,2019-01-09 07:22:10+00:00,2019-01-09 06:36:10+00:00
request for payment 185111,Request Payment,SYSTEM,2019-01-09 07:09:11+00:00,2019-01-09 06:36:11+00:00
request for payment 178992,Request Payment,SYSTEM,2019-01-09 08:53:26+00:00,2019-01-09 08:02:26+00:00
request for payment 184766,Request Payment,SYSTEM,2019-01-09 09:24:08+00:00,2019-01-09 08:28:08+00:00
request for payment 184984,Request Payment,SYSTEM,2019-01-09 09:10:27+00:00,2019-01-09 08:36:27+00:00
request for payment 184777,Request Payment,SYSTEM,2019-01-09 09:45:42+00:00,2019-01-09 09:12:42+00:00
request for payment 184668,Request For Payment APPROVED by BUDGET OWNER,STAFF MEMBER,2019-01-09 15:06:28+00:00,2019-01-09 14:30:28+00:00
request for payment 184695,Request Payment,SYSTEM,2019-01-09 16:30:15+00:00,2019-01-09 15:41:15+00:00
request for payment 184863,Request For Payment FINAL_APPROVED by SUPERVISOR,STAFF MEMBER,2019-01-10 04:46:27+00:00,2019-01-10 04:15:27+00:00
request for payment 185021,Request For Payment FINAL_APPROVED by SUPERVISOR,STAFF MEMBER,2019-01-10 07:45:47+00:00,2019-01-10 07:05:47+00:00
request for payment 184958,Request Payment,SYSTEM,2019-01-10 08:13:46+00:00,2019-01-10 07:40:46+00:00
request for payment 184656,Request Payment,SYSTEM,2019-01-10 08:39:30+00:00,2019-01-10 08:00:30+00:00
request for payment 184938,Request Payment,SYSTEM,2019-01-10 08:51:42+00:00,2019-01-10 08:03:42+00:00
request for payment 184933,Request Payment,SYSTEM,2019-01-10 08:41:56+00:00,2019-01-10 08:11:56+00:00
request for payment 185127,Request Payment,SYSTEM,2019-01-10 09:38:19+00:00,2019-01-10 08:59:19+00:00
request for payment 184679,Request Payment,SYSTEM,2019-01-10 09:33:55+00:00,2019-01-10 09:02:55+00:00
request for payment 185281,Request Payment,SYSTEM,2019-01-10 10:17:33+00:00,2019-01-10 09:21:33+00:00
request for payment 185286,Request Payment,SYSTEM,2019-01-10 10:12:51+00:00,2019-01-10 09:21:51+00:00
request for payment 185318,Request Payment,SYSTEM,2019-01-10 11:24:25+00:00,2019-01-10 10:29:25+00:00
request for payment 184973,Request Payment,SYSTEM,2019-01-10 11:13:44+00:00,2019-01-10 10:29:44+00:00
request for payment 185164,Request Payment,SYSTEM,2019-01-10 11:25:26+00:00,2019-01-10 10:30:26+00:00
request for payment 183850,Request For Payment FINAL_APPROVED by SUPERVISOR,STAFF MEMBER,2019-01-10 12:06:28+00:00,2019-01-10 11:24:28+00:00
request for payment 185200,Request For Payment FINAL_APPROVED by SUPERVISOR,STAFF MEMBER,2019-01-10 12:24:03+00:00,2019-01-10 11:54:03+00:00
request for payment 184245,Request For Payment APPROVED by BUDGET OWNER,STAFF MEMBER,2019-01-10 13:37:17+00:00,2019-01-10 12:57:17+00:00
request for payment 178396,Request For Payment APPROVED by ADMINISTRATION,STAFF MEMBER,2019-01-10 14:01:13+00:00,2019-01-10 13:14:13+00:00
request for payment 184668,Request For Payment FINAL_APPROVED by SUPERVISOR,STAFF MEMBER,2019-01-10 14:53:38+00:00,2019-01-10 14:03:38+00:00
request for payment 178430,Request For Payment FINAL_APPROVED by SUPERVISOR,STAFF MEMBER,2019-01-10 15:55:12+00:00,2019-01-10 15:24:12+00:00
request for payment 185324,Request Payment,SYSTEM,2019-01-10 16:02:44+00:00,2019-01-10 15:27:44+00:00
request for payment 185266,Request Payment,SYSTEM,2019-01-10 16:27:06+00:00,2019-01-10 15:41:06+00:00
request for payment 184099,Request Payment,SYSTEM,2019-01-10 16:15:03+00:00,2019-01-10 15:42:03+00:00
request for payment 184907,Payment Handled,SYSTEM,2019-01-10 17:11:09+00:00,2019-01-10 16:31:09+00:00
request for payment 184984,Payment Handled,SYSTEM,2019-01-10 17:30:09+00:00,2019-01-10 16:31:09+00:00
request for payment 184685,Payment Handled,SYSTEM,2019-01-10 17:04:09+00:00,2019-01-10 16:31:09+00:00
request for payment 185138,Payment Handled,SYSTEM,2019-01-10 17:04:09+00:00,2019-01-10 16:31:09+00:00
request for payment 179114,Payment Handled,SYSTEM,2019-01-10 17:02:09+00:00,2019-01-10 16:31:09+00:00
request for payment 179103,Payment Handled,SYSTEM,2019-01-10 17:02:09+00:00,2019-01-10 16:31:09+00:00
request for payment 185016,Payment Handled,SYSTEM,2019-01-10 17:27:09+00:00,2019-01-10 16:31:09+00:00
request for payment 179005,Payment Handled,SYSTEM,2019-01-10 17:02:09+00:00,2019-01-10 16:31:09+00:00
request for payment 185111,Payment Handled,SYSTEM,2019-01-10 17:03:09+00:00,2019-01-10 16:31:09+00:00
request for payment 178724,Payment Handled,SYSTEM,2019-01-10 17:07:09+00:00,2019-01-10 16:31:09+00:00
request for payment 172035,Payment Handled,SYSTEM,2019-01-10 17:24:09+00:00,2019-01-10 16:31:09+00:00
request for payment 179553,Payment Handled,SYSTEM,2019-01-10 17:29:09+00:00,2019-01-10 16:31:09+00:00
request for payment 184755,Payment Handled,SYSTEM,2019-01-10 17:29:09+00:00,2019-01-10 16:31:09+00:00
request for payment 184943,Payment Handled,SYSTEM,2019-01-10 17:08:09+00:00,2019-01-10 16:31:09+00:00
request for payment 184948,Payment Handled,SYSTEM,2019-01-10 17:28:09+00:00,2019-01-10 16:31:09+00:00
request for payment 184788,Payment Handled,SYSTEM,2019-01-10 17:10:09+00:00,2019-01-10 16:31:09+00:00
request for payment 184857,Payment Handled,SYSTEM,2019-01-10 17:10:09+00:00,2019-01-10 16:31:09+00:00
request for payment 185105,Payment Handled,SYSTEM,2019-01-10 17:10:09+00:00,2019-01-10 16:31:09+00:00
request for payment 173266,Payment Handled,SYSTEM,2019-01-10 17:28:09+00:00,2019-01-10 16:31:09+00:00
request for payment 184383,Payment Handled,SYSTEM,2019-01-10 17:27:09+00:00,2019-01-10 16:31:09+00:00
request for payment 185054,Payment Handled,SYSTEM,2019-01-10 17:07:09+00:00,2019-01-10 16:31:09+00:00
request for payment 184953,Payment Handled,SYSTEM,2019-01-10 17:21:09+00:00,2019-01-10 16:31:09+00:00
request for payment 184738,Payment Handled,SYSTEM,2019-01-10 17:21:09+00:00,2019-01-10 16:31:09+00:00
request for payment 178390,Payment Handled,SYSTEM,2019-01-10 17:01:09+00:00,2019-01-10 16:31:09+00:00
request for payment 185084,Payment Handled,SYSTEM,2019-01-10 17:17:09+00:00,2019-01-10 16:31:09+00:00
request for payment 178992,Payment Handled,SYSTEM,2019-01-10 17:21:09+00:00,2019-01-10 16:31:09+00:00
request for payment 184917,Payment Handled,SYSTEM,2019-01-10 17:11:09+00:00,2019-01-10 16:31:09+00:00
request for payment 185159,Payment Handled,SYSTEM,2019-01-10 17:26:09+00:00,2019-01-10 16:31:09+00:00
request for payment 172626,Payment Handled,SYSTEM,2019-01-10 17:25:09+00:00,2019-01-10 16:31:09+00:00
request for payment 185074,Payment Handled,SYSTEM,2019-01-10 17:25:09+00:00,2019-01-10 16:31:09+00:00
request for payment 184783,Payment Handled,SYSTEM,2019-01-10 17:12:09+00:00,2019-01-10 16:31:09+00:00
request for payment 185079,Payment Handled,SYSTEM,2019-01-10 17:25:09+00:00,2019-01-10 16:31:09+00:00
request for payment 184777,Payment Handled,SYSTEM,2019-01-10 17:15:09+00:00,2019-01-10 16:31:09+00:00
request for payment 184430,Payment Handled,SYSTEM,2019-01-10 17:16:09+00:00,2019-01-10 16:31:09+00:00
request for payment 178462,Payment Handled,SYSTEM,2019-01-10 17:25:09+00:00,2019-01-10 16:31:09+00:00
request for payment 185195,Payment Handled,SYSTEM,2019-01-10 17:11:09+00:00,2019-01-10 16:31:09+00:00
request for payment 185122,Payment Handled,SYSTEM,2019-01-10 17:25:09+00:00,2019-01-10 16:31:09+00:00
request for payment 184875,Payment Handled,SYSTEM,2019-01-10 17:18:09+00:00,2019-01-10 16:31:09+00:00
request for payment 185095,Payment Handled,SYSTEM,2019-01-10 17:21:09+00:00,2019-01-10 16:31:09+00:00
request for payment 184695,Payment Handled,SYSTEM,2019-01-10 17:18:09+00:00,2019-01-10 16:31:09+00:00
request for payment 184994,Payment Handled,SYSTEM,2019-01-10 17:20:09+00:00,2019-01-10 16:31:09+00:00
request for payment 184766,Payment Handled,SYSTEM,2019-01-10 17:22:09+00:00,2019-01-10 16:31:09+00:00
request for payment 184989,Payment Handled,SYSTEM,2019-01-10 17:19:09+00:00,2019-01-10 16:31:09+00:00
request for payment 184817,Payment Handled,SYSTEM,2019-01-10 17:20:09+00:00,2019-01-10 16:31:09+00:00
request for payment 172620,Payment Handled,SYSTEM,2019-01-10 17:23:09+00:00,2019-01-10 16:31:09+00:00
request for payment 185276,Payment Handled,SYSTEM,2019-01-10 17:24:09+00:00,2019-01-10 16:31:09+00:00
request for payment 185000,Payment Handled,SYSTEM,2019-01-10 17:18:09+00:00,2019-01-10 16:31:09+00:00
request for payment 184706,Payment Handled,SYSTEM,2019-01-10 17:23:09+00:00,2019-01-10 16:31:09+00:00
request for payment 185036,Request Payment,SYSTEM,2019-01-11 03:47:09+00:00,2019-01-11 03:14:09+00:00
request for payment 183850,Request Payment,SYSTEM,2019-01-11 09:53:36+00:00,2019-01-11 09:14:36+00:00
request for payment 184863,Request Payment,SYSTEM,2019-01-11 14:28:47+00:00,2019-01-11 13:39:47+00:00
request for payment 184744,Request Payment,SYSTEM,2019-01-11 14:14:57+00:00,2019-01-11 13:39:57+00:00
request for payment 185089,Request Payment,SYSTEM,2019-01-11 14:19:06+00:00,2019-01-11 13:40:06+00:00
request for payment 185042,Request Payment,SYSTEM,2019-01-11 14:36:20+00:00,2019-01-11 13:40:20+00:00
request for payment 183624,Request Payment,SYSTEM,2019-01-11 14:15:51+00:00,2019-01-11 13:40:51+00:00
request for payment 185181,Request Payment,SYSTEM,2019-01-11 14:35:19+00:00,2019-01-11 13:43:19+00:00
request for payment 185200,Request Payment,SYSTEM,2019-01-11 16:29:47+00:00,2019-01-11 15:37:47+00:00
request for payment 178374,Request For Payment FINAL_APPROVED by SUPERVISOR,STAFF MEMBER,2019-01-14 13:48:55+00:00,2019-01-14 13:15:55+00:00
request for payment 185175,Request For Payment APPROVED by BUDGET OWNER,STAFF MEMBER,2019-01-14 14:09:22+00:00,2019-01-14 13:35:22+00:00
request for payment 185271,Request For Payment FINAL_APPROVED by SUPERVISOR,STAFF MEMBER,2019-01-14 14:33:46+00:00,2019-01-14 13:44:46+00:00
request for payment 184881,Request For Payment FINAL_APPROVED by SUPERVISOR,STAFF MEMBER,2019-01-14 14:28:26+00:00,2019-01-14 13:47:26+00:00
request for payment 185309,Request For Payment FINAL_APPROVED by SUPERVISOR,STAFF MEMBER,2019-01-14 14:42:13+00:00,2019-01-14 13:48:13+00:00
request for payment 184662,Request For Payment APPROVED by BUDGET OWNER,STAFF MEMBER,2019-01-14 14:42:07+00:00,2019-01-14 13:54:07+00:00
request for payment 184886,Request For Payment FINAL_APPROVED by SUPERVISOR,STAFF MEMBER,2019-01-14 14:33:14+00:00,2019-01-14 13:55:14+00:00
request for payment 184897,Request For Payment APPROVED by BUDGET OWNER,STAFF MEMBER,2019-01-14 14:28:18+00:00,2019-01-14 13:56:18+00:00
request for payment 185068,Request Payment,SYSTEM,2019-01-14 14:59:55+00:00,2019-01-14 14:00:55+00:00
request for payment 184761,Request For Payment FINAL_APPROVED by SUPERVISOR,STAFF MEMBER,2019-01-14 14:59:45+00:00,2019-01-14 14:02:45+00:00
request for payment 184922,Request For Payment APPROVED by SUPERVISOR,STAFF MEMBER,2019-01-14 14:54:11+00:00,2019-01-14 14:04:11+00:00
request for payment 184928,Request For Payment FINAL_APPROVED by SUPERVISOR,STAFF MEMBER,2019-01-14 14:51:55+00:00,2019-01-14 14:04:55+00:00
request for payment 185048,Request For Payment APPROVED by BUDGET OWNER,STAFF MEMBER,2019-01-14 14:50:05+00:00,2019-01-14 14:06:05+00:00
request for payment 184968,Request For Payment FINAL_APPROVED by SUPERVISOR,STAFF MEMBER,2019-01-14 14:47:30+00:00,2019-01-14 14:07:30+00:00
request for payment 185271,Request Payment,SYSTEM,2019-01-14 15:33:51+00:00,2019-01-14 14:39:51+00:00
request for payment 184881,Request Payment,SYSTEM,2019-01-14 15:46:46+00:00,2019-01-14 15:02:46+00:00
request for payment 184968,Request Payment,SYSTEM,2019-01-14 17:02:04+00:00,2019-01-14 16:31:04+00:00
request for payment 185200,Payment Handled,SYSTEM,2019-01-14 17:02:21+00:00,2019-01-14 16:31:21+00:00
request for payment 184099,Payment Handled,SYSTEM,2019-01-14 17:01:21+00:00,2019-01-14 16:31:21+00:00
request for payment 184938,Payment Handled,SYSTEM,2019-01-14 17:08:21+00:00,2019-01-14 16:31:21+00:00
request for payment 185164,Payment Handled,SYSTEM,2019-01-14 17:14:21+00:00,2019-01-14 16:31:21+00:00
request for payment 185281,Payment Handled,SYSTEM,2019-01-14 17:01:21+00:00,2019-01-14 16:31:21+00:00
request for payment 184744,Payment Handled,SYSTEM,2019-01-14 17:14:21+00:00,2019-01-14 16:31:21+00:00
request for payment 184973,Payment Handled,SYSTEM,2019-01-14 17:07:21+00:00,2019-01-14 16:31:21+00:00
request for payment 185318,Payment Handled,SYSTEM,2019-01-14 17:03:21+00:00,2019-01-14 16:31:21+00:00
request for payment 185089,Payment Handled,SYSTEM,2019-01-14 17:04:21+00:00,2019-01-14 16:31:21+00:00
request for payment 183850,Payment Handled,SYSTEM,2019-01-14 17:10:21+00:00,2019-01-14 16:31:21+00:00
request for payment 184958,Payment Handled,SYSTEM,2019-01-14 17:08:21+00:00,2019-01-14 16:31:21+00:00
request for payment 184933,Payment Handled,SYSTEM,2019-01-14 17:24:21+00:00,2019-01-14 16:31:21+00:00
request for payment 185324,Payment Handled,SYSTEM,2019-01-14 17:14:21+00:00,2019-01-14 16:31:21+00:00
request for payment 184656,Payment Handled,SYSTEM,2019-01-14 17:28:21+00:00,2019-01-14 16:31:21+00:00
request for payment 185042,Payment Handled,SYSTEM,2019-01-14 17:26:21+00:00,2019-01-14 16:31:21+00:00
request for payment 185266,Payment Handled,SYSTEM,2019-01-14 17:25:21+00:00,2019-01-14 16:31:21+00:00
request for payment 185181,Payment Handled,SYSTEM,2019-01-14 17:12:21+00:00,2019-01-14 16:31:21+00:00
request for payment 184679,Payment Handled,SYSTEM,2019-01-14 17:23:21+00:00,2019-01-14 16:31:21+00:00
request for payment 184863,Payment Handled,SYSTEM,2019-01-14 17:19:21+00:00,2019-01-14 16:31:21+00:00
request for payment 185036,Payment Handled,SYSTEM,2019-01-14 17:15:21+00:00,2019-01-14 16:31:21+00:00
request for payment 183624,Payment Handled,SYSTEM,2019-01-14 17:13:21+00:00,2019-01-14 16:31:21+00:00
request for payment 185127,Payment Handled,SYSTEM,2019-01-14 17:13:21+00:00,2019-01-14 16:31:21+00:00
request for payment 185286,Payment Handled,SYSTEM,2019-01-14 17:30:21+00:00,2019-01-14 16:31:21+00:00
request for payment 185153,Request For Payment FINAL_APPROVED by SUPERVISOR,STAFF MEMBER,2019-01-15 04:59:42+00:00,2019-01-15 04:15:42+00:00
request for payment 184799,Request For Payment FINAL_APPROVED by SUPERVISOR,STAFF MEMBER,2019-01-15 05:10:42+00:00,2019-01-15 04:15:42+00:00
request for payment 184805,Request For Payment FINAL_APPROVED by SUPERVISOR,STAFF MEMBER,2019-01-15 05:08:43+00:00,2019-01-15 04:15:43+00:00
request for payment 184811,Request For Payment FINAL_APPROVED by SUPERVISOR,STAFF MEMBER,2019-01-15 05:01:43+00:00,2019-01-15 04:15:43+00:00
request for payment 185309,Request Payment,SYSTEM,2019-01-15 06:48:48+00:00,2019-01-15 06:02:48+00:00
request for payment 184245,Request For Payment FINAL_APPROVED by SUPERVISOR,STAFF MEMBER,2019-01-15 09:04:55+00:00,2019-01-15 08:11:55+00:00
request for payment 184245,Request Payment,SYSTEM,2019-01-15 09:08:56+00:00,2019-01-15 08:11:56+00:00
request for payment 184772,Request Payment,SYSTEM,2019-01-15 09:56:37+00:00,2019-01-15 09:19:37+00:00
request for payment 184886,Request Payment,SYSTEM,2019-01-15 10:52:10+00:00,2019-01-15 09:53:10+00:00
request for payment 178396,Request For Payment FINAL_APPROVED by SUPERVISOR,STAFF MEMBER,2019-01-15 11:39:55+00:00,2019-01-15 11:03:55+00:00
request for payment 184799,Request Payment,SYSTEM,2019-01-15 12:10:30+00:00,2019-01-15 11:28:30+00:00
request for payment 174133,Request Payment,SYSTEM,2019-01-15 12:19:35+00:00,2019-01-15 11:28:35+00:00
request for payment 172417,Request Payment,SYSTEM,2019-01-15 12:10:42+00:00,2019-01-15 11:28:42+00:00
request for payment 179174,Request Payment,SYSTEM,2019-01-15 12:21:49+00:00,2019-01-15 11:28:49+00:00
request for payment 185153,Request Payment,SYSTEM,2019-01-15 12:21:51+00:00,2019-01-15 11:28:51+00:00
request for payment 184897,Request For Payment FINAL_APPROVED by SUPERVISOR,STAFF MEMBER,2019-01-15 13:08:11+00:00,2019-01-15 12:20:11+00:00
request for payment 185048,Request For Payment FINAL_APPROVED by SUPERVISOR,STAFF MEMBER,2019-01-15 13:21:47+00:00,2019-01-15 12:21:47+00:00
request for payment 184668,Request Payment,SYSTEM,2019-01-15 13:57:40+00:00,2019-01-15 13:08:40+00:00
request for payment 178396,Request Payment,SYSTEM,2019-01-15 14:19:05+00:00,2019-01-15 13:22:05+00:00
request for payment 184897,Request Payment,SYSTEM,2019-01-16 10:05:09+00:00,2019-01-16 09:28:09+00:00
request for payment 185048,Request Payment,SYSTEM,2019-01-16 10:21:29+00:00,2019-01-16 09:28:29+00:00
request for payment 185021,Request Payment,SYSTEM,2019-01-16 15:31:15+00:00,2019-01-16 14:41:15+00:00
request for payment 185175,Request For Payment FINAL_APPROVED by SUPERVISOR,STAFF MEMBER,2019-01-17 07:39:14+00:00,2019-01-17 06:51:14+00:00
request for payment 184700,Request For Payment APPROVED by ADMINISTRATION,STAFF MEMBER,2019-01-17 12:24:58+00:00,2019-01-17 11:47:58+00:00
request for payment 184772,Payment Handled,SYSTEM,2019-01-17 17:07:44+00:00,2019-01-17 16:31:44+00:00
request for payment 185309,Payment Handled,SYSTEM,2019-01-17 17:05:44+00:00,2019-01-17 16:31:44+00:00
request for payment 185068,Payment Handled,SYSTEM,2019-01-17 17:10:44+00:00,2019-01-17 16:31:44+00:00
request for payment 184881,Payment Handled,SYSTEM,2019-01-17 17:06:44+00:00,2019-01-17 16:31:44+00:00
request for payment 185048,Payment Handled,SYSTEM,2019-01-17 17:01:44+00:00,2019-01-17 16:31:44+00:00
request for payment 184886,Payment Handled,SYSTEM,2019-01-17 17:11:44+00:00,2019-01-17 16:31:44+00:00
request for payment 178396,Payment Handled,SYSTEM,2019-01-17 17:22:44+00:00,2019-01-17 16:31:44+00:00
request for payment 185153,Payment Handled,SYSTEM,2019-01-17 17:13:44+00:00,2019-01-17 16:31:44+00:00
request for payment 184799,Payment Handled,SYSTEM,2019-01-17 17:19:44+00:00,2019-01-17 16:31:44+00:00
request for payment 184968,Payment Handled,SYSTEM,2019-01-17 17:29:44+00:00,2019-01-17 16:31:44+00:00
request for payment 185021,Payment Handled,SYSTEM,2019-01-17 17:23:44+00:00,2019-01-17 16:31:44+00:00
request for payment 179174,Payment Handled,SYSTEM,2019-01-17 17:24:44+00:00,2019-01-17 16:31:44+00:00
request for payment 184245,Payment Handled,SYSTEM,2019-01-17 17:25:44+00:00,2019-01-17 16:31:44+00:00
request for payment 174133,Payment Handled,SYSTEM,2019-01-17 17:27:44+00:00,2019-01-17 16:31:44+00:00
request for payment 172417,Payment Handled,SYSTEM,2019-01-17 17:28:44+00:00,2019-01-17 16:31:44+00:00
request for payment 184897,Payment Handled,SYSTEM,2019-01-17 17:20:44+00:00,2019-01-17 16:31:44+00:00
request for payment 184668,Payment Handled,SYSTEM,2019-01-17 17:30:44+00:00,2019-01-17 16:31:44+00:00
request for payment 185271,Payment Handled,SYSTEM,2019-01-17 17:31:44+00:00,2019-01-17 16:31:44+00:00
request for payment 184220,Request Payment,SYSTEM,2019-01-17 20:02:15+00:00,2019-01-17 19:20:15+00:00
request for payment 184922,Request For Payment FINAL_APPROVED by DIRECTOR,STAFF MEMBER,2019-01-18 15:56:17+00:00,2019-01-18 15:00:17+00:00
request for payment 184928,Request Payment,SYSTEM,2019-01-18 15:54:18+00:00,2019-01-18 15:00:18+00:00
request for payment 184761,Request Payment,SYSTEM,2019-01-18 15:43:30+00:00,2019-01-18 15:00:30+00:00
request for payment 178430,Request Payment,SYSTEM,2019-01-18 15:51:34+00:00,2019-01-18 15:00:34+00:00
request for payment 184662,Request For Payment FINAL_APPROVED by SUPERVISOR,STAFF MEMBER,2019-01-18 15:31:36+00:00,2019-01-18 15:00:36+00:00
request for payment 184979,Request Payment,SYSTEM,2019-01-19 11:18:42+00:00,2019-01-19 10:33:42+00:00
request for payment 184700,Request For Payment APPROVED by BUDGET OWNER,STAFF MEMBER,2019-01-21 15:09:16+00:00,2019-01-21 14:13:16+00:00
request for payment 184928,Payment Handled,SYSTEM,2019-01-21 17:01:22+00:00,2019-01-21 16:31:22+00:00
request for payment 178430,Payment Handled,SYSTEM,2019-01-21 17:12:22+00:00,2019-01-21 16:31:22+00:00
request for payment 184761,Payment Handled,SYSTEM,2019-01-21 17:30:22+00:00,2019-01-21 16:31:22+00:00
request for payment 184220,Payment Handled,SYSTEM,2019-01-21 17:30:22+00:00,2019-01-21 16:31:22+00:00
request for payment 185175,Request Payment,SYSTEM,2019-01-22 07:49:07+00:00,2019-01-22 07:00:07+00:00
request for payment 184662,Request Payment,SYSTEM,2019-01-22 07:53:20+00:00,2019-01-22 07:18:20+00:00
request for payment 184922,Request Payment,SYSTEM,2019-01-22 08:12:31+00:00,2019-01-22 07:21:31+00:00
request for payment 184700,Request For Payment FINAL_APPROVED by SUPERVISOR,STAFF MEMBER,2019-01-22 10:44:36+00:00,2019-01-22 09:45:36+00:00
request for payment 184805,Request Payment,SYSTEM,2019-01-23 14:40:09+00:00,2019-01-23 14:03:09+00:00
request for payment 184811,Request Payment,SYSTEM,2019-01-23 14:34:10+00:00,2019-01-23 14:03:10+00:00
request for payment 184700,Request Payment,SYSTEM,2019-01-24 07:38:50+00:00,2019-01-24 06:47:50+00:00
request for payment 184265,Request Payment,SYSTEM,2019-01-24 08:56:35+00:00,2019-01-24 08:11:35+00:00
request for payment 184922,Payment Handled,SYSTEM,2019-01-24 17:11:48+00:00,2019-01-24 16:31:48+00:00
request for payment 184265,Payment Handled,SYSTEM,2019-01-24 17:20:48+00:00,2019-01-24 16:31:48+00:00
request for payment 184979,Payment Handled,SYSTEM,2019-01-24 17:07:48+00:00,2019-01-24 16:31:48+00:00
request for payment 174306,Payment Handled,SYSTEM,2019-01-24 17:02:48+00:00,2019-01-24 16:31:48+00:00
request for payment 184811,Payment Handled,SYSTEM,2019-01-24 17:04:48+00:00,2019-01-24 16:31:48+00:00
request for payment 185175,Payment Handled,SYSTEM,2019-01-24 17:19:48+00:00,2019-01-24 16:31:48+00:00
request for payment 184662,Payment Handled,SYSTEM,2019-01-24 17:05:48+00:00,2019-01-24 16:31:48+00:00
request for payment 184805,Payment Handled,SYSTEM,2019-01-24 17:16:48+00:00,2019-01-24 16:31:48+00:00
request for payment 184700,Payment Handled,SYSTEM,2019-01-28 17:23:29+00:00,2019-01-28 16:31:29+00:00
request for payment 172885,Request For Payment FINAL_APPROVED by SUPERVISOR,STAFF MEMBER,2019-01-29 11:54:13+00:00,2019-01-29 11:05:13+00:00
request for payment 184912,Request Payment,SYSTEM,2019-01-30 14:14:40+00:00,2019-01-30 13:21:40+00:00
request for payment 178374,Request Payment,SYSTEM,2019-01-30 14:08:41+00:00,2019-01-30 13:25:41+00:00
request for payment 172885,Request Payment,SYSTEM,2019-01-31 06:48:12+00:00,2019-01-31 06:06:12+00:00
request for payment 184891,Request Payment,SYSTEM,2019-01-31 10:11:11+00:00,2019-01-31 09:17:11+00:00
request for payment 178374,Payment Handled,SYSTEM,2019-01-31 17:15:19+00:00,2019-01-31 16:31:19+00:00
request for payment 184912,Payment Handled,SYSTEM,2019-01-31 17:19:19+00:00,2019-01-31 16:31:19+00:00
request for payment 183480,Payment Handled,SYSTEM,2019-02-04 17:25:26+00:00,2019-02-04 16:31:26+00:00
request for payment 172885,Payment Handled,SYSTEM,2019-02-04 17:15:26+00:00,2019-02-04 16:31:26+00:00
request for payment 185010,Request For Payment APPROVED by ADMINISTRATION,STAFF MEMBER,2019-02-06 15:40:33+00:00,2019-02-06 15:09:33+00:00
request for payment 184891,Payment Handled,SYSTEM,2019-02-07 17:28:16+00:00,2019-02-07 16:31:16+00:00
request for payment 185010,Request For Payment APPROVED by BUDGET OWNER,STAFF MEMBER,2019-02-12 09:17:58+00:00,2019-02-12 08:37:58+00:00
request for payment 185010,Request For Payment FINAL_APPROVED by SUPERVISOR,STAFF MEMBER,2019-02-12 14:55:29+00:00,2019-02-12 13:56:29+00:00
request for payment 185010,Request Payment,SYSTEM,2019-02-14 11:37:30+00:00,2019-02-14 11:06:30+00:00
request for payment 185010,Payment Handled,SYSTEM,2019-02-18 17:17:23+00:00,2019-02-18 16:31:23+00:00
request for payment 178756,Payment Handled,SYSTEM,2019-02-21 17:06:05+00:00,2019-02-21 16:31:05+00:00
request for payment 182483,Request For Payment APPROVED by ADMINISTRATION,STAFF MEMBER,2019-04-01 08:24:41+00:00,2019-04-01 07:44:41+00:00
request for payment 182483,Request For Payment APPROVED by BUDGET OWNER,STAFF MEMBER,2019-04-03 09:43:25+00:00,2019-04-03 09:09:25+00:00
request for payment 182483,Request For Payment FINAL_APPROVED by SUPERVISOR,STAFF MEMBER,2019-04-08 13:50:39+00:00,2019-04-08 13:02:39+00:00
request for payment 182483,Request Payment,SYSTEM,2019-04-09 11:15:31+00:00,2019-04-09 10:15:31+00:00
request for payment 182483,Payment Handled,SYSTEM,2019-04-11 16:18:14+00:00,2019-04-11 15:31:14+00:00
